trial_index,relative_spike_time
11,0.31645000000000323
24,-0.10904999999999632
