trial_index,relative_spike_time
23,0.13015000000000043
172,1.2460499999999683
221,0.4766500000000633
