trial_index,relative_spike_time
94,0.4356999999999971
136,0.7496000000000436
189,-0.17419999999992797
212,1.3992500000000518
251,1.3858500000001186
295,-0.22125000000005457
317,-0.0886000000000422
337,1.3575000000000728
