trial_index,relative_spike_time
3,0.1702500000000029
20,0.6525000000000034
37,0.33985000000001264
96,1.2746500000000083
