trial_index,relative_spike_time
8,1.002500000000012
14,-0.13880000000000337
50,0.14595000000002756
157,0.2562000000000353
197,0.22844999999983884
289,1.1508000000001175
292,1.2425000000000637
296,1.4014999999999418
350,0.6286000000002332
359,1.0291000000001986
364,0.5988999999999578
387,1.1854499999999462
