trial_index,relative_spike_time
9,0.5606500000000025
25,0.511400000000009
43,0.524550000000005
92,0.6475000000000364
95,1.3429500000000303
122,-0.48454999999995607
132,0.529700000000048
152,0.09170000000005984
170,0.8366000000000895
190,0.10030000000006112
190,0.9288999999999987
206,0.6625500000000102
212,-0.3493499999999585
215,0.7567500000001246
238,-0.027799999999956526
274,0.12165000000004511
286,-0.13629999999989195
291,1.469200000000228
292,0.8047999999998865
292,0.8736499999999978
