trial_index,relative_spike_time
6,1.0679000000000016
39,1.2603500000000167
124,-0.13179999999999836
169,0.6819000000000415
196,-0.13285000000007585
214,-0.012549999999919237
218,0.9032499999999573
232,0.004050000000006548
241,-0.4223499999999376
264,0.9227500000000646
267,-0.05115000000000691
273,-0.390999999999849
281,0.6455499999999574
295,-0.46214999999983775
