,discretized_reward_proportion,interconnectivity_strength_mean,interconnectivity_strength_err
0,0.1,45.23821987600025,7.337834393534361
1,0.30000000000000004,29.86029247326653,4.043647590381248
2,0.5000000000000001,34.67143812599873,8.23598203107765
3,0.7000000000000001,32.3337288297626,5.7322639939494335
4,0.9000000000000001,24.33226933667153,3.180208039069324
