,discretized_reward_proportion,interconnectivity_strength_mean,interconnectivity_strength_err
0,0.1,15.738823496160308,0.5375130712508249
1,0.30000000000000004,12.571929727958482,0.4178085606553213
2,0.5000000000000001,9.031944802358998,0.713933016347342
3,0.7000000000000001,7.979681782621622,0.6859022295455804
4,0.9000000000000001,6.347659660751096,0.3495648689361814
