,discretized_reward_proportion,interconnectivity_strength_mean,interconnectivity_strength_err
0,0.1,0.0,0.0
1,0.30000000000000004,0.0,0.0
2,0.5000000000000001,12.301086910000157,4.7476006310381
3,0.7000000000000001,18.219970785308032,4.785416899555338
4,0.9000000000000001,14.908552065959778,3.2567781966396696
