,discretized_reward_proportion,interconnectivity_strength_mean,interconnectivity_strength_err
0,0.1,41.17024034284669,11.800133590021296
1,0.30000000000000004,40.82190384823551,6.954358943639894
2,0.5000000000000001,68.15085894505934,11.680024477788098
3,0.7000000000000001,21.939826218782883,4.908820800402222
4,0.9000000000000001,15.17515813089876,0.7316744759030244
