,discretized_reward_proportion,interconnectivity_strength_mean,interconnectivity_strength_err
0,0.1,44.14989348690097,10.681675129738437
1,0.30000000000000004,14.875541369564083,2.7600655628123505
2,0.5000000000000001,5.975975980909138,0.7844983981200648
3,0.7000000000000001,6.366876218950366,0.5257355051659448
4,0.9000000000000001,5.443176380181718,0.3232804452796583
