,discretized_reward_proportion,interconnectivity_strength_mean,interconnectivity_strength_err
0,0.1,4.962180462076138,1.3306703522825383
1,0.30000000000000004,21.533422758251138,6.976308458000136
2,0.5000000000000001,21.471884458011044,4.062377523663886
3,0.7000000000000001,26.783922306281042,2.6024911230716268
4,0.9000000000000001,20.942808789480843,2.5132244838876843
