,discretized_reward_proportion,interconnectivity_strength_mean,interconnectivity_strength_err
0,0.1,29.21122480960045,2.2615460287484
1,0.30000000000000004,27.30468668895014,2.84278774001606
2,0.5000000000000001,20.456834454191622,2.7604539645445016
3,0.7000000000000001,17.393946740790888,1.6235553465592985
4,0.9000000000000001,29.724302686316815,2.141705461588305
