,discretized_reward_proportion,interconnectivity_strength_mean,interconnectivity_strength_err
0,0.1,9.478863735082518,1.7670175790551486
1,0.30000000000000004,10.954433170735086,1.5867205983028212
2,0.5000000000000001,4.45604553277161,1.0654873171505836
3,0.7000000000000001,20.378402335148582,2.893609264563685
4,0.9000000000000001,40.211310783031806,10.00597168568741
