,discretized_reward_proportion,interconnectivity_strength_mean,interconnectivity_strength_err
0,0.1,84.03491321411832,15.490576571733056
1,0.30000000000000004,38.57592932276224,11.55637447739215
2,0.5000000000000001,34.25528083477853,11.31150973162497
3,0.7000000000000001,22.025604265641007,2.117393524501719
4,0.9000000000000001,12.236474287582983,1.550740434264642
