,discretized_reward_proportion,interconnectivity_strength_mean,interconnectivity_strength_err
0,0.1,14.84907215488057,1.188608337543777
1,0.30000000000000004,14.922415372594488,1.791388283798552
2,0.5000000000000001,18.053896138431327,2.1597513697745074
3,0.7000000000000001,20.750552254331065,1.6358729728974404
4,0.9000000000000001,22.54945409840358,2.6616528810070195
