,discretized_reward_proportion,interconnectivity_strength_mean,interconnectivity_strength_err
0,0.1,8.220268902820871,0.6957021346263216
1,0.30000000000000004,9.039189518194792,1.6972391260808748
2,0.5000000000000001,10.838557524179935,1.5324524671367459
3,0.7000000000000001,7.977730832702491,0.7297132313427157
4,0.9000000000000001,8.563318210335158,0.5983557658267721
