,discretized_reward_proportion,interconnectivity_strength_mean,interconnectivity_strength_err
0,0.1,14.629249070731175,1.7238141102795577
1,0.30000000000000004,24.786324566764137,1.9932578005483912
2,0.5000000000000001,20.141210203640846,2.0859027254060183
3,0.7000000000000001,23.734185308269232,3.7801163937177864
4,0.9000000000000001,6.233096758466955,5.830528132198648
