,discretized_reward_proportion,interconnectivity_strength_mean,interconnectivity_strength_err
0,0.1,36.89454938922312,8.098107238518262
1,0.30000000000000004,43.636350352468234,7.83800332795581
2,0.5000000000000001,60.76421153998989,6.633548445979644
3,0.7000000000000001,43.05538289429973,3.92761969454219
4,0.9000000000000001,47.49853960611936,3.530158654967104
