,discretized_reward_proportion,interconnectivity_strength_mean,interconnectivity_strength_err
0,0.1,12.534224912294665,0.2873261138952923
1,0.30000000000000004,8.436201262779704,0.564051858789289
2,0.5000000000000001,6.786880929402317,0.43214507094438054
3,0.7000000000000001,5.426343117546139,0.3711528707875997
4,0.9000000000000001,4.126074678301062,0.16381966373826018
