,discretized_reward_proportion,interconnectivity_strength_mean,interconnectivity_strength_err
0,0.1,21.844374565509263,10.580477695509218
1,0.30000000000000004,82.68330186840116,19.753881630558443
2,0.5000000000000001,114.52584310120916,20.803678077353428
3,0.7000000000000001,58.999797359630186,21.288446063988786
4,0.9000000000000001,89.2862869003505,21.72269377020297
