,discretized_reward_proportion,interconnectivity_strength_mean,interconnectivity_strength_err
0,0.1,0.0,0.0
1,0.30000000000000004,0.0,0.0
2,0.5000000000000001,0.1282051282051282,0.05353373566291199
3,0.7000000000000001,0.11458333333333333,0.0325086515817257
4,0.9000000000000001,0.205607476635514,0.03907015523114661
