,discretized_reward_proportion,interconnectivity_strength_mean,interconnectivity_strength_err
0,0.1,38.23376376030568,3.621684539741657
1,0.30000000000000004,26.92701868046196,3.907524179827786
2,0.5000000000000001,28.621286834420818,4.149954078951082
3,0.7000000000000001,28.536028266548858,3.410878545767835
4,0.9000000000000001,37.69986549322836,4.569931402576792
