,discretized_reward_proportion,interconnectivity_strength_mean,interconnectivity_strength_err
0,0.1,61.152671255141186,6.499759981064888
1,0.30000000000000004,75.74477996116732,6.021719210958039
2,0.5000000000000001,60.784831067858825,10.581971405187955
3,0.7000000000000001,41.9819408304088,15.733093839883054
4,0.9000000000000001,13.58588101351198,13.163231445311427
