,discretized_reward_proportion,interconnectivity_strength_mean,interconnectivity_strength_err
0,0.1,19.096604171417393,1.435868576716435
1,0.30000000000000004,32.48905471483054,2.3942569328212113
2,0.5000000000000001,33.66235271125831,4.42144241831147
3,0.7000000000000001,30.260976156243032,7.0704092344227005
4,0.9000000000000001,0.0,0.0
