,discretized_reward_proportion,interconnectivity_strength_mean,interconnectivity_strength_err
0,0.1,8.367955147113038,1.4402376364810048
1,0.30000000000000004,10.06521311344916,1.03808405932799
2,0.5000000000000001,8.01984405197566,0.6637824748836859
3,0.7000000000000001,6.673604891753846,0.43599583683552706
4,0.9000000000000001,8.117502166524533,0.6802764042423375
