,discretized_reward_proportion,interconnectivity_strength_mean,interconnectivity_strength_err
0,0.1,10.088474381918848,0.8470731198068665
1,0.30000000000000004,48.989171143161,15.018860512223815
2,0.5000000000000001,69.75702924207445,16.71332907525392
3,0.7000000000000001,52.75133895286347,7.732156339169654
4,0.9000000000000001,35.96257385543385,4.382399963733814
