,discretized_reward_proportion,interconnectivity_strength_mean,interconnectivity_strength_err
0,0.1,88.37668586992204,7.230069987754012
1,0.30000000000000004,130.3618144767834,14.954794081723508
2,0.5000000000000001,334.68894292588516,29.137596132578302
3,0.7000000000000001,113.18461159749904,27.34684369610519
4,0.9000000000000001,56.33682561603739,9.63030411549025
