,discretized_reward_proportion,interconnectivity_strength_mean,interconnectivity_strength_err
0,0.1,16.88389084688485,3.7161866501086984
1,0.30000000000000004,8.326821218346613,1.4454181049090526
2,0.5000000000000001,4.155698242540922,0.4549408714108935
3,0.7000000000000001,6.286015975779075,0.6471850913440206
4,0.9000000000000001,7.348521198330228,0.6415206267191117
