,discretized_reward_proportion,interconnectivity_strength_mean,interconnectivity_strength_err
0,0.1,10.469179996566831,3.7044318257558144
1,0.30000000000000004,19.460178917899277,2.5555512460777132
2,0.5000000000000001,29.418568996758808,2.708601801864668
3,0.7000000000000001,44.27184954078766,4.998891969075432
4,0.9000000000000001,23.181990540389727,3.010957536908792
