,discretized_reward_proportion,interconnectivity_strength_mean,interconnectivity_strength_err
0,0.1,26.682594597534653,8.223272841326839
1,0.30000000000000004,12.69877032963463,4.1623675659419686
2,0.5000000000000001,35.71032766406932,4.900622306838427
3,0.7000000000000001,49.758863445164444,3.319519279228912
4,0.9000000000000001,99.78243117694063,11.681328056442515
