,discretized_reward_proportion,interconnectivity_strength_mean,interconnectivity_strength_err
0,0.1,134.11196875686116,46.03661787407943
1,0.30000000000000004,274.7236053945313,74.37823934543329
2,0.5000000000000001,132.65631993545296,33.45925157943564
3,0.7000000000000001,54.58108329706835,11.018584774402692
4,0.9000000000000001,94.06732593376117,14.780778833379593
