,discretized_reward_proportion,interconnectivity_strength_mean,interconnectivity_strength_err
0,0.1,40.64727296238667,3.400998207435328
1,0.30000000000000004,21.768102050230713,1.8838142832457139
2,0.5000000000000001,17.104855319939894,1.2487517788629923
3,0.7000000000000001,8.81969990485822,0.7035749993830024
4,0.9000000000000001,6.01179994243687,0.28447569565185726
