,discretized_reward_proportion,interconnectivity_strength_mean,interconnectivity_strength_err
0,0.1,0.5555555555555556,0.16563466499998444
1,0.30000000000000004,14.684513187120771,5.152844314823408
2,0.5000000000000001,6.519322561441131,1.8245885610040486
3,0.7000000000000001,6.204842335362966,2.566221287871596
4,0.9000000000000001,10.415367392725672,1.952228248736959
