,discretized_reward_proportion,interconnectivity_strength_mean,interconnectivity_strength_err
0,0.1,22.99653352538123,3.117914817499143
1,0.30000000000000004,43.26334473183579,6.336410050933617
2,0.5000000000000001,108.37584746131732,42.43413127613002
3,0.7000000000000001,280.86697636146863,183.46604020383666
4,0.9000000000000001,583.0474967628686,138.42722286293676
