,discretized_reward_proportion,interconnectivity_strength_mean,interconnectivity_strength_err
0,0.1,31.388088198309106,2.9115802868276055
1,0.30000000000000004,20.037221052538705,2.1247968007956235
2,0.5000000000000001,14.554140294917385,1.7523925789519865
3,0.7000000000000001,16.663962184627685,1.819370707864829
4,0.9000000000000001,8.298054883692565,0.9498496843548904
