,discretized_reward_proportion,interconnectivity_strength_mean,interconnectivity_strength_err
0,0.1,44.55601948385365,4.591290354817781
1,0.30000000000000004,28.722263055919093,2.484857591749568
2,0.5000000000000001,21.94568719352708,2.14257448578496
3,0.7000000000000001,23.27023981919932,2.1841386003526395
4,0.9000000000000001,21.011059316194146,1.712394560086594
