,discretized_reward_proportion,interconnectivity_strength_mean,interconnectivity_strength_err
0,0.1,0.0,0.0
1,0.30000000000000004,6.192318711244803,3.3009622089853443
2,0.5000000000000001,6.511501660295002,1.5702325599453184
3,0.7000000000000001,11.8014027183914,3.010865368763508
4,0.9000000000000001,13.810866574467134,2.552746878084189
