,discretized_reward_proportion,interconnectivity_strength_mean,interconnectivity_strength_err
0,0.1,43.04615113209323,5.708905002740765
1,0.30000000000000004,56.92678450719853,6.932633641092349
2,0.5000000000000001,11.771507410948484,2.423138717718438
3,0.7000000000000001,5.140669157258354,2.315858823432559
4,0.9000000000000001,4.30890767284837,1.9254713675635242
