,discretized_reward_proportion,interconnectivity_strength_mean,interconnectivity_strength_err
0,0.1,11.83583594462984,0.21472824670423124
1,0.30000000000000004,12.070666717365963,0.5174469858240995
2,0.5000000000000001,11.597997732118165,0.6590425919852656
3,0.7000000000000001,9.00530979700131,0.37414988390264775
4,0.9000000000000001,8.665714863481357,0.439667034187394
