,discretized_reward_proportion,interconnectivity_strength_mean,interconnectivity_strength_err
0,0.1,6.8959389828266655,0.7898723079237527
1,0.30000000000000004,13.442647666902966,1.9582789385176624
2,0.5000000000000001,13.491182647726514,1.1132656676967032
3,0.7000000000000001,18.901624691888397,1.1765357505128553
4,0.9000000000000001,14.914241202273061,0.8918660475552745
