,discretized_reward_proportion,interconnectivity_strength_mean,interconnectivity_strength_err
0,0.1,17.251965028645785,2.4118530899212867
1,0.30000000000000004,14.482405652262138,2.660032084364507
2,0.5000000000000001,7.995453081441309,1.6387256917905806
3,0.7000000000000001,4.626399087235916,0.6383874003525596
4,0.9000000000000001,9.134734205757963,0.8429040978602417
