,discretized_reward_proportion,interconnectivity_strength_mean,interconnectivity_strength_err
0,0.1,29.435232266963155,5.727986434353715
1,0.30000000000000004,19.735213451726615,4.473765493595489
2,0.5000000000000001,40.64655943545236,6.784679440569763
3,0.7000000000000001,22.692750890700154,3.0724610285642258
4,0.9000000000000001,15.146360710873893,1.361104459950973
