,discretized_reward_proportion,interconnectivity_strength_mean,interconnectivity_strength_err
0,0.1,44.609629883125265,11.211602055197856
1,0.30000000000000004,45.70736245392098,6.934399470766214
2,0.5000000000000001,24.709620881409354,1.2567571372888617
3,0.7000000000000001,28.22416120276436,2.0188154563357763
4,0.9000000000000001,29.64997659128725,3.06039121823612
