,discretized_reward_proportion,interconnectivity_strength_mean,interconnectivity_strength_err
0,0.1,168.81796811785438,19.517484966991166
1,0.30000000000000004,98.68774510815041,12.604971647091892
2,0.5000000000000001,62.73330761104762,3.7786104628044432
3,0.7000000000000001,44.3227972512831,4.628017121151333
4,0.9000000000000001,19.021023197607857,6.3699359397017
