,discretized_reward_proportion,interconnectivity_strength_mean,interconnectivity_strength_err
0,0.1,10.710709007998767,1.373863623129659
1,0.30000000000000004,8.61327872767716,1.0395281436883952
2,0.5000000000000001,20.21143482772675,4.018015144150159
3,0.7000000000000001,26.83260766482343,5.155129782480964
4,0.9000000000000001,19.146445840387152,3.839769337451533
