,discretized_reward_proportion,interconnectivity_strength_mean,interconnectivity_strength_err
0,0.1,14.40183193494538,0.4738518325812576
1,0.30000000000000004,12.08504333641432,0.6359316480877296
2,0.5000000000000001,12.177300128841928,0.5639334078494607
3,0.7000000000000001,9.6728230666347,0.8086709480854984
4,0.9000000000000001,10.750622360912779,0.5180399054499049
