,discretized_reward_proportion,interconnectivity_strength_mean,interconnectivity_strength_err
0,0.1,28.419620518081544,4.366851642660134
1,0.30000000000000004,23.50305542507404,3.7935480180105583
2,0.5000000000000001,26.42752162486165,3.2086046375638135
3,0.7000000000000001,38.610124271297046,7.488299496850835
4,0.9000000000000001,127.3207212597726,28.575128930287335
