,discretized_reward_proportion,interconnectivity_strength_mean,interconnectivity_strength_err
0,0.1,15.30010805686017,1.1682934199544142
1,0.30000000000000004,14.682714886932775,0.49930844835082605
2,0.5000000000000001,13.194442887791382,0.4911291327161591
3,0.7000000000000001,12.454141219583192,0.4532627158874576
4,0.9000000000000001,12.317161375472692,0.2972815045067874
