,discretized_reward_proportion,interconnectivity_strength_mean,interconnectivity_strength_err
0,0.1,10.259149506357769,0.18928751412470507
1,0.30000000000000004,12.343526049970286,0.6127831709693504
2,0.5000000000000001,12.104799474930854,0.587117418445864
3,0.7000000000000001,10.064267837434809,0.3740769713374645
4,0.9000000000000001,9.551491676777339,0.49073877762716844
