,discretized_reward_proportion,interconnectivity_strength_mean,interconnectivity_strength_err
0,0.1,33.343926116736725,4.101847480154143
1,0.30000000000000004,190.7736685528552,58.27852901419966
2,0.5000000000000001,365.5511628059732,93.01137126241775
3,0.7000000000000001,50.440547243198864,23.18161040429172
4,0.9000000000000001,44.353599926146394,22.516119615679976
