,discretized_reward_proportion,interconnectivity_strength_mean,interconnectivity_strength_err
0,0.1,6.6342032976036895,0.4116931172120717
1,0.30000000000000004,5.727109550536364,0.4117509868937942
2,0.5000000000000001,4.819201187198374,0.36042555116052155
3,0.7000000000000001,4.44094601705315,0.13397613082946921
4,0.9000000000000001,4.398897059942746,0.09819155126936509
