,discretized_reward_proportion,interconnectivity_strength_mean,interconnectivity_strength_err
0,0.1,18.08760518716037,0.9524704990578438
1,0.30000000000000004,20.80367557886147,2.0984323137375243
2,0.5000000000000001,13.228994673725257,0.45841863561910307
3,0.7000000000000001,12.046288463815824,0.6514063341164509
4,0.9000000000000001,11.463626635307913,0.33952222583257924
