,discretized_reward_proportion,interconnectivity_strength_mean,interconnectivity_strength_err
0,0.1,14.192273429898977,1.1781220388892664
1,0.30000000000000004,10.535767595476363,1.236197923165118
2,0.5000000000000001,5.169075501210671,0.48847032224233294
3,0.7000000000000001,4.810819234211306,0.09208140807630824
4,0.9000000000000001,5.211209971726745,0.3859462847455517
