,discretized_reward_proportion,interconnectivity_strength_mean,interconnectivity_strength_err
0,0.1,31.221373433215028,2.9274309715678912
1,0.30000000000000004,15.44054952714418,0.8351514594871343
2,0.5000000000000001,13.522107828126304,1.233411002359918
3,0.7000000000000001,7.1427141265061485,1.2524990076136286
4,0.9000000000000001,5.808428553478904,1.3421351723263497
