,discretized_reward_proportion,interconnectivity_strength_mean,interconnectivity_strength_err
0,0.1,9.007789642622257,0.3177805115224994
1,0.30000000000000004,7.326590844370779,0.25191342361112035
2,0.5000000000000001,6.6263908384792405,0.34618874737535626
3,0.7000000000000001,5.527066016754917,0.17426731718285496
4,0.9000000000000001,5.240511937595258,0.13119460991729698
