,discretized_reward_proportion,interconnectivity_strength_mean,interconnectivity_strength_err
0,0.1,11.721256920374826,0.9804419900298298
1,0.30000000000000004,10.728230869436542,0.9200971514824136
2,0.5000000000000001,9.622083117574247,0.9147538571853866
3,0.7000000000000001,6.9813492696507575,1.0062671312270974
4,0.9000000000000001,8.456038642157456,0.743132172986954
