,discretized_reward_proportion,interconnectivity_strength_mean,interconnectivity_strength_err
0,0.1,4.378067711107655,0.259437037846925
1,0.30000000000000004,8.799435316394684,1.5552782605323032
2,0.5000000000000001,8.251622677851335,0.9554287669558894
3,0.7000000000000001,7.700990465277884,0.4451880495778955
4,0.9000000000000001,7.513545106875851,0.34868144691087083
