,discretized_reward_proportion,interconnectivity_strength_mean,interconnectivity_strength_err
0,0.1,19.57518272156238,3.7261427615530356
1,0.30000000000000004,30.42029140063123,4.69561088741102
2,0.5000000000000001,21.86580300336921,0.8114831705118539
3,0.7000000000000001,18.614111370937486,0.8250022705107283
4,0.9000000000000001,24.035898147143012,2.035367103797019
