,discretized_reward_proportion,interconnectivity_strength_mean,interconnectivity_strength_err
0,0.1,36.46401110852036,3.8303079550904475
1,0.30000000000000004,53.44133970750839,7.091911897851455
2,0.5000000000000001,59.96355307952431,7.056119635329171
3,0.7000000000000001,58.56487967313261,11.705378007700586
4,0.9000000000000001,71.69628000810667,10.070892897900023
