,discretized_reward_proportion,interconnectivity_strength_mean,interconnectivity_strength_err
0,0.1,7.946124694144818,1.0306295186556473
1,0.30000000000000004,54.47472616602047,9.825512009235883
2,0.5000000000000001,55.15188886512114,9.151501851869389
3,0.7000000000000001,58.30440144607018,21.491797653556812
4,0.9000000000000001,19.24943089072412,3.990704068322972
