,discretized_reward_proportion,interconnectivity_strength_mean,interconnectivity_strength_err
0,0.1,7.651342163244782,0.5024425805109481
1,0.30000000000000004,12.169238932485813,0.9457527633225622
2,0.5000000000000001,9.247745431512277,0.8849442253225014
3,0.7000000000000001,21.792768962762718,2.343931524391297
4,0.9000000000000001,24.019067326906416,3.790151294934243
