,discretized_reward_proportion,interconnectivity_strength_mean,interconnectivity_strength_err
0,0.1,13.124566155022208,1.287638655037831
1,0.30000000000000004,12.456720078224917,1.0194852439205
2,0.5000000000000001,15.63252938219484,1.3204273255845764
3,0.7000000000000001,14.696200944891016,0.7875520475874174
4,0.9000000000000001,17.458391489981288,1.134608561442305
