,discretized_reward_proportion,interconnectivity_strength_mean,interconnectivity_strength_err
0,0.1,8.890010501571247,1.4213007839548262
1,0.30000000000000004,5.294518328105942,1.1131180940326988
2,0.5000000000000001,2.5694668864579047,1.1049963787855084
3,0.7000000000000001,16.311621865104954,3.108173371263927
4,0.9000000000000001,10.443782573916728,2.3596818957835253
