,discretized_reward_proportion,interconnectivity_strength_mean,interconnectivity_strength_err
0,0.1,28.59404827746732,6.082319137690367
1,0.30000000000000004,27.130405459707738,4.0700251413018105
2,0.5000000000000001,36.081606128209074,6.682334383571113
3,0.7000000000000001,39.00907304233664,4.456946466698779
4,0.9000000000000001,53.6699394802292,4.751591265974169
