,discretized_reward_proportion,interconnectivity_strength_mean,interconnectivity_strength_err
0,0.1,27.56580942968578,2.625907854029283
1,0.30000000000000004,11.081952997832037,2.3866131831186443
2,0.5000000000000001,20.426469884054136,3.425109619588913
3,0.7000000000000001,15.6003619369294,4.686449243779189
4,0.9000000000000001,1.4281930914710805,1.3953566770647203
