,discretized_reward_proportion,interconnectivity_strength_mean,interconnectivity_strength_err
0,0.1,22.943373556440886,1.1756712598003503
1,0.30000000000000004,18.65428133178136,1.2579605355892274
2,0.5000000000000001,16.9607196372139,0.8899990658742495
3,0.7000000000000001,106.82038687464231,19.89597647414686
4,0.9000000000000001,112.98106467603516,18.133745605077728
