,discretized_reward_proportion,interconnectivity_strength_mean,interconnectivity_strength_err
0,0.1,12.235452058395348,0.914507104279574
1,0.30000000000000004,30.320005079436,5.934239150184454
2,0.5000000000000001,48.11638184887282,8.046609089918574
3,0.7000000000000001,40.45808736349447,4.480014111688472
4,0.9000000000000001,44.40073955962665,4.3607369007808
