,discretized_reward_proportion,interconnectivity_strength_mean,interconnectivity_strength_err
0,0.1,50.12261575711627,6.895374373640116
1,0.30000000000000004,53.91268618595087,8.71700825917474
2,0.5000000000000001,49.32676542633898,18.155105359104695
3,0.7000000000000001,28.74976672043132,1.8810457831346046
4,0.9000000000000001,,
