,discretized_reward_proportion,interconnectivity_strength_mean,interconnectivity_strength_err
0,0.1,25.646345461420513,4.1251108614636225
1,0.30000000000000004,3.6278756394404708,2.4759472963663187
2,0.5000000000000001,33.97292360764848,9.244474808500597
3,0.7000000000000001,24.74729108908478,6.9236009347127725
4,0.9000000000000001,15.32706790305563,8.371758564001487
