,discretized_reward_proportion,interconnectivity_strength_mean,interconnectivity_strength_err
0,0.1,16.2453161707898,0.6254085138071664
1,0.30000000000000004,12.772277382622432,0.8359819929963106
2,0.5000000000000001,9.823588322200127,0.47054861656281693
3,0.7000000000000001,10.477374880602671,0.753908844407522
4,0.9000000000000001,10.019934372937126,0.4923636587500343
