,discretized_reward_proportion,interconnectivity_strength_mean,interconnectivity_strength_err
0,0.1,16.385078402785307,2.0136368548231744
1,0.30000000000000004,24.53720269711799,2.077187934506451
2,0.5000000000000001,25.45640187814308,4.106339138999119
3,0.7000000000000001,67.3823993826974,9.158270930425854
4,0.9000000000000001,100.81112824078255,13.68546775272503
