,discretized_reward_proportion,interconnectivity_strength_mean,interconnectivity_strength_err
0,0.1,14.240247401889158,0.8667424941168989
1,0.30000000000000004,10.544469510496986,0.7145361483090426
2,0.5000000000000001,11.21013908763464,0.9215788729776364
3,0.7000000000000001,11.068339011352384,0.7770471404115383
4,0.9000000000000001,13.255459084194648,1.013894708383502
