,discretized_reward_proportion,interconnectivity_strength_mean,interconnectivity_strength_err
0,0.1,6.004818737661134,0.22095356993503362
1,0.30000000000000004,6.502293290999723,0.27186950915685015
2,0.5000000000000001,5.6986125468476185,0.2260544783866077
3,0.7000000000000001,5.181477433555232,0.13016791805032576
4,0.9000000000000001,8.553320546101624,0.6429308273701565
