,discretized_reward_proportion,interconnectivity_strength_mean,interconnectivity_strength_err
0,0.1,103.89203140160558,19.524062416514973
1,0.30000000000000004,98.2057257988049,29.70146037389419
2,0.5000000000000001,281.9713521188784,68.76172990500322
3,0.7000000000000001,85.79988333761675,18.308549332563857
4,0.9000000000000001,64.05644941811376,11.66395985098399
