,discretized_reward_proportion,interconnectivity_strength_mean,interconnectivity_strength_err
0,0.1,7.207411750394871,0.8575565355985222
1,0.30000000000000004,15.763572862377341,4.008169803038592
2,0.5000000000000001,10.353330789585177,2.329063182750644
3,0.7000000000000001,9.421561221697896,1.429502782685507
4,0.9000000000000001,7.20969962232413,1.0901809631132948
