,discretized_reward_proportion,interconnectivity_strength_mean,interconnectivity_strength_err
0,0.1,18.964821807294587,1.9508498074911342
1,0.30000000000000004,13.637707026740314,0.6468796678206669
2,0.5000000000000001,8.798823837339699,0.4892528985391095
3,0.7000000000000001,8.39377104624047,0.3172368769385443
4,0.9000000000000001,9.802928867355638,0.4337594221956756
