,discretized_reward_proportion,interconnectivity_strength_mean,interconnectivity_strength_err
0,0.1,7.5433019831746115,2.7574279073085726
1,0.30000000000000004,38.75380917647202,7.704006147281252
2,0.5000000000000001,28.052346182740106,4.752705575403235
3,0.7000000000000001,29.535704118149113,3.889586165096206
4,0.9000000000000001,17.88903248524241,2.3168051551611923
