,discretized_reward_proportion,interconnectivity_strength_mean,interconnectivity_strength_err
0,0.1,20.796092503039638,2.0723504262557437
1,0.30000000000000004,29.73635465354954,10.649239433633092
2,0.5000000000000001,169.39332411778466,32.64570429562228
3,0.7000000000000001,15.310524221068693,3.2873011950615045
4,0.9000000000000001,0.55,0.06422616289332564
