,discretized_reward_proportion,interconnectivity_strength_mean,interconnectivity_strength_err
0,0.1,46.762887476311214,5.320563614788065
1,0.30000000000000004,24.641775525802032,3.784501561484048
2,0.5000000000000001,36.22182606099711,4.036686181575892
3,0.7000000000000001,46.26931072846533,3.9103695842189357
4,0.9000000000000001,54.41859684821907,4.4703871802644635
