,discretized_reward_proportion,interconnectivity_strength_mean,interconnectivity_strength_err
0,0.1,15.002725446870446,0.8875053428047316
1,0.30000000000000004,14.189855379856233,1.1950782481038773
2,0.5000000000000001,12.143526914103164,1.2618851977706422
3,0.7000000000000001,12.662924784159127,1.0871284201869256
4,0.9000000000000001,14.99634770403801,1.0887581820734196
