,discretized_reward_proportion,interconnectivity_strength_mean,interconnectivity_strength_err
0,0.1,58.49379529059522,4.7241634863819355
1,0.30000000000000004,44.66179504424194,5.288528453167829
2,0.5000000000000001,38.27436177618418,7.507149387253633
3,0.7000000000000001,217.77154528309634,69.66943133840202
4,0.9000000000000001,450.19374102747526,94.67410346972268
