,discretized_reward_proportion,interconnectivity_strength_mean,interconnectivity_strength_err
0,0.1,36.26042885424008,4.686928541149253
1,0.30000000000000004,26.849136302166283,2.80016794003868
2,0.5000000000000001,29.710989021598316,3.6628966194699775
3,0.7000000000000001,54.535642035027514,5.063652587777144
4,0.9000000000000001,52.04298170028829,4.846363669278578
