,discretized_reward_proportion,interconnectivity_strength_mean,interconnectivity_strength_err
0,0.1,4.08580245893965,0.23934902111473425
1,0.30000000000000004,5.146021486742569,0.7513975789195154
2,0.5000000000000001,10.096192782207083,1.5537314007841816
3,0.7000000000000001,11.9258891576006,1.6702556472175636
4,0.9000000000000001,6.359303439743262,0.7512891945610216
