,discretized_reward_proportion,interconnectivity_strength_mean,interconnectivity_strength_err
0,0.1,29.371880204798128,2.048278595622674
1,0.30000000000000004,16.792575218792585,2.670648250038889
2,0.5000000000000001,15.333047823688867,1.8002858065785199
3,0.7000000000000001,20.99506299296551,1.611624780964738
4,0.9000000000000001,25.58622462858278,2.7536330698114027
