,discretized_reward_proportion,interconnectivity_strength_mean,interconnectivity_strength_err
0,0.1,21.64460404088196,3.2039164826136215
1,0.30000000000000004,18.772274125105273,1.5483970966654304
2,0.5000000000000001,16.414486461873285,1.2190088685938734
3,0.7000000000000001,16.978957995577254,2.060383678925398
4,0.9000000000000001,22.50171738026186,1.8113990978952552
