,discretized_reward_proportion,interconnectivity_strength_mean,interconnectivity_strength_err
0,0.1,45.86216170542186,2.2047929687485883
1,0.30000000000000004,16.910688573947468,1.2679682954533027
2,0.5000000000000001,15.793566405847223,1.088014646409847
3,0.7000000000000001,14.030972101545585,1.6092327780678661
4,0.9000000000000001,10.165939390869404,0.7201247445644057
