,discretized_reward_proportion,interconnectivity_strength_mean,interconnectivity_strength_err
0,0.1,10.580016096817866,0.6560496445706604
1,0.30000000000000004,6.989010073445482,0.3599881212651779
2,0.5000000000000001,5.451692106173368,0.6326913027702141
3,0.7000000000000001,3.007242900887129,0.2068778859505358
4,0.9000000000000001,3.5162506003151677,0.10861803238409108
