,discretized_reward_proportion,interconnectivity_strength_mean,interconnectivity_strength_err
0,0.1,11.883953342271798,1.0282068037935521
1,0.30000000000000004,10.92007993684682,1.1280607469312152
2,0.5000000000000001,9.246441812164404,0.698214705630392
3,0.7000000000000001,7.3966396821179385,0.2890770301536435
4,0.9000000000000001,8.071322791322135,0.24424725440867737
