,discretized_reward_proportion,interconnectivity_strength_mean,interconnectivity_strength_err
0,0.1,26.915362310890032,4.145618295779508
1,0.30000000000000004,26.933990456442828,3.607479698879158
2,0.5000000000000001,22.585689779060015,2.0472287046574134
3,0.7000000000000001,18.523113660874827,1.5572493746193294
4,0.9000000000000001,20.40275374395567,1.6341676663006712
