,discretized_reward_proportion,interconnectivity_strength_mean,interconnectivity_strength_err
0,0.1,217.73049929212223,45.66506497805227
1,0.30000000000000004,67.21927117264353,18.463009213581476
2,0.5000000000000001,117.29862157965195,26.742499448936695
3,0.7000000000000001,29.605651952802038,20.020862328699042
4,0.9000000000000001,9.904407934883748,1.4296717569014263
