,discretized_reward_proportion,interconnectivity_strength_mean,interconnectivity_strength_err
0,0.1,4.624501971314986,0.1586601053460691
1,0.30000000000000004,19.371035278788934,5.761352751553522
2,0.5000000000000001,27.749865887852913,3.4577999251441973
3,0.7000000000000001,24.76658238208831,2.3000488060081037
4,0.9000000000000001,16.617645110378415,1.9000838681474321
