,discretized_reward_proportion,interconnectivity_strength_mean,interconnectivity_strength_err
0,0.1,4.0837892637428315,0.1612651016847615
1,0.30000000000000004,9.44086192208343,1.5895576959197117
2,0.5000000000000001,7.705701172380074,0.8372798137594243
3,0.7000000000000001,4.673830774981293,0.17369158479214203
4,0.9000000000000001,4.6278026272656065,0.13806309348350781
