,discretized_reward_proportion,interconnectivity_strength_mean,interconnectivity_strength_err
0,0.1,10.75076470139703,0.25131595298418863
1,0.30000000000000004,10.722421441292381,0.49978997992933144
2,0.5000000000000001,9.755077902395833,0.801554653535829
3,0.7000000000000001,9.814496465425274,0.4955799028373089
4,0.9000000000000001,16.511119563216738,1.2164693038162382
