,discretized_reward_proportion,interconnectivity_strength_mean,interconnectivity_strength_err
0,0.1,17.60151474387386,0.5072505709191399
1,0.30000000000000004,15.739814557505058,0.6569767932213597
2,0.5000000000000001,17.321972704923724,1.4643363681439812
3,0.7000000000000001,5.7782982989915,0.9970369663753472
4,0.9000000000000001,6.329390882058431,0.6359039549488741
