,discretized_reward_proportion,interconnectivity_strength_mean,interconnectivity_strength_err
0,0.1,4.92594172433354,0.21060508474523995
1,0.30000000000000004,6.9951595286260435,0.46425685303150116
2,0.5000000000000001,5.9289773143285185,0.40778082146860467
3,0.7000000000000001,4.061845168524183,0.15862926809229944
4,0.9000000000000001,4.163858448033067,0.12530281491666928
