,discretized_reward_proportion,interconnectivity_strength_mean,interconnectivity_strength_err
0,0.1,64.00877611360615,7.78197464278612
1,0.30000000000000004,50.78103114018302,7.871876083670821
2,0.5000000000000001,38.89710789750497,4.753134901895106
3,0.7000000000000001,27.846344541457334,5.154789800320891
4,0.9000000000000001,3.23702696769081,1.4812129884045109
