,discretized_reward_proportion,interconnectivity_strength_mean,interconnectivity_strength_err
0,0.1,6.905564221274526,0.3322679353202201
1,0.30000000000000004,6.189215752648304,0.31744881531412833
2,0.5000000000000001,6.370674579988501,0.4552249872271903
3,0.7000000000000001,6.327192787934905,0.3598906688048513
4,0.9000000000000001,7.241333251619445,0.3596876996641202
