,discretized_reward_proportion,interconnectivity_strength_mean,interconnectivity_strength_err
0,0.1,35.9492682974357,4.793888222201857
1,0.30000000000000004,50.16701110238596,9.923513391418867
2,0.5000000000000001,44.08642869146614,4.381751768036263
3,0.7000000000000001,29.909028937604468,2.727179758693698
4,0.9000000000000001,27.422756238810273,3.8114364935848024
