,discretized_reward_proportion,interconnectivity_strength_mean,interconnectivity_strength_err
0,0.1,29.94109857526068,5.176078988311848
1,0.30000000000000004,42.29442764974266,6.516216289105972
2,0.5000000000000001,40.65859724272563,4.123556421509641
3,0.7000000000000001,12.963176655217906,5.480712010084214
4,0.9000000000000001,0.9997318111034751,0.38689943313477865
