,discretized_reward_proportion,interconnectivity_strength_mean,interconnectivity_strength_err
0,0.1,9.957848065732149,2.9036582158410456
1,0.30000000000000004,10.765923043019583,1.9921749971802432
2,0.5000000000000001,27.304171369293815,3.4198009152696107
3,0.7000000000000001,51.10319089947654,9.642034038111062
4,0.9000000000000001,15.515230381451152,2.0432039811331406
