,discretized_reward_proportion,interconnectivity_strength_mean,interconnectivity_strength_err
0,0.1,28.73992179170573,2.563632582610244
1,0.30000000000000004,15.153314790370871,1.6220800065910554
2,0.5000000000000001,11.74934716042285,0.953252642017109
3,0.7000000000000001,8.206384683952061,0.3186505951122353
4,0.9000000000000001,10.570256485377135,0.6478584966177037
