,discretized_reward_proportion,interconnectivity_strength_mean,interconnectivity_strength_err
0,0.1,22.102869562530966,5.053498922328978
1,0.30000000000000004,15.682356615742075,1.8340722022010503
2,0.5000000000000001,24.927417469962364,2.3351185978428455
3,0.7000000000000001,22.371742759315364,2.9715030647152405
4,0.9000000000000001,25.379061296625913,3.9943340249766153
