,discretized_reward_proportion,interconnectivity_strength_mean,interconnectivity_strength_err
0,0.1,10.723519830536347,4.159446591357706
1,0.30000000000000004,3.930283434086214,2.7256149727782026
2,0.5000000000000001,9.17155070036815,4.361277154926491
3,0.7000000000000001,3.5407315601063085,1.6481723268091835
4,0.9000000000000001,9.441726518169244,2.082310457147982
