,discretized_reward_proportion,interconnectivity_strength_mean,interconnectivity_strength_err
0,0.1,348.87010898917157,99.17098388391042
1,0.30000000000000004,781.5372972452278,244.58239598242056
2,0.5000000000000001,0.2786885245901639,0.05740583606190164
3,0.7000000000000001,0.03571428571428571,0.03507073235935592
4,0.9000000000000001,0.0,0.0
