,discretized_reward_proportion,interconnectivity_strength_mean,interconnectivity_strength_err
0,0.1,18.019094638631252,3.1535830348066516
1,0.30000000000000004,48.749045630042744,12.68866756640848
2,0.5000000000000001,27.679951148448044,3.888197493781488
3,0.7000000000000001,14.766488330174843,1.126952166296574
4,0.9000000000000001,16.289774101172203,1.1329452719664803
