,discretized_reward_proportion,interconnectivity_strength_mean,interconnectivity_strength_err
0,0.1,7.4068746687868074,0.3084647606288259
1,0.30000000000000004,7.3798531742099085,0.4206447079509903
2,0.5000000000000001,7.122753227571899,0.3312407274458072
3,0.7000000000000001,7.126465487729376,0.2716003011045732
4,0.9000000000000001,9.605792763236407,0.4725586068348425
