,discretized_reward_proportion,interconnectivity_strength_mean,interconnectivity_strength_err
0,0.1,47.35214832465669,20.873036589649097
1,0.30000000000000004,78.12713557470859,23.084229882617514
2,0.5000000000000001,12.89835991227849,0.808377263458473
3,0.7000000000000001,14.813186667602572,1.5368040839597263
4,0.9000000000000001,23.005657150761795,2.1199051282035084
