,discretized_reward_proportion,interconnectivity_strength_mean,interconnectivity_strength_err
0,0.1,22.01779552937062,1.9227684298771746
1,0.30000000000000004,15.334856359439193,1.9162558220699943
2,0.5000000000000001,12.543621558501327,1.9298691731605586
3,0.7000000000000001,18.609742234201562,1.5473104149219945
4,0.9000000000000001,20.43655445366866,1.3696226425048987
