,discretized_reward_proportion,interconnectivity_strength_mean,interconnectivity_strength_err
0,0.1,0.06321839080459771,0.01844872139429555
1,0.30000000000000004,0.1875,0.04878904686248749
2,0.5000000000000001,0.11475409836065574,0.04080854845958752
3,0.7000000000000001,0.25,0.08183170883849714
4,0.9000000000000001,0.2727272727272727,0.09495144870310791
