,discretized_reward_proportion,interconnectivity_strength_mean,interconnectivity_strength_err
0,0.1,68.38134480355016,10.004668839980136
1,0.30000000000000004,74.11699250464787,13.086849460788757
2,0.5000000000000001,16.570639274789222,2.6594718505255712
3,0.7000000000000001,14.708216506594821,0.926553396851483
4,0.9000000000000001,21.770331679998133,2.0507415939022517
