,discretized_reward_proportion,interconnectivity_strength_mean,interconnectivity_strength_err
0,0.1,22.742267311335738,2.224570318640516
1,0.30000000000000004,44.516806782259906,6.396005302624006
2,0.5000000000000001,29.415412871374954,3.791538387315286
3,0.7000000000000001,23.71488470970333,2.6247397646241524
4,0.9000000000000001,20.363036315022157,2.126995835441093
