,discretized_reward_proportion,interconnectivity_strength_mean,interconnectivity_strength_err
0,0.1,305.3625511900302,70.33826966208112
1,0.30000000000000004,177.01769544459816,54.98585350640032
2,0.5000000000000001,50.383560754002694,19.970691129078528
3,0.7000000000000001,37.09633908890989,12.340889596798483
4,0.9000000000000001,126.8399728800181,32.44155526203641
