,discretized_reward_proportion,interconnectivity_strength_mean,interconnectivity_strength_err
0,0.1,16.46516084184356,1.3331930219212906
1,0.30000000000000004,20.223773127797248,3.5718276820593298
2,0.5000000000000001,11.843233386705986,2.470189787917281
3,0.7000000000000001,7.800278832380801,0.8396456644809931
4,0.9000000000000001,14.328403044619787,1.78378340869512
