,discretized_reward_proportion,interconnectivity_strength_mean,interconnectivity_strength_err
0,0.1,13.52651712039175,2.0333023596990523
1,0.30000000000000004,25.12012070545355,4.392177811686653
2,0.5000000000000001,30.54761350152902,4.614358540505916
3,0.7000000000000001,16.908070537042992,1.7977344884968534
4,0.9000000000000001,12.841630448847948,0.8591781481426798
