,discretized_reward_proportion,interconnectivity_strength_mean,interconnectivity_strength_err
0,0.1,26.91399831876861,5.36045865758253
1,0.30000000000000004,40.20658960944789,10.137418892354052
2,0.5000000000000001,71.52960633741237,11.724212237703558
3,0.7000000000000001,59.697552061114365,11.913642723444442
4,0.9000000000000001,3.834322110235928,3.74616499021409
