,discretized_reward_proportion,interconnectivity_strength_mean,interconnectivity_strength_err
0,0.1,12.171840470687242,1.7558672219221023
1,0.30000000000000004,10.323343044735335,0.9745248135626198
2,0.5000000000000001,7.239300479022264,0.39978844575407174
3,0.7000000000000001,6.831303487076257,0.2164064705802462
4,0.9000000000000001,7.283168855876105,0.21464496373380482
