,discretized_reward_proportion,interconnectivity_strength_mean,interconnectivity_strength_err
0,0.1,35.067687090527436,5.159427069508647
1,0.30000000000000004,66.06328719476704,8.282609947464602
2,0.5000000000000001,36.254369648506184,7.480885974833423
3,0.7000000000000001,31.84803594057522,10.7630514472327
4,0.9000000000000001,7.319709432177115,4.599184004724467
