,discretized_reward_proportion,interconnectivity_strength_mean,interconnectivity_strength_err
0,0.1,15.058245673524098,1.7561044139292887
1,0.30000000000000004,15.383991889949693,1.9715597788697041
2,0.5000000000000001,17.729523823913375,2.231152754268996
3,0.7000000000000001,23.560310310824452,10.871980994028899
4,0.9000000000000001,10.37917934647782,1.669153460924067
