,discretized_reward_proportion,interconnectivity_strength_mean,interconnectivity_strength_err
0,0.1,119.65028629335414,20.60875555165171
1,0.30000000000000004,92.6402317308885,19.503076553715076
2,0.5000000000000001,95.94102864848297,17.702897633675526
3,0.7000000000000001,54.099255666550796,5.739323675890521
4,0.9000000000000001,53.54516346828354,3.8317365126845533
