,discretized_reward_proportion,interconnectivity_strength_mean,interconnectivity_strength_err
0,0.1,88.65198653544941,9.553943085191792
1,0.30000000000000004,57.57735301301162,16.804110397343113
2,0.5000000000000001,57.45906494913767,17.789581915916866
3,0.7000000000000001,25.638449144404092,13.97798207446035
4,0.9000000000000001,48.26812992998916,12.110126770401298
