,discretized_reward_proportion,interconnectivity_strength_mean,interconnectivity_strength_err
0,0.1,60.769538405680535,4.521220816252902
1,0.30000000000000004,71.91553104812937,8.661321699938684
2,0.5000000000000001,65.75046086725291,11.828066717492794
3,0.7000000000000001,112.97414244524694,29.537441134552946
4,0.9000000000000001,135.64901929021562,22.404188862514566
