,discretized_reward_proportion,interconnectivity_strength_mean,interconnectivity_strength_err
0,0.1,41.769466742630655,4.206804575168112
1,0.30000000000000004,39.68127492061494,5.426625516808907
2,0.5000000000000001,16.241432742120615,3.9426998758756477
3,0.7000000000000001,25.95633435671511,4.732384631715376
4,0.9000000000000001,21.915133355804528,3.807758920299328
