,discretized_reward_proportion,interconnectivity_strength_mean,interconnectivity_strength_err
0,0.1,22.455499224657625,1.6323133967977177
1,0.30000000000000004,32.01267406735356,3.0940922150869294
2,0.5000000000000001,32.74627516072797,3.116729316209231
3,0.7000000000000001,11.536867706430671,2.752489018494331
4,0.9000000000000001,3.1860429357544118,1.6926824080657072
