,discretized_reward_proportion,interconnectivity_strength_mean,interconnectivity_strength_err
0,0.1,17.160343527531044,2.921779348054274
1,0.30000000000000004,22.13087493212751,3.103702364599059
2,0.5000000000000001,28.061214582158204,6.4691430026051755
3,0.7000000000000001,14.344177086197396,2.3766484310677267
4,0.9000000000000001,19.37215058104902,1.2540213886456832
