,discretized_reward_proportion,interconnectivity_strength_mean,interconnectivity_strength_err
0,0.1,7.402575247371439,1.1959634902080376
1,0.30000000000000004,6.923936992626356,1.7644285778481994
2,0.5000000000000001,1.5630519074883276,0.5105142307722641
3,0.7000000000000001,3.8190323469922087,0.6067470899834063
4,0.9000000000000001,2.7659195086598336,0.5351595276791227
