,discretized_reward_proportion,interconnectivity_strength_mean,interconnectivity_strength_err
0,0.1,52.92794629087938,11.969549229733893
1,0.30000000000000004,40.65414471847127,6.813609039056803
2,0.5000000000000001,27.971723825239806,2.3956945428632044
3,0.7000000000000001,33.279960551406376,2.8751000366506223
4,0.9000000000000001,35.12241460220509,3.093837100549828
