,discretized_reward_proportion,interconnectivity_strength_mean,interconnectivity_strength_err
0,0.1,115.72330892507387,21.547845727765708
1,0.30000000000000004,30.724577791381925,3.3943617981764738
2,0.5000000000000001,26.609244348503715,4.356680846241456
3,0.7000000000000001,21.87703130225022,2.156265414691062
4,0.9000000000000001,12.161443153219192,1.0319032629089768
