,discretized_reward_proportion,interconnectivity_strength_mean,interconnectivity_strength_err
0,0.1,13.338687211124498,0.22118246057718838
1,0.30000000000000004,12.191308957355503,0.48743972866127877
2,0.5000000000000001,9.990575007093897,0.41106833852105834
3,0.7000000000000001,8.265068492692343,0.46796348744702004
4,0.9000000000000001,9.241034058723672,0.6365722425841712
