,discretized_reward_proportion,interconnectivity_strength_mean,interconnectivity_strength_err
0,0.1,0.6363636363636364,0.10255928633050293
1,0.30000000000000004,0.5897435897435898,0.07876386131162098
2,0.5000000000000001,30.321925837998936,10.42001796230772
3,0.7000000000000001,197.5759516327761,33.95757493112916
4,0.9000000000000001,283.07476367539726,58.76663542508655
