,discretized_reward_proportion,interconnectivity_strength_mean,interconnectivity_strength_err
0,0.1,86.58686241467633,26.589090301275547
1,0.30000000000000004,65.44022876207127,19.872790536598053
2,0.5000000000000001,38.60093894102719,13.04418796185695
3,0.7000000000000001,15.418103814458357,6.4037190240604565
4,0.9000000000000001,20.82122918987112,7.829765691322595
