,discretized_reward_proportion,interconnectivity_strength_mean,interconnectivity_strength_err
0,0.1,71.89808135004628,7.8909855864247636
1,0.30000000000000004,57.7298405948178,11.205313816218574
2,0.5000000000000001,53.771526965795886,12.852696299022151
3,0.7000000000000001,69.6735113850126,23.4527297417483
4,0.9000000000000001,86.36723123862302,16.26268047035604
