,discretized_reward_proportion,interconnectivity_strength_mean,interconnectivity_strength_err
0,0.1,14.537551226066865,1.1881286052235356
1,0.30000000000000004,10.645863130279725,1.083012065573495
2,0.5000000000000001,10.013567979090304,0.5903089206898244
3,0.7000000000000001,9.27310416746244,0.37234080744477827
4,0.9000000000000001,11.278402722515246,0.7694762924952315
