,discretized_reward_proportion,interconnectivity_strength_mean,interconnectivity_strength_err
0,0.1,12.703863591864152,0.6276047726635913
1,0.30000000000000004,11.97045170444901,1.5896439846997428
2,0.5000000000000001,7.315494693217402,1.4670971811893856
3,0.7000000000000001,7.258309593671113,1.318690744368878
4,0.9000000000000001,6.1204933184219685,1.8573275904514595
