,discretized_reward_proportion,interconnectivity_strength_mean,interconnectivity_strength_err
0,0.1,0.10919540229885058,0.023643881667775826
1,0.30000000000000004,0.296875,0.05711012311411502
2,0.5000000000000001,0.2786885245901639,0.057405836061901645
3,0.7000000000000001,0.21428571428571427,0.07754430690597279
4,0.9000000000000001,0.0,0.0
