,discretized_reward_proportion,interconnectivity_strength_mean,interconnectivity_strength_err
0,0.1,34.6348765302305,9.22953026491935
1,0.30000000000000004,56.56683942973028,15.766788650197684
2,0.5000000000000001,11.552761844348398,2.2202094083995356
3,0.7000000000000001,10.71533565574964,3.6236973870756883
4,0.9000000000000001,3.260439782280294,1.8638740985371574
