,discretized_reward_proportion,interconnectivity_strength_mean,interconnectivity_strength_err
0,0.1,13.27854257264345,0.7505921045254633
1,0.30000000000000004,11.07186818112447,0.32192555890988345
2,0.5000000000000001,10.673699435070894,0.2829943894248585
3,0.7000000000000001,10.724741985494715,0.37122960613609246
4,0.9000000000000001,14.920589663366322,1.1714367938261059
