,discretized_reward_proportion,interconnectivity_strength_mean,interconnectivity_strength_err
0,0.1,16.967957040383617,1.322398422101574
1,0.30000000000000004,43.03473013489567,11.857493930057409
2,0.5000000000000001,22.657464672010008,2.684002725060836
3,0.7000000000000001,13.33075283808124,0.8248253268750843
4,0.9000000000000001,16.999630193520087,1.3586160655269406
