,discretized_reward_proportion,interconnectivity_strength_mean,interconnectivity_strength_err
0,0.1,11.57328724321526,0.9249716631250746
1,0.30000000000000004,9.062883314464653,0.5934101474041448
2,0.5000000000000001,11.264284719002083,1.7623510594958438
3,0.7000000000000001,13.494250886378593,1.4329626752632467
4,0.9000000000000001,10.193789088604552,0.9399164713972853
