,discretized_reward_proportion,interconnectivity_strength_mean,interconnectivity_strength_err
0,0.1,5.6198166662967095,0.4111622398688864
1,0.30000000000000004,6.61488834120291,0.8079373743916823
2,0.5000000000000001,7.9790417163258,0.5992189485802915
3,0.7000000000000001,11.869765145428218,0.6480095798969181
4,0.9000000000000001,9.998752032455133,0.5550045421199628
