,discretized_reward_proportion,interconnectivity_strength_mean,interconnectivity_strength_err
0,0.1,106.35589713841634,8.216220098428842
1,0.30000000000000004,39.60477138202799,6.015464027862166
2,0.5000000000000001,22.132791475910768,2.286885129491603
3,0.7000000000000001,20.79358683377754,2.79827006435054
4,0.9000000000000001,5.347266077929077,2.3474241701528187
