,discretized_reward_proportion,interconnectivity_strength_mean,interconnectivity_strength_err
0,0.1,37.34651002431534,5.343369737814415
1,0.30000000000000004,18.281812373217683,1.884127727700687
2,0.5000000000000001,34.96917042033536,4.4632682675915705
3,0.7000000000000001,30.321476857585115,3.253791473229689
4,0.9000000000000001,32.42859512716887,4.767571408256948
