,discretized_reward_proportion,interconnectivity_strength_mean,interconnectivity_strength_err
0,0.1,29.823702563974212,1.6007773695986374
1,0.30000000000000004,19.004956680961254,1.2418712772378544
2,0.5000000000000001,15.091462579321968,1.1166436407107285
3,0.7000000000000001,9.857893150717395,0.47691757204131785
4,0.9000000000000001,8.90057737683286,0.45294944867700293
