,discretized_reward_proportion,interconnectivity_strength_mean,interconnectivity_strength_err
0,0.1,5.805338369678921,0.36508925681614224
1,0.30000000000000004,10.591479249490401,1.2423472827093336
2,0.5000000000000001,8.957274278643258,0.6653794414854909
3,0.7000000000000001,10.065649496073357,0.7199850956477644
4,0.9000000000000001,9.401711061825777,0.3982606596410354
