,discretized_reward_proportion,interconnectivity_strength_mean,interconnectivity_strength_err
0,0.1,23.04356381240922,5.656068418806098
1,0.30000000000000004,24.10855951566861,5.99045266191803
2,0.5000000000000001,26.11979980205738,7.081463838015584
3,0.7000000000000001,21.213462315844442,2.331619710840447
4,0.9000000000000001,16.425667502402266,1.1042800585555372
