,discretized_reward_proportion,interconnectivity_strength_mean,interconnectivity_strength_err
0,0.1,8.86618605024308,3.2841508895403067
1,0.30000000000000004,48.1275223802555,21.731843449929983
2,0.5000000000000001,110.01791301411221,34.94651700023667
3,0.7000000000000001,117.09282501770433,20.351063589479956
4,0.9000000000000001,370.127656640504,74.15395659497399
