,discretized_reward_proportion,interconnectivity_strength_mean,interconnectivity_strength_err
0,0.1,8.87260588369764,0.15576553969384532
1,0.30000000000000004,8.336116834923827,0.2591592315375795
2,0.5000000000000001,8.018498428520722,0.19487233489897915
3,0.7000000000000001,7.767450156502533,0.5926254053270762
4,0.9000000000000001,7.039936793992944,0.1913085690780636
