,discretized_reward_proportion,interconnectivity_strength_mean,interconnectivity_strength_err
0,0.1,148.56217612230162,27.360735156991698
1,0.30000000000000004,111.27922223203723,22.320669457370244
2,0.5000000000000001,90.67415081987455,24.588090206606118
3,0.7000000000000001,44.690213723761644,13.301057510143393
4,0.9000000000000001,32.88801036175468,8.611138032997378
