,discretized_reward_proportion,interconnectivity_strength_mean,interconnectivity_strength_err
0,0.1,33.56730666563562,4.105201793499999
1,0.30000000000000004,18.897913457451487,4.672353615640455
2,0.5000000000000001,21.685470085470072,15.30711306372817
3,0.7000000000000001,46.053483200293506,15.6978142244372
4,0.9000000000000001,66.28144391171583,19.205557484196984
