,discretized_reward_proportion,interconnectivity_strength_mean,interconnectivity_strength_err
0,0.1,38.03319855117615,6.567994790476687
1,0.30000000000000004,23.675983947079548,5.73125512200329
2,0.5000000000000001,5.927454283651362,0.40705827163195246
3,0.7000000000000001,12.80286021568691,1.2732239830544032
4,0.9000000000000001,14.43892870047771,1.0767048249821272
