,discretized_reward_proportion,interconnectivity_strength_mean,interconnectivity_strength_err
0,0.1,4.487602866567184,0.31770461668907585
1,0.30000000000000004,3.7994540991429755,0.3896405221730632
2,0.5000000000000001,9.69346619466769,2.1391127321325185
3,0.7000000000000001,7.840764453624134,1.520327138779586
4,0.9000000000000001,8.295092213972957,0.9381481138143899
