,discretized_reward_proportion,interconnectivity_strength_mean,interconnectivity_strength_err
0,0.1,44.165113886383594,9.276555500644017
1,0.30000000000000004,24.085367720879933,4.079369534320364
2,0.5000000000000001,31.265155601668724,7.296734414375271
3,0.7000000000000001,25.704651150191143,3.947878938894642
4,0.9000000000000001,32.40561149841811,8.334354630167432
