,discretized_reward_proportion,interconnectivity_strength_mean,interconnectivity_strength_err
0,0.1,29.933393997834465,1.899075310781353
1,0.30000000000000004,22.390602834462698,4.54983119364291
2,0.5000000000000001,20.30883012392058,5.215380414751867
3,0.7000000000000001,11.626436541414556,1.1031843025137087
4,0.9000000000000001,19.292119400019814,2.2091353253796244
