,discretized_reward_proportion,interconnectivity_strength_mean,interconnectivity_strength_err
0,0.1,31.65571866995607,5.1048331023986515
1,0.30000000000000004,49.01088487328107,12.502116746924033
2,0.5000000000000001,70.42043334548356,21.917037675243
3,0.7000000000000001,6.473208840019075,1.4168445496958937
4,0.9000000000000001,3.190964406572008,2.979797979315525
