,discretized_reward_proportion,interconnectivity_strength_mean,interconnectivity_strength_err
0,0.1,12.917654383664258,6.487800634738492
1,0.30000000000000004,31.672318728358096,3.3382842810980073
2,0.5000000000000001,19.642866005949063,1.736218286783494
3,0.7000000000000001,25.587048222177316,1.2770533211856816
4,0.9000000000000001,27.953668214609934,1.8604755215414357
