,discretized_reward_proportion,interconnectivity_strength_mean,interconnectivity_strength_err
0,0.1,10.617701162734342,1.0779218385755358
1,0.30000000000000004,6.099657338591575,0.733285174698739
2,0.5000000000000001,4.616436428378994,0.47784804155407756
3,0.7000000000000001,4.125252853361314,0.21111100697828195
4,0.9000000000000001,4.7482360600399875,0.19781028055171493
