,discretized_reward_proportion,interconnectivity_strength_mean,interconnectivity_strength_err
0,0.1,22.138115304659134,1.3092272535042653
1,0.30000000000000004,15.551420387329697,1.0777627099491567
2,0.5000000000000001,11.874368464880398,1.3786076012306605
3,0.7000000000000001,6.258573105144283,0.41349313693705925
4,0.9000000000000001,5.797034118571743,0.18736739638842181
