,discretized_reward_proportion,interconnectivity_strength_mean,interconnectivity_strength_err
0,0.1,4.3811818361352985,0.47640725978966875
1,0.30000000000000004,5.317700308579281,0.55364040837898
2,0.5000000000000001,7.21048359508057,0.609293529138285
3,0.7000000000000001,7.265496592959236,0.38174401320528584
4,0.9000000000000001,5.638551886028766,0.23438102798581023
