,discretized_reward_proportion,interconnectivity_strength_mean,interconnectivity_strength_err
0,0.1,40.05994950308227,2.828138766381237
1,0.30000000000000004,40.59315470229494,3.2623999065747467
2,0.5000000000000001,47.06298711572148,4.577948337723276
3,0.7000000000000001,37.86520500300032,2.8150228037804075
4,0.9000000000000001,44.633485950868305,2.4429193101563085
