,discretized_reward_proportion,interconnectivity_strength_mean,interconnectivity_strength_err
0,0.1,20.014225028644017,1.4482379015712081
1,0.30000000000000004,13.494513936501075,1.3539700838365174
2,0.5000000000000001,8.280403428703595,0.4323784014010057
3,0.7000000000000001,12.337355505792218,0.9602383125494769
4,0.9000000000000001,8.6049714479745,0.7561218492422495
