,discretized_reward_proportion,interconnectivity_strength_mean,interconnectivity_strength_err
0,0.1,19.237836443321832,3.897649462138676
1,0.30000000000000004,27.439649981865262,3.508924771265591
2,0.5000000000000001,27.550408048787734,2.7527675105982286
3,0.7000000000000001,41.790151808477866,3.2627546753638144
4,0.9000000000000001,46.882713099112664,4.445651745123677
