,discretized_reward_proportion,interconnectivity_strength_mean,interconnectivity_strength_err
0,0.1,12.132550139400465,1.3369188418583355
1,0.30000000000000004,19.67041313290669,2.3393141780592157
2,0.5000000000000001,29.380102997357795,2.8114777478362183
3,0.7000000000000001,12.911280373602706,5.060416654179131
4,0.9000000000000001,19.562884598729976,3.42883249943767
