,discretized_reward_proportion,interconnectivity_strength_mean,interconnectivity_strength_err
0,0.1,16.551942181974468,3.5803816993734876
1,0.30000000000000004,15.384988243739352,1.679741446043287
2,0.5000000000000001,16.346986620093922,1.3828955036801243
3,0.7000000000000001,17.566109806963645,1.7151959617062047
4,0.9000000000000001,14.952818854925994,2.81716214558112
