,discretized_reward_proportion,interconnectivity_strength_mean,interconnectivity_strength_err
0,0.1,24.140415441537417,2.8641574047382803
1,0.30000000000000004,20.199165489756226,2.9731588945774523
2,0.5000000000000001,51.18907801462928,14.472611565530789
3,0.7000000000000001,103.63598031645664,23.870088352212367
4,0.9000000000000001,136.92357792528347,22.671930722574164
