,discretized_reward_proportion,interconnectivity_strength_mean,interconnectivity_strength_err
0,0.1,7.042146052153663,0.32598941833730727
1,0.30000000000000004,9.18844508598441,0.7124538956615042
2,0.5000000000000001,8.279671070651018,0.3159577829064755
3,0.7000000000000001,7.304124491118081,0.17528086041011376
4,0.9000000000000001,6.795278542546788,0.15053883176729377
