,discretized_reward_proportion,interconnectivity_strength_mean,interconnectivity_strength_err
0,0.1,126.56539250109503,16.908534345458825
1,0.30000000000000004,95.39893955967754,7.865795821415584
2,0.5000000000000001,58.27326267407692,6.731907996213347
3,0.7000000000000001,74.68733090170993,11.34325611766079
4,0.9000000000000001,33.46947365082927,7.771288265762352
