,discretized_reward_proportion,interconnectivity_strength_mean,interconnectivity_strength_err
0,0.1,23.039219719562425,1.0096190002382974
1,0.30000000000000004,24.537293340246006,1.9248457508040822
2,0.5000000000000001,27.271049869122187,2.8526496088778797
3,0.7000000000000001,9.818770938924423,2.3524872019319987
4,0.9000000000000001,15.130103556260183,3.832189241360167
