,discretized_reward_proportion,interconnectivity_strength_mean,interconnectivity_strength_err
0,0.1,22.087436972087247,1.9730253070680541
1,0.30000000000000004,31.500331715418934,2.2540660248531936
2,0.5000000000000001,25.500484336010892,1.661267709650928
3,0.7000000000000001,27.524072078406547,1.6882643471744692
4,0.9000000000000001,22.7400464786237,1.303429134769446
