,discretized_reward_proportion,interconnectivity_strength_mean,interconnectivity_strength_err
0,0.1,40.30717255820349,5.870672924158014
1,0.30000000000000004,50.940977037667594,12.839806144777828
2,0.5000000000000001,96.2785545249172,29.111186220170215
3,0.7000000000000001,110.6240076371961,33.43179675081956
4,0.9000000000000001,34.37562975571906,23.016014964555495
