,discretized_reward_proportion,interconnectivity_strength_mean,interconnectivity_strength_err
0,0.1,12.946285389265814,2.3273639685117797
1,0.30000000000000004,13.23123262442689,1.8548415166185215
2,0.5000000000000001,18.67174732518166,1.8221502270923695
3,0.7000000000000001,14.995850298706868,1.029960235142773
4,0.9000000000000001,13.81284868396322,0.7084490118758452
