,discretized_reward_proportion,interconnectivity_strength_mean,interconnectivity_strength_err
0,0.1,8.959125583019338,1.0515924793883038
1,0.30000000000000004,1.8068922822301086,0.8021972957313716
2,0.5000000000000001,0.26506024096385544,0.04844613324916285
3,0.7000000000000001,0.3409090909090909,0.04125769741263607
4,0.9000000000000001,0.17204301075268819,0.039136405129915654
