,discretized_reward_proportion,interconnectivity_strength_mean,interconnectivity_strength_err
0,0.1,36.318323323274065,5.872654937003268
1,0.30000000000000004,66.47843212364116,11.748388676754036
2,0.5000000000000001,118.39532386519333,17.82791889565637
3,0.7000000000000001,43.85984563020138,9.062247615020274
4,0.9000000000000001,54.47001344450699,17.421167788664984
