,discretized_reward_proportion,interconnectivity_strength_mean,interconnectivity_strength_err
0,0.1,5.086255479599068,0.23748267720135863
1,0.30000000000000004,5.7036225427214395,0.31834125301075683
2,0.5000000000000001,5.280588192592651,0.21221310353414302
3,0.7000000000000001,4.5040426792992605,0.12707271372587492
4,0.9000000000000001,4.79867564580351,0.1098991956838316
