,discretized_reward_proportion,interconnectivity_strength_mean,interconnectivity_strength_err
0,0.1,75.97133655922272,12.058848217251292
1,0.30000000000000004,20.434880674122475,3.6542630370982687
2,0.5000000000000001,28.24216373508927,2.527132529552824
3,0.7000000000000001,28.31212289454278,2.814589246530693
4,0.9000000000000001,20.125204398855292,2.137376735874902
