,discretized_reward_proportion,interconnectivity_strength_mean,interconnectivity_strength_err
0,0.1,16.693528592008057,2.5453485654423607
1,0.30000000000000004,29.450765180085405,3.4979854172313396
2,0.5000000000000001,25.641847762200012,2.825490966720273
3,0.7000000000000001,37.32427658993615,3.8532508739413407
4,0.9000000000000001,32.12006025959588,2.551297545905471
