,discretized_reward_proportion,interconnectivity_strength_mean,interconnectivity_strength_err
0,0.1,8.929860090766406,1.295931111150622
1,0.30000000000000004,14.019500962633824,2.083641117852523
2,0.5000000000000001,11.472330731060204,2.129891334720787
3,0.7000000000000001,9.889934552005625,3.3950596717106096
4,0.9000000000000001,2.8819165277461676,1.1086696565069887
