,discretized_reward_proportion,interconnectivity_strength_mean,interconnectivity_strength_err
0,0.1,0.0,0.0
1,0.30000000000000004,41.75951404496088,23.647260251448905
2,0.5000000000000001,52.11115872995961,29.36181104589479
3,0.7000000000000001,34.10462360294471,12.818730223764828
4,0.9000000000000001,55.520728215649434,19.114705120024787
