,discretized_reward_proportion,interconnectivity_strength_mean,interconnectivity_strength_err
0,0.1,16.307274167571542,5.349627921878103
1,0.30000000000000004,60.928438224964346,10.474295155983581
2,0.5000000000000001,0.0,0.0
3,0.7000000000000001,4.972949161090285,1.5495992931746614
4,0.9000000000000001,19.496721526313454,3.369082279709204
