,discretized_reward_proportion,interconnectivity_strength_mean,interconnectivity_strength_err
0,0.1,1.0,0.0
1,0.30000000000000004,52.9374692604641,20.43292764910934
2,0.5000000000000001,23.005407536689347,4.7027860830500146
3,0.7000000000000001,26.454481577312283,6.195908714264278
4,0.9000000000000001,41.52649921429034,12.258664532488375
