,discretized_reward_proportion,interconnectivity_strength_mean,interconnectivity_strength_err
0,0.1,15.7580033443629,2.7861295005292988
1,0.30000000000000004,9.211997779248723,1.7830310722307927
2,0.5000000000000001,4.444147968313039,1.2344534007680812
3,0.7000000000000001,11.169422075443986,2.7398141961673237
4,0.9000000000000001,11.877440275287974,2.9723358678502927
