,discretized_reward_proportion,interconnectivity_strength_mean,interconnectivity_strength_err
0,0.1,3.8245852401426195,0.18359656625936208
1,0.30000000000000004,5.3980691183788325,0.3758677629071257
2,0.5000000000000001,6.539145990290971,0.2529960588343717
3,0.7000000000000001,6.99793592972704,0.17919118932639605
4,0.9000000000000001,6.07408310830842,0.17327514778062794
