,discretized_reward_proportion,interconnectivity_strength_mean,interconnectivity_strength_err
0,0.1,24.721983054428918,3.9723631051488106
1,0.30000000000000004,29.291130294920208,5.415682686794343
2,0.5000000000000001,25.693389815447066,4.460303693973731
3,0.7000000000000001,34.771816205337004,9.841513920312764
4,0.9000000000000001,19.56565688282294,5.423127672198169
