,discretized_reward_proportion,interconnectivity_strength_mean,interconnectivity_strength_err
0,0.1,7.2737941304267775,0.5560154121884897
1,0.30000000000000004,5.669952717252855,0.45474878127979956
2,0.5000000000000001,4.604684135841455,0.3235856210393912
3,0.7000000000000001,4.55931457409191,0.15714763525151373
4,0.9000000000000001,4.778495260928276,0.21629213877577005
