,discretized_reward_proportion,interconnectivity_strength_mean,interconnectivity_strength_err
0,0.1,0.0,0.0
1,0.30000000000000004,0.0,0.0
2,0.5000000000000001,4.680828043044343,1.856728590021342
3,0.7000000000000001,25.993389173523127,7.833356304736957
4,0.9000000000000001,20.44420757156393,4.415772967690707
