,discretized_reward_proportion,interconnectivity_strength_mean,interconnectivity_strength_err
0,0.1,6.4027370157561485,2.1439986279349736
1,0.30000000000000004,1.951749582672129,0.6358344928274047
2,0.5000000000000001,5.105460503773678,0.40551779161778606
3,0.7000000000000001,5.451451055523215,0.5158251583013148
4,0.9000000000000001,4.81238250886947,0.23999329832520797
