,discretized_reward_proportion,interconnectivity_strength_mean,interconnectivity_strength_err
0,0.1,33.631767931711366,2.2461803731796466
1,0.30000000000000004,60.653234367719406,17.99462698841744
2,0.5000000000000001,46.741022557209476,12.217988946283983
3,0.7000000000000001,53.417154357923245,9.468631321056726
4,0.9000000000000001,129.80885304712183,22.73404904541862
