,discretized_reward_proportion,interconnectivity_strength_mean,interconnectivity_strength_err
0,0.1,32.474020545134046,1.0148300150931397
1,0.30000000000000004,27.662108831042847,0.869674809631516
2,0.5000000000000001,33.39137728981291,2.852110193341414
3,0.7000000000000001,59.85322829109521,8.400475027241807
4,0.9000000000000001,48.487537734240604,7.304751969099526
