,discretized_reward_proportion,interconnectivity_strength_mean,interconnectivity_strength_err
0,0.1,25.503493969332787,0.9502542745244633
1,0.30000000000000004,25.89263026414526,2.474417427934033
2,0.5000000000000001,15.885322019205615,1.9872723217425716
3,0.7000000000000001,11.225930216195927,1.4112399192966032
4,0.9000000000000001,10.160949510880876,0.8822433076899743
