,discretized_reward_proportion,interconnectivity_strength_mean,interconnectivity_strength_err
0,0.1,17.484018990037672,3.5513454825544124
1,0.30000000000000004,63.319413915774895,10.257796080176938
2,0.5000000000000001,29.13393735295348,9.816548720251241
3,0.7000000000000001,23.63973387040612,11.292146321361853
4,0.9000000000000001,14.898725710654249,4.490399290069168
