,discretized_reward_proportion,interconnectivity_strength_mean,interconnectivity_strength_err
0,0.1,14.220406860093,0.8153283743111263
1,0.30000000000000004,12.585710101123817,0.647760011481347
2,0.5000000000000001,10.120194276954255,0.8054502717117129
3,0.7000000000000001,12.690919410447993,1.221565748065642
4,0.9000000000000001,14.51385509829747,1.4056383024930053
