,discretized_reward_proportion,interconnectivity_strength_mean,interconnectivity_strength_err
0,0.1,7.864005540367852,0.5006325390377261
1,0.30000000000000004,26.570210005904418,5.864660007098221
2,0.5000000000000001,20.456614988051754,3.6074525013305863
3,0.7000000000000001,5.987887183995884,0.735980820850669
4,0.9000000000000001,7.306649499972012,0.8278680297357449
