,discretized_reward_proportion,interconnectivity_strength_mean,interconnectivity_strength_err
0,0.1,17.921693289373938,0.8420313459719019
1,0.30000000000000004,11.850575232321033,0.659271511354181
2,0.5000000000000001,10.014577060606934,0.5808500173742691
3,0.7000000000000001,6.452991661777166,0.206874592415662
4,0.9000000000000001,5.233671922385746,0.16980204264137352
