,discretized_reward_proportion,interconnectivity_strength_mean,interconnectivity_strength_err
0,0.1,11.215805256865451,1.554351263377854
1,0.30000000000000004,12.941219057565617,1.1158512803015583
2,0.5000000000000001,9.973796219547589,0.9220001391595505
3,0.7000000000000001,8.452806136491581,0.606573272890502
4,0.9000000000000001,8.036244073376203,0.368283340931044
