,discretized_reward_proportion,interconnectivity_strength_mean,interconnectivity_strength_err
0,0.1,200.9117042932138,33.90692563799716
1,0.30000000000000004,80.00954633717579,22.107320079400175
2,0.5000000000000001,19.611484557490623,3.020269516870338
3,0.7000000000000001,12.169807723291422,2.5684971201934803
4,0.9000000000000001,18.849953796061666,2.6291447057566573
