,discretized_reward_proportion,interconnectivity_strength_mean,interconnectivity_strength_err
0,0.1,16.699611519685856,0.39620355136555796
1,0.30000000000000004,13.764012367970297,0.5548781182735024
2,0.5000000000000001,13.56529132240711,0.7349168536756846
3,0.7000000000000001,10.8272880646154,0.41781989000968167
4,0.9000000000000001,11.921847201200984,0.5051280772027751
