,discretized_reward_proportion,interconnectivity_strength_mean,interconnectivity_strength_err
0,0.1,30.647704931080362,3.8786975523951264
1,0.30000000000000004,32.90963293448322,3.6950229757593847
2,0.5000000000000001,23.35279010417275,2.1531182897443015
3,0.7000000000000001,19.84110878869145,1.191120291031875
4,0.9000000000000001,13.58783453942449,0.9594960417018749
