,discretized_reward_proportion,interconnectivity_strength_mean,interconnectivity_strength_err
0,0.1,21.62928307742797,1.7398617369872316
1,0.30000000000000004,20.070100981841694,1.6870261798459618
2,0.5000000000000001,17.583926211201952,1.8219031106221908
3,0.7000000000000001,16.544489030746913,1.062433659099674
4,0.9000000000000001,14.126734143773133,0.8716161694176845
