,discretized_reward_proportion,interconnectivity_strength_mean,interconnectivity_strength_err
0,0.1,29.79877786513259,1.8538498333153246
1,0.30000000000000004,44.87927075110502,4.494604426059229
2,0.5000000000000001,46.635008855776555,4.388186689439805
3,0.7000000000000001,41.79978586428133,4.104284759955971
4,0.9000000000000001,42.18859117194196,3.3100630311944794
