,discretized_reward_proportion,interconnectivity_strength_mean,interconnectivity_strength_err
0,0.1,18.999776190914513,2.6640583805277553
1,0.30000000000000004,18.16925846389655,4.393384262327516
2,0.5000000000000001,9.499624910870642,1.795470154347732
3,0.7000000000000001,12.993585109683995,1.9807029772404474
4,0.9000000000000001,35.31269357384642,6.387661091160918
