,discretized_reward_proportion,interconnectivity_strength_mean,interconnectivity_strength_err
0,0.1,9.771520692314276,0.3161854657279226
1,0.30000000000000004,17.741409278854942,2.7214702223939824
2,0.5000000000000001,12.484917709578243,1.104919581219545
3,0.7000000000000001,9.271764367175349,0.4250454800725088
4,0.9000000000000001,8.374544272151565,0.21360702382165936
