,discretized_reward_proportion,interconnectivity_strength_mean,interconnectivity_strength_err
0,0.1,19.09273539489998,0.8825216736569653
1,0.30000000000000004,18.193607697452798,1.8828834821095906
2,0.5000000000000001,12.92103018910347,0.9803856929792424
3,0.7000000000000001,13.061493292976527,1.3434205412339928
4,0.9000000000000001,10.903193182260773,0.708058488740519
