,discretized_reward_proportion,interconnectivity_strength_mean,interconnectivity_strength_err
0,0.1,0.6086956521739131,0.10176384751376008
1,0.30000000000000004,3.1371836077515343,0.8651606436831178
2,0.5000000000000001,5.770704062463655,1.2282491682379904
3,0.7000000000000001,26.206031776137838,3.6727032768986745
4,0.9000000000000001,18.533047499410085,4.168957886323842
