,discretized_reward_proportion,interconnectivity_strength_mean,interconnectivity_strength_err
0,0.1,8.320203382616317,0.5155351663584122
1,0.30000000000000004,7.0028991242943555,1.0033396990803793
2,0.5000000000000001,10.767128546682633,1.7054379675345694
3,0.7000000000000001,4.636593276270708,0.8172804189080263
4,0.9000000000000001,3.483883597557526,0.9046012354471399
