,discretized_reward_proportion,interconnectivity_strength_mean,interconnectivity_strength_err
0,0.1,58.63830459900688,8.108030063652004
1,0.30000000000000004,78.93309120106885,7.830359018256461
2,0.5000000000000001,65.58451960516445,10.799861113511627
3,0.7000000000000001,54.94640852378845,14.31583800630934
4,0.9000000000000001,29.679746089198318,12.71369995875658
