,discretized_reward_proportion,interconnectivity_strength_mean,interconnectivity_strength_err
0,0.1,7.720239171646969,4.888712176696826
1,0.30000000000000004,71.11183807903146,17.662550779391147
2,0.5000000000000001,96.86888426348517,27.70558732747563
3,0.7000000000000001,0.1111111111111111,0.042766686606638946
4,0.9000000000000001,0.030303030303030304,0.02984036144953521
