,discretized_reward_proportion,interconnectivity_strength_mean,interconnectivity_strength_err
0,0.1,25.359456497169614,0.7355262492836391
1,0.30000000000000004,41.55408287326096,3.93218503583068
2,0.5000000000000001,37.09875944048989,2.597592491777405
3,0.7000000000000001,27.27555246433931,2.135088850035796
4,0.9000000000000001,17.85953574706753,1.5169280574039423
