,discretized_reward_proportion,interconnectivity_strength_mean,interconnectivity_strength_err
0,0.1,10.620477881765895,2.145579613193007
1,0.30000000000000004,19.407936451914434,3.9292948625465183
2,0.5000000000000001,22.473657866632024,6.242662927474303
3,0.7000000000000001,20.701929813581884,3.634396034434471
4,0.9000000000000001,26.373222288853977,3.4594551462500793
