,discretized_reward_proportion,interconnectivity_strength_mean,interconnectivity_strength_err
0,0.1,42.16334721371988,5.656271738316679
1,0.30000000000000004,39.71703818007058,3.5186593294923147
2,0.5000000000000001,26.116885213397186,3.0776062464606624
3,0.7000000000000001,23.961297326020805,2.8948117949649497
4,0.9000000000000001,45.741967148500315,4.833318914962916
