,discretized_reward_proportion,interconnectivity_strength_mean,interconnectivity_strength_err
0,0.1,10.267047163895741,3.7322319871343983
1,0.30000000000000004,26.657958309848965,3.887885841223433
2,0.5000000000000001,31.254199106895214,3.1401074126285216
3,0.7000000000000001,26.97644373502568,2.8608351423221623
4,0.9000000000000001,15.805012432630463,1.9420367743892524
