,discretized_reward_proportion,interconnectivity_strength_mean,interconnectivity_strength_err
0,0.1,34.7728180840454,4.030894803947922
1,0.30000000000000004,26.58435887460793,5.0443954789925165
2,0.5000000000000001,6.9464610719825055,0.24619304868526753
3,0.7000000000000001,6.236029331221525,0.22688676668220484
4,0.9000000000000001,5.061607982273591,0.137283486707909
