,discretized_reward_proportion,interconnectivity_strength_mean,interconnectivity_strength_err
0,0.1,58.010784522747954,8.827118253226057
1,0.30000000000000004,72.18010020720524,10.766694722822214
2,0.5000000000000001,56.69808328165319,16.342764266583533
3,0.7000000000000001,7.838033880762106,6.519809489300523
4,0.9000000000000001,,
