,discretized_reward_proportion,interconnectivity_strength_mean,interconnectivity_strength_err
0,0.1,33.639801284546564,2.1706117405096177
1,0.30000000000000004,23.87050348126905,2.391799692052605
2,0.5000000000000001,13.542823490179265,1.4967198698258806
3,0.7000000000000001,18.256112188985075,3.0650810182473833
4,0.9000000000000001,20.172735729453915,5.816847172536198
