,discretized_reward_proportion,interconnectivity_strength_mean,interconnectivity_strength_err
0,0.1,25.70268559542339,1.0460525697383307
1,0.30000000000000004,25.883889571582966,1.3791687357889286
2,0.5000000000000001,19.97184387657743,1.144695415955351
3,0.7000000000000001,18.029320099721414,0.8801616767712834
4,0.9000000000000001,25.272861626020248,1.6861584685150341
