,discretized_reward_proportion,interconnectivity_strength_mean,interconnectivity_strength_err
0,0.1,37.69446159240462,2.7077580167128454
1,0.30000000000000004,40.98306946660754,4.124680285413268
2,0.5000000000000001,81.01118075489653,25.074378845531346
3,0.7000000000000001,75.89542805596773,20.001631775655685
4,0.9000000000000001,40.36868929175635,7.6552883964469025
