,discretized_reward_proportion,interconnectivity_strength_mean,interconnectivity_strength_err
0,0.1,23.512507449694187,3.9225122057608384
1,0.30000000000000004,19.930292083710846,3.7412558593670275
2,0.5000000000000001,17.057717575212898,2.8302458064835294
3,0.7000000000000001,28.82839136856932,4.16379007508462
4,0.9000000000000001,20.76535129160187,2.5953927086006114
