,discretized_reward_proportion,interconnectivity_strength_mean,interconnectivity_strength_err
0,0.1,9.494695752501425,0.3475476188640719
1,0.30000000000000004,9.20384915179983,0.7077254972108229
2,0.5000000000000001,9.709128369331989,1.07259173370253
3,0.7000000000000001,6.412497493142803,0.4128408316134524
4,0.9000000000000001,4.802334356974709,0.19815898998939388
