,discretized_reward_proportion,interconnectivity_strength_mean,interconnectivity_strength_err
0,0.1,17.40113481530587,3.268565513715857
1,0.30000000000000004,20.51382825618892,2.448319124203167
2,0.5000000000000001,27.308184586158493,6.03643607744931
3,0.7000000000000001,29.752537524369036,3.3702257621738325
4,0.9000000000000001,67.50748820944726,7.802883538094409
