,discretized_reward_proportion,interconnectivity_strength_mean,interconnectivity_strength_err
0,0.1,15.055801642140045,2.50768750063825
1,0.30000000000000004,169.49305215190984,70.94264051164544
2,0.5000000000000001,209.49092231737416,71.47744705408857
3,0.7000000000000001,154.41684630573778,82.11182465313178
4,0.9000000000000001,365.992553359678,84.05165006200113
