,discretized_reward_proportion,interconnectivity_strength_mean,interconnectivity_strength_err
0,0.1,18.17071435930795,1.6335668957158642
1,0.30000000000000004,16.876921186401923,6.7937252151318575
2,0.5000000000000001,21.075064281078618,5.631099672702739
3,0.7000000000000001,8.713248867811078,0.8498296933908557
4,0.9000000000000001,7.252451641615654,0.29770334290955697
