,discretized_reward_proportion,interconnectivity_strength_mean,interconnectivity_strength_err
0,0.1,12.056986616732683,0.7540044543398537
1,0.30000000000000004,7.7124554813268835,0.8182418021713055
2,0.5000000000000001,7.177482621472966,0.8590547543296917
3,0.7000000000000001,5.558527705962465,0.6372416060658798
4,0.9000000000000001,8.143977356179958,0.822546162997514
