,discretized_reward_proportion,interconnectivity_strength_mean,interconnectivity_strength_err
0,0.1,76.2356322256012,19.764764998604846
1,0.30000000000000004,33.27228181396075,7.7993113729642864
2,0.5000000000000001,37.17465677276262,4.846376966746087
3,0.7000000000000001,36.71256979177165,6.099620274010873
4,0.9000000000000001,37.54889126426658,5.679041195307778
