,discretized_reward_proportion,interconnectivity_strength_mean,interconnectivity_strength_err
0,0.1,23.56736003794465,3.298485343968419
1,0.30000000000000004,15.778178200164549,3.5044772743852013
2,0.5000000000000001,12.25297694650303,3.013835601426801
3,0.7000000000000001,24.751335948651388,3.731107137939761
4,0.9000000000000001,19.830761351438607,5.121919226214128
