,discretized_reward_proportion,interconnectivity_strength_mean,interconnectivity_strength_err
0,0.1,14.641846098936913,4.896574823369841
1,0.30000000000000004,64.84999911770656,8.30921601316687
2,0.5000000000000001,31.87172493585045,5.692872177004571
3,0.7000000000000001,25.935324500646647,2.911282592331471
4,0.9000000000000001,12.402103490200233,1.6098224297751718
