,discretized_reward_proportion,interconnectivity_strength_mean,interconnectivity_strength_err
0,0.1,19.289290484982644,4.967614243771699
1,0.30000000000000004,59.853647372531746,14.108562685038994
2,0.5000000000000001,115.09007448893303,28.374378064002894
3,0.7000000000000001,50.75367063598867,10.890384945813057
4,0.9000000000000001,150.46336700818546,33.21305428241008
