,discretized_reward_proportion,interconnectivity_strength_mean,interconnectivity_strength_err
0,0.1,24.19226672147182,3.218046437365539
1,0.30000000000000004,20.85322042237649,2.9029840039754164
2,0.5000000000000001,22.621801915517135,3.5298331311415754
3,0.7000000000000001,10.379534408044215,2.633250892598519
4,0.9000000000000001,10.185044713736513,2.534351412111546
