,discretized_reward_proportion,interconnectivity_strength_mean,interconnectivity_strength_err
0,0.1,22.62217148906668,0.8169990704311648
1,0.30000000000000004,13.626370978901013,1.3168775777150914
2,0.5000000000000001,7.902623757899938,0.21611264971772592
3,0.7000000000000001,6.7976592528603845,0.34276221413243585
4,0.9000000000000001,5.381705799731299,0.1343415132367384
