,discretized_reward_proportion,interconnectivity_strength_mean,interconnectivity_strength_err
0,0.1,13.122296256746017,0.2698171817553193
1,0.30000000000000004,8.85570695057094,0.4900052828127396
2,0.5000000000000001,7.088390162613534,0.333532863062779
3,0.7000000000000001,6.129576805666125,0.28913412252875986
4,0.9000000000000001,5.961049680103549,0.2097969520262187
