,discretized_reward_proportion,interconnectivity_strength_mean,interconnectivity_strength_err
0,0.1,18.675044650558117,3.2981408821038163
1,0.30000000000000004,3.6711093785064874,0.3959548542009012
2,0.5000000000000001,4.575328958785623,0.32379554328728755
3,0.7000000000000001,6.132222111154517,0.24983131832163533
4,0.9000000000000001,7.183499414661459,0.3020396878221713
