,discretized_reward_proportion,interconnectivity_strength_mean,interconnectivity_strength_err
0,0.1,9.059503483847132,0.2918012661515921
1,0.30000000000000004,7.6878998002643675,0.24388523504485446
2,0.5000000000000001,7.851867589566182,0.2517089597788339
3,0.7000000000000001,6.8505176700846855,0.32181483085430784
4,0.9000000000000001,6.652484122696331,0.22553257707516566
