,discretized_reward_proportion,interconnectivity_strength_mean,interconnectivity_strength_err
0,0.1,24.993067629974707,11.603959926806946
1,0.30000000000000004,26.563277204825123,5.323314544712901
2,0.5000000000000001,41.7749413110083,5.309086401198715
3,0.7000000000000001,50.33463525524295,7.570426532662294
4,0.9000000000000001,62.98821480332651,7.787065906645469
