,discretized_reward_proportion,interconnectivity_strength_mean,interconnectivity_strength_err
0,0.1,76.11494195809287,13.79768964270979
1,0.30000000000000004,71.57946683025547,9.184231751718048
2,0.5000000000000001,82.16610306650385,18.346985987793683
3,0.7000000000000001,164.5478742544914,40.04010021332347
4,0.9000000000000001,113.2409904643292,28.92534749586055
