,discretized_reward_proportion,interconnectivity_strength_mean,interconnectivity_strength_err
0,0.1,15.265938000752298,0.8212977167017773
1,0.30000000000000004,14.070611822554243,0.8166416571715427
2,0.5000000000000001,10.831483730453018,0.7768367889221619
3,0.7000000000000001,9.149216231190666,0.49753254046340506
4,0.9000000000000001,16.08336553030866,1.088540423374299
