,discretized_reward_proportion,interconnectivity_strength_mean,interconnectivity_strength_err
0,0.1,23.282786301290244,2.3567557679298514
1,0.30000000000000004,19.470030739298664,2.5286732336229143
2,0.5000000000000001,13.799121063776422,3.0756853436795084
3,0.7000000000000001,10.017973456644953,1.8969506845857687
4,0.9000000000000001,10.90310275815336,1.3419044875914308
