,discretized_reward_proportion,interconnectivity_strength_mean,interconnectivity_strength_err
0,0.1,55.662404152607024,7.6619142683586565
1,0.30000000000000004,28.590275298917543,3.27781454061784
2,0.5000000000000001,24.75834826045728,3.87697906561924
3,0.7000000000000001,26.169516693251822,2.6333284279677547
4,0.9000000000000001,29.80625518109654,1.9829278853975123
