,discretized_reward_proportion,interconnectivity_strength_mean,interconnectivity_strength_err
0,0.1,23.35204414969932,1.3380830523287652
1,0.30000000000000004,18.164799568635317,1.2836968927200958
2,0.5000000000000001,94.19670692368912,32.97047451008517
3,0.7000000000000001,235.35828912077778,61.94456743326086
4,0.9000000000000001,309.58863980794183,62.56566881063446
