,discretized_reward_proportion,interconnectivity_strength_mean,interconnectivity_strength_err
0,0.1,144.51497772201571,28.009698301411625
1,0.30000000000000004,20.033176032963382,6.544115968712737
2,0.5000000000000001,6.997610136861268,2.2227245236343345
3,0.7000000000000001,36.89602378357566,25.465413948646148
4,0.9000000000000001,130.70327072967987,37.513524600222944
