,discretized_reward_proportion,interconnectivity_strength_mean,interconnectivity_strength_err
0,0.1,105.1745956149445,27.177171259057598
1,0.30000000000000004,56.25666161930492,23.933512817035663
2,0.5000000000000001,58.15712155441468,12.128316338227112
3,0.7000000000000001,56.52354976690901,20.928020073207676
4,0.9000000000000001,84.19011839945377,15.88606754761673
