,discretized_reward_proportion,interconnectivity_strength_mean,interconnectivity_strength_err
0,0.1,23.67375040338224,5.227251929615056
1,0.30000000000000004,19.954157933130894,2.6245390262480592
2,0.5000000000000001,33.53005574074409,4.041172265412288
3,0.7000000000000001,42.883109249891525,8.177821845628523
4,0.9000000000000001,84.25873822902473,13.546029429293087
