,discretized_reward_proportion,interconnectivity_strength_mean,interconnectivity_strength_err
0,0.1,17.67442222327699,1.5730435973712074
1,0.30000000000000004,22.52761400245288,2.574572171429415
2,0.5000000000000001,25.829475779022243,5.375607575442364
3,0.7000000000000001,10.174646348497575,0.4536994198201099
4,0.9000000000000001,9.18799841298568,0.2062690257452581
