,discretized_reward_proportion,interconnectivity_strength_mean,interconnectivity_strength_err
0,0.1,35.49892118746172,5.627290933923514
1,0.30000000000000004,23.486930520458436,3.8692499174160497
2,0.5000000000000001,20.32925530286506,2.6936589351218525
3,0.7000000000000001,13.767570592834605,0.6866215531580339
4,0.9000000000000001,23.360083891131023,1.892041503318529
