,discretized_reward_proportion,interconnectivity_strength_mean,interconnectivity_strength_err
0,0.1,102.62682036315026,15.58940219739921
1,0.30000000000000004,191.70755310169514,61.97426460057339
2,0.5000000000000001,88.66211227635549,33.65487573778054
3,0.7000000000000001,128.21249429657524,24.96756622481871
4,0.9000000000000001,75.37951679286655,11.475445841785694
