,discretized_reward_proportion,interconnectivity_strength_mean,interconnectivity_strength_err
0,0.1,24.27303463670179,4.397524445908755
1,0.30000000000000004,13.800033944760704,3.1861980436853723
2,0.5000000000000001,14.983103895736278,2.168224763382581
3,0.7000000000000001,46.56870285347242,9.117347255834195
4,0.9000000000000001,38.278028895066875,7.587419527068159
