,discretized_reward_proportion,interconnectivity_strength_mean,interconnectivity_strength_err
0,0.1,2.03735680552971,0.912207793320064
1,0.30000000000000004,4.08206239659773,1.558079087386429
2,0.5000000000000001,52.1468310360783,13.404516957053472
3,0.7000000000000001,56.834704867176185,8.994821310912435
4,0.9000000000000001,13.542266738555545,1.0035815521012852
