,discretized_reward_proportion,interconnectivity_strength_mean,interconnectivity_strength_err
0,0.1,8.909556977269999,0.24517079032778907
1,0.30000000000000004,8.620386803029783,0.3631150414547197
2,0.5000000000000001,8.406887154807434,0.3001943363532756
3,0.7000000000000001,6.931176438256003,0.21767274816244817
4,0.9000000000000001,6.469327525814563,0.16471345794933553
