,discretized_reward_proportion,interconnectivity_strength_mean,interconnectivity_strength_err
0,0.1,4.477022321236116,0.19781994531718736
1,0.30000000000000004,6.885634552940587,1.018198641503723
2,0.5000000000000001,8.723774324608579,0.6372351149250546
3,0.7000000000000001,12.83291498251049,1.1581836427605607
4,0.9000000000000001,14.911692325697857,1.2114130584351477
