,discretized_reward_proportion,interconnectivity_strength_mean,interconnectivity_strength_err
0,0.1,18.84337592359091,1.3789490360644185
1,0.30000000000000004,13.810898837856278,2.0893830065152748
2,0.5000000000000001,13.670255379440947,0.7416633929565287
3,0.7000000000000001,15.567569148622274,2.2011292784584855
4,0.9000000000000001,12.65930958970117,1.5076038459674177
