,discretized_reward_proportion,interconnectivity_strength_mean,interconnectivity_strength_err
0,0.1,75.5269579918534,8.461532139947861
1,0.30000000000000004,88.77347767920536,12.912047259994358
2,0.5000000000000001,44.624797392866604,9.8803200836301
3,0.7000000000000001,53.70138971031423,8.23293301262467
4,0.9000000000000001,34.39424254796293,5.753399567044406
