,discretized_reward_proportion,interconnectivity_strength_mean,interconnectivity_strength_err
0,0.1,54.734310402891985,9.08384160174292
1,0.30000000000000004,37.8189849009256,4.1718420856989855
2,0.5000000000000001,32.02875796911865,3.9376704714128183
3,0.7000000000000001,33.416519949012894,3.434206584558921
4,0.9000000000000001,17.987940416533732,2.9462969456614707
