,discretized_reward_proportion,interconnectivity_strength_mean,interconnectivity_strength_err
0,0.1,40.20513248466385,4.51089405568556
1,0.30000000000000004,42.464119156667266,5.314263682134022
2,0.5000000000000001,57.71188339221596,12.457793652742414
3,0.7000000000000001,112.3687960619591,14.30919326812517
4,0.9000000000000001,119.98203385341853,20.55982381720947
