,discretized_reward_proportion,interconnectivity_strength_mean,interconnectivity_strength_err
0,0.1,44.03761756125052,5.934993642950068
1,0.30000000000000004,40.72271295162094,4.8205149269649565
2,0.5000000000000001,14.152276024336267,4.996739499573258
3,0.7000000000000001,2.4867958797861935,1.1671369224902082
4,0.9000000000000001,18.077226963947723,2.2170273780205685
