,discretized_reward_proportion,interconnectivity_strength_mean,interconnectivity_strength_err
0,0.1,13.348831095963467,0.7086056540986554
1,0.30000000000000004,10.421132441174903,0.6760069210809596
2,0.5000000000000001,7.104592458216752,0.35653372516156034
3,0.7000000000000001,7.11649408215701,0.2424904007825029
4,0.9000000000000001,7.161899353198319,0.3084298582420896
