,discretized_reward_proportion,interconnectivity_strength_mean,interconnectivity_strength_err
0,0.1,19.606590912424707,1.9361701509741638
1,0.30000000000000004,18.521599964174577,1.8310160349901305
2,0.5000000000000001,11.33118440351428,2.217439143980943
3,0.7000000000000001,6.290952001812109,0.4522347482397123
4,0.9000000000000001,8.456723519152487,0.46853013414829026
