,discretized_reward_proportion,interconnectivity_strength_mean,interconnectivity_strength_err
0,0.1,3.0863956618027903,0.0767821362638079
1,0.30000000000000004,3.9625405439352543,0.2560152638339473
2,0.5000000000000001,5.124022618105303,0.19500383776171287
3,0.7000000000000001,5.281326069403639,0.13768960631363894
4,0.9000000000000001,5.0486388269269655,0.13383920985388198
