,discretized_reward_proportion,interconnectivity_strength_mean,interconnectivity_strength_err
0,0.1,4.182953860475566,0.47144321908735093
1,0.30000000000000004,9.098434901193643,2.434975623014863
2,0.5000000000000001,16.40611792650434,3.7356763738670034
3,0.7000000000000001,4.14293604473892,0.8245792632754914
4,0.9000000000000001,5.443950509580835,1.0527783812191462
