,discretized_reward_proportion,interconnectivity_strength_mean,interconnectivity_strength_err
0,0.1,22.684857948569217,1.6657984987606822
1,0.30000000000000004,15.55617501108161,0.9174185734317606
2,0.5000000000000001,11.627573667887235,0.8206821604187977
3,0.7000000000000001,14.680948224585466,1.754572713134869
4,0.9000000000000001,9.397397896448194,1.0646291741735487
