,discretized_reward_proportion,interconnectivity_strength_mean,interconnectivity_strength_err
0,0.1,44.69041958815797,3.639200162355409
1,0.30000000000000004,29.54434014527947,2.1186608629836083
2,0.5000000000000001,30.425050547561394,1.886885813107848
3,0.7000000000000001,30.64442440110538,3.1279582848177068
4,0.9000000000000001,19.602273557476597,1.879552634747149
