,discretized_reward_proportion,interconnectivity_strength_mean,interconnectivity_strength_err
0,0.1,8.128901373356326,1.237657533698406
1,0.30000000000000004,8.129115146358307,0.2785993968041239
2,0.5000000000000001,7.418624808953537,0.19436735529774585
3,0.7000000000000001,7.001238982048512,0.1681955854985059
4,0.9000000000000001,6.261819926433597,0.2005771654273571
