,discretized_reward_proportion,interconnectivity_strength_mean,interconnectivity_strength_err
0,0.1,37.028438125931416,1.7454515017953904
1,0.30000000000000004,23.58328761078754,2.0454363358854053
2,0.5000000000000001,16.609427138666177,0.9723888075187063
3,0.7000000000000001,12.71646545586236,0.7631961067813732
4,0.9000000000000001,9.250234620247294,0.2923796064256962
