,discretized_reward_proportion,interconnectivity_strength_mean,interconnectivity_strength_err
0,0.1,4.135493924108318,0.16018919902926057
1,0.30000000000000004,4.549487731704846,0.2117921078902128
2,0.5000000000000001,4.69138483806849,0.21061105346518108
3,0.7000000000000001,3.848961014366096,0.08022789334435793
4,0.9000000000000001,3.9601376165219375,0.05849552659032181
