,discretized_reward_proportion,interconnectivity_strength_mean,interconnectivity_strength_err
0,0.1,42.9923908903083,9.301576255232854
1,0.30000000000000004,304.9039045406171,130.27148950374252
2,0.5000000000000001,191.79020209098962,98.9912163417457
3,0.7000000000000001,4.0493811576476775,1.0511751251619148
4,0.9000000000000001,21.657774250050768,8.722607680487013
