,discretized_reward_proportion,interconnectivity_strength_mean,interconnectivity_strength_err
0,0.1,31.091494811519624,3.126229177936801
1,0.30000000000000004,37.926881154782485,3.5005880921980292
2,0.5000000000000001,26.90458337294456,2.431285574054812
3,0.7000000000000001,29.046637111000766,2.3719808068529473
4,0.9000000000000001,25.8020139603084,1.0299769704212522
