,discretized_reward_proportion,interconnectivity_strength_mean,interconnectivity_strength_err
0,0.1,16.00971082322748,1.2257053730334626
1,0.30000000000000004,13.064213052024131,1.1688975486332174
2,0.5000000000000001,8.983364711704768,1.3843237262837778
3,0.7000000000000001,2.6720547766937175,0.36964135648401175
4,0.9000000000000001,1.738679478493195,0.29048403457290806
