,discretized_reward_proportion,interconnectivity_strength_mean,interconnectivity_strength_err
0,0.1,11.129683223333675,2.042369796756757
1,0.30000000000000004,14.24226076671778,2.0298698505224686
2,0.5000000000000001,11.628351076104819,1.4735193112521925
3,0.7000000000000001,3.7896631928675553,1.0705784999429457
4,0.9000000000000001,8.082277719521553,1.5766512070703693
