,discretized_reward_proportion,interconnectivity_strength_mean,interconnectivity_strength_err
0,0.1,10.321339964916605,0.7542242636708562
1,0.30000000000000004,10.353501210501499,1.9787570119311124
2,0.5000000000000001,10.057286665096866,1.4293032097985798
3,0.7000000000000001,8.632381531527162,0.54142941146388
4,0.9000000000000001,9.774606932982365,0.3964698340976414
