,discretized_reward_proportion,interconnectivity_strength_mean,interconnectivity_strength_err
0,0.1,3.8356696896834066,0.18311280361074334
1,0.30000000000000004,4.789150936196493,0.2206852878569941
2,0.5000000000000001,5.099736575972755,0.19951922486695536
3,0.7000000000000001,5.486824214783689,0.13147179964631922
4,0.9000000000000001,5.081672870201106,0.09813767436048568
