,discretized_reward_proportion,interconnectivity_strength_mean,interconnectivity_strength_err
0,0.1,99.48946276023445,16.331620582812427
1,0.30000000000000004,19.251843377595677,8.14842514003203
2,0.5000000000000001,4.874325334345038,3.3914125164167235
3,0.7000000000000001,0.0,0.0
4,0.9000000000000001,0.0,0.0
