,discretized_reward_proportion,interconnectivity_strength_mean,interconnectivity_strength_err
0,0.1,35.22594682684676,2.080803713738708
1,0.30000000000000004,18.10244141476463,2.0368091400203685
2,0.5000000000000001,13.468114479475467,0.7540922485185917
3,0.7000000000000001,11.521846069575753,1.3866091200840769
4,0.9000000000000001,6.994722338368747,0.5930473974414515
