,discretized_reward_proportion,interconnectivity_strength_mean,interconnectivity_strength_err
0,0.1,36.69954628160477,4.6295265141009
1,0.30000000000000004,43.46043489853897,4.433301796475019
2,0.5000000000000001,187.46961957632382,56.32357348146447
3,0.7000000000000001,63.25718690031444,19.98577571112396
4,0.9000000000000001,84.30067130924711,30.278237576865497
