,discretized_reward_proportion,interconnectivity_strength_mean,interconnectivity_strength_err
0,0.1,0.4,0.09797958971132711
1,0.30000000000000004,1.0899873587966344,0.19788533467073302
2,0.5000000000000001,5.854616896656338,1.1971950649809815
3,0.7000000000000001,84.25973833065633,20.486569315507104
4,0.9000000000000001,48.5198258988249,10.522449375033922
