,discretized_reward_proportion,interconnectivity_strength_mean,interconnectivity_strength_err
0,0.1,15.937365476925592,2.3267295219664312
1,0.30000000000000004,20.216728201961477,1.5832729895461335
2,0.5000000000000001,32.6758909688503,5.122996121268902
3,0.7000000000000001,20.53814717954882,2.29924501181447
4,0.9000000000000001,29.230668346972262,2.4994322683171815
