,discretized_reward_proportion,interconnectivity_strength_mean,interconnectivity_strength_err
0,0.1,22.63823392928024,11.718322071966586
1,0.30000000000000004,33.819731804262624,6.602943007198111
2,0.5000000000000001,20.683752050729552,3.261212274011965
3,0.7000000000000001,20.464923922821892,2.781306050433899
4,0.9000000000000001,21.895178353617492,2.4642865845595283
