,discretized_reward_proportion,interconnectivity_strength_mean,interconnectivity_strength_err
0,0.1,20.574209509807744,1.9407268268750053
1,0.30000000000000004,27.751556604761355,3.4690862615073135
2,0.5000000000000001,30.218808699810552,3.791321396415427
3,0.7000000000000001,20.744475619888384,1.5406898620511145
4,0.9000000000000001,17.91378354840309,1.2664067308415958
