,discretized_reward_proportion,interconnectivity_strength_mean,interconnectivity_strength_err
0,0.1,29.553186033404593,2.3836274036689065
1,0.30000000000000004,34.20478993550025,3.687855676846212
2,0.5000000000000001,45.732489275455904,5.145357631727568
3,0.7000000000000001,38.962819462828264,7.151112765624138
4,0.9000000000000001,47.05674823797209,10.354011967131779
