,discretized_reward_proportion,interconnectivity_strength_mean,interconnectivity_strength_err
0,0.1,11.462739797035283,0.8144659151815671
1,0.30000000000000004,8.88507267306564,0.6490951337199474
2,0.5000000000000001,6.848127565372934,0.2772878965870253
3,0.7000000000000001,7.786503832433987,0.46952942931618785
4,0.9000000000000001,9.712784097455094,0.6384415701125137
