,discretized_reward_proportion,interconnectivity_strength_mean,interconnectivity_strength_err
0,0.1,14.845833925265135,2.1865094446058566
1,0.30000000000000004,14.091706863529607,1.9584476465775662
2,0.5000000000000001,17.499573872390236,2.1273167448326293
3,0.7000000000000001,12.636693520923439,1.7934858560943372
4,0.9000000000000001,14.440261208942724,1.1604409563773341
