,discretized_reward_proportion,interconnectivity_strength_mean,interconnectivity_strength_err
0,0.1,102.33514247620377,13.579249636568429
1,0.30000000000000004,161.64789655177893,30.443643856147027
2,0.5000000000000001,46.20068184449079,16.594773863510127
3,0.7000000000000001,88.0549243851264,25.304212920693924
4,0.9000000000000001,27.212832089621457,9.843484782504024
