,discretized_reward_proportion,interconnectivity_strength_mean,interconnectivity_strength_err
0,0.1,22.71781900284146,1.4095741095761365
1,0.30000000000000004,17.128952929721024,1.1611975749697552
2,0.5000000000000001,23.154962074731618,1.8964588292538884
3,0.7000000000000001,24.179492174088388,1.618086631720848
4,0.9000000000000001,24.082315487130288,1.1715835421974425
