,discretized_reward_proportion,interconnectivity_strength_mean,interconnectivity_strength_err
0,0.1,39.49909882929483,2.5385082481669814
1,0.30000000000000004,29.598550778750756,4.112811744329444
2,0.5000000000000001,33.800260278143284,3.8625927564575564
3,0.7000000000000001,24.999428405322014,2.8311532956090044
4,0.9000000000000001,15.500870665567065,2.070463400184359
