,discretized_reward_proportion,interconnectivity_strength_mean,interconnectivity_strength_err
0,0.1,23.822468164229573,3.608542644218873
1,0.30000000000000004,14.927539232399557,0.6363785008702086
2,0.5000000000000001,11.299473253853431,0.724768268027335
3,0.7000000000000001,8.890486711069236,0.32879329989834466
4,0.9000000000000001,10.121958946635814,0.30742728708537065
