,discretized_reward_proportion,interconnectivity_strength_mean,interconnectivity_strength_err
0,0.1,47.14140474192112,14.32797886950861
1,0.30000000000000004,48.81775365166334,14.110167913078
2,0.5000000000000001,25.861267379959077,6.283993978369297
3,0.7000000000000001,15.729577673222895,2.527677149718652
4,0.9000000000000001,31.94752592531701,3.9128287004563203
