,discretized_reward_proportion,interconnectivity_strength_mean,interconnectivity_strength_err
0,0.1,0.09090909090909091,0.06129089658756746
1,0.30000000000000004,0.1794871794871795,0.06145073738618236
2,0.5000000000000001,82.76273070846302,21.614944896945776
3,0.7000000000000001,122.11342464851236,20.74883632084829
4,0.9000000000000001,107.31083001114186,23.746978821189682
