,discretized_reward_proportion,interconnectivity_strength_mean,interconnectivity_strength_err
0,0.1,18.559352399624302,0.8769585496739187
1,0.30000000000000004,15.703362388307344,2.7631625211927284
2,0.5000000000000001,23.548955520858822,4.259176891822572
3,0.7000000000000001,9.083583938645255,1.1120153971141598
4,0.9000000000000001,5.604278129224823,0.5162475534048773
