,discretized_reward_proportion,interconnectivity_strength_mean,interconnectivity_strength_err
0,0.1,17.044030549691595,3.5434461995438946
1,0.30000000000000004,20.021460173239088,4.19442631784048
2,0.5000000000000001,26.77227558346118,4.182901446445396
3,0.7000000000000001,25.411290757754408,2.1954654591727625
4,0.9000000000000001,22.01878422405342,2.0351029224997093
