,discretized_reward_proportion,interconnectivity_strength_mean,interconnectivity_strength_err
0,0.1,31.47685924553865,2.028851191413383
1,0.30000000000000004,20.96289714864965,1.840118853724572
2,0.5000000000000001,19.962335887413104,1.5725135702889663
3,0.7000000000000001,14.00031948674465,1.4949180528960844
4,0.9000000000000001,21.553256833487072,2.0655046120944958
