,discretized_reward_proportion,interconnectivity_strength_mean,interconnectivity_strength_err
0,0.1,60.4096279292003,12.9102964472801
1,0.30000000000000004,79.66223988485261,13.645811414381086
2,0.5000000000000001,105.43297710080358,17.83552853230682
3,0.7000000000000001,5.669802286634155,2.141242006608676
4,0.9000000000000001,5.786838152186778,2.7710364956039992
