,discretized_reward_proportion,interconnectivity_strength_mean,interconnectivity_strength_err
0,0.1,208.6089878501627,30.120424650019714
1,0.30000000000000004,171.168036831036,23.384630910336032
2,0.5000000000000001,53.44124656291547,9.207664496222364
3,0.7000000000000001,7.835851800497325,2.6322455927790713
4,0.9000000000000001,13.259132296325499,3.064993297389688
