,discretized_reward_proportion,interconnectivity_strength_mean,interconnectivity_strength_err
0,0.1,7.9719360538190145,0.10354766052498471
1,0.30000000000000004,6.549454562863068,0.2838968315918228
2,0.5000000000000001,6.47304534443875,0.41371562819066016
3,0.7000000000000001,4.995167579602401,0.2528057588377677
4,0.9000000000000001,3.938569436227131,0.1417889267114159
