,discretized_reward_proportion,interconnectivity_strength_mean,interconnectivity_strength_err
0,0.1,17.078705525537902,1.2334596403454583
1,0.30000000000000004,21.34355063206886,1.9757477135401509
2,0.5000000000000001,13.119982629253764,1.161940833343212
3,0.7000000000000001,7.318723355688219,1.4092627752897915
4,0.9000000000000001,11.844939616005231,1.6710242815645544
