,discretized_reward_proportion,interconnectivity_strength_mean,interconnectivity_strength_err
0,0.1,41.682276859130816,13.372866215332744
1,0.30000000000000004,9.620848025393567,1.6545445041928222
2,0.5000000000000001,5.658163983410079,0.8819629136423023
3,0.7000000000000001,6.335802694822097,0.6706755408860263
4,0.9000000000000001,6.309880731006191,0.38437865350845646
