,discretized_reward_proportion,interconnectivity_strength_mean,interconnectivity_strength_err
0,0.1,19.1068880733248,1.7129651102495695
1,0.30000000000000004,19.474696986248464,2.4109573484943136
2,0.5000000000000001,28.07733444174249,2.9554699752428073
3,0.7000000000000001,23.393378459001084,2.346595370747533
4,0.9000000000000001,21.864688071834987,1.940619671053543
