,discretized_reward_proportion,interconnectivity_strength_mean,interconnectivity_strength_err
0,0.1,1.2279327989035165,0.23514827920277734
1,0.30000000000000004,1.7757802556230586,0.45493618805045033
2,0.5000000000000001,0.23742059194901122,0.16515722379977182
3,0.7000000000000001,1.8324259578404138,0.47016348926018764
4,0.9000000000000001,9.634379344825827,2.17475399173521
