,discretized_reward_proportion,interconnectivity_strength_mean,interconnectivity_strength_err
0,0.1,15.75311576862491,1.111615634934663
1,0.30000000000000004,22.20949946177619,3.534031975730887
2,0.5000000000000001,13.539648827092728,1.8409572114211632
3,0.7000000000000001,40.13570032751496,5.245143466399267
4,0.9000000000000001,30.42711951889836,4.674783631264112
