,discretized_reward_proportion,interconnectivity_strength_mean,interconnectivity_strength_err
0,0.1,0.36363636363636365,0.1025592863305029
1,0.30000000000000004,8.770801313674651,1.8549414032563778
2,0.5000000000000001,14.658809724754708,4.602449193314388
3,0.7000000000000001,27.69122772156023,6.031971645682401
4,0.9000000000000001,35.89184380238398,7.381761283963216
