,discretized_reward_proportion,interconnectivity_strength_mean,interconnectivity_strength_err
0,0.1,9.022473074015632,2.4060437954562057
1,0.30000000000000004,22.345487061620155,5.079880866571401
2,0.5000000000000001,92.09475981766452,27.0890071421401
3,0.7000000000000001,122.77972771936612,28.063383161739445
4,0.9000000000000001,99.41175231574903,20.825285820907684
