,discretized_reward_proportion,interconnectivity_strength_mean,interconnectivity_strength_err
0,0.1,0.0,0.0
1,0.30000000000000004,4.857255330080005,4.74275733879746
2,0.5000000000000001,259.8161660756379,90.21068122172571
3,0.7000000000000001,235.12640882109605,72.99155437696653
4,0.9000000000000001,61.36542034618286,24.39414693483622
