,discretized_reward_proportion,interconnectivity_strength_mean,interconnectivity_strength_err
0,0.1,20.899758114559983,0.3861047366795141
1,0.30000000000000004,16.794040561428417,0.6336917503948691
2,0.5000000000000001,15.726621389069875,0.46815586043804713
3,0.7000000000000001,14.47068853511837,0.49153024128948736
4,0.9000000000000001,16.09888918268316,0.7252904974927125
