,discretized_reward_proportion,interconnectivity_strength_mean,interconnectivity_strength_err
0,0.1,45.61257601742391,2.5212196485224445
1,0.30000000000000004,32.216009251777194,1.6843117738957658
2,0.5000000000000001,34.77138641508844,3.5597703533888456
3,0.7000000000000001,38.68948025929735,3.6128542589831376
4,0.9000000000000001,,
