,discretized_reward_proportion,interconnectivity_strength_mean,interconnectivity_strength_err
0,0.1,208.2569820396806,30.819252166546935
1,0.30000000000000004,210.39241732509032,32.58993905579423
2,0.5000000000000001,68.74958564932736,16.114424149829556
3,0.7000000000000001,60.788896526122016,19.94688043036816
4,0.9000000000000001,80.97902130017357,27.555810870060956
