,discretized_reward_proportion,interconnectivity_strength_mean,interconnectivity_strength_err
0,0.1,17.792731367620643,2.8540500457314835
1,0.30000000000000004,12.390321571629608,0.9070058763804193
2,0.5000000000000001,11.141714424730582,0.8726231459635551
3,0.7000000000000001,11.19544125863355,0.6683937896435902
4,0.9000000000000001,9.611602554406,0.48627247588221284
