,discretized_reward_proportion,interconnectivity_strength_mean,interconnectivity_strength_err
0,0.1,59.61581886027744,4.251768622716044
1,0.30000000000000004,44.60706278424482,3.870386160315187
2,0.5000000000000001,52.78141694088987,6.04479511033648
3,0.7000000000000001,16.046759859726123,1.6337588106895424
4,0.9000000000000001,26.196778593673642,3.005367182224668
