,discretized_reward_proportion,interconnectivity_strength_mean,interconnectivity_strength_err
0,0.1,6.079075207082686,0.8384975920580506
1,0.30000000000000004,7.20618242125032,0.7952436739863977
2,0.5000000000000001,9.55587649484607,1.3040378628905174
3,0.7000000000000001,8.360793458805981,1.111984918665344
4,0.9000000000000001,12.777778073238016,2.0916714442771016
