,discretized_reward_proportion,interconnectivity_strength_mean,interconnectivity_strength_err
0,0.1,36.44773191641916,9.928700806080874
1,0.30000000000000004,49.00096653830855,8.63651996305791
2,0.5000000000000001,57.733072906952636,9.335486270811584
3,0.7000000000000001,78.13985097199725,14.453170565712062
4,0.9000000000000001,96.62623322570653,15.872946709235897
