,discretized_reward_proportion,interconnectivity_strength_mean,interconnectivity_strength_err
0,0.1,88.91403730967056,14.153894311133884
1,0.30000000000000004,70.58846479553961,13.20904204613064
2,0.5000000000000001,65.45420202460589,12.75691122594028
3,0.7000000000000001,48.57760855784865,6.10865557415449
4,0.9000000000000001,62.071148722299355,4.918781349566157
