,discretized_reward_proportion,interconnectivity_strength_mean,interconnectivity_strength_err
0,0.1,28.17613917172092,3.9482737967413284
1,0.30000000000000004,11.99675755476318,2.482885509262353
2,0.5000000000000001,10.930649383608115,2.934066329176107
3,0.7000000000000001,12.368066323481756,2.8297911835018263
4,0.9000000000000001,3.5044066576575577,1.443707221336098
