,discretized_reward_proportion,interconnectivity_strength_mean,interconnectivity_strength_err
0,0.1,67.77738430689482,7.326927598379248
1,0.30000000000000004,47.45370898406116,8.156607999739204
2,0.5000000000000001,69.11930876967304,15.106999807573208
3,0.7000000000000001,45.627987679409316,7.038191402995147
4,0.9000000000000001,43.17042761336981,6.33592201818646
