,discretized_reward_proportion,interconnectivity_strength_mean,interconnectivity_strength_err
0,0.1,10.732703871528207,0.31526886437825424
1,0.30000000000000004,13.870068947364295,1.033118585820562
2,0.5000000000000001,13.59178516097968,0.6062970434126216
3,0.7000000000000001,11.203345860425433,0.4988533857069471
4,0.9000000000000001,9.921786586202076,0.5472786155007001
