,discretized_reward_proportion,interconnectivity_strength_mean,interconnectivity_strength_err
0,0.1,10.225023826336386,1.6451299460689106
1,0.30000000000000004,19.8825916285548,2.463077962450266
2,0.5000000000000001,43.07877872793994,17.83112513635886
3,0.7000000000000001,98.84214887651312,36.19288940959912
4,0.9000000000000001,98.22707182722675,23.697927078413688
