,discretized_reward_proportion,interconnectivity_strength_mean,interconnectivity_strength_err
0,0.1,15.313221400111246,1.7454116263974977
1,0.30000000000000004,13.337052938002504,1.1675583982173603
2,0.5000000000000001,14.191019239616397,1.528628530728681
3,0.7000000000000001,12.081518969583266,0.5589785850585619
4,0.9000000000000001,12.328466147791557,1.1292621590850658
