,discretized_reward_proportion,interconnectivity_strength_mean,interconnectivity_strength_err
0,0.1,14.889617033716338,0.7484392888129965
1,0.30000000000000004,20.238911813243718,1.979054529138489
2,0.5000000000000001,24.01821042418184,1.5647877477048042
3,0.7000000000000001,16.381978763631324,1.3287699885979365
4,0.9000000000000001,13.411525633961315,0.77845256271009
