,discretized_reward_proportion,interconnectivity_strength_mean,interconnectivity_strength_err
0,0.1,48.642575673972274,7.034696092622506
1,0.30000000000000004,18.893780539451342,3.413338324837366
2,0.5000000000000001,20.32796059467305,1.3656768813043823
3,0.7000000000000001,20.42022584208917,1.1931413782251463
4,0.9000000000000001,23.33004070023594,2.1293120859386376
