,discretized_reward_proportion,interconnectivity_strength_mean,interconnectivity_strength_err
0,0.1,16.18537028773432,0.5635811173453531
1,0.30000000000000004,15.681654869817258,1.0231790560777585
2,0.5000000000000001,17.288904678230427,1.0996849056958755
3,0.7000000000000001,11.014750132760025,2.4970086814108963
4,0.9000000000000001,13.056093751867394,1.7545560770819955
