,discretized_reward_proportion,interconnectivity_strength_mean,interconnectivity_strength_err
0,0.1,17.048835348129803,2.698807165089466
1,0.30000000000000004,28.87277124483482,3.9097095795393577
2,0.5000000000000001,27.82590120466357,5.975529659854597
3,0.7000000000000001,71.47939621655263,15.125210074300641
4,0.9000000000000001,45.07680708287806,7.349223632261697
