,discretized_reward_proportion,interconnectivity_strength_mean,interconnectivity_strength_err
0,0.1,144.16694145096886,33.018314548199065
1,0.30000000000000004,73.66727396737704,18.001698268852902
2,0.5000000000000001,85.22588465436576,19.301890906404225
3,0.7000000000000001,44.36635879736405,11.52975708761165
4,0.9000000000000001,30.872163089084605,7.725249363590145
