,discretized_reward_proportion,interconnectivity_strength_mean,interconnectivity_strength_err
0,0.1,12.045048249774128,0.6288242946917213
1,0.30000000000000004,11.941250164535868,1.026340532977805
2,0.5000000000000001,8.20333423964102,0.3353282374251616
3,0.7000000000000001,14.512950049080201,2.1297585646052943
4,0.9000000000000001,27.753450224176312,2.9969417380451713
