,discretized_reward_proportion,interconnectivity_strength_mean,interconnectivity_strength_err
0,0.1,470.58139119081585,91.6105366485482
1,0.30000000000000004,208.1015703149845,60.25269355448978
2,0.5000000000000001,44.650006489904186,17.35509056438109
3,0.7000000000000001,6.704959175633635,1.6892776363610715
4,0.9000000000000001,5.00771742275761,1.6764354950388467
