,discretized_reward_proportion,interconnectivity_strength_mean,interconnectivity_strength_err
0,0.1,11.969987924729312,0.277205474310393
1,0.30000000000000004,9.602584348118839,0.33516930510880877
2,0.5000000000000001,8.517721301054966,0.27684444217330245
3,0.7000000000000001,7.512156798751535,0.47576476113477195
4,0.9000000000000001,6.72649740622947,0.34638720160003056
