,discretized_reward_proportion,interconnectivity_strength_mean,interconnectivity_strength_err
0,0.1,36.3372197935686,4.100637577345842
1,0.30000000000000004,49.71650104452001,6.44945897228306
2,0.5000000000000001,30.753229141815023,6.916187738761995
3,0.7000000000000001,35.194496966521,8.000582734423793
4,0.9000000000000001,26.236857389232636,4.861242156225503
