,discretized_reward_proportion,interconnectivity_strength_mean,interconnectivity_strength_err
0,0.1,24.386632926026767,3.2939003978473704
1,0.30000000000000004,55.090606564538966,6.318019894584691
2,0.5000000000000001,35.295016303224685,3.7056654675966416
3,0.7000000000000001,55.700047165508494,8.02024461281935
4,0.9000000000000001,38.20796192299852,4.8785934014205665
