,discretized_reward_proportion,interconnectivity_strength_mean,interconnectivity_strength_err
0,0.1,58.27389118465401,10.545942835272758
1,0.30000000000000004,37.119583237018034,7.28577255999546
2,0.5000000000000001,30.907911087519103,5.641332354626597
3,0.7000000000000001,23.11729921265693,2.9398541563093032
4,0.9000000000000001,21.593117234304607,1.9690618215257762
