,discretized_reward_proportion,interconnectivity_strength_mean,interconnectivity_strength_err
0,0.1,40.70323695457829,4.39202958100725
1,0.30000000000000004,27.529297371533477,3.6264964060614857
2,0.5000000000000001,21.71221443023605,2.313803629408181
3,0.7000000000000001,17.149540659650203,1.625724734188204
4,0.9000000000000001,29.400397238676945,1.9244026357601238
