,discretized_reward_proportion,interconnectivity_strength_mean,interconnectivity_strength_err
0,0.1,18.462614340916417,3.6233482230447542
1,0.30000000000000004,13.701893643641519,1.0244208822593146
2,0.5000000000000001,11.917713159185999,1.190148542278805
3,0.7000000000000001,10.083067913975578,0.6141213304946351
4,0.9000000000000001,10.08546899245565,0.832784446862772
