,discretized_reward_proportion,interconnectivity_strength_mean,interconnectivity_strength_err
0,0.1,29.022598678112278,1.360863043418935
1,0.30000000000000004,35.393979442267906,3.82283223067949
2,0.5000000000000001,42.851133770356554,4.367820037892547
3,0.7000000000000001,36.80037040362409,1.7725877231528022
4,0.9000000000000001,24.028282661741322,1.943616183500542
