,discretized_reward_proportion,interconnectivity_strength_mean,interconnectivity_strength_err
0,0.1,1.2171663346950592,0.3817969608289364
1,0.30000000000000004,32.89469670166577,11.623636339963534
2,0.5000000000000001,280.24028313666327,81.61414864413908
3,0.7000000000000001,34.49466542780087,21.56602523871136
4,0.9000000000000001,10.647051325050489,2.0969288086790003
