,discretized_reward_proportion,interconnectivity_strength_mean,interconnectivity_strength_err
0,0.1,16.08045197138661,3.2374462052200705
1,0.30000000000000004,27.419602204223484,3.5547397530548395
2,0.5000000000000001,35.92474571829264,3.123724667609807
3,0.7000000000000001,35.533157270097774,2.3812150635933427
4,0.9000000000000001,36.68763748521349,1.59148816133068
