,discretized_reward_proportion,interconnectivity_strength_mean,interconnectivity_strength_err
0,0.1,15.65798225827663,0.8400570563796839
1,0.30000000000000004,11.672783269433024,0.47350360020781496
2,0.5000000000000001,12.064221089489937,0.6311057940035275
3,0.7000000000000001,7.109903782008664,0.5914415049131568
4,0.9000000000000001,6.667463455005451,0.3118370842021434
