,discretized_reward_proportion,interconnectivity_strength_mean,interconnectivity_strength_err
0,0.1,10.778849660370689,2.3380380277754944
1,0.30000000000000004,12.420449591890478,2.7221386650167387
2,0.5000000000000001,13.829815539168651,2.4704546426141687
3,0.7000000000000001,42.77740267158922,9.997262275789163
4,0.9000000000000001,77.00611259679961,12.592124872388709
