,discretized_reward_proportion,interconnectivity_strength_mean,interconnectivity_strength_err
0,0.1,11.939069445189602,1.463500722074761
1,0.30000000000000004,12.504346389333456,2.134388393201614
2,0.5000000000000001,10.024977244017208,1.0380844532455762
3,0.7000000000000001,20.04640245148686,1.6380330856868615
4,0.9000000000000001,15.949566485313031,2.161732166737796
