,discretized_reward_proportion,interconnectivity_strength_mean,interconnectivity_strength_err
0,0.1,12.489249700437531,1.2896169859966011
1,0.30000000000000004,8.047024943809674,0.8301898526914336
2,0.5000000000000001,7.708650730985009,1.035952365249908
3,0.7000000000000001,9.467903288983061,0.3008404418165749
4,0.9000000000000001,,
