,discretized_reward_proportion,interconnectivity_strength_mean,interconnectivity_strength_err
0,0.1,9.757343185791024,0.39739429513487223
1,0.30000000000000004,11.11270882883556,0.429508391325064
2,0.5000000000000001,8.380783767221699,0.4340814249652381
3,0.7000000000000001,8.008224496799311,0.4515497322305899
4,0.9000000000000001,6.4290187148531714,0.17267414058695293
