,discretized_reward_proportion,interconnectivity_strength_mean,interconnectivity_strength_err
0,0.1,68.37221194972204,14.576956809388445
1,0.30000000000000004,61.556035880201,12.426417204541815
2,0.5000000000000001,10.722600316585158,1.573002216426848
3,0.7000000000000001,10.800822609355402,0.7014165723333733
4,0.9000000000000001,13.21705560707352,0.9078746878866483
