,discretized_reward_proportion,interconnectivity_strength_mean,interconnectivity_strength_err
0,0.1,20.05926146464166,0.9004218615238614
1,0.30000000000000004,28.087155870570857,2.3663226567375926
2,0.5000000000000001,18.26974879878024,2.263174299418954
3,0.7000000000000001,30.177758878082688,3.780904020092403
4,0.9000000000000001,44.447187848019134,3.451703946012526
