,discretized_reward_proportion,interconnectivity_strength_mean,interconnectivity_strength_err
0,0.1,48.14261061267067,8.80206962447758
1,0.30000000000000004,33.66032960559885,5.750973319283307
2,0.5000000000000001,33.47937035577601,12.701729597550093
3,0.7000000000000001,35.177403288539466,17.002363835592963
4,0.9000000000000001,12.77415839297944,12.579121620783969
