,discretized_reward_proportion,interconnectivity_strength_mean,interconnectivity_strength_err
0,0.1,34.56856810007518,16.053502294542405
1,0.30000000000000004,101.97652601588621,53.29774277858406
2,0.5000000000000001,65.68279088837559,36.848788704129824
3,0.7000000000000001,83.68791588525517,41.397775555201626
4,0.9000000000000001,451.76458262693063,129.72833636872664
