,discretized_reward_proportion,interconnectivity_strength_mean,interconnectivity_strength_err
0,0.1,19.51999586133357,2.9200142373950455
1,0.30000000000000004,12.52291873176083,3.5343018674911484
2,0.5000000000000001,24.692256604023225,4.8918443905192985
3,0.7000000000000001,27.277633632516395,7.5989672174764085
4,0.9000000000000001,3.0980455510971394,3.026816591810673
