,discretized_reward_proportion,interconnectivity_strength_mean,interconnectivity_strength_err
0,0.1,15.495806037733997,1.2259985519313985
1,0.30000000000000004,18.164094003444003,3.498760275498333
2,0.5000000000000001,59.38176741994399,10.917106337077911
3,0.7000000000000001,46.43887448371851,5.8410785678307215
4,0.9000000000000001,43.71341423902834,3.6041228188303984
