,discretized_reward_proportion,interconnectivity_strength_mean,interconnectivity_strength_err
0,0.1,3.164654985994055,0.13016531986782515
1,0.30000000000000004,4.4937632537562875,0.29049998874693184
2,0.5000000000000001,5.589176669491421,0.23061520035775013
3,0.7000000000000001,5.568268013255153,0.12378858700745332
4,0.9000000000000001,5.063346687200797,0.10084049147028429
