,discretized_reward_proportion,interconnectivity_strength_mean,interconnectivity_strength_err
0,0.1,40.967279729484005,28.746645814291142
1,0.30000000000000004,66.13997758316398,17.565347837362822
2,0.5000000000000001,125.63148880422153,21.521924779561328
3,0.7000000000000001,158.81594591347155,19.232464794638346
4,0.9000000000000001,263.3572718432538,33.04415035438035
