,discretized_reward_proportion,interconnectivity_strength_mean,interconnectivity_strength_err
0,0.1,16.308149843678816,4.045968549119239
1,0.30000000000000004,18.732312380583966,1.8942436451452485
2,0.5000000000000001,16.080053679770263,2.9163844024932484
3,0.7000000000000001,14.199628090945096,0.9718207408462635
4,0.9000000000000001,16.342418356594425,0.9153170249635785
