,discretized_reward_proportion,interconnectivity_strength_mean,interconnectivity_strength_err
0,0.1,59.688500170061715,6.302430914291251
1,0.30000000000000004,46.35580085254134,4.383601445444763
2,0.5000000000000001,32.56000893313023,10.13661794886446
3,0.7000000000000001,50.38033594779972,6.246795760567391
4,0.9000000000000001,72.57581975967861,7.557568626288803
