,discretized_reward_proportion,interconnectivity_strength_mean,interconnectivity_strength_err
0,0.1,71.65199774040488,10.782806515106497
1,0.30000000000000004,31.35421431345511,6.642137949341126
2,0.5000000000000001,37.68639627840456,8.417490253754321
3,0.7000000000000001,7.27145639961875,0.7436747239000536
4,0.9000000000000001,56.255323128542486,23.610490041325033
