,discretized_reward_proportion,interconnectivity_strength_mean,interconnectivity_strength_err
0,0.1,14.043328082902978,2.7499041501521213
1,0.30000000000000004,15.99101044348554,3.6662252434675664
2,0.5000000000000001,29.43814666619708,6.782588382769005
3,0.7000000000000001,12.104414142288787,2.0832143943536727
4,0.9000000000000001,22.02620273805967,1.516559056247419
