,discretized_reward_proportion,interconnectivity_strength_mean,interconnectivity_strength_err
0,0.1,19.376082209417664,1.6155151393901226
1,0.30000000000000004,15.518076595822317,1.186118966332505
2,0.5000000000000001,17.17592048151056,1.684767913944657
3,0.7000000000000001,22.47622577728688,2.153403063746109
4,0.9000000000000001,22.98453937652164,1.6427394715371628
