,discretized_reward_proportion,interconnectivity_strength_mean,interconnectivity_strength_err
0,0.1,26.43565726750387,1.3979122212896575
1,0.30000000000000004,42.26087899150957,9.248561314313077
2,0.5000000000000001,72.42720191623205,14.393232183915602
3,0.7000000000000001,9.910085463880025,2.181485065851107
4,0.9000000000000001,16.64367697763409,4.621645961062894
