,discretized_reward_proportion,interconnectivity_strength_mean,interconnectivity_strength_err
0,0.1,4.308338938260423,0.43071697649100016
1,0.30000000000000004,8.815271558604142,1.7445318274582984
2,0.5000000000000001,13.189582354165752,1.272284757363847
3,0.7000000000000001,5.780626589335981,0.8647446155852846
4,0.9000000000000001,3.93227618766526,0.641746890176218
