,discretized_reward_proportion,interconnectivity_strength_mean,interconnectivity_strength_err
0,0.1,8.22445898988665,0.5236622955989986
1,0.30000000000000004,255.81159569171368,99.56010398569083
2,0.5000000000000001,113.6894976205816,34.21487732436579
3,0.7000000000000001,81.14738020296427,21.227110333410465
4,0.9000000000000001,22.170660172991987,3.6687893625348154
