,discretized_reward_proportion,interconnectivity_strength_mean,interconnectivity_strength_err
0,0.1,14.555061587766357,1.312799049027106
1,0.30000000000000004,10.324800992590324,0.5311868871745634
2,0.5000000000000001,19.256313141270553,3.2592173929763613
3,0.7000000000000001,80.28365128776821,11.5650012191399
4,0.9000000000000001,15.432009336913355,3.768538747447103
