,discretized_reward_proportion,interconnectivity_strength_mean,interconnectivity_strength_err
0,0.1,31.861466366202983,3.655224904411091
1,0.30000000000000004,29.575339707641792,3.144181756033841
2,0.5000000000000001,26.64881828349519,3.002346338521331
3,0.7000000000000001,29.02506153344962,1.7774073293206352
4,0.9000000000000001,23.51845715020723,1.419977178241268
