,discretized_reward_proportion,interconnectivity_strength_mean,interconnectivity_strength_err
0,0.1,80.66348957479006,5.340802234874155
1,0.30000000000000004,50.2521524500246,5.623653069508112
2,0.5000000000000001,63.39789814282108,14.606513465366564
3,0.7000000000000001,59.593037562190624,8.390737623810889
4,0.9000000000000001,116.38516184321257,13.804280069974928
