,discretized_reward_proportion,interconnectivity_strength_mean,interconnectivity_strength_err
0,0.1,37.398106927079965,6.6661462954213375
1,0.30000000000000004,17.051879929475863,3.6765353557985905
2,0.5000000000000001,11.342280327985586,1.7120136261909706
3,0.7000000000000001,6.1249047518206625,1.1676341143317286
4,0.9000000000000001,5.852772618849104,1.4692681228021662
