,discretized_reward_proportion,interconnectivity_strength_mean,interconnectivity_strength_err
0,0.1,49.0336624511202,2.8435219354687975
1,0.30000000000000004,32.849283044712905,2.7970235145578126
2,0.5000000000000001,20.891263171450515,1.5005712751978533
3,0.7000000000000001,12.133922573655235,0.8288350605612356
4,0.9000000000000001,9.25287505729486,0.3855863647670099
