,discretized_reward_proportion,interconnectivity_strength_mean,interconnectivity_strength_err
0,0.1,170.99839946688837,56.110938813871925
1,0.30000000000000004,93.24490047927401,18.146866652077932
2,0.5000000000000001,144.33257218529403,18.414945985006835
3,0.7000000000000001,107.26612740779952,40.964620424640536
4,0.9000000000000001,125.79570788470343,28.932737342209123
