,discretized_reward_proportion,interconnectivity_strength_mean,interconnectivity_strength_err
0,0.1,18.58670858011838,6.649622737998534
1,0.30000000000000004,16.185990043807806,2.073086451806611
2,0.5000000000000001,9.798503355562934,0.2894048323667222
3,0.7000000000000001,12.33670265917028,0.6437822087767281
4,0.9000000000000001,10.871761887210365,0.7672476485862831
