,discretized_reward_proportion,interconnectivity_strength_mean,interconnectivity_strength_err
0,0.1,18.296737816927674,1.7346017191970353
1,0.30000000000000004,20.781699587239643,1.7758303932776882
2,0.5000000000000001,19.06689318690792,1.4957399896173946
3,0.7000000000000001,16.117441560430795,0.788201888401056
4,0.9000000000000001,18.197800331426055,0.6755178162296305
