,discretized_reward_proportion,interconnectivity_strength_mean,interconnectivity_strength_err
0,0.1,15.769375216249074,2.6454215766407163
1,0.30000000000000004,29.113282093515355,3.8461928288503815
2,0.5000000000000001,27.486741444761524,3.1967083690015077
3,0.7000000000000001,23.978577937556032,1.821819027210211
4,0.9000000000000001,17.34684746960463,1.7042936852480803
