,discretized_reward_proportion,interconnectivity_strength_mean,interconnectivity_strength_err
0,0.1,10.902086458996209,0.621154877885847
1,0.30000000000000004,9.618442867820375,0.5400482539998208
2,0.5000000000000001,10.247251354978406,0.6372216043924483
3,0.7000000000000001,10.898641391298568,0.6877887310518802
4,0.9000000000000001,12.97058154981531,0.7582399966914206
