,discretized_reward_proportion,interconnectivity_strength_mean,interconnectivity_strength_err
0,0.1,10.703398986127265,0.16571471381191102
1,0.30000000000000004,8.823215594669172,0.32478432214243974
2,0.5000000000000001,7.959426251482016,0.3103585753251926
3,0.7000000000000001,5.857832553782126,0.2854680087815968
4,0.9000000000000001,4.818777563098812,0.13265795659088786
