,discretized_reward_proportion,interconnectivity_strength_mean,interconnectivity_strength_err
0,0.1,26.08096344632686,3.632748212565378
1,0.30000000000000004,59.04365301076895,13.490482583261016
2,0.5000000000000001,32.78576707146695,10.933815601601646
3,0.7000000000000001,8.700718039118971,0.3734233170511413
4,0.9000000000000001,11.007184993743566,0.5780760454175589
