,discretized_reward_proportion,interconnectivity_strength_mean,interconnectivity_strength_err
0,0.1,8.739943981726778,0.3991784748149362
1,0.30000000000000004,7.547183441130963,0.2666841813542509
2,0.5000000000000001,7.441511020517324,0.3902487757094387
3,0.7000000000000001,7.785077926900348,0.34238737821639287
4,0.9000000000000001,12.517105572767768,1.036211377910349
