,discretized_reward_proportion,interconnectivity_strength_mean,interconnectivity_strength_err
0,0.1,48.665816754056614,2.39352859850475
1,0.30000000000000004,42.490157194084915,4.3289643622172935
2,0.5000000000000001,33.86520308461684,4.007982651654749
3,0.7000000000000001,20.626992173088126,4.792677070007731
4,0.9000000000000001,17.11915401664152,4.064261941935835
