,discretized_reward_proportion,interconnectivity_strength_mean,interconnectivity_strength_err
0,0.1,22.070058582639156,17.384506850477187
1,0.30000000000000004,23.40497694506316,6.815359902826582
2,0.5000000000000001,45.17111266538492,9.470350105920314
3,0.7000000000000001,32.07262485077092,4.944811244895835
4,0.9000000000000001,16.93791594000923,1.7363613996722889
