,discretized_reward_proportion,interconnectivity_strength_mean,interconnectivity_strength_err
0,0.1,21.420173937476832,2.6639661079162744
1,0.30000000000000004,20.74135842100255,1.396460660977627
2,0.5000000000000001,18.164061958698735,2.510845737468091
3,0.7000000000000001,19.173820238741424,1.6817423058673593
4,0.9000000000000001,12.961854099695357,1.346727013366032
