,discretized_reward_proportion,interconnectivity_strength_mean,interconnectivity_strength_err
0,0.1,37.75792219789984,6.570849081349903
1,0.30000000000000004,24.676869893744048,5.876936874606268
2,0.5000000000000001,21.052582065561953,4.203546722505609
3,0.7000000000000001,17.496374300765325,1.3912594138037968
4,0.9000000000000001,32.81265525526252,4.058917397278432
