,discretized_reward_proportion,interconnectivity_strength_mean,interconnectivity_strength_err
0,0.1,26.32182279388287,2.818194335869112
1,0.30000000000000004,29.821149241511975,3.8929001712256466
2,0.5000000000000001,75.61297044157153,10.630828960587218
3,0.7000000000000001,233.36110703709136,52.81219322900501
4,0.9000000000000001,151.05398202288472,24.30184761632224
