,discretized_reward_proportion,interconnectivity_strength_mean,interconnectivity_strength_err
0,0.1,29.953944104340355,3.236057422096052
1,0.30000000000000004,42.57072871729259,6.510690311670697
2,0.5000000000000001,43.81418466480447,5.768623856796422
3,0.7000000000000001,13.339297946697934,2.4804581398661005
4,0.9000000000000001,19.09718625599865,1.857011073390947
