,discretized_reward_proportion,interconnectivity_strength_mean,interconnectivity_strength_err
0,0.1,48.952963187749155,7.0707802900697585
1,0.30000000000000004,40.147868911531205,6.6593241004843575
2,0.5000000000000001,44.48794298189363,5.574066556441942
3,0.7000000000000001,57.747202581057884,8.024887061992077
4,0.9000000000000001,68.09688985464017,9.992390665965479
