,discretized_reward_proportion,interconnectivity_strength_mean,interconnectivity_strength_err
0,0.1,43.62425704059642,10.287506398794141
1,0.30000000000000004,54.26497833665372,11.483710104078817
2,0.5000000000000001,31.74871248266461,4.826201049260082
3,0.7000000000000001,21.165448029402814,1.992312355015714
4,0.9000000000000001,18.101295224806645,0.77644258604091
