,discretized_reward_proportion,interconnectivity_strength_mean,interconnectivity_strength_err
0,0.1,6.02419463458319,0.15751309314776366
1,0.30000000000000004,6.170688530788446,0.2003413410550019
2,0.5000000000000001,5.910839197610462,0.1591463043998823
3,0.7000000000000001,5.4966983574535995,0.18310952101058547
4,0.9000000000000001,4.59483997059108,0.18285246122193313
