,discretized_reward_proportion,interconnectivity_strength_mean,interconnectivity_strength_err
0,0.1,189.2868023701672,35.70609179352263
1,0.30000000000000004,104.45523889742024,28.374963448719328
2,0.5000000000000001,88.75179930063597,22.72267803180567
3,0.7000000000000001,22.942855345532088,3.8667961934621586
4,0.9000000000000001,31.06460164493044,5.619952602135765
