,discretized_reward_proportion,interconnectivity_strength_mean,interconnectivity_strength_err
0,0.1,37.50971998042291,3.103022999354811
1,0.30000000000000004,28.391858577805728,3.3308968256112994
2,0.5000000000000001,21.842052411168684,2.974663770887057
3,0.7000000000000001,28.02164427704611,3.8786570498650548
4,0.9000000000000001,59.139478060976714,9.046733736838531
