,discretized_reward_proportion,interconnectivity_strength_mean,interconnectivity_strength_err
0,0.1,106.21683349238249,13.00342956398159
1,0.30000000000000004,29.584056350768208,3.110252008893931
2,0.5000000000000001,23.853227089148884,4.501347180360012
3,0.7000000000000001,6.458350934055136,1.0471957381739674
4,0.9000000000000001,4.259159789035815,1.1517795847354493
