,discretized_reward_proportion,interconnectivity_strength_mean,interconnectivity_strength_err
0,0.1,21.163557622540576,2.323060137917132
1,0.30000000000000004,13.558074465833174,0.9732306371056767
2,0.5000000000000001,12.218078203975125,1.4199813643506978
3,0.7000000000000001,14.629469941431292,1.004097027313878
4,0.9000000000000001,9.454705172430796,0.6967292216746245
