,discretized_reward_proportion,interconnectivity_strength_mean,interconnectivity_strength_err
0,0.1,27.038814602124784,1.096145129191928
1,0.30000000000000004,27.259742334826942,2.314963329621571
2,0.5000000000000001,23.444718683806787,1.9872589491613661
3,0.7000000000000001,14.79695306973574,0.529183752277879
4,0.9000000000000001,16.16623810299882,0.7532044850121958
