,discretized_reward_proportion,interconnectivity_strength_mean,interconnectivity_strength_err
0,0.1,8.877885003306542,0.4814437357825576
1,0.30000000000000004,32.8739239183036,8.654078125753754
2,0.5000000000000001,23.754057106811835,3.6376554029383894
3,0.7000000000000001,29.960484116219096,2.51550658006339
4,0.9000000000000001,25.428039526772086,1.8052205115913587
