,discretized_reward_proportion,interconnectivity_strength_mean,interconnectivity_strength_err
0,0.1,60.133564327968614,10.26791711857423
1,0.30000000000000004,125.01890752531229,28.952316286312783
2,0.5000000000000001,112.10491898624416,26.87031108285661
3,0.7000000000000001,59.84023789585518,5.579292904940013
4,0.9000000000000001,48.04944967156741,4.65639250140138
