,discretized_reward_proportion,interconnectivity_strength_mean,interconnectivity_strength_err
0,0.1,24.787290141511583,0.8912726564911686
1,0.30000000000000004,18.529719136591222,0.8191546701219456
2,0.5000000000000001,16.840953068343506,1.0052920828288583
3,0.7000000000000001,13.9277176282819,0.6225823957954676
4,0.9000000000000001,15.023365207501241,0.6446505417328284
