,discretized_reward_proportion,interconnectivity_strength_mean,interconnectivity_strength_err
0,0.1,25.217961219760124,11.319220455525839
1,0.30000000000000004,25.54482980033339,5.559117448636142
2,0.5000000000000001,38.032519151375425,5.88526108922427
3,0.7000000000000001,11.347743139620654,1.5501958805041234
4,0.9000000000000001,15.772748320456328,2.2748455907924243
