,discretized_reward_proportion,interconnectivity_strength_mean,interconnectivity_strength_err
0,0.1,12.14861580234599,0.7635486816554549
1,0.30000000000000004,10.710280005050718,0.49900791090749935
2,0.5000000000000001,12.487341223521764,0.9798799594683968
3,0.7000000000000001,11.283869558116189,0.4583473591676376
4,0.9000000000000001,8.277696557282972,0.23732498381026274
