,discretized_reward_proportion,interconnectivity_strength_mean,interconnectivity_strength_err
0,0.1,39.30404707454383,10.789667219398357
1,0.30000000000000004,15.878846041520948,2.1008678404401557
2,0.5000000000000001,21.03694771580961,10.792006809770198
3,0.7000000000000001,37.58751755405803,8.192137915519567
4,0.9000000000000001,101.63540110195089,13.317573837021522
