,discretized_reward_proportion,interconnectivity_strength_mean,interconnectivity_strength_err
0,0.1,10.603342260536966,0.16838820361243761
1,0.30000000000000004,10.4663253774477,0.48367855439130175
2,0.5000000000000001,10.271538642494955,0.5825821061927121
3,0.7000000000000001,8.110273110448386,0.3716563540550942
4,0.9000000000000001,7.459339597706144,0.397792887488943
