,discretized_reward_proportion,interconnectivity_strength_mean,interconnectivity_strength_err
0,0.1,3.9320691002024164,0.3493462215924601
1,0.30000000000000004,6.989532250534408,0.6648659070297291
2,0.5000000000000001,7.94993052322632,0.5521999489354774
3,0.7000000000000001,5.828741176239434,1.6894191292712943
4,0.9000000000000001,13.160385353652453,2.867478291317519
