,discretized_reward_proportion,interconnectivity_strength_mean,interconnectivity_strength_err
0,0.1,12.953593455366708,2.2900551799584283
1,0.30000000000000004,16.77404629823344,1.6450910811534165
2,0.5000000000000001,28.649042790772977,12.578032366593149
3,0.7000000000000001,34.188266055381796,7.725617712162206
4,0.9000000000000001,18.224808271531828,1.3632655594826144
