,discretized_reward_proportion,interconnectivity_strength_mean,interconnectivity_strength_err
0,0.1,15.768263734747796,2.30746220727189
1,0.30000000000000004,39.423579237235074,9.404479783683332
2,0.5000000000000001,140.56725962220145,26.046465323023234
3,0.7000000000000001,96.15998474086146,15.528283712049683
4,0.9000000000000001,61.67724820250504,7.321863018809313
