,discretized_reward_proportion,interconnectivity_strength_mean,interconnectivity_strength_err
0,0.1,9.934098249079598,1.2775839655784922
1,0.30000000000000004,24.29985654072621,3.2165685262630563
2,0.5000000000000001,28.273675862485092,7.428140605087041
3,0.7000000000000001,10.36724793449811,0.7766221059489921
4,0.9000000000000001,13.665504071908774,1.4086669948934127
