,discretized_reward_proportion,interconnectivity_strength_mean,interconnectivity_strength_err
0,0.1,7.988527680460844,0.6432389985981046
1,0.30000000000000004,11.26835688098796,1.3538236893216893
2,0.5000000000000001,16.55952982946943,1.4919241896751418
3,0.7000000000000001,5.660874384411097,1.433652154466481
4,0.9000000000000001,9.417956512551276,0.629648790093911
