,discretized_reward_proportion,interconnectivity_strength_mean,interconnectivity_strength_err
0,0.1,10.708908996332395,0.30535997756257144
1,0.30000000000000004,8.862727826929579,0.23327435156403528
2,0.5000000000000001,9.993979417145393,0.3930399740087317
3,0.7000000000000001,10.304989074561822,0.5450607246030849
4,0.9000000000000001,10.94598645744411,0.7211267772890254
