,discretized_reward_proportion,interconnectivity_strength_mean,interconnectivity_strength_err
0,0.1,17.51735955694638,0.6127657894684865
1,0.30000000000000004,15.426705018720016,1.0174614527280157
2,0.5000000000000001,14.92387843144546,1.5830078378955217
3,0.7000000000000001,8.091895230377359,0.3822935894922031
4,0.9000000000000001,10.403801304671035,0.43143765978346754
