,discretized_reward_proportion,interconnectivity_strength_mean,interconnectivity_strength_err
0,0.1,28.22945567855304,7.209131575954677
1,0.30000000000000004,31.646880060362598,2.758388207705047
2,0.5000000000000001,22.71854427556354,1.765407049667448
3,0.7000000000000001,16.559500929834932,0.8949042638692865
4,0.9000000000000001,17.269482853902343,1.2754664600978733
