,discretized_reward_proportion,interconnectivity_strength_mean,interconnectivity_strength_err
0,0.1,9.57347916390135,3.9414078594293307
1,0.30000000000000004,16.957579015922732,4.872113411615717
2,0.5000000000000001,8.07906682897675,2.8107496277070405
3,0.7000000000000001,0.30666666666666664,0.05324437024665577
4,0.9000000000000001,4.391542744325329,4.02816152040422
