,discretized_reward_proportion,interconnectivity_strength_mean,interconnectivity_strength_err
0,0.1,21.15659505470628,2.948595195115496
1,0.30000000000000004,19.67574573871928,2.2842547630868464
2,0.5000000000000001,26.193179360991337,4.569492299174806
3,0.7000000000000001,13.33013340285542,1.654975019661851
4,0.9000000000000001,13.021101924004792,0.782578938139713
