,discretized_reward_proportion,interconnectivity_strength_mean,interconnectivity_strength_err
0,0.1,13.708387329356173,0.6554633374654046
1,0.30000000000000004,10.764815548057175,0.5166905006138723
2,0.5000000000000001,9.125104084001595,0.7342008954536541
3,0.7000000000000001,5.683375444564165,0.2760533053362661
4,0.9000000000000001,5.534894329570811,0.15137167994844675
