,discretized_reward_proportion,interconnectivity_strength_mean,interconnectivity_strength_err
0,0.1,0.3442622950819672,0.06083379227915469
1,0.30000000000000004,30.753694597474723,11.609439564179803
2,0.5000000000000001,30.8857822995323,13.4019378700559
3,0.7000000000000001,39.20602161187198,5.762078189832783
4,0.9000000000000001,58.51834262233636,6.782066995486415
