,discretized_reward_proportion,interconnectivity_strength_mean,interconnectivity_strength_err
0,0.1,4.465940469486227,1.7479840420911248
1,0.30000000000000004,9.79233715923859,3.337950283947307
2,0.5000000000000001,19.091731122639267,8.282509746285035
3,0.7000000000000001,17.722151081009827,4.146878689572922
4,0.9000000000000001,7.304617715266589,2.600210412896088
