,discretized_reward_proportion,interconnectivity_strength_mean,interconnectivity_strength_err
0,0.1,5.610692489151696,0.4487450463239513
1,0.30000000000000004,6.675612761918057,0.9715335928310141
2,0.5000000000000001,5.4724934115590775,0.5004076233656768
3,0.7000000000000001,4.692894940383477,0.18003732101183853
4,0.9000000000000001,4.921114436354257,0.16309351346521564
