,discretized_reward_proportion,interconnectivity_strength_mean,interconnectivity_strength_err
0,0.1,9.81308412470125,0.12346112046279484
1,0.30000000000000004,7.861918961566159,0.2274270469972479
2,0.5000000000000001,6.834980454875104,0.16914987057671615
3,0.7000000000000001,6.252652184493189,0.14649694368213106
4,0.9000000000000001,5.256502341825875,0.13438677449147846
