,discretized_reward_proportion,interconnectivity_strength_mean,interconnectivity_strength_err
0,0.1,37.259109283186795,10.146932036632718
1,0.30000000000000004,54.22509254202488,9.663789591480622
2,0.5000000000000001,38.16757311009568,11.780102471826591
3,0.7000000000000001,17.512107136271744,3.9423130519641707
4,0.9000000000000001,9.460119096299788,3.917324538774187
