,discretized_reward_proportion,interconnectivity_strength_mean,interconnectivity_strength_err
0,0.1,9.118531185574414,0.7204625572846172
1,0.30000000000000004,7.28813083460078,0.5384500191276287
2,0.5000000000000001,7.777098689359692,0.5863324719528401
3,0.7000000000000001,6.595419904814314,0.39261221379547484
4,0.9000000000000001,6.627569982688061,0.3992804807674026
