,discretized_reward_proportion,interconnectivity_strength_mean,interconnectivity_strength_err
0,0.1,16.835558615850662,1.8759746433996003
1,0.30000000000000004,11.77859366549532,1.0459387264037014
2,0.5000000000000001,8.16634716728489,0.8896162417705336
3,0.7000000000000001,12.763299553712903,1.3090420870984916
4,0.9000000000000001,13.28307402792825,1.0276315396438973
