,discretized_reward_proportion,interconnectivity_strength_mean,interconnectivity_strength_err
0,0.1,8.360203616152068,0.5764793299744263
1,0.30000000000000004,4.688403236934988,0.65577925818672
2,0.5000000000000001,2.629464371838837,0.6649073102115974
3,0.7000000000000001,14.911564330869785,2.505905304379587
4,0.9000000000000001,25.788802327160592,5.30970296119024
