,discretized_reward_proportion,interconnectivity_strength_mean,interconnectivity_strength_err
0,0.1,22.44304941226695,3.1481250292661396
1,0.30000000000000004,29.176478302821362,3.474007450828279
2,0.5000000000000001,19.429909931802165,2.224644077947474
3,0.7000000000000001,11.881114480089588,1.654734590309605
4,0.9000000000000001,13.036255691599697,1.557695680960302
