,discretized_reward_proportion,interconnectivity_strength_mean,interconnectivity_strength_err
0,0.1,15.654039556319322,2.8396977286656826
1,0.30000000000000004,19.44052416080957,3.9109268588323878
2,0.5000000000000001,24.163400850895012,5.719906062282233
3,0.7000000000000001,67.96161025966713,21.800127318219353
4,0.9000000000000001,214.63505669193967,54.9590953807144
