,discretized_reward_proportion,interconnectivity_strength_mean,interconnectivity_strength_err
0,0.1,20.645998938469013,3.575674994457406
1,0.30000000000000004,16.781832187305238,2.26938365744077
2,0.5000000000000001,24.831370547419592,3.019911138827776
3,0.7000000000000001,17.869299726056255,1.899097636166857
4,0.9000000000000001,20.673219958814887,1.8059302698457065
