,discretized_reward_proportion,interconnectivity_strength_mean,interconnectivity_strength_err
0,0.1,31.21457237046622,3.616575683931934
1,0.30000000000000004,23.14638214584761,3.3041219476909385
2,0.5000000000000001,17.247618405655015,3.1067969807403726
3,0.7000000000000001,2.570214390685493,0.7908594596464106
4,0.9000000000000001,0.04568527918781726,0.014876502518211652
