,discretized_reward_proportion,interconnectivity_strength_mean,interconnectivity_strength_err
0,0.1,24.575093868149928,7.621490716475797
1,0.30000000000000004,26.296844859000885,3.621266679291179
2,0.5000000000000001,51.076990571346435,3.9888958790245037
3,0.7000000000000001,51.7251498507109,5.373694171070033
4,0.9000000000000001,67.04514986223401,7.066815647912624
