,discretized_reward_proportion,interconnectivity_strength_mean,interconnectivity_strength_err
0,0.1,12.214368254694179,0.9470428211536611
1,0.30000000000000004,10.004506205720293,0.3997729180882838
2,0.5000000000000001,10.745218536766302,0.38528196063599296
3,0.7000000000000001,10.97542382627083,0.4285174075328043
4,0.9000000000000001,9.63216646590211,0.36549331386608797
