,discretized_reward_proportion,interconnectivity_strength_mean,interconnectivity_strength_err
0,0.1,25.387965623835402,1.7597131159607116
1,0.30000000000000004,22.566885761951045,2.8600324746075625
2,0.5000000000000001,36.8092826584007,6.211499105206436
3,0.7000000000000001,8.26275449981778,2.9555351786511737
4,0.9000000000000001,1.950502210750265,1.1347920665887814
