,discretized_reward_proportion,interconnectivity_strength_mean,interconnectivity_strength_err
0,0.1,18.421789438995788,1.314497453258082
1,0.30000000000000004,20.415142841079273,1.8596797047762819
2,0.5000000000000001,12.049693624226144,1.348478269252745
3,0.7000000000000001,12.116145344896893,1.005949755437753
4,0.9000000000000001,11.558806715312556,0.9762015162779052
