,discretized_reward_proportion,interconnectivity_strength_mean,interconnectivity_strength_err
0,0.1,163.99653219043287,32.68395605607635
1,0.30000000000000004,341.4935944547425,108.4660929945471
2,0.5000000000000001,84.6988375840844,15.652911963891121
3,0.7000000000000001,51.066654759295105,9.855795399401325
4,0.9000000000000001,58.500997156107886,7.786269402509721
