,discretized_reward_proportion,interconnectivity_strength_mean,interconnectivity_strength_err
0,0.1,141.52452678771107,14.581912533666177
1,0.30000000000000004,66.7136663069025,15.746184943504142
2,0.5000000000000001,56.79758071234258,15.634517261445982
3,0.7000000000000001,37.34971153219618,20.34165816285163
4,0.9000000000000001,77.27164826125777,20.671084849014413
