,discretized_reward_proportion,interconnectivity_strength_mean,interconnectivity_strength_err
0,0.1,32.38123474081029,3.6545484193227744
1,0.30000000000000004,20.354694278654407,1.1508057237846352
2,0.5000000000000001,11.368095183501726,1.0529225538208637
3,0.7000000000000001,8.954726605173322,1.5675950891489219
4,0.9000000000000001,6.358328287840576,1.7965552128035707
