,discretized_reward_proportion,interconnectivity_strength_mean,interconnectivity_strength_err
0,0.1,31.893196004121666,7.8050575214598625
1,0.30000000000000004,31.64496241874685,4.3528559156756454
2,0.5000000000000001,32.105163555222276,5.456886935492739
3,0.7000000000000001,25.903569777728737,2.901161252652539
4,0.9000000000000001,40.008072832723236,3.7564151386012017
