,discretized_reward_proportion,interconnectivity_strength_mean,interconnectivity_strength_err
0,0.1,69.68178431467207,4.94145112313143
1,0.30000000000000004,70.86321822688143,11.589649528564967
2,0.5000000000000001,52.74508702513908,10.672576687138452
3,0.7000000000000001,19.13889093570057,1.6352562544431943
4,0.9000000000000001,14.166228999693738,0.8837146779755991
