,discretized_reward_proportion,interconnectivity_strength_mean,interconnectivity_strength_err
0,0.1,19.293965206904602,3.494261168526802
1,0.30000000000000004,23.93528093616086,3.522755728814298
2,0.5000000000000001,15.902053501557358,3.0177665290128335
3,0.7000000000000001,21.19071437483508,2.873532077710914
4,0.9000000000000001,21.880294740852772,2.0043803403633156
