,discretized_reward_proportion,interconnectivity_strength_mean,interconnectivity_strength_err
0,0.1,4.171432916496364,0.7876645431259548
1,0.30000000000000004,7.424424790864517,0.6865670488233125
2,0.5000000000000001,8.509394493392586,0.5981614221887191
3,0.7000000000000001,10.619125560048518,0.543198433586795
4,0.9000000000000001,11.899830351040853,0.6491238408388441
