,discretized_reward_proportion,interconnectivity_strength_mean,interconnectivity_strength_err
0,0.1,73.0505417624356,30.91351349438882
1,0.30000000000000004,4.799684522195169,2.514978909525386
2,0.5000000000000001,30.17753766215472,7.059669786129062
3,0.7000000000000001,39.54797451457332,5.939439910192995
4,0.9000000000000001,14.146426498922589,1.2618560504257486
