,discretized_reward_proportion,interconnectivity_strength_mean,interconnectivity_strength_err
0,0.1,8.935958483651591,0.30483535298141284
1,0.30000000000000004,10.261342492483,0.8076456465921376
2,0.5000000000000001,9.684337963119525,1.3162764369751174
3,0.7000000000000001,7.0651074903652376,0.46064403881086335
4,0.9000000000000001,9.539998651925076,0.5434679080493162
