,discretized_reward_proportion,interconnectivity_strength_mean,interconnectivity_strength_err
0,0.1,51.22641963180209,9.142068699746856
1,0.30000000000000004,17.254567524982185,4.074152101726075
2,0.5000000000000001,14.13550379470796,2.1178508589497267
3,0.7000000000000001,8.816595938065184,1.8660558317247915
4,0.9000000000000001,5.317187647234648,1.3881198539344681
