,discretized_reward_proportion,interconnectivity_strength_mean,interconnectivity_strength_err
0,0.1,11.82835434339891,0.15676835327753227
1,0.30000000000000004,10.233724160542128,0.34010348265284474
2,0.5000000000000001,8.950804768707606,0.21590243440824808
3,0.7000000000000001,8.981823529428747,0.42683567056821065
4,0.9000000000000001,10.42243884935097,0.3074674178465178
