,discretized_reward_proportion,interconnectivity_strength_mean,interconnectivity_strength_err
0,0.1,100.12931031805364,13.893670097209254
1,0.30000000000000004,112.83591937824532,18.81257077740114
2,0.5000000000000001,40.42909311357391,8.01619751709682
3,0.7000000000000001,56.1916178122883,5.346050534926079
4,0.9000000000000001,47.877092028360934,3.8609488758033863
