,discretized_reward_proportion,interconnectivity_strength_mean,interconnectivity_strength_err
0,0.1,43.442109152509516,8.974799868285256
1,0.30000000000000004,15.970708531888246,4.755479710414699
2,0.5000000000000001,2.6391276389324942,2.553364467200178
3,0.7000000000000001,3.237444301638046,1.3803276542497889
4,0.9000000000000001,0.8324179434980802,0.343634019124955
