,discretized_reward_proportion,interconnectivity_strength_mean,interconnectivity_strength_err
0,0.1,14.083065549349138,1.282607483471917
1,0.30000000000000004,25.11810186511704,1.926696773695774
2,0.5000000000000001,21.967291769269995,1.7502651247245773
3,0.7000000000000001,9.656582650839916,2.2053625917787576
4,0.9000000000000001,8.747702057220426,0.8613485165157979
