,discretized_reward_proportion,interconnectivity_strength_mean,interconnectivity_strength_err
0,0.1,6.104304802771498,0.4345505894266912
1,0.30000000000000004,10.418063220793867,1.3153852675574178
2,0.5000000000000001,15.605698619392465,0.96399417060381
3,0.7000000000000001,13.273421511778697,0.3976778276623131
4,0.9000000000000001,11.52269610120161,0.46501839021346675
