,discretized_reward_proportion,interconnectivity_strength_mean,interconnectivity_strength_err
0,0.1,103.04188004388917,23.680957283249814
1,0.30000000000000004,82.42779427859135,15.77099757097357
2,0.5000000000000001,73.55102903616498,16.815279188464128
3,0.7000000000000001,41.88383173925616,10.314584196561208
4,0.9000000000000001,188.84724335687423,68.0977304586475
