,discretized_reward_proportion,interconnectivity_strength_mean,interconnectivity_strength_err
0,0.1,7.287621733277591,6.6512056382508415
1,0.30000000000000004,43.751248971266335,9.408524194078545
2,0.5000000000000001,8.174891879580622,5.351796809878485
3,0.7000000000000001,15.064854338671006,3.6165710832739815
4,0.9000000000000001,11.22574580877889,3.148571395189223
