,discretized_reward_proportion,interconnectivity_strength_mean,interconnectivity_strength_err
0,0.1,18.340275344615502,3.3263259428043686
1,0.30000000000000004,11.15010829020755,1.8492727024831486
2,0.5000000000000001,295.0401342253538,91.94434772907888
3,0.7000000000000001,250.36169063228252,65.2828990628586
4,0.9000000000000001,99.56358128466054,31.786618170710756
