,discretized_reward_proportion,interconnectivity_strength_mean,interconnectivity_strength_err
0,0.1,49.78044454878892,7.225488209567275
1,0.30000000000000004,44.122202091360194,7.825383566546429
2,0.5000000000000001,48.993071615790356,6.535730811444256
3,0.7000000000000001,66.06072875502869,7.599594306288406
4,0.9000000000000001,101.07968249067237,17.027602771469237
