,discretized_reward_proportion,interconnectivity_strength_mean,interconnectivity_strength_err
0,0.1,4.128579386611279,0.48244451575811403
1,0.30000000000000004,9.061803174405611,1.4426636861978417
2,0.5000000000000001,9.73459838380365,0.7896094224538903
3,0.7000000000000001,11.099523761824049,0.6854523717024102
4,0.9000000000000001,8.487773143056678,0.5053252690925719
