,discretized_reward_proportion,interconnectivity_strength_mean,interconnectivity_strength_err
0,0.1,4.513810681489066,0.7099228148231708
1,0.30000000000000004,7.447178154595776,0.8562730757400625
2,0.5000000000000001,38.08866395816193,6.365687259833744
3,0.7000000000000001,15.016642231835847,0.9892608817056743
4,0.9000000000000001,11.389600059423708,0.3207415502839999
