,discretized_reward_proportion,interconnectivity_strength_mean,interconnectivity_strength_err
0,0.1,14.718050346758298,1.310822292848756
1,0.30000000000000004,9.077096090257962,0.6650170957905481
2,0.5000000000000001,8.022531068314471,0.31047142233340375
3,0.7000000000000001,9.149880195364165,0.5212594735751055
4,0.9000000000000001,11.852494638159122,0.7315902583771645
