,discretized_reward_proportion,interconnectivity_strength_mean,interconnectivity_strength_err
0,0.1,184.1703137099582,44.624793047448875
1,0.30000000000000004,40.11892263559676,15.287891537161183
2,0.5000000000000001,38.02671266259389,5.723880171685422
3,0.7000000000000001,31.80588911237037,5.466349556664396
4,0.9000000000000001,31.648528879274668,4.278572309429246
