,discretized_reward_proportion,interconnectivity_strength_mean,interconnectivity_strength_err
0,0.1,31.38407880695158,4.385298953684373
1,0.30000000000000004,21.503941005454536,4.025839711016572
2,0.5000000000000001,26.30644653772696,5.082028754090061
3,0.7000000000000001,32.41661403013138,3.1053647013299885
4,0.9000000000000001,21.595075053087783,2.8076548783827198
