,discretized_reward_proportion,interconnectivity_strength_mean,interconnectivity_strength_err
0,0.1,7.633660897669431,1.3237757170909734
1,0.30000000000000004,5.646016963110317,1.0989228983791053
2,0.5000000000000001,14.219894098335274,3.5333148597561364
3,0.7000000000000001,13.484408078766553,3.4716319537377043
4,0.9000000000000001,21.878802939699835,3.8207014470227803
