,discretized_reward_proportion,interconnectivity_strength_mean,interconnectivity_strength_err
0,0.1,9.675275309742986,0.4477829253834612
1,0.30000000000000004,11.184773985233857,0.5962554309286016
2,0.5000000000000001,13.295701922492006,1.1728770978541785
3,0.7000000000000001,11.123624203241876,0.44210437685900883
4,0.9000000000000001,12.594222916219387,0.5159856339692375
