,discretized_reward_proportion,interconnectivity_strength_mean,interconnectivity_strength_err
0,0.1,10.081825208904812,0.2325172179380562
1,0.30000000000000004,11.050975089342167,0.589709500907671
2,0.5000000000000001,10.440676130108391,0.6892793675682305
3,0.7000000000000001,8.348427079978416,0.4283358824134703
4,0.9000000000000001,8.251787877757216,0.3283874415580444
