,discretized_reward_proportion,interconnectivity_strength_mean,interconnectivity_strength_err
0,0.1,10.518723616005168,1.1572544670977658
1,0.30000000000000004,16.62691602045376,2.5780125995643792
2,0.5000000000000001,93.3083826775949,25.766363998726238
3,0.7000000000000001,34.6659228337361,9.685762621102102
4,0.9000000000000001,21.590690676802076,3.8412998934963016
