,discretized_reward_proportion,interconnectivity_strength_mean,interconnectivity_strength_err
0,0.1,17.468263837501325,0.7420563268296093
1,0.30000000000000004,21.4495587158591,1.2868585214778203
2,0.5000000000000001,16.782193853240113,0.8547782505536625
3,0.7000000000000001,16.127829697793217,0.7660450381559966
4,0.9000000000000001,22.556181283102003,1.3019390276774216
