,discretized_reward_proportion,interconnectivity_strength_mean,interconnectivity_strength_err
0,0.1,0.9086681229086611,0.43810518024895856
1,0.30000000000000004,11.383735697851675,2.318404681666436
2,0.5000000000000001,35.08475136518673,6.582831267819855
3,0.7000000000000001,38.32734846070714,11.39926758723559
4,0.9000000000000001,224.1253482518972,44.65306409150648
