,discretized_reward_proportion,interconnectivity_strength_mean,interconnectivity_strength_err
0,0.1,27.777015696774455,3.9750723399290266
1,0.30000000000000004,10.43459572906579,1.5097171979708037
2,0.5000000000000001,16.984332508471365,2.070203776434697
3,0.7000000000000001,9.878127859546465,0.6832730033402264
4,0.9000000000000001,26.062504241997782,4.021836506499309
