,discretized_reward_proportion,interconnectivity_strength_mean,interconnectivity_strength_err
0,0.1,16.913379532558807,0.9724119147707334
1,0.30000000000000004,17.694167473114074,1.199099157366362
2,0.5000000000000001,13.198589620753003,1.006644490044882
3,0.7000000000000001,13.688167884041935,0.6686192916826805
4,0.9000000000000001,20.399634436377767,1.6141298796165344
