,discretized_reward_proportion,interconnectivity_strength_mean,interconnectivity_strength_err
0,0.1,117.76649737659712,16.048275818251177
1,0.30000000000000004,57.49351049430556,6.81554571908607
2,0.5000000000000001,43.20553073066745,6.224012967702266
3,0.7000000000000001,38.70907658453329,4.079890572968661
4,0.9000000000000001,25.725842106372536,4.152180974741243
