,discretized_reward_proportion,interconnectivity_strength_mean,interconnectivity_strength_err
0,0.1,17.69983992377502,4.346859037265105
1,0.30000000000000004,16.197485699597408,2.685952075162796
2,0.5000000000000001,27.926286847274564,3.001599247510619
3,0.7000000000000001,19.598859699771047,2.702686158737833
4,0.9000000000000001,19.63409013904358,3.488321848528556
