,discretized_reward_proportion,interconnectivity_strength_mean,interconnectivity_strength_err
0,0.1,14.388841601425172,0.7981311153326617
1,0.30000000000000004,13.924857211457628,1.040478464468038
2,0.5000000000000001,11.93778691752269,0.6590948970158136
3,0.7000000000000001,14.208349342289473,0.577494813398212
4,0.9000000000000001,13.176276098622411,0.6001005824168495
