,discretized_reward_proportion,interconnectivity_strength_mean,interconnectivity_strength_err
0,0.1,21.41952345563515,2.031908704841101
1,0.30000000000000004,25.992644307078006,7.0532443973196255
2,0.5000000000000001,28.275229561537515,7.387686956585012
3,0.7000000000000001,39.533567503783665,5.690877059181078
4,0.9000000000000001,71.03567410204418,6.639777271334632
