,discretized_reward_proportion,interconnectivity_strength_mean,interconnectivity_strength_err
0,0.1,14.322749347298904,0.29337613060043827
1,0.30000000000000004,14.528765601596875,0.5125934549221746
2,0.5000000000000001,14.514883590763823,0.5276427902105373
3,0.7000000000000001,12.722134666035968,1.0496502400965737
4,0.9000000000000001,23.915842714923144,2.2394120710948173
