,discretized_reward_proportion,interconnectivity_strength_mean,interconnectivity_strength_err
0,0.1,59.82704270777355,9.992115681596973
1,0.30000000000000004,64.75455075859682,12.375710968915389
2,0.5000000000000001,25.946339166779303,7.247163086828408
3,0.7000000000000001,12.645783554650334,3.642303708763849
4,0.9000000000000001,7.943959464189756,1.4386530988315782
