,discretized_reward_proportion,interconnectivity_strength_mean,interconnectivity_strength_err
0,0.1,26.69787192499676,2.258281654999831
1,0.30000000000000004,21.943504841019067,3.823530554033928
2,0.5000000000000001,12.088366180904256,0.47490528614352784
3,0.7000000000000001,10.905282985311672,0.2921037462178196
4,0.9000000000000001,10.892828487507865,0.3311910004274285
