,discretized_reward_proportion,interconnectivity_strength_mean,interconnectivity_strength_err
0,0.1,24.541116573474238,4.8284136477905
1,0.30000000000000004,12.854843232329594,2.668932574020394
2,0.5000000000000001,26.41143675588419,4.319681356914172
3,0.7000000000000001,21.306600207731464,2.388201059895248
4,0.9000000000000001,21.892089930148604,1.4225514903829306
