,discretized_reward_proportion,interconnectivity_strength_mean,interconnectivity_strength_err
0,0.1,13.0614676683236,2.116895102660104
1,0.30000000000000004,22.481574318560654,4.601031244668397
2,0.5000000000000001,13.806934146223604,0.5404137727481064
3,0.7000000000000001,12.346160436676737,0.6311256198433484
4,0.9000000000000001,14.15832822346365,0.8029899068438446
