,discretized_reward_proportion,interconnectivity_strength_mean,interconnectivity_strength_err
0,0.1,30.6547678215751,5.16286456842031
1,0.30000000000000004,58.73330179764142,10.688182642847622
2,0.5000000000000001,57.467442540146855,13.301150287928234
3,0.7000000000000001,77.41068391666747,17.441671486917603
4,0.9000000000000001,132.98733001718495,16.426205974135534
