,discretized_reward_proportion,interconnectivity_strength_mean,interconnectivity_strength_err
0,0.1,25.085436004696394,6.142986436747682
1,0.30000000000000004,36.7683252657609,7.202901201506539
2,0.5000000000000001,35.74834142807463,7.4826409694611815
3,0.7000000000000001,27.84644750420253,3.9911029180480884
4,0.9000000000000001,39.59508692686687,4.365094068417572
