,discretized_reward_proportion,interconnectivity_strength_mean,interconnectivity_strength_err
0,0.1,62.168431195632486,8.419645772921934
1,0.30000000000000004,36.089196416954,4.686429553770893
2,0.5000000000000001,27.705717944698208,3.8551011999592846
3,0.7000000000000001,16.79990096455463,4.632065699949844
4,0.9000000000000001,31.913951221954214,8.674916835889194
