,discretized_reward_proportion,interconnectivity_strength_mean,interconnectivity_strength_err
0,0.1,27.24646191040791,1.9227268579561403
1,0.30000000000000004,17.770197415364812,1.0826399649134741
2,0.5000000000000001,13.869402065617656,0.6617401523551738
3,0.7000000000000001,9.518322278002763,0.5309604702019695
4,0.9000000000000001,6.551861349360113,0.3784705497032669
