,discretized_reward_proportion,interconnectivity_strength_mean,interconnectivity_strength_err
0,0.1,2.1437918444522754,0.41194483031782303
1,0.30000000000000004,3.276754405560745,0.7020921019180277
2,0.5000000000000001,3.655874837544483,0.7448464568432088
3,0.7000000000000001,4.8668705955243174,0.7323997934448415
4,0.9000000000000001,5.412416389292368,0.5670157702381945
