,discretized_reward_proportion,interconnectivity_strength_mean,interconnectivity_strength_err
0,0.1,70.72668696523799,13.92341721308592
1,0.30000000000000004,5.148942500229401,0.9790291894293968
2,0.5000000000000001,4.580391706939138,0.8433421004897117
3,0.7000000000000001,4.439060759108361,1.173675166186004
4,0.9000000000000001,0.09090909090909091,0.06129089658756746
