,discretized_reward_proportion,interconnectivity_strength_mean,interconnectivity_strength_err
0,0.1,42.237251019990936,1.3515647991837434
1,0.30000000000000004,31.609420170661615,1.9808894111495225
2,0.5000000000000001,24.452355192366152,1.6399192081509364
3,0.7000000000000001,16.9506140816166,1.2735015277506028
4,0.9000000000000001,18.964399766146222,1.0376181019046498
