,discretized_reward_proportion,interconnectivity_strength_mean,interconnectivity_strength_err
0,0.1,48.96302398767526,6.790213258943006
1,0.30000000000000004,43.73543894338921,7.279605439046286
2,0.5000000000000001,29.21452041895338,3.341656815191733
3,0.7000000000000001,33.84997259349486,3.4508218011442824
4,0.9000000000000001,21.649679744432476,3.475037132142069
