,discretized_reward_proportion,interconnectivity_strength_mean,interconnectivity_strength_err
0,0.1,86.40328982081583,10.268742335498466
1,0.30000000000000004,76.11731104502586,8.562113738510197
2,0.5000000000000001,38.77703405226381,5.841220624347895
3,0.7000000000000001,25.531661598622055,1.9800025617357344
4,0.9000000000000001,52.02789148883274,4.828924648100118
