,discretized_reward_proportion,interconnectivity_strength_mean,interconnectivity_strength_err
0,0.1,17.004555012721315,1.7572651549067524
1,0.30000000000000004,15.016599004438781,1.6169373217707643
2,0.5000000000000001,14.17773438547509,1.9945254758712658
3,0.7000000000000001,11.822311653776937,1.2361669022653097
4,0.9000000000000001,10.965084390233967,1.1563226305284946
