,discretized_reward_proportion,interconnectivity_strength_mean,interconnectivity_strength_err
0,0.1,30.989391826481633,2.6666187803524046
1,0.30000000000000004,32.81922674117592,4.7141633813084045
2,0.5000000000000001,22.208788344143848,2.088116757113825
3,0.7000000000000001,32.62208930797623,2.5831249887381347
4,0.9000000000000001,37.52949614255082,2.6738558641954726
