,discretized_reward_proportion,interconnectivity_strength_mean,interconnectivity_strength_err
0,0.1,24.863528869638397,5.693168161244642
1,0.30000000000000004,40.03586838576497,12.320906880749916
2,0.5000000000000001,7.234094939701808,3.3894363184995635
3,0.7000000000000001,24.77150926112701,10.241904792172809
4,0.9000000000000001,17.057951480432607,10.86007149550098
