,discretized_reward_proportion,interconnectivity_strength_mean,interconnectivity_strength_err
0,0.1,21.796710601443248,0.9791840894165993
1,0.30000000000000004,13.805070712220369,1.3427536554214092
2,0.5000000000000001,14.564404116059496,1.5952102628343234
3,0.7000000000000001,11.602145264680493,1.4515474512370614
4,0.9000000000000001,9.666695100768106,0.7738828270283918
