,discretized_reward_proportion,interconnectivity_strength_mean,interconnectivity_strength_err
0,0.1,11.664805323611759,0.8530250332614316
1,0.30000000000000004,20.504471775546794,3.3567437153816426
2,0.5000000000000001,48.07037738165637,6.116931546202089
3,0.7000000000000001,32.97478273588318,3.516856528145433
4,0.9000000000000001,50.289730387385546,6.892405730286237
