,discretized_reward_proportion,interconnectivity_strength_mean,interconnectivity_strength_err
0,0.1,46.45189391354244,11.056278117009628
1,0.30000000000000004,57.33085267032288,11.03682718568087
2,0.5000000000000001,34.42046477427498,6.042528093013434
3,0.7000000000000001,40.5971252667649,5.4985064881202295
4,0.9000000000000001,44.85650618397263,5.2498291426725805
