,discretized_reward_proportion,interconnectivity_strength_mean,interconnectivity_strength_err
0,0.1,113.06137178551951,16.35220001503063
1,0.30000000000000004,26.58857030926948,3.314011352112425
2,0.5000000000000001,26.724277621355476,3.6634501343692785
3,0.7000000000000001,3.980935613634332,1.5566430508262366
4,0.9000000000000001,14.921113408537039,4.09189889008895
