,discretized_reward_proportion,interconnectivity_strength_mean,interconnectivity_strength_err
0,0.1,203.6468389989186,46.429357118648916
1,0.30000000000000004,222.79999162844945,57.33857646407161
2,0.5000000000000001,232.51999277826908,54.776359094716945
3,0.7000000000000001,113.85272418186776,27.740998563465837
4,0.9000000000000001,32.54887803482652,2.9887695269596968
