,discretized_reward_proportion,interconnectivity_strength_mean,interconnectivity_strength_err
0,0.1,6.675484270281519,0.3603276803848639
1,0.30000000000000004,5.703056319892023,0.16662339334554643
2,0.5000000000000001,6.160876337001302,0.345362340287364
3,0.7000000000000001,6.301765069705639,0.1690529957008445
4,0.9000000000000001,6.293311778046591,0.1688755071158284
