,discretized_reward_proportion,interconnectivity_strength_mean,interconnectivity_strength_err
0,0.1,12.204884029090358,0.9093255981857292
1,0.30000000000000004,9.165287666016853,0.7906576558438752
2,0.5000000000000001,7.983454732256251,0.49521545850280924
3,0.7000000000000001,8.763810146148185,0.35907903185384404
4,0.9000000000000001,6.850810893225956,0.3297536351005545
