,discretized_reward_proportion,interconnectivity_strength_mean,interconnectivity_strength_err
0,0.1,70.8242496686886,8.857569735775233
1,0.30000000000000004,55.49409533975218,9.332829610172208
2,0.5000000000000001,16.30864910703065,1.6753553360585554
3,0.7000000000000001,17.74147032450788,4.215098952216102
4,0.9000000000000001,76.01460325319543,22.06911505725387
