,discretized_reward_proportion,interconnectivity_strength_mean,interconnectivity_strength_err
0,0.1,29.53930522581086,4.585995393010037
1,0.30000000000000004,62.69959892475769,9.872165866894457
2,0.5000000000000001,27.57008002717196,3.13831263808839
3,0.7000000000000001,35.42778101402293,4.921100654798022
4,0.9000000000000001,10.804755595118614,5.069756551116983
