,discretized_reward_proportion,interconnectivity_strength_mean,interconnectivity_strength_err
0,0.1,1.0,0.0
1,0.30000000000000004,38.037559877444174,14.252916947473151
2,0.5000000000000001,14.467304951193427,5.613288294379813
3,0.7000000000000001,7.580063814815058,4.229097627175763
4,0.9000000000000001,35.568935286293424,9.56316923090058
