,discretized_reward_proportion,interconnectivity_strength_mean,interconnectivity_strength_err
0,0.1,82.7654402839244,18.512080657006322
1,0.30000000000000004,10.25212346202686,1.6090552924785415
2,0.5000000000000001,14.683181873171645,2.0274260821221524
3,0.7000000000000001,16.168757774122305,1.0087443864771253
4,0.9000000000000001,15.03520903093431,1.2746513167322848
