,discretized_reward_proportion,interconnectivity_strength_mean,interconnectivity_strength_err
0,0.1,53.81368910314313,6.022616934853353
1,0.30000000000000004,55.11325950625304,8.294828430471766
2,0.5000000000000001,32.892905618962885,5.881568970434059
3,0.7000000000000001,70.54089316861729,13.071421542832596
4,0.9000000000000001,41.33799884576571,7.591682885698559
