,discretized_reward_proportion,interconnectivity_strength_mean,interconnectivity_strength_err
0,0.1,9.255536944080378,1.8190703161370874
1,0.30000000000000004,14.406485585462148,2.545844399027221
2,0.5000000000000001,11.27669823846531,2.040291103791443
3,0.7000000000000001,8.531454810392015,0.9299200083112703
4,0.9000000000000001,9.834144523199104,1.1596247130894408
