,discretized_reward_proportion,interconnectivity_strength_mean,interconnectivity_strength_err
0,0.1,12.741225607465058,0.6957163832308543
1,0.30000000000000004,14.934783081778734,2.0269065650115587
2,0.5000000000000001,17.093788450077145,2.5120143266788144
3,0.7000000000000001,8.028648328487296,1.5372344475034911
4,0.9000000000000001,6.86522525223348,1.9047844092336903
