,discretized_reward_proportion,interconnectivity_strength_mean,interconnectivity_strength_err
0,0.1,5.066606901649099,0.4449521786385729
1,0.30000000000000004,15.972598410998762,3.724512258853402
2,0.5000000000000001,22.76540211646568,4.237170126243519
3,0.7000000000000001,30.868437157523392,4.307821594424013
4,0.9000000000000001,25.134024511608214,2.8893512941785318
