,discretized_reward_proportion,interconnectivity_strength_mean,interconnectivity_strength_err
0,0.1,26.347947766630327,8.419821547460952
1,0.30000000000000004,11.777673823111083,2.1959052264603907
2,0.5000000000000001,18.621310289884576,2.0355810628606834
3,0.7000000000000001,9.517775218450469,0.8739222091248943
4,0.9000000000000001,8.494101154950068,0.6238442090676894
