,discretized_reward_proportion,interconnectivity_strength_mean,interconnectivity_strength_err
0,0.1,10.951591062527573,2.8188016651825647
1,0.30000000000000004,16.30018776133907,5.354607829498706
2,0.5000000000000001,27.546151009756677,6.764444814001191
3,0.7000000000000001,25.249844232618077,7.340308854275649
4,0.9000000000000001,69.31375696990473,14.956333496246359
