,discretized_reward_proportion,interconnectivity_strength_mean,interconnectivity_strength_err
0,0.1,9.12070733420546,0.585368031382982
1,0.30000000000000004,12.119302822829592,3.0150348780676226
2,0.5000000000000001,4.311490267944938,1.608373049696304
3,0.7000000000000001,7.858031509805689,0.7117134051714421
4,0.9000000000000001,35.12942034845251,7.168760200660376
