,discretized_reward_proportion,interconnectivity_strength_mean,interconnectivity_strength_err
0,0.1,46.40937560878152,6.53116265949764
1,0.30000000000000004,59.59026552691984,10.222655005394254
2,0.5000000000000001,33.35395757977106,5.893909173796772
3,0.7000000000000001,16.295148603321387,1.2561845121124626
4,0.9000000000000001,16.397495838972674,2.3544696757158765
