,discretized_reward_proportion,interconnectivity_strength_mean,interconnectivity_strength_err
0,0.1,14.0721011816213,3.09098135742145
1,0.30000000000000004,34.48266110133834,3.9756107012906865
2,0.5000000000000001,45.47285772580145,5.314217762765395
3,0.7000000000000001,43.47516965005201,6.616658643542131
4,0.9000000000000001,45.31820093871254,6.109243099035753
