,discretized_reward_proportion,interconnectivity_strength_mean,interconnectivity_strength_err
0,0.1,13.720952188859105,0.9910231306568397
1,0.30000000000000004,14.242629386737875,0.8064496748711246
2,0.5000000000000001,18.23269198785745,1.6206363258899172
3,0.7000000000000001,21.181232324749498,2.2716855041699655
4,0.9000000000000001,27.453033068486867,2.9803875115278218
