,discretized_reward_proportion,interconnectivity_strength_mean,interconnectivity_strength_err
0,0.1,18.50167950418674,0.5268497630276547
1,0.30000000000000004,16.343189649776743,0.6616856497871373
2,0.5000000000000001,17.67847496619186,1.0073019105649494
3,0.7000000000000001,14.778270343363918,0.9878452897761182
4,0.9000000000000001,12.349042301077924,0.6455282494418689
