,discretized_reward_proportion,interconnectivity_strength_mean,interconnectivity_strength_err
0,0.1,28.760200851988223,2.8683991669369098
1,0.30000000000000004,23.269592997561517,2.3411059604343825
2,0.5000000000000001,16.26449860978442,2.956199967131219
3,0.7000000000000001,10.39276851752074,1.0187597343456491
4,0.9000000000000001,,
