,discretized_reward_proportion,interconnectivity_strength_mean,interconnectivity_strength_err
0,0.1,6.403930450758958,3.46856618765248
1,0.30000000000000004,7.7568807820194365,3.015714032018407
2,0.5000000000000001,24.756287922974202,3.8478632622798363
3,0.7000000000000001,16.86474203978989,2.0955187922127374
4,0.9000000000000001,29.268689469952943,2.3573426384334835
