,discretized_reward_proportion,interconnectivity_strength_mean,interconnectivity_strength_err
0,0.1,116.08855511823153,28.57891486930477
1,0.30000000000000004,15.228148375815545,3.4091496781041464
2,0.5000000000000001,22.121574421763167,3.1464377523869245
3,0.7000000000000001,36.025515821071245,3.924313008780062
4,0.9000000000000001,32.73142275556337,2.9463379147872977
