,discretized_reward_proportion,interconnectivity_strength_mean,interconnectivity_strength_err
0,0.1,3.6066162231520433,0.20575375108044694
1,0.30000000000000004,7.0152647018877685,0.42415544625389523
2,0.5000000000000001,8.531292352267497,0.46545203293813175
3,0.7000000000000001,8.677421685861118,0.3219767077713799
4,0.9000000000000001,9.21450369297823,0.3755152602362242
