,discretized_reward_proportion,interconnectivity_strength_mean,interconnectivity_strength_err
0,0.1,15.841018189559506,1.129776259081008
1,0.30000000000000004,20.51780719261214,0.8888246119528213
2,0.5000000000000001,14.870595195069308,0.9415745692017105
3,0.7000000000000001,11.578246222532293,0.4557647006591885
4,0.9000000000000001,13.073395567557858,0.5674363437568061
