,discretized_reward_proportion,interconnectivity_strength_mean,interconnectivity_strength_err
0,0.1,14.379383196187074,1.0194841446612652
1,0.30000000000000004,10.839875869171017,1.5496143710673012
2,0.5000000000000001,5.657190829932186,0.3038945888328751
3,0.7000000000000001,5.368030236130659,0.22813953976907272
4,0.9000000000000001,4.145351547263663,0.15582719372196166
