,discretized_reward_proportion,interconnectivity_strength_mean,interconnectivity_strength_err
0,0.1,39.179547604008455,3.4789409673511376
1,0.30000000000000004,17.953765969268822,1.8140562552634183
2,0.5000000000000001,18.23101391336351,1.7593521442283155
3,0.7000000000000001,10.123848558183145,0.6926172398788294
4,0.9000000000000001,7.08101711475429,0.2970870264833076
