,discretized_reward_proportion,interconnectivity_strength_mean,interconnectivity_strength_err
0,0.1,19.850061590120397,2.437650888529997
1,0.30000000000000004,24.51551323248615,3.7359477676719535
2,0.5000000000000001,30.307625619993043,3.890026684998736
3,0.7000000000000001,27.866572366960778,2.2368884698470706
4,0.9000000000000001,38.344791758208586,2.592809492348503
