,discretized_reward_proportion,interconnectivity_strength_mean,interconnectivity_strength_err
0,0.1,30.10080060075453,1.3031182372571999
1,0.30000000000000004,29.8944878245388,2.3906404227268747
2,0.5000000000000001,31.867828777929606,2.059236364393617
3,0.7000000000000001,19.778386917306957,3.7048174911024354
4,0.9000000000000001,14.15597977679995,1.245713261201393
