,discretized_reward_proportion,interconnectivity_strength_mean,interconnectivity_strength_err
0,0.1,14.691251936909495,2.201889056686889
1,0.30000000000000004,56.148145921531835,7.526309115092928
2,0.5000000000000001,44.1323877948217,6.237191817623295
3,0.7000000000000001,6.039292884637909,2.5406021824976595
4,0.9000000000000001,19.205545094086176,4.008568759383183
