,discretized_reward_proportion,interconnectivity_strength_mean,interconnectivity_strength_err
0,0.1,3.855484447466679,0.938161446685781
1,0.30000000000000004,4.67059084541983,1.5042758671280387
2,0.5000000000000001,11.786898034029734,1.0922827589862822
3,0.7000000000000001,9.753699717229273,1.810686674409849
4,0.9000000000000001,11.819794539984537,0.6104854189908223
