,discretized_reward_proportion,interconnectivity_strength_mean,interconnectivity_strength_err
0,0.1,160.0516555326085,66.23844374700195
1,0.30000000000000004,163.2617167114108,61.00970559760768
2,0.5000000000000001,110.00809453413883,39.48754640857143
3,0.7000000000000001,36.12819704435974,14.435081077993349
4,0.9000000000000001,39.94090390101427,10.27389364863965
