,discretized_reward_proportion,interconnectivity_strength_mean,interconnectivity_strength_err
0,0.1,4.794233281630634,0.38548158839554486
1,0.30000000000000004,6.199606803860973,0.3504006932324816
2,0.5000000000000001,7.1499049938687405,0.6829725211642984
3,0.7000000000000001,6.905836022210357,0.39382366511738426
4,0.9000000000000001,6.239135475391684,0.16521526223580868
