,discretized_reward_proportion,interconnectivity_strength_mean,interconnectivity_strength_err
0,0.1,8.96161169393774,0.24408473633188305
1,0.30000000000000004,6.879364085692194,0.45946269431437015
2,0.5000000000000001,6.902724741158503,0.684570711075069
3,0.7000000000000001,4.703605020623468,0.1896287643009413
4,0.9000000000000001,3.9079507186620117,0.12482117017816238
