,discretized_reward_proportion,interconnectivity_strength_mean,interconnectivity_strength_err
0,0.1,14.337648509395146,1.717138955573206
1,0.30000000000000004,20.38243673989495,2.1155504157802216
2,0.5000000000000001,22.842222469775045,3.2825566398096533
3,0.7000000000000001,18.639761500984125,1.7383294519666623
4,0.9000000000000001,20.596614548494372,1.742646165092655
