,discretized_reward_proportion,interconnectivity_strength_mean,interconnectivity_strength_err
0,0.1,1.0,0.0
1,0.30000000000000004,19.00500664822162,3.675573346747309
2,0.5000000000000001,40.59052483703231,3.8841269331638584
3,0.7000000000000001,87.31623268028585,19.48345362272008
4,0.9000000000000001,77.54167323234674,17.190772221340918
