,discretized_reward_proportion,interconnectivity_strength_mean,interconnectivity_strength_err
0,0.1,0.0,0.0
1,0.30000000000000004,36.35668101443767,8.739436455314344
2,0.5000000000000001,67.83800874502198,14.732395369659871
3,0.7000000000000001,71.67250577108287,9.393547043915213
4,0.9000000000000001,106.58964564623024,13.545416252367628
