,discretized_reward_proportion,interconnectivity_strength_mean,interconnectivity_strength_err
0,0.1,19.403674023948618,1.0780811828026968
1,0.30000000000000004,14.255665459543355,1.670718844652747
2,0.5000000000000001,12.022570193595227,1.2749165878721096
3,0.7000000000000001,8.021028026331152,0.41460579568818184
4,0.9000000000000001,5.985472733506163,0.1751226646614968
