,discretized_reward_proportion,interconnectivity_strength_mean,interconnectivity_strength_err
0,0.1,23.506703148642956,3.8921889664020424
1,0.30000000000000004,26.05822463267848,3.9979749928752533
2,0.5000000000000001,21.649759853342164,3.6922759119271045
3,0.7000000000000001,11.768686990491428,1.729040752792991
4,0.9000000000000001,21.39702478429906,2.9504301612297343
