,discretized_reward_proportion,interconnectivity_strength_mean,interconnectivity_strength_err
0,0.1,75.19527928433597,9.729457990151937
1,0.30000000000000004,87.50340743702954,11.105102232779721
2,0.5000000000000001,209.865450207273,36.48564221720885
3,0.7000000000000001,82.72936281747296,31.4017306699354
4,0.9000000000000001,14.692947971779647,3.4600077626479093
