,discretized_reward_proportion,interconnectivity_strength_mean,interconnectivity_strength_err
0,0.1,71.5219942825406,27.278844488731334
1,0.30000000000000004,195.00432453168239,48.31432215629125
2,0.5000000000000001,160.27078539816304,69.09096197717872
3,0.7000000000000001,29.011320538321428,12.4156999837814
4,0.9000000000000001,112.15856582085767,33.911634320259196
