,discretized_reward_proportion,interconnectivity_strength_mean,interconnectivity_strength_err
0,0.1,39.75767356032534,7.888267456589606
1,0.30000000000000004,39.24011645317951,8.263954889701042
2,0.5000000000000001,39.70708009492439,9.215213642839533
3,0.7000000000000001,42.200570251642276,6.081204632108147
4,0.9000000000000001,30.957849997043784,4.48151775597684
