,discretized_reward_proportion,interconnectivity_strength_mean,interconnectivity_strength_err
0,0.1,8.226686608579046,0.28328405599013023
1,0.30000000000000004,7.259225489170923,0.3732883800975188
2,0.5000000000000001,6.9974714171128864,0.4053683469051004
3,0.7000000000000001,5.61201585740594,0.531023743453818
4,0.9000000000000001,10.406107588428869,1.7594073955794622
