,discretized_reward_proportion,interconnectivity_strength_mean,interconnectivity_strength_err
0,0.1,14.88709133839393,2.7975135844104355
1,0.30000000000000004,20.53595061120837,3.4524937335432533
2,0.5000000000000001,15.132040165178411,1.694377382757221
3,0.7000000000000001,16.105813283320927,3.3824389515712063
4,0.9000000000000001,14.028767556355715,4.7432427513308895
