,discretized_reward_proportion,interconnectivity_strength_mean,interconnectivity_strength_err
0,0.1,89.63546633408635,7.048303161836071
1,0.30000000000000004,36.15549854173061,5.471832281806527
2,0.5000000000000001,34.10441725515517,4.158138274653492
3,0.7000000000000001,93.18835068311591,23.31450522318564
4,0.9000000000000001,27.43797075891395,7.373549889770522
