,discretized_reward_proportion,interconnectivity_strength_mean,interconnectivity_strength_err
0,0.1,52.2616972780995,12.71059842724538
1,0.30000000000000004,42.322064801462275,4.4698340174966695
2,0.5000000000000001,31.093106870978325,3.0510585345491976
3,0.7000000000000001,27.97581792506227,2.005352314304917
4,0.9000000000000001,29.577713932325896,2.1144326364193224
