,discretized_reward_proportion,interconnectivity_strength_mean,interconnectivity_strength_err
0,0.1,19.800642582730248,5.09693707841545
1,0.30000000000000004,22.780163992783464,4.888858680164537
2,0.5000000000000001,15.053251305242798,3.099737300269952
3,0.7000000000000001,12.863630312819415,0.9985173880055999
4,0.9000000000000001,19.930840848573748,1.4396647870563788
