,discretized_reward_proportion,interconnectivity_strength_mean,interconnectivity_strength_err
0,0.1,13.43544403752473,0.7179451347652118
1,0.30000000000000004,15.90681869838985,0.8522632285803696
2,0.5000000000000001,27.792779380948716,2.435842386938773
3,0.7000000000000001,21.28344583853252,1.2416361548061274
4,0.9000000000000001,20.449172339856915,1.1932852510232084
