,discretized_reward_proportion,interconnectivity_strength_mean,interconnectivity_strength_err
0,0.1,234.80830107038665,30.806055294771948
1,0.30000000000000004,257.41147362431917,38.115505547638236
2,0.5000000000000001,281.83294042126056,76.5991607071442
3,0.7000000000000001,137.3010771384674,60.40974000313567
4,0.9000000000000001,39.22486163201798,10.439452224925834
