,discretized_reward_proportion,interconnectivity_strength_mean,interconnectivity_strength_err
0,0.1,125.08834807187206,11.38255252202471
1,0.30000000000000004,38.762190766242696,10.004304340859942
2,0.5000000000000001,37.865611523669436,11.626556259437967
3,0.7000000000000001,57.11587369153066,20.297279870270103
4,0.9000000000000001,20.853269367908702,9.166204591035143
