,discretized_reward_proportion,interconnectivity_strength_mean,interconnectivity_strength_err
0,0.1,52.37070038350046,9.291207788141806
1,0.30000000000000004,29.917081389894634,5.046223775018699
2,0.5000000000000001,43.72284469956485,3.9255594657094086
3,0.7000000000000001,28.35012114214217,3.9390843592561477
4,0.9000000000000001,62.33855707201927,9.378355937887079
