,discretized_reward_proportion,interconnectivity_strength_mean,interconnectivity_strength_err
0,0.1,6.0348415257826185,2.130023486151492
1,0.30000000000000004,11.246543655295213,3.3894408420376023
2,0.5000000000000001,6.1504512868143655,1.9217357123847383
3,0.7000000000000001,11.409918436152331,2.2865853302179513
4,0.9000000000000001,9.78135104564774,1.7398690891533366
