,discretized_reward_proportion,interconnectivity_strength_mean,interconnectivity_strength_err
0,0.1,0.9712346846865275,0.41136491769341604
1,0.30000000000000004,6.355165173140389,1.777381410226599
2,0.5000000000000001,3.918705931261943,1.4356356125172458
3,0.7000000000000001,13.135912892472453,4.605580658619623
4,0.9000000000000001,25.577965341957803,3.877530078260534
