,discretized_reward_proportion,interconnectivity_strength_mean,interconnectivity_strength_err
0,0.1,4.632391371104175,0.20464445267844575
1,0.30000000000000004,4.971495206658687,0.2108901445357201
2,0.5000000000000001,4.573935532557207,0.0807867155785956
3,0.7000000000000001,4.835617439336938,0.0685122767168566
4,0.9000000000000001,4.983978009398888,0.0728267801612432
