,discretized_reward_proportion,interconnectivity_strength_mean,interconnectivity_strength_err
0,0.1,83.20309356159764,18.94438458415581
1,0.30000000000000004,55.124944083549686,11.511355605278697
2,0.5000000000000001,40.08141027493596,10.135618042369732
3,0.7000000000000001,12.402095461548441,1.789639424310671
4,0.9000000000000001,17.144579842408913,2.163338762310781
