,discretized_reward_proportion,interconnectivity_strength_mean,interconnectivity_strength_err
0,0.1,13.959408007520445,2.391751907011226
1,0.30000000000000004,11.353297178214413,0.8182524059335277
2,0.5000000000000001,7.05069038093049,0.2935291328580401
3,0.7000000000000001,7.242324298421729,0.18156086521764767
4,0.9000000000000001,7.76735814882769,0.19110370531134446
