,discretized_reward_proportion,interconnectivity_strength_mean,interconnectivity_strength_err
0,0.1,72.463997073232,11.297767531765832
1,0.30000000000000004,91.80922382020935,18.87516761267703
2,0.5000000000000001,62.73891906399133,12.843217361442672
3,0.7000000000000001,2.723563492125043,1.1674824183540824
4,0.9000000000000001,22.122725476751576,3.7242111305115975
