,discretized_reward_proportion,interconnectivity_strength_mean,interconnectivity_strength_err
0,0.1,76.89685051611197,9.55685766489054
1,0.30000000000000004,65.34930901730485,7.067267891231978
2,0.5000000000000001,59.28826406813584,8.24129970718897
3,0.7000000000000001,32.933998694112944,2.3755564021470237
4,0.9000000000000001,26.590877503865777,2.613279448029049
