,discretized_reward_proportion,interconnectivity_strength_mean,interconnectivity_strength_err
0,0.1,20.215503068783097,3.872825017106468
1,0.30000000000000004,27.13660528133576,3.138477119985795
2,0.5000000000000001,15.633739867796201,1.8580091081264036
3,0.7000000000000001,15.336074851059472,0.9778740383195668
4,0.9000000000000001,16.589213798992976,0.934239733519543
