,discretized_reward_proportion,interconnectivity_strength_mean,interconnectivity_strength_err
0,0.1,3.305119568565804,0.3415243788748234
1,0.30000000000000004,6.126912524001603,0.5937001271231542
2,0.5000000000000001,7.070859632060755,0.5225727248090815
3,0.7000000000000001,7.172803495243565,0.2881500339938692
4,0.9000000000000001,6.736674209068957,0.15978148816216792
