,discretized_reward_proportion,interconnectivity_strength_mean,interconnectivity_strength_err
0,0.1,4.7708670781599745,0.2054688366711981
1,0.30000000000000004,5.604525713634391,0.2917380515330427
2,0.5000000000000001,5.982931516510874,0.336199361368281
3,0.7000000000000001,5.883540689846685,0.2071444794295907
4,0.9000000000000001,5.207013685466059,0.13053553819806996
