,discretized_reward_proportion,interconnectivity_strength_mean,interconnectivity_strength_err
0,0.1,7.276911899175758,1.5046678192868286
1,0.30000000000000004,10.4300084240684,1.5601652943599083
2,0.5000000000000001,9.041756066514315,1.3276646580723244
3,0.7000000000000001,13.75270426314936,5.04084080370577
4,0.9000000000000001,11.512862737018605,2.7073354603354196
