,discretized_reward_proportion,interconnectivity_strength_mean,interconnectivity_strength_err
0,0.1,6.077442273913916,0.36375059147229405
1,0.30000000000000004,32.989542232536955,12.744668895652678
2,0.5000000000000001,70.96090321559716,19.92501332599009
3,0.7000000000000001,5.073258803457035,0.12671536902365307
4,0.9000000000000001,7.223840809305938,2.239821740898081
