,discretized_reward_proportion,interconnectivity_strength_mean,interconnectivity_strength_err
0,0.1,16.44516506673827,2.0959501689151323
1,0.30000000000000004,19.61724610958756,2.1456357066237524
2,0.5000000000000001,21.194084612667574,2.9200227621554578
3,0.7000000000000001,14.456688253666377,0.45848880800407277
4,0.9000000000000001,13.57950932368381,0.6153367279375674
