,discretized_reward_proportion,interconnectivity_strength_mean,interconnectivity_strength_err
0,0.1,110.65432767496931,32.02421808152106
1,0.30000000000000004,263.8270031093997,64.02118607837797
2,0.5000000000000001,337.7404974277488,78.52869246987454
3,0.7000000000000001,105.77740811830739,20.226522075221926
4,0.9000000000000001,87.22177066551855,12.950504536412993
