,discretized_reward_proportion,interconnectivity_strength_mean,interconnectivity_strength_err
0,0.1,15.792387693818748,1.2120602631421054
1,0.30000000000000004,11.732708747015959,0.9704088728828121
2,0.5000000000000001,19.63247936620299,4.060336364246163
3,0.7000000000000001,17.049707003047725,1.5221866195065428
4,0.9000000000000001,24.793940813762944,2.471158064611045
