,discretized_reward_proportion,interconnectivity_strength_mean,interconnectivity_strength_err
0,0.1,19.181428807734708,0.621966329284506
1,0.30000000000000004,13.376673750953126,0.6272398868959236
2,0.5000000000000001,10.455616510358928,0.3039316584662515
3,0.7000000000000001,9.234675302315349,0.45997263397548327
4,0.9000000000000001,6.770694453419359,0.26420655369986296
