,discretized_reward_proportion,interconnectivity_strength_mean,interconnectivity_strength_err
0,0.1,14.561853811742901,2.2402957680002085
1,0.30000000000000004,11.751659227175022,1.3534292507117052
2,0.5000000000000001,10.820975899545104,1.2656588456780664
3,0.7000000000000001,12.149268746232178,1.2276730126642976
4,0.9000000000000001,11.124988500423372,0.7691226942685015
