,discretized_reward_proportion,interconnectivity_strength_mean,interconnectivity_strength_err
0,0.1,4.551676783102024,0.2712117103498092
1,0.30000000000000004,5.237969573436961,0.24027664565316775
2,0.5000000000000001,5.205763530961689,0.24454859058184342
3,0.7000000000000001,5.812856642414892,0.23641736033321548
4,0.9000000000000001,5.8491057793460115,0.194864623897347
