,discretized_reward_proportion,interconnectivity_strength_mean,interconnectivity_strength_err
0,0.1,13.978493447187772,3.724343464130212
1,0.30000000000000004,9.012217333198212,1.0363337309114768
2,0.5000000000000001,12.773087169873605,0.8296211382889326
3,0.7000000000000001,15.190790517019444,1.0856723407089215
4,0.9000000000000001,21.52237241855282,2.0697305607002456
