,discretized_reward_proportion,interconnectivity_strength_mean,interconnectivity_strength_err
0,0.1,24.53420702378296,1.171143350081866
1,0.30000000000000004,17.99488804124561,1.1358325161747658
2,0.5000000000000001,11.355859866033281,1.007204850834509
3,0.7000000000000001,7.468221349105243,1.4000188615413771
4,0.9000000000000001,3.799161793480503,1.045967601879677
