,discretized_reward_proportion,interconnectivity_strength_mean,interconnectivity_strength_err
0,0.1,51.161398379359554,8.465778729997329
1,0.30000000000000004,51.4823664588845,6.227362507041576
2,0.5000000000000001,68.5596230248409,15.37853950276273
3,0.7000000000000001,62.11499781195446,10.348877864847251
4,0.9000000000000001,62.54969787151718,7.3423490147275245
