,discretized_reward_proportion,interconnectivity_strength_mean,interconnectivity_strength_err
0,0.1,26.48752998072815,1.108827968971758
1,0.30000000000000004,16.618029659350192,1.6065482156753013
2,0.5000000000000001,10.860462520957324,0.28659300671386484
3,0.7000000000000001,9.922501132106346,0.5092973594811308
4,0.9000000000000001,7.712028864498088,0.3963140798867597
