,discretized_reward_proportion,interconnectivity_strength_mean,interconnectivity_strength_err
0,0.1,63.84728180487554,10.837835441392397
1,0.30000000000000004,60.54643305941386,7.425286468072357
2,0.5000000000000001,39.87344170380002,5.876297713115296
3,0.7000000000000001,17.039897911467996,4.7787505317689485
4,0.9000000000000001,3.1449722430800358,1.8033587675581506
