,discretized_reward_proportion,interconnectivity_strength_mean,interconnectivity_strength_err
0,0.1,8.069658270760078,0.6400524842379202
1,0.30000000000000004,6.116123148725378,0.4403045233749421
2,0.5000000000000001,4.464609418691816,0.312723768787601
3,0.7000000000000001,3.404321133285244,0.16426860765618978
4,0.9000000000000001,3.4431917047573375,0.1064981566318437
