,discretized_reward_proportion,interconnectivity_strength_mean,interconnectivity_strength_err
0,0.1,141.23528347404235,31.159010231166572
1,0.30000000000000004,107.85003293282462,15.309252174927588
2,0.5000000000000001,102.22407520809931,14.0801972909341
3,0.7000000000000001,83.60919707861893,19.99789089683132
4,0.9000000000000001,51.291831450642086,15.236872988882658
