,discretized_reward_proportion,interconnectivity_strength_mean,interconnectivity_strength_err
0,0.1,9.485653612685892,0.4005604004037487
1,0.30000000000000004,8.995037889905563,0.42549423992545915
2,0.5000000000000001,10.108843079173328,0.42973591780069365
3,0.7000000000000001,9.818576187344505,0.40551899539506164
4,0.9000000000000001,9.665292504206118,0.44690338374691846
