,discretized_reward_proportion,interconnectivity_strength_mean,interconnectivity_strength_err
0,0.1,6.285181638573613,0.8058244185280289
1,0.30000000000000004,11.812502280049172,1.4960857101270502
2,0.5000000000000001,17.73915041650051,2.841070821244472
3,0.7000000000000001,9.7744811564888,4.001886063480914
4,0.9000000000000001,0.10638297872340426,0.044974139273951275
