,discretized_reward_proportion,interconnectivity_strength_mean,interconnectivity_strength_err
0,0.1,153.81669713749972,38.619882044082566
1,0.30000000000000004,187.58820206812402,42.52582298887752
2,0.5000000000000001,37.88531852266691,25.83937269781091
3,0.7000000000000001,1.0,0.0
4,0.9000000000000001,,
