,discretized_reward_proportion,interconnectivity_strength_mean,interconnectivity_strength_err
0,0.1,0.46048418797126245,0.45954729139952943
1,0.30000000000000004,0.0,0.0
2,0.5000000000000001,5.809146367995571,3.915905835863154
3,0.7000000000000001,10.24938879229611,1.9175954810359914
4,0.9000000000000001,3.705206125979577,1.006639305607527
