,discretized_reward_proportion,interconnectivity_strength_mean,interconnectivity_strength_err
0,0.1,20.629178736679478,0.6241337019550153
1,0.30000000000000004,24.028462532931066,1.1883207396167221
2,0.5000000000000001,27.630088862441955,2.4074323603535963
3,0.7000000000000001,10.300557555447874,1.8216059871944135
4,0.9000000000000001,7.12884786570572,1.4415246196387426
