,discretized_reward_proportion,interconnectivity_strength_mean,interconnectivity_strength_err
0,0.1,11.488131970203566,1.4396546738305287
1,0.30000000000000004,12.468362156389178,1.0842269920246053
2,0.5000000000000001,7.515176452089068,0.4745881761574745
3,0.7000000000000001,7.2864138703082695,0.2568451988283559
4,0.9000000000000001,7.646978880357639,0.2200203635583012
