,discretized_reward_proportion,interconnectivity_strength_mean,interconnectivity_strength_err
0,0.1,9.984258813557636,0.5899800504789825
1,0.30000000000000004,8.48852399143855,0.5359121177240364
2,0.5000000000000001,8.037419182047056,0.49413537323144247
3,0.7000000000000001,8.178647947832527,0.3173763973649939
4,0.9000000000000001,9.340546551323593,0.6294822489009771
