,discretized_reward_proportion,interconnectivity_strength_mean,interconnectivity_strength_err
0,0.1,30.880495314408208,8.584249886930921
1,0.30000000000000004,47.61759731268711,10.065526867478725
2,0.5000000000000001,89.33234873316208,16.04970072322112
3,0.7000000000000001,67.85923472694036,13.574808324942856
4,0.9000000000000001,2.9831443354486136,2.9427716995368423
