,discretized_reward_proportion,interconnectivity_strength_mean,interconnectivity_strength_err
0,0.1,12.983803020782055,0.20484090208240724
1,0.30000000000000004,11.697405894670403,0.23170560213796845
2,0.5000000000000001,11.839598674773235,0.4201508552587661
3,0.7000000000000001,12.788858830798393,0.5688908353825199
4,0.9000000000000001,11.873382574358343,0.6102340083020724
