,discretized_reward_proportion,interconnectivity_strength_mean,interconnectivity_strength_err
0,0.1,49.28610817073578,8.798505041299501
1,0.30000000000000004,49.806450003153635,7.4886019460599575
2,0.5000000000000001,25.172372946847123,2.5650445057973377
3,0.7000000000000001,21.567870595429163,2.8546861980424194
4,0.9000000000000001,47.06983365855431,9.197660155926556
