,discretized_reward_proportion,interconnectivity_strength_mean,interconnectivity_strength_err
0,0.1,36.61776115521755,8.42085109543637
1,0.30000000000000004,40.051004264407844,9.102177866936504
2,0.5000000000000001,72.21562771835364,14.274641087074686
3,0.7000000000000001,245.63301377702837,43.928934243011156
4,0.9000000000000001,44.66214599223336,10.109899025129005
