,discretized_reward_proportion,interconnectivity_strength_mean,interconnectivity_strength_err
0,0.1,7.350239632052634,3.1760994170406898
1,0.30000000000000004,23.938410103183102,9.956709086884153
2,0.5000000000000001,108.4936037375343,30.036970663054326
3,0.7000000000000001,11.842278877158439,1.1692386384660771
4,0.9000000000000001,17.91012619064121,2.7508113411362176
