,discretized_reward_proportion,interconnectivity_strength_mean,interconnectivity_strength_err
0,0.1,22.711682014188337,1.8696073856194206
1,0.30000000000000004,15.908418531592341,1.7453022695940559
2,0.5000000000000001,16.86377459970733,2.6565776944701143
3,0.7000000000000001,13.753164633560491,5.83473442695549
4,0.9000000000000001,11.374013072073641,1.4548119136360278
