,discretized_reward_proportion,interconnectivity_strength_mean,interconnectivity_strength_err
0,0.1,81.09306699423675,18.035405775584163
1,0.30000000000000004,100.72693405611997,11.98335546994579
2,0.5000000000000001,23.902816030136833,4.433588065833099
3,0.7000000000000001,26.462166074698743,3.3725263550811975
4,0.9000000000000001,18.486699191631274,2.866636209192404
