,discretized_reward_proportion,interconnectivity_strength_mean,interconnectivity_strength_err
0,0.1,8.031420821582767,0.7336244703284667
1,0.30000000000000004,14.419628316451957,1.44665984113748
2,0.5000000000000001,6.313441841031215,0.3040400513987444
3,0.7000000000000001,5.7060522116969015,0.2329123346411611
4,0.9000000000000001,7.744073437137928,0.4591435685106365
