,discretized_reward_proportion,interconnectivity_strength_mean,interconnectivity_strength_err
0,0.1,26.949154566748373,3.2809956939618803
1,0.30000000000000004,29.813640096580276,5.917761158817257
2,0.5000000000000001,32.24181019748322,5.514539093639341
3,0.7000000000000001,24.15075462519037,7.330947123192428
4,0.9000000000000001,0.0,0.0
