,discretized_reward_proportion,interconnectivity_strength_mean,interconnectivity_strength_err
0,0.1,0.3275862068965517,0.03558004444794453
1,0.30000000000000004,12.561084230525955,3.6234914567945626
2,0.5000000000000001,8.836943898521653,3.3322882387436286
3,0.7000000000000001,0.03571428571428571,0.03507073235935592
4,0.9000000000000001,0.0,0.0
