,discretized_reward_proportion,interconnectivity_strength_mean,interconnectivity_strength_err
0,0.1,13.184211771831214,0.21007822391553366
1,0.30000000000000004,9.918326115579465,0.31958497419476944
2,0.5000000000000001,8.386162165808923,0.23689457580756557
3,0.7000000000000001,8.100639772395715,0.3268036077539803
4,0.9000000000000001,8.284198247714475,0.22789064047915641
