,discretized_reward_proportion,interconnectivity_strength_mean,interconnectivity_strength_err
0,0.1,74.77038809519345,12.679337793422714
1,0.30000000000000004,49.401887205877365,12.484299170416207
2,0.5000000000000001,101.14859709132406,29.128400957357965
3,0.7000000000000001,9.825142096299956,1.902338308062595
4,0.9000000000000001,6.737115169842034,1.802818131295181
