,discretized_reward_proportion,interconnectivity_strength_mean,interconnectivity_strength_err
0,0.1,8.851890670743309,0.8591268674696376
1,0.30000000000000004,11.264169940221821,1.6940621580382376
2,0.5000000000000001,34.42179179672548,4.838518673738157
3,0.7000000000000001,27.589261027500374,2.768420704325059
4,0.9000000000000001,24.94790830875799,2.6647396646284487
