,discretized_reward_proportion,interconnectivity_strength_mean,interconnectivity_strength_err
0,0.1,4.701032143425972,0.2157400872687101
1,0.30000000000000004,5.715530109985662,0.22041050729779757
2,0.5000000000000001,5.61729161473422,0.31620647303767413
3,0.7000000000000001,6.32375523768738,0.28241852423367253
4,0.9000000000000001,6.002303585875215,0.20703220348044227
