,discretized_reward_proportion,interconnectivity_strength_mean,interconnectivity_strength_err
0,0.1,78.14079466868688,5.0878159752691055
1,0.30000000000000004,21.107024074867642,3.5943455355467684
2,0.5000000000000001,27.04281501443499,6.859345610250621
3,0.7000000000000001,12.552135529363952,5.495357932059635
4,0.9000000000000001,45.84136660658527,12.657360137473429
