,discretized_reward_proportion,interconnectivity_strength_mean,interconnectivity_strength_err
0,0.1,65.55207638077131,6.7718510218519485
1,0.30000000000000004,40.547669748363575,7.172472421216766
2,0.5000000000000001,16.08683303829007,6.715455745389163
3,0.7000000000000001,17.483456266462284,7.694412157002716
4,0.9000000000000001,72.13036354559371,15.865000209049642
