,discretized_reward_proportion,interconnectivity_strength_mean,interconnectivity_strength_err
0,0.1,26.495516863219862,5.011190243913992
1,0.30000000000000004,8.782831056363102,1.1187209233929816
2,0.5000000000000001,6.157219889792146,0.7006406472084602
3,0.7000000000000001,4.176008768368816,0.2240610011855681
4,0.9000000000000001,3.902508464147836,0.1272026111971532
