,discretized_reward_proportion,interconnectivity_strength_mean,interconnectivity_strength_err
0,0.1,9.372097630891464,1.7851254014569704
1,0.30000000000000004,8.643758346051651,0.8258017318235442
2,0.5000000000000001,9.794126996178676,0.49549081866023137
3,0.7000000000000001,9.375211627769668,0.4575851121700195
4,0.9000000000000001,13.102666873564198,1.0420649737857548
