,discretized_reward_proportion,interconnectivity_strength_mean,interconnectivity_strength_err
0,0.1,16.86113028247465,1.8858264324830054
1,0.30000000000000004,15.547974584899768,2.1787353485238814
2,0.5000000000000001,25.30933827539049,3.841189506317641
3,0.7000000000000001,22.98831011074062,2.0608630511694632
4,0.9000000000000001,26.51834664625759,1.6128357810297231
