,discretized_reward_proportion,interconnectivity_strength_mean,interconnectivity_strength_err
0,0.1,45.20634982986864,1.8643147792071308
1,0.30000000000000004,39.75474930620953,8.195771649756324
2,0.5000000000000001,43.72728608401417,7.360054701266291
3,0.7000000000000001,44.89596824786621,6.857434515892398
4,0.9000000000000001,72.89630605613799,9.649383946212959
