,discretized_reward_proportion,interconnectivity_strength_mean,interconnectivity_strength_err
0,0.1,5.695400427278319,0.4961900528796439
1,0.30000000000000004,12.219374888422486,1.0672387839934758
2,0.5000000000000001,12.303563478018523,1.1366050953619535
3,0.7000000000000001,9.880528063924343,0.46138035591364235
4,0.9000000000000001,7.576902521437187,0.21640147653644165
