,discretized_reward_proportion,interconnectivity_strength_mean,interconnectivity_strength_err
0,0.1,11.137357239806335,0.3400811825235351
1,0.30000000000000004,11.126235340749448,0.3679504055140317
2,0.5000000000000001,13.574329766456373,1.431055637142469
3,0.7000000000000001,10.240174957416086,0.7601512190492113
4,0.9000000000000001,13.832981843085413,0.9488540539903354
