,discretized_reward_proportion,interconnectivity_strength_mean,interconnectivity_strength_err
0,0.1,23.348640718102434,3.613374006728327
1,0.30000000000000004,50.561204305581,16.733006201513877
2,0.5000000000000001,25.138647467076545,8.020000731041037
3,0.7000000000000001,21.629120194098718,1.887153810780272
4,0.9000000000000001,51.01230605097854,7.3676243327090445
