,discretized_reward_proportion,interconnectivity_strength_mean,interconnectivity_strength_err
0,0.1,53.97014295418191,7.5482555076650915
1,0.30000000000000004,34.383740510940605,3.2016810524768538
2,0.5000000000000001,23.816118218769294,3.136576458799125
3,0.7000000000000001,17.203039962362663,1.5400469300044703
4,0.9000000000000001,23.83500593331856,1.7383771257530334
