,discretized_reward_proportion,interconnectivity_strength_mean,interconnectivity_strength_err
0,0.1,66.91217265700526,18.750689010972163
1,0.30000000000000004,127.31031485299886,31.299185279437197
2,0.5000000000000001,17.63405471449189,2.1458647919950877
3,0.7000000000000001,16.27792455642358,1.5284283289890506
4,0.9000000000000001,17.906742508253398,1.8611887452976308
