,discretized_reward_proportion,interconnectivity_strength_mean,interconnectivity_strength_err
0,0.1,13.120370215560593,0.6992367363608565
1,0.30000000000000004,15.134845863382223,1.830740173779401
2,0.5000000000000001,19.71630766561647,2.960248048336175
3,0.7000000000000001,20.794637139075316,4.492912187841125
4,0.9000000000000001,14.322774435485298,6.620606051799596
