,discretized_reward_proportion,interconnectivity_strength_mean,interconnectivity_strength_err
0,0.1,14.876044252893994,0.6087452372267109
1,0.30000000000000004,15.156296633299261,1.0916342984946543
2,0.5000000000000001,11.757913436729353,0.44892136182856524
3,0.7000000000000001,12.813156418844182,0.31160295062140264
4,0.9000000000000001,13.469081728109657,0.3565929405224747
