,discretized_reward_proportion,interconnectivity_strength_mean,interconnectivity_strength_err
0,0.1,5.45656204838064,1.0435233721258264
1,0.30000000000000004,67.3883261065607,20.939079878580454
2,0.5000000000000001,46.694573721358495,16.180271393153713
3,0.7000000000000001,108.24176445332427,25.360849227621163
4,0.9000000000000001,18.40791260899995,5.694812180987217
