,discretized_reward_proportion,interconnectivity_strength_mean,interconnectivity_strength_err
0,0.1,20.56168588756842,3.7255871903967024
1,0.30000000000000004,19.190933074402945,4.048450191606806
2,0.5000000000000001,0.9385448633842313,0.4673446575682519
3,0.7000000000000001,2.0347628608744714,0.9511541312573243
4,0.9000000000000001,2.8326966065533776,2.699745247412111
