,discretized_reward_proportion,interconnectivity_strength_mean,interconnectivity_strength_err
0,0.1,512.1270208126784,99.73504163183524
1,0.30000000000000004,309.09222853361564,74.50961304495941
2,0.5000000000000001,86.90664795039594,18.833898779344278
3,0.7000000000000001,25.55870719726241,6.746419791222384
4,0.9000000000000001,10.777032927121427,1.0337904147116521
