,discretized_reward_proportion,interconnectivity_strength_mean,interconnectivity_strength_err
0,0.1,22.850579475579817,0.7964355357267006
1,0.30000000000000004,13.664880167964128,1.7505642418715655
2,0.5000000000000001,7.388322972315511,0.23902562581730308
3,0.7000000000000001,7.339495535115135,0.30292808925145664
4,0.9000000000000001,9.263897444595022,0.6864818396469904
