,discretized_reward_proportion,interconnectivity_strength_mean,interconnectivity_strength_err
0,0.1,19.6979297894615,0.4450536093965876
1,0.30000000000000004,16.983321664068406,0.977367274454402
2,0.5000000000000001,12.603164709484235,0.8191395926117242
3,0.7000000000000001,11.71879486193288,0.7815885506075925
4,0.9000000000000001,16.645312883328554,0.5332495928896949
