,discretized_reward_proportion,interconnectivity_strength_mean,interconnectivity_strength_err
0,0.1,121.05887130884182,25.337781924149542
1,0.30000000000000004,102.81515927202713,20.249432087239022
2,0.5000000000000001,97.79502925909826,16.808207525841418
3,0.7000000000000001,40.51400032215347,1.8674799482078517
4,0.9000000000000001,42.63882845519267,1.423815209996953
