,discretized_reward_proportion,interconnectivity_strength_mean,interconnectivity_strength_err
0,0.1,39.011452343493545,4.0382773132414655
1,0.30000000000000004,42.847851717847014,5.539594215496667
2,0.5000000000000001,50.194928478890354,8.585562478646679
3,0.7000000000000001,36.82563220073848,4.459704891710878
4,0.9000000000000001,31.68723777336932,2.012640119247457
