,discretized_reward_proportion,interconnectivity_strength_mean,interconnectivity_strength_err
0,0.1,2.9981989188530047,0.1612871053182061
1,0.30000000000000004,4.139799049286428,0.29138703025587004
2,0.5000000000000001,5.11159886246504,0.31666441995796396
3,0.7000000000000001,5.2073471178774655,0.1621498453933811
4,0.9000000000000001,4.539584019179579,0.09263822309439745
