,discretized_reward_proportion,interconnectivity_strength_mean,interconnectivity_strength_err
0,0.1,17.01328965243835,3.59779516662863
1,0.30000000000000004,18.97134896764129,3.9896592015347063
2,0.5000000000000001,3.5024450351972587,0.9356904110586236
3,0.7000000000000001,9.59360159758597,1.7868226969160284
4,0.9000000000000001,13.063812908214983,2.267016519406049
