,discretized_reward_proportion,interconnectivity_strength_mean,interconnectivity_strength_err
0,0.1,4.59650994407454,0.15429023355562171
1,0.30000000000000004,7.526135499512281,0.7983407873355194
2,0.5000000000000001,9.583971958625487,0.8003225956673341
3,0.7000000000000001,10.420420891877034,0.432623966780426
4,0.9000000000000001,8.179125850348834,0.3773937042648429
