,discretized_reward_proportion,interconnectivity_strength_mean,interconnectivity_strength_err
0,0.1,35.040769313688315,5.492330603480824
1,0.30000000000000004,27.203549625867176,10.267163139985582
2,0.5000000000000001,0.0,0.0
3,0.7000000000000001,0.0,0.0
4,0.9000000000000001,0.0,0.0
