,discretized_reward_proportion,interconnectivity_strength_mean,interconnectivity_strength_err
0,0.1,0.14942528735632185,0.027026739723560286
1,0.30000000000000004,0.1875,0.04878904686248749
2,0.5000000000000001,0.11475409836065574,0.04080854845958752
3,0.7000000000000001,0.07142857142857142,0.04867036741923191
4,0.9000000000000001,0.0,0.0
