,discretized_reward_proportion,interconnectivity_strength_mean,interconnectivity_strength_err
0,0.1,200.86641094984435,32.05953618456366
1,0.30000000000000004,207.78043124889223,43.95459634468748
2,0.5000000000000001,59.79483211511641,14.087358484917043
3,0.7000000000000001,22.794002841590178,3.0158247386155295
4,0.9000000000000001,26.48992990340094,1.506413228952256
