,discretized_reward_proportion,interconnectivity_strength_mean,interconnectivity_strength_err
0,0.1,54.08818903073831,6.7963195275543065
1,0.30000000000000004,45.45649227713758,7.472605704968234
2,0.5000000000000001,38.1465536421105,15.40565569599137
3,0.7000000000000001,69.14689759985046,22.73829948230899
4,0.9000000000000001,76.58302181953994,20.8299275403433
