,discretized_reward_proportion,interconnectivity_strength_mean,interconnectivity_strength_err
0,0.1,19.0517656596574,0.9405093747034642
1,0.30000000000000004,10.989335580550632,0.5405150073587368
2,0.5000000000000001,9.935147700906553,0.29427154079458673
3,0.7000000000000001,10.903092421033193,0.5537861222968299
4,0.9000000000000001,7.525927305399445,0.3545434293332131
