,discretized_reward_proportion,interconnectivity_strength_mean,interconnectivity_strength_err
0,0.1,11.364415175151999,1.831341105038411
1,0.30000000000000004,25.738518370641707,4.705590055270759
2,0.5000000000000001,38.564992859810765,15.237626859654233
3,0.7000000000000001,1.2599732433925273,0.5948907342979354
4,0.9000000000000001,5.3267018776697626,1.9795599606147656
