,discretized_reward_proportion,interconnectivity_strength_mean,interconnectivity_strength_err
0,0.1,13.399455770764472,1.0799413327607021
1,0.30000000000000004,20.510163448389214,3.373179504864893
2,0.5000000000000001,75.85770562880298,11.335018516019396
3,0.7000000000000001,46.622837319059215,6.450880395352537
4,0.9000000000000001,33.49176514077268,4.95840031813958
