,discretized_reward_proportion,interconnectivity_strength_mean,interconnectivity_strength_err
0,0.1,20.616067959851446,1.2896758511860944
1,0.30000000000000004,19.313148958907806,1.3557518056258944
2,0.5000000000000001,25.186181239970658,1.880335976031781
3,0.7000000000000001,28.335013580447537,2.4792390085903455
4,0.9000000000000001,29.885589385120152,2.6368611854233035
