,discretized_reward_proportion,interconnectivity_strength_mean,interconnectivity_strength_err
0,0.1,210.07921645714134,63.31201676321683
1,0.30000000000000004,134.34559772954069,35.8269334418593
2,0.5000000000000001,55.599744906951486,14.005313914410072
3,0.7000000000000001,11.961183127932049,1.1292932459346248
4,0.9000000000000001,8.59663612481378,0.695094264080421
