,discretized_reward_proportion,interconnectivity_strength_mean,interconnectivity_strength_err
0,0.1,30.732953303947784,12.867515788632934
1,0.30000000000000004,72.15196228564086,9.366980734098025
2,0.5000000000000001,25.359081397430565,8.972813231965842
3,0.7000000000000001,98.10549794591202,24.869981609431623
4,0.9000000000000001,464.09399648140567,111.05932560981672
