,discretized_reward_proportion,interconnectivity_strength_mean,interconnectivity_strength_err
0,0.1,37.04462780762768,5.594063574255389
1,0.30000000000000004,14.91933092425074,3.640990231460095
2,0.5000000000000001,6.0434776534357955,1.8152809833450134
3,0.7000000000000001,26.538233455205848,5.725444972498945
4,0.9000000000000001,6.462836942591667,2.450140105368384
