,discretized_reward_proportion,interconnectivity_strength_mean,interconnectivity_strength_err
0,0.1,34.514581349249326,3.5540643688417894
1,0.30000000000000004,31.209985994764,2.7439701769417737
2,0.5000000000000001,29.501237609816627,2.705298727504142
3,0.7000000000000001,27.09747278434456,1.6710104368477612
4,0.9000000000000001,34.6197006874296,2.418479899991701
