,discretized_reward_proportion,interconnectivity_strength_mean,interconnectivity_strength_err
0,0.1,8.150918979222824,1.1229423127357612
1,0.30000000000000004,5.1619712654219425,2.1941275994165803
2,0.5000000000000001,13.42892235357863,6.829038614926301
3,0.7000000000000001,8.286058556288971,2.3002100198582163
4,0.9000000000000001,14.954727400901463,2.1296882166976183
