,discretized_reward_proportion,interconnectivity_strength_mean,interconnectivity_strength_err
0,0.1,44.629791143078904,5.118937144476263
1,0.30000000000000004,21.808512996729757,2.1323926220233504
2,0.5000000000000001,18.81795035872976,2.044659132103032
3,0.7000000000000001,28.604910821207802,3.4318947494907954
4,0.9000000000000001,36.42435642534356,3.0173048527783255
