,discretized_reward_proportion,interconnectivity_strength_mean,interconnectivity_strength_err
0,0.1,20.765251046642582,1.199042650041176
1,0.30000000000000004,26.57759111162338,2.040891244739596
2,0.5000000000000001,28.231346711903242,2.345395189933972
3,0.7000000000000001,25.54445438927474,1.323221979802926
4,0.9000000000000001,22.844888475100902,1.6168772679843835
