,discretized_reward_proportion,interconnectivity_strength_mean,interconnectivity_strength_err
0,0.1,1.0,0.0
1,0.30000000000000004,219.4516623408367,84.26450592523236
2,0.5000000000000001,37.7879960046195,7.062562526911941
3,0.7000000000000001,29.620575017725923,2.94789365485959
4,0.9000000000000001,43.820094483292124,5.103158003009779
