,discretized_reward_proportion,interconnectivity_strength_mean,interconnectivity_strength_err
0,0.1,17.06335719411293,1.4001132779371754
1,0.30000000000000004,11.25883247730737,2.2853296959191938
2,0.5000000000000001,21.664785945735694,4.693338538824764
3,0.7000000000000001,6.086377718351008,0.3405018268740472
4,0.9000000000000001,9.109034452210654,0.6459518327691097
