,discretized_reward_proportion,interconnectivity_strength_mean,interconnectivity_strength_err
0,0.1,13.92822499431811,1.4307005503351953
1,0.30000000000000004,10.391720704635807,1.308892606947883
2,0.5000000000000001,7.444528087953766,0.6007455885589104
3,0.7000000000000001,9.742672325965028,0.3934148811590418
4,0.9000000000000001,14.118083941717448,1.0177244635074936
