,discretized_reward_proportion,interconnectivity_strength_mean,interconnectivity_strength_err
0,0.1,71.74116866038136,5.848626708922669
1,0.30000000000000004,52.26596404727092,6.379441695919332
2,0.5000000000000001,51.50773293244911,8.039966195391083
3,0.7000000000000001,36.95562301787853,6.24256594115427
4,0.9000000000000001,15.94712530596097,3.412316599264195
