,discretized_reward_proportion,interconnectivity_strength_mean,interconnectivity_strength_err
0,0.1,13.821875000919565,2.394409533023142
1,0.30000000000000004,19.811111133966037,2.515510563063404
2,0.5000000000000001,12.419725448489572,1.0226900506441057
3,0.7000000000000001,16.444172611686948,1.8449375297811708
4,0.9000000000000001,10.466986072789126,1.6231551682234318
