,discretized_reward_proportion,interconnectivity_strength_mean,interconnectivity_strength_err
0,0.1,65.84187344494156,5.2619135575004155
1,0.30000000000000004,69.89579285089032,5.651640361186972
2,0.5000000000000001,55.27974579591868,7.65856417621313
3,0.7000000000000001,25.267077621754204,7.17168350533999
4,0.9000000000000001,12.17360543802954,1.5061521867552896
