,discretized_reward_proportion,interconnectivity_strength_mean,interconnectivity_strength_err
0,0.1,46.59025135363554,7.395012050209483
1,0.30000000000000004,23.171555040838655,1.7640797068637553
2,0.5000000000000001,34.28334883355002,6.83710210768512
3,0.7000000000000001,26.328623827586778,3.488566644770922
4,0.9000000000000001,29.91321167382031,3.303984191134761
