,discretized_reward_proportion,interconnectivity_strength_mean,interconnectivity_strength_err
0,0.1,6.798243197648947,0.7392370204110033
1,0.30000000000000004,8.43917050132208,1.1036147372360354
2,0.5000000000000001,9.252395615630093,1.179438415381311
3,0.7000000000000001,16.35002703792396,2.8470525672588063
4,0.9000000000000001,22.589754888241675,2.7384638759393636
