,discretized_reward_proportion,interconnectivity_strength_mean,interconnectivity_strength_err
0,0.1,82.44386120836877,7.178671778093241
1,0.30000000000000004,30.990913505758385,2.9638257655130626
2,0.5000000000000001,20.20732089368627,2.9606562357180914
3,0.7000000000000001,21.71867510626618,3.5078375562252075
4,0.9000000000000001,16.088283374397417,1.9936523928357204
