,discretized_reward_proportion,interconnectivity_strength_mean,interconnectivity_strength_err
0,0.1,19.31201858505502,1.8135931231002682
1,0.30000000000000004,22.31774779613825,3.510178624740136
2,0.5000000000000001,20.00284328429868,3.447507552033697
3,0.7000000000000001,30.468094567392644,3.5306652814910437
4,0.9000000000000001,35.12764869848413,5.398947104949493
