,discretized_reward_proportion,interconnectivity_strength_mean,interconnectivity_strength_err
0,0.1,39.257394258611406,13.622101596881606
1,0.30000000000000004,43.12590126347471,5.777443337502601
2,0.5000000000000001,29.08805844348977,5.183356110382668
3,0.7000000000000001,27.238278220639728,2.526565856454056
4,0.9000000000000001,28.283907132674447,2.132992217226634
