,discretized_reward_proportion,interconnectivity_strength_mean,interconnectivity_strength_err
0,0.1,49.843497533708124,14.499378060996616
1,0.30000000000000004,88.22908504600574,19.9564696677686
2,0.5000000000000001,54.260649809891,10.860786675269445
3,0.7000000000000001,23.38392967862111,2.0402146188394585
4,0.9000000000000001,22.809986348441413,1.318317987756374
