,discretized_reward_proportion,interconnectivity_strength_mean,interconnectivity_strength_err
0,0.1,369.93636788733,37.350571273922704
1,0.30000000000000004,147.70374111522423,26.81328534125162
2,0.5000000000000001,84.29036775457858,17.89585035851945
3,0.7000000000000001,174.53144230330287,56.4787623178639
4,0.9000000000000001,53.74075204374374,22.765733280385735
