,discretized_reward_proportion,interconnectivity_strength_mean,interconnectivity_strength_err
0,0.1,6.9667890672474275,1.2252219735359078
1,0.30000000000000004,4.342022167392386,0.7804739403183528
2,0.5000000000000001,9.492435887371736,1.512099243568033
3,0.7000000000000001,5.561979765151327,0.35833005572969084
4,0.9000000000000001,6.566151800164565,0.3222046141631033
