,discretized_reward_proportion,interconnectivity_strength_mean,interconnectivity_strength_err
0,0.1,46.71217693468434,6.593877755187328
1,0.30000000000000004,61.51778827290442,9.15302072949466
2,0.5000000000000001,19.205896871043933,2.803426406230627
3,0.7000000000000001,25.343957103070267,2.7017489507750123
4,0.9000000000000001,35.785234379445754,4.499453556196343
