,discretized_reward_proportion,interconnectivity_strength_mean,interconnectivity_strength_err
0,0.1,4.6794601630202175,0.19634331613133388
1,0.30000000000000004,4.233634927591065,0.14210177187497233
2,0.5000000000000001,3.9159465250023664,0.11049196655997838
3,0.7000000000000001,3.665669805072575,0.040839710220783754
4,0.9000000000000001,3.5574405837220744,0.033327800399326084
