,discretized_reward_proportion,interconnectivity_strength_mean,interconnectivity_strength_err
0,0.1,26.824858768023603,2.6893028473424447
1,0.30000000000000004,22.450809553091666,1.6871244527382034
2,0.5000000000000001,15.885178974351556,2.0347857264694618
3,0.7000000000000001,12.531546128986536,0.7008626332802109
4,0.9000000000000001,13.698017438813684,0.9389883283225484
