,discretized_reward_proportion,interconnectivity_strength_mean,interconnectivity_strength_err
0,0.1,26.352495518737136,4.052693257785632
1,0.30000000000000004,43.25200838680616,4.415206162427059
2,0.5000000000000001,18.669067674634857,2.335869379406728
3,0.7000000000000001,24.96549085130411,2.634286544357836
4,0.9000000000000001,15.576097839197642,0.9265785538498987
