,discretized_reward_proportion,interconnectivity_strength_mean,interconnectivity_strength_err
0,0.1,16.54018355822914,1.26056982688319
1,0.30000000000000004,22.51969853252648,1.3693475632197378
2,0.5000000000000001,18.682072316725716,1.3665532849302469
3,0.7000000000000001,18.609403549423906,1.3287076130473576
4,0.9000000000000001,20.50743324123574,0.8866500456492139
