,discretized_reward_proportion,interconnectivity_strength_mean,interconnectivity_strength_err
0,0.1,5.877882853897198,0.26713911758697184
1,0.30000000000000004,5.433142453791076,0.24298016896750016
2,0.5000000000000001,4.612108683455598,0.19452205127801245
3,0.7000000000000001,4.330931191908578,0.07750013404937185
4,0.9000000000000001,4.295229636866348,0.06008417162290429
