,discretized_reward_proportion,interconnectivity_strength_mean,interconnectivity_strength_err
0,0.1,40.194561683862915,9.158643219431504
1,0.30000000000000004,67.70870742352865,20.14676024313172
2,0.5000000000000001,20.50713480623272,1.3889338870350365
3,0.7000000000000001,19.455887838731385,1.6998631521761862
4,0.9000000000000001,29.93351379144666,2.6805432020751465
