,discretized_reward_proportion,interconnectivity_strength_mean,interconnectivity_strength_err
0,0.1,86.37476489421994,6.737162908002828
1,0.30000000000000004,49.25043585222561,4.476387203727625
2,0.5000000000000001,44.98242865386372,4.592155875302475
3,0.7000000000000001,18.134853015127,1.4813863684057527
4,0.9000000000000001,10.51047475507439,0.8957747642918023
