,discretized_reward_proportion,interconnectivity_strength_mean,interconnectivity_strength_err
0,0.1,43.6166193595135,6.035117919190641
1,0.30000000000000004,66.1242842771033,14.003550818711272
2,0.5000000000000001,44.23571016415762,16.281912507953333
3,0.7000000000000001,21.983153571102587,1.4524823933483135
4,0.9000000000000001,27.756499712388273,6.0128307415799425
