,discretized_reward_proportion,interconnectivity_strength_mean,interconnectivity_strength_err
0,0.1,171.24950402503384,52.4724033893184
1,0.30000000000000004,31.26200269333495,6.871754419309609
2,0.5000000000000001,18.522264709550242,2.9463901334697153
3,0.7000000000000001,12.125517270744812,0.6455604832415446
4,0.9000000000000001,13.220110397035036,0.5417396353955928
