,discretized_reward_proportion,interconnectivity_strength_mean,interconnectivity_strength_err
0,0.1,42.07878681683402,6.180676220305551
1,0.30000000000000004,23.64753692782457,3.2989714166807276
2,0.5000000000000001,22.651717452760856,3.266508156668347
3,0.7000000000000001,15.918515438016115,1.981713907209022
4,0.9000000000000001,36.909036552777785,5.987550018608475
