,discretized_reward_proportion,interconnectivity_strength_mean,interconnectivity_strength_err
0,0.1,32.75423317990061,5.333014107907116
1,0.30000000000000004,25.175515549836767,4.3909617953460645
2,0.5000000000000001,43.90602652449682,9.066220669835712
3,0.7000000000000001,32.702992603519625,4.167384487684205
4,0.9000000000000001,60.212861856130516,8.44568428224256
