,discretized_reward_proportion,interconnectivity_strength_mean,interconnectivity_strength_err
0,0.1,13.59644581405876,1.3144065328604941
1,0.30000000000000004,52.691292734926314,20.45517924050983
2,0.5000000000000001,50.81317639771537,23.056266509809255
3,0.7000000000000001,38.96689508489848,7.931666523551287
4,0.9000000000000001,14.692424966201408,8.595563145572143
