,discretized_reward_proportion,interconnectivity_strength_mean,interconnectivity_strength_err
0,0.1,89.73844591999739,15.525285562973245
1,0.30000000000000004,94.69897844453571,14.320883702412269
2,0.5000000000000001,248.7911940585938,47.0190476214059
3,0.7000000000000001,15.722832403249289,2.5321825081373817
4,0.9000000000000001,11.369601810900066,1.1501714570597632
