,discretized_reward_proportion,interconnectivity_strength_mean,interconnectivity_strength_err
0,0.1,1.2509931121984024,0.24222643535474378
1,0.30000000000000004,1.7139772323465956,0.42913005026100526
2,0.5000000000000001,0.5218036919177882,0.21849904872944664
3,0.7000000000000001,3.509555927280625,0.954580390080707
4,0.9000000000000001,24.030166937765873,7.785621789176506
