,discretized_reward_proportion,interconnectivity_strength_mean,interconnectivity_strength_err
0,0.1,34.65550080461517,1.642912264125259
1,0.30000000000000004,25.288929609721535,3.324769507308401
2,0.5000000000000001,31.729516900847806,4.549571445287286
3,0.7000000000000001,45.58462126526046,8.25177778807245
4,0.9000000000000001,15.789906710943484,6.084276171931277
