,discretized_reward_proportion,interconnectivity_strength_mean,interconnectivity_strength_err
0,0.1,21.150694937966318,3.819863313335395
1,0.30000000000000004,14.602211298500078,1.6211577392260128
2,0.5000000000000001,6.264958257679242,0.7056469661359694
3,0.7000000000000001,4.571232657655017,0.2633262439514102
4,0.9000000000000001,4.518530069259445,0.1513327198667739
