,discretized_reward_proportion,interconnectivity_strength_mean,interconnectivity_strength_err
0,0.1,7.101703659164953,0.2826307527055008
1,0.30000000000000004,6.2733300683955715,0.24709498409999436
2,0.5000000000000001,6.316231903249826,0.2889814965580823
3,0.7000000000000001,5.579026872861634,0.179716193917621
4,0.9000000000000001,5.86353492161805,0.15417612235158737
