,discretized_reward_proportion,interconnectivity_strength_mean,interconnectivity_strength_err
0,0.1,14.096074518137634,1.2296681754485448
1,0.30000000000000004,10.780218515102717,0.9246963787616403
2,0.5000000000000001,9.80447634233546,0.721494841877201
3,0.7000000000000001,6.572728323985942,0.3723304180760456
4,0.9000000000000001,6.967070295940561,0.2799411463277648
