,discretized_reward_proportion,interconnectivity_strength_mean,interconnectivity_strength_err
0,0.1,5.814248750830784,0.27554352426011275
1,0.30000000000000004,4.8308404732162735,0.1586777173067151
2,0.5000000000000001,4.0289829805546855,0.2483281646399535
3,0.7000000000000001,3.4566817962021803,0.09358114736309373
4,0.9000000000000001,3.6316124859142542,0.10010953118116811
