,discretized_reward_proportion,interconnectivity_strength_mean,interconnectivity_strength_err
0,0.1,78.63808267954448,9.223303073224894
1,0.30000000000000004,54.876682067363966,10.724161002346056
2,0.5000000000000001,13.339769483104416,1.2963492601282578
3,0.7000000000000001,10.680002194130394,0.5287985369487946
4,0.9000000000000001,12.515683576531876,0.5042995555682388
