,discretized_reward_proportion,interconnectivity_strength_mean,interconnectivity_strength_err
0,0.1,108.58280962837642,23.217182244749356
1,0.30000000000000004,34.20194057786039,4.306649389918537
2,0.5000000000000001,51.96215328430928,8.464307368958199
3,0.7000000000000001,33.62884056387121,5.312167361005643
4,0.9000000000000001,22.191425348616846,2.3635103788029923
