,discretized_reward_proportion,interconnectivity_strength_mean,interconnectivity_strength_err
0,0.1,33.523642930267336,1.772780320402369
1,0.30000000000000004,30.929188788138855,2.942273286353213
2,0.5000000000000001,50.35620827555228,7.632246510958574
3,0.7000000000000001,40.52573559846502,11.96282492065322
4,0.9000000000000001,143.87306301304062,29.567420319272834
