,discretized_reward_proportion,interconnectivity_strength_mean,interconnectivity_strength_err
0,0.1,5.698513300705708,0.20980832075327438
1,0.30000000000000004,8.552410608378073,1.2085915094103925
2,0.5000000000000001,25.309291761540127,6.956577767741072
3,0.7000000000000001,22.288219484554183,2.777222430094175
4,0.9000000000000001,41.59303357020478,6.849041636885868
