,discretized_reward_proportion,interconnectivity_strength_mean,interconnectivity_strength_err
0,0.1,8.493835249727026,0.4400312859053105
1,0.30000000000000004,8.083437422006561,0.6819277626526217
2,0.5000000000000001,5.868021752571949,0.6603810061111371
3,0.7000000000000001,4.722537864112167,0.24874672774509796
4,0.9000000000000001,4.915284274960095,0.1948631367770503
