,discretized_reward_proportion,interconnectivity_strength_mean,interconnectivity_strength_err
0,0.1,119.86920027456604,8.38756408591163
1,0.30000000000000004,37.869492851460414,12.307095995121058
2,0.5000000000000001,31.1491655352021,9.165924654226203
3,0.7000000000000001,5.037504478104833,4.946731196698801
4,0.9000000000000001,0.0,0.0
