,discretized_reward_proportion,interconnectivity_strength_mean,interconnectivity_strength_err
0,0.1,12.74432942996084,1.6747342060664174
1,0.30000000000000004,10.372328079474025,0.8287593978193518
2,0.5000000000000001,9.935635192364959,0.43149723508793175
3,0.7000000000000001,11.073695427287445,1.0023069065505859
4,0.9000000000000001,11.61192751033837,0.8478599058411023
