,discretized_reward_proportion,interconnectivity_strength_mean,interconnectivity_strength_err
0,0.1,8.441107192209298,0.5417280093133464
1,0.30000000000000004,12.843177314223794,1.6358102442201863
2,0.5000000000000001,10.682335599979044,1.1264627608959115
3,0.7000000000000001,8.913631065305461,0.48041888312404285
4,0.9000000000000001,12.807931825201694,0.9106681696600105
