,discretized_reward_proportion,interconnectivity_strength_mean,interconnectivity_strength_err
0,0.1,8.867093647515677,3.538631762479299
1,0.30000000000000004,8.535545195948558,1.3177647907772274
2,0.5000000000000001,12.8807832386878,0.9733275952545024
3,0.7000000000000001,16.11789538330249,1.17215703095665
4,0.9000000000000001,21.296553313958224,1.8661923052665197
