,discretized_reward_proportion,interconnectivity_strength_mean,interconnectivity_strength_err
0,0.1,13.067207270255091,3.708159195562122
1,0.30000000000000004,10.574267139952996,2.2189911435567167
2,0.5000000000000001,9.395962997327226,1.8741210860808055
3,0.7000000000000001,14.286122286002115,1.6481698756268142
4,0.9000000000000001,13.639178297142822,1.4399782968938264
