,discretized_reward_proportion,interconnectivity_strength_mean,interconnectivity_strength_err
0,0.1,55.14930204092537,4.808530733139587
1,0.30000000000000004,37.57811387700055,5.766094541852913
2,0.5000000000000001,82.78294283775051,13.763778636232123
3,0.7000000000000001,22.48694927219497,3.5844475603006436
4,0.9000000000000001,19.808667514592464,4.500830276605665
