,discretized_reward_proportion,interconnectivity_strength_mean,interconnectivity_strength_err
0,0.1,10.866502806826096,1.1432351446303914
1,0.30000000000000004,10.93503649454538,1.4278185327643065
2,0.5000000000000001,17.444947226352117,1.6843975913438658
3,0.7000000000000001,16.63181746775783,1.3227444483354254
4,0.9000000000000001,12.847182496598663,1.083108761635724
