,discretized_reward_proportion,interconnectivity_strength_mean,interconnectivity_strength_err
0,0.1,15.851760763457483,0.49113997725495145
1,0.30000000000000004,38.13542265436322,9.842405831306243
2,0.5000000000000001,29.159610526584395,4.422274488457333
3,0.7000000000000001,26.422563787174607,2.2943693984002675
4,0.9000000000000001,21.9520967698536,1.2696368138272263
