,discretized_reward_proportion,interconnectivity_strength_mean,interconnectivity_strength_err
0,0.1,4.2778336800712955,1.3355844958921688
1,0.30000000000000004,8.938712105181375,2.6996552322252296
2,0.5000000000000001,15.540756120596418,4.022667565885953
3,0.7000000000000001,6.058895953452831,1.9760001010703652
4,0.9000000000000001,29.938170554098864,5.150917384012279
