,discretized_reward_proportion,interconnectivity_strength_mean,interconnectivity_strength_err
0,0.1,22.435204543916964,2.6454028685654745
1,0.30000000000000004,9.530907368221435,0.41861270625888114
2,0.5000000000000001,12.529544227634851,1.0424028928984388
3,0.7000000000000001,10.953639957018623,0.6206413209044735
4,0.9000000000000001,,
