,discretized_reward_proportion,interconnectivity_strength_mean,interconnectivity_strength_err
0,0.1,25.12919956168066,1.2429112578022152
1,0.30000000000000004,13.77122435925655,2.0573750116555156
2,0.5000000000000001,7.458625456729023,0.2776116093197424
3,0.7000000000000001,6.046303707768616,0.4503755071046328
4,0.9000000000000001,5.551793317526549,0.20485963173080826
