,discretized_reward_proportion,interconnectivity_strength_mean,interconnectivity_strength_err
0,0.1,20.487949158507913,3.6119949670034006
1,0.30000000000000004,44.0018982012654,5.651137832818554
2,0.5000000000000001,18.960044115333137,1.7997117645002993
3,0.7000000000000001,21.181011389650077,3.78236940558414
4,0.9000000000000001,14.154156956158618,5.370311991353066
