,discretized_reward_proportion,interconnectivity_strength_mean,interconnectivity_strength_err
0,0.1,58.6941516894406,7.014070885573587
1,0.30000000000000004,67.63876704109336,4.9904193166185635
2,0.5000000000000001,47.4122049301754,8.291253676024049
3,0.7000000000000001,5.162231164318104,3.475958395231602
4,0.9000000000000001,4.317621086624009,4.067612408751521
