,discretized_reward_proportion,interconnectivity_strength_mean,interconnectivity_strength_err
0,0.1,10.91789846686393,0.589899797825337
1,0.30000000000000004,18.69612457197473,2.2315946589406965
2,0.5000000000000001,13.156318659580704,1.2078630310361067
3,0.7000000000000001,14.845320190448936,0.8964540539407616
4,0.9000000000000001,12.634095396087195,0.636824808611456
