,discretized_reward_proportion,interconnectivity_strength_mean,interconnectivity_strength_err
0,0.1,27.617037128743636,1.5846539255003351
1,0.30000000000000004,23.885601396906463,1.6327196704105373
2,0.5000000000000001,19.44268947890782,1.415951462683523
3,0.7000000000000001,18.597275440626987,0.9619896738822932
4,0.9000000000000001,23.113108276259794,1.4481025863388202
