,discretized_reward_proportion,interconnectivity_strength_mean,interconnectivity_strength_err
0,0.1,20.631960468938413,2.8179569936756512
1,0.30000000000000004,13.225253736243692,0.7100895925888713
2,0.5000000000000001,10.491782247803252,0.5835604432083531
3,0.7000000000000001,6.205505728567227,0.2697616071643019
4,0.9000000000000001,6.394056253681041,0.20886365916257865
