,discretized_reward_proportion,interconnectivity_strength_mean,interconnectivity_strength_err
0,0.1,7.601286717756019,1.4808797140754182
1,0.30000000000000004,7.366236447344258,0.9625099917404044
2,0.5000000000000001,7.692925883637468,0.9060735749733324
3,0.7000000000000001,8.067371789212508,0.7616615542484262
4,0.9000000000000001,7.3082767136372615,0.5270409220007586
