,discretized_reward_proportion,interconnectivity_strength_mean,interconnectivity_strength_err
0,0.1,43.02009125023257,3.1745657328267325
1,0.30000000000000004,51.99126746764026,3.576269069713659
2,0.5000000000000001,66.64253997281597,7.721642611913752
3,0.7000000000000001,17.258605309875552,2.1960141343721302
4,0.9000000000000001,11.924026940486279,1.817718313062735
