,discretized_reward_proportion,interconnectivity_strength_mean,interconnectivity_strength_err
0,0.1,9.421295464413065,0.7741461555870093
1,0.30000000000000004,13.499759458323021,1.097468947827042
2,0.5000000000000001,11.869067532877532,0.9984271105430235
3,0.7000000000000001,12.200764239109942,2.014895863523572
4,0.9000000000000001,15.219432252544053,2.7920249593501723
