,discretized_reward_proportion,interconnectivity_strength_mean,interconnectivity_strength_err
0,0.1,22.748412986274204,1.273959532078962
1,0.30000000000000004,31.289618748057517,2.388337205760738
2,0.5000000000000001,88.13034382242948,17.852947184722456
3,0.7000000000000001,85.12958906200909,24.733864556703967
4,0.9000000000000001,127.23799865611093,32.46249342900133
