,discretized_reward_proportion,interconnectivity_strength_mean,interconnectivity_strength_err
0,0.1,174.67450249740878,36.88543933844871
1,0.30000000000000004,136.9425804538264,42.43090739089659
2,0.5000000000000001,50.899288716457285,10.905219708098079
3,0.7000000000000001,15.44318001722977,2.4433833779059375
4,0.9000000000000001,12.223664847196606,1.8898846332178647
