,discretized_reward_proportion,interconnectivity_strength_mean,interconnectivity_strength_err
0,0.1,18.9768225979493,0.5778434785825878
1,0.30000000000000004,18.397684334077766,0.5978019725569286
2,0.5000000000000001,18.190569716486937,1.8978930324004992
3,0.7000000000000001,9.12849142303091,0.9556944350810496
4,0.9000000000000001,10.655217933953075,0.8528903428753919
