,discretized_reward_proportion,interconnectivity_strength_mean,interconnectivity_strength_err
0,0.1,433.26771676984157,57.27818228557709
1,0.30000000000000004,193.9082297785312,23.226180860248984
2,0.5000000000000001,69.44410448369008,20.05266776037593
3,0.7000000000000001,71.8857876750641,28.723528780072836
4,0.9000000000000001,0.36363636363636365,0.08373930663124332
