,discretized_reward_proportion,interconnectivity_strength_mean,interconnectivity_strength_err
0,0.1,30.201593393312997,3.634919449814854
1,0.30000000000000004,29.33708501263779,3.9613965671076796
2,0.5000000000000001,37.76945524737078,3.5548797328868087
3,0.7000000000000001,26.163320375622696,1.793672474420192
4,0.9000000000000001,36.057913699753556,2.9229273697348557
