,discretized_reward_proportion,interconnectivity_strength_mean,interconnectivity_strength_err
0,0.1,30.45993203094369,4.05217825515158
1,0.30000000000000004,22.05521921118875,3.0840388334995654
2,0.5000000000000001,52.881556636707735,7.640221385211476
3,0.7000000000000001,48.49201198827561,6.35525115430731
4,0.9000000000000001,20.556702352885694,4.063073269581216
