,discretized_reward_proportion,interconnectivity_strength_mean,interconnectivity_strength_err
0,0.1,14.613497073974791,1.8865559235012739
1,0.30000000000000004,8.972053669082594,1.1422143280919548
2,0.5000000000000001,7.319846519178629,0.794388574037503
3,0.7000000000000001,7.449972437521362,0.41709144940637577
4,0.9000000000000001,11.723976329055047,0.608821152766994
