,discretized_reward_proportion,interconnectivity_strength_mean,interconnectivity_strength_err
0,0.1,18.702493824005586,2.644281380341008
1,0.30000000000000004,21.45835405308176,3.301626944503604
2,0.5000000000000001,9.196958508867693,1.9111371708485583
3,0.7000000000000001,6.9172127410138815,2.28979616496973
4,0.9000000000000001,26.729292680686388,1.3193713951897095
