,discretized_reward_proportion,interconnectivity_strength_mean,interconnectivity_strength_err
0,0.1,17.43492360819228,0.9682258914429911
1,0.30000000000000004,22.807720670971815,3.4993552440280524
2,0.5000000000000001,33.94557723082001,3.583180646748972
3,0.7000000000000001,23.36722112273666,1.933267071235617
4,0.9000000000000001,23.385436821767545,2.576058318031781
