,discretized_reward_proportion,interconnectivity_strength_mean,interconnectivity_strength_err
0,0.1,13.440874825986326,0.8933338855029517
1,0.30000000000000004,10.284471907563717,0.8743852091310285
2,0.5000000000000001,17.94318601104364,1.5090828457718188
3,0.7000000000000001,20.51994748915281,1.3996284725359331
4,0.9000000000000001,26.01611786314805,2.107856278883179
