,discretized_reward_proportion,interconnectivity_strength_mean,interconnectivity_strength_err
0,0.1,284.69057132839765,48.70292984116824
1,0.30000000000000004,30.486576722328664,6.895842221094143
2,0.5000000000000001,37.120643906821456,3.1596711611355826
3,0.7000000000000001,37.11441006526699,3.6082480452416443
4,0.9000000000000001,38.78515671379153,2.6239223259326625
