,discretized_reward_proportion,interconnectivity_strength_mean,interconnectivity_strength_err
0,0.1,48.76036988296096,8.352894435121817
1,0.30000000000000004,8.678407183038646,5.872457692569678
2,0.5000000000000001,19.755272735307038,7.119574656120906
3,0.7000000000000001,0.21428571428571427,0.07754430690597276
4,0.9000000000000001,0.9545454545454546,0.044409473678108845
