,discretized_reward_proportion,interconnectivity_strength_mean,interconnectivity_strength_err
0,0.1,3.5269709869082115,0.12188401269500583
1,0.30000000000000004,3.976657146334844,0.27496365006403134
2,0.5000000000000001,5.818249532504976,0.3038651391093987
3,0.7000000000000001,5.1234125605433585,0.13314500020012393
4,0.9000000000000001,5.314344647321438,0.30012917921558535
