,discretized_reward_proportion,interconnectivity_strength_mean,interconnectivity_strength_err
0,0.1,6.258733872382379,0.8892623040011755
1,0.30000000000000004,11.893808742169321,2.6374727592678404
2,0.5000000000000001,27.03364457440542,4.902149524822847
3,0.7000000000000001,23.50295524555778,2.994116257889147
4,0.9000000000000001,12.52750773792184,0.8544319676162645
