,discretized_reward_proportion,interconnectivity_strength_mean,interconnectivity_strength_err
0,0.1,48.179806725184854,3.032432377027674
1,0.30000000000000004,26.94283780308576,2.826970129483606
2,0.5000000000000001,18.41305253544432,1.184768963747921
3,0.7000000000000001,24.81696919093401,3.6079681461153648
4,0.9000000000000001,78.29010949004304,6.689902268036017
