,discretized_reward_proportion,interconnectivity_strength_mean,interconnectivity_strength_err
0,0.1,62.75257510436371,9.106135573450507
1,0.30000000000000004,60.36375129429505,13.127288433644452
2,0.5000000000000001,54.699380133373324,11.175570122931013
3,0.7000000000000001,16.17570640781884,7.9956445246184895
4,0.9000000000000001,26.074913905242113,3.552882424099681
