,discretized_reward_proportion,interconnectivity_strength_mean,interconnectivity_strength_err
0,0.1,45.63442114012826,7.406383661721169
1,0.30000000000000004,18.68913548716009,1.6233424094658617
2,0.5000000000000001,35.1564794478914,6.864714119749672
3,0.7000000000000001,21.476174247599914,2.8852721626495383
4,0.9000000000000001,13.972869143032346,1.275794132951248
