,discretized_reward_proportion,interconnectivity_strength_mean,interconnectivity_strength_err
0,0.1,31.944924410573364,6.275893572401441
1,0.30000000000000004,29.38339700096353,5.608120548237375
2,0.5000000000000001,28.296939265381173,3.3820219025683422
3,0.7000000000000001,16.909374969279252,1.9947809564454673
4,0.9000000000000001,16.031008616468014,1.315990176570695
