,discretized_reward_proportion,interconnectivity_strength_mean,interconnectivity_strength_err
0,0.1,28.83509536842612,3.472340015245873
1,0.30000000000000004,18.410427646838453,3.11452800765457
2,0.5000000000000001,11.210469980493757,2.418101196408008
3,0.7000000000000001,8.277935287572381,1.318063719312886
4,0.9000000000000001,4.239886576519619,0.4515429872881179
