,discretized_reward_proportion,interconnectivity_strength_mean,interconnectivity_strength_err
0,0.1,12.509505490749588,0.9548476575506966
1,0.30000000000000004,10.49074271702373,0.7730368840665196
2,0.5000000000000001,9.215465894614336,0.43768993062869826
3,0.7000000000000001,9.961554929805224,0.5235168487264049
4,0.9000000000000001,8.726156365543849,0.2768175343156682
