,discretized_reward_proportion,interconnectivity_strength_mean,interconnectivity_strength_err
0,0.1,19.47882963251465,1.4426896421539115
1,0.30000000000000004,32.08518785706242,5.653304261933526
2,0.5000000000000001,21.867219054732477,2.4962527242402457
3,0.7000000000000001,29.092408449746387,6.593629349815634
4,0.9000000000000001,20.854904831696977,2.9909025430685343
