,discretized_reward_proportion,interconnectivity_strength_mean,interconnectivity_strength_err
0,0.1,34.229157960233536,4.401469143926247
1,0.30000000000000004,91.17493764899463,13.371356499402971
2,0.5000000000000001,59.23728403215246,9.343184183476279
3,0.7000000000000001,29.382026303448573,8.853778067309404
4,0.9000000000000001,9.171650366820344,4.063365420951832
