,discretized_reward_proportion,interconnectivity_strength_mean,interconnectivity_strength_err
0,0.1,6.869337864369045,0.49764524726213744
1,0.30000000000000004,7.957216154682974,0.494352208882249
2,0.5000000000000001,4.719719420155588,0.3858439840026223
3,0.7000000000000001,3.9560033875683636,0.13751826332725248
4,0.9000000000000001,4.549275756713216,0.2281260642173457
