,discretized_reward_proportion,interconnectivity_strength_mean,interconnectivity_strength_err
0,0.1,107.36147133170539,15.140569920563614
1,0.30000000000000004,59.698650100843786,11.847442110034127
2,0.5000000000000001,77.2857555399711,12.481059835696088
3,0.7000000000000001,55.269513365439344,5.323353339975664
4,0.9000000000000001,69.74213340735416,5.603199880125932
