,discretized_reward_proportion,interconnectivity_strength_mean,interconnectivity_strength_err
0,0.1,18.461011360670813,2.682124404587953
1,0.30000000000000004,16.546982243414057,3.7298986701185965
2,0.5000000000000001,15.096545506258627,3.91623375258684
3,0.7000000000000001,19.59734050282077,3.6525468232319773
4,0.9000000000000001,3.9718705057456107,0.8029183543952177
