,discretized_reward_proportion,interconnectivity_strength_mean,interconnectivity_strength_err
0,0.1,9.97813964532169,1.1416132261097607
1,0.30000000000000004,14.085873923592457,2.751287695957445
2,0.5000000000000001,2.7289157786690246,0.6457195886862411
3,0.7000000000000001,12.423136888109072,2.291199923194551
4,0.9000000000000001,6.621583562464161,1.666827566589683
