,discretized_reward_proportion,interconnectivity_strength_mean,interconnectivity_strength_err
0,0.1,7.091287572161451,0.2077168650820018
1,0.30000000000000004,6.1924826535941175,0.15487525032097726
2,0.5000000000000001,5.530114311253459,0.22913914048709855
3,0.7000000000000001,4.995743254282334,0.1551636688139692
4,0.9000000000000001,4.324596182313446,0.11594689145199386
