,discretized_reward_proportion,interconnectivity_strength_mean,interconnectivity_strength_err
0,0.1,7.473334018668205,2.26599494884279
1,0.30000000000000004,17.31928612784205,1.3810285984776582
2,0.5000000000000001,14.736049687469407,2.9403428520871726
3,0.7000000000000001,15.734617996670389,2.0241294773437106
4,0.9000000000000001,13.667867243011793,1.3879258714768195
