,discretized_reward_proportion,interconnectivity_strength_mean,interconnectivity_strength_err
0,0.1,15.10469878985535,0.8936295767565776
1,0.30000000000000004,14.219004135387022,0.8019131541085783
2,0.5000000000000001,12.767252721026146,0.8254182390288232
3,0.7000000000000001,12.123870047658047,0.41597181342420114
4,0.9000000000000001,12.231641244591433,0.34341305878604345
