,discretized_reward_proportion,interconnectivity_strength_mean,interconnectivity_strength_err
0,0.1,7.781340439637041,2.349691084176723
1,0.30000000000000004,5.270646048511553,1.8464759694222739
2,0.5000000000000001,3.4379022393103567,1.4114142421101223
3,0.7000000000000001,20.784840571046086,4.379484239562032
4,0.9000000000000001,23.34391006477856,3.6458613786996135
