,discretized_reward_proportion,interconnectivity_strength_mean,interconnectivity_strength_err
0,0.1,883.0294040386943,218.94089212931206
1,0.30000000000000004,48.11712420842845,6.7420883702395935
2,0.5000000000000001,29.4421153753224,3.8321717772050663
3,0.7000000000000001,41.542453251276854,11.807899493687575
4,0.9000000000000001,21.17093120601314,4.639654915780989
