,discretized_reward_proportion,interconnectivity_strength_mean,interconnectivity_strength_err
0,0.1,32.63647064820931,3.514052998595328
1,0.30000000000000004,25.00830836006642,3.5103351455239387
2,0.5000000000000001,33.09489097405709,5.495321623505894
3,0.7000000000000001,24.7026231682798,1.3244563125805484
4,0.9000000000000001,30.184771071709292,2.5800254495383332
