,discretized_reward_proportion,interconnectivity_strength_mean,interconnectivity_strength_err
0,0.1,23.74250478092039,4.547549360881163
1,0.30000000000000004,39.54378274422,7.748249695012863
2,0.5000000000000001,29.76549039892287,6.230940566128115
3,0.7000000000000001,9.228229028307249,2.4369199997110176
4,0.9000000000000001,6.2078743797791835,0.8207413276357669
