,discretized_reward_proportion,interconnectivity_strength_mean,interconnectivity_strength_err
0,0.1,58.023184875171665,3.2295151915049796
1,0.30000000000000004,34.3594261780304,4.361741381983572
2,0.5000000000000001,33.94946178449744,3.7638204715970365
3,0.7000000000000001,27.40860013472172,5.414211593718277
4,0.9000000000000001,11.037913186361259,2.3753189566423227
