,discretized_reward_proportion,interconnectivity_strength_mean,interconnectivity_strength_err
0,0.1,28.472118048898395,2.409850986619843
1,0.30000000000000004,26.442850415414227,3.4898285307044237
2,0.5000000000000001,31.711609714181705,4.779450262405383
3,0.7000000000000001,54.57051286753269,14.785337993901852
4,0.9000000000000001,,
