,discretized_reward_proportion,interconnectivity_strength_mean,interconnectivity_strength_err
0,0.1,3.4992881957881403,1.1020257237056696
1,0.30000000000000004,4.706101604549364,1.2916427806348223
2,0.5000000000000001,8.212612199992106,1.8338924911715035
3,0.7000000000000001,6.226562520101329,1.6034554135617147
4,0.9000000000000001,14.34137844443564,2.611730425711223
