,discretized_reward_proportion,interconnectivity_strength_mean,interconnectivity_strength_err
0,0.1,31.658205108790607,2.432294539212236
1,0.30000000000000004,28.610483443753363,3.4392458474565415
2,0.5000000000000001,20.93395972420181,1.3336746622346984
3,0.7000000000000001,24.214859221266156,2.916915124431584
4,0.9000000000000001,30.546081919801345,2.78715200259718
