,discretized_reward_proportion,interconnectivity_strength_mean,interconnectivity_strength_err
0,0.1,7.114505806755002,0.9776938206787594
1,0.30000000000000004,17.170477672725124,2.8514330074971523
2,0.5000000000000001,16.11401813496871,1.7646259676976812
3,0.7000000000000001,22.095252954640795,2.248126656883474
4,0.9000000000000001,17.823256153002152,1.7067348240088047
