,discretized_reward_proportion,interconnectivity_strength_mean,interconnectivity_strength_err
0,0.1,299.93668410916086,60.94675997351186
1,0.30000000000000004,147.13279291528013,44.909028444108536
2,0.5000000000000001,193.27469867796606,35.43983191169133
3,0.7000000000000001,82.6772379289526,16.993713402488627
4,0.9000000000000001,39.41166235541589,4.562011709129478
