,discretized_reward_proportion,interconnectivity_strength_mean,interconnectivity_strength_err
0,0.1,25.278240176182273,3.4752588501525024
1,0.30000000000000004,27.69373175413017,4.498066413298312
2,0.5000000000000001,36.729494543151056,5.254975868284819
3,0.7000000000000001,21.182844937781457,2.0950937672456003
4,0.9000000000000001,11.746602164977311,1.1320241783359302
