,discretized_reward_proportion,interconnectivity_strength_mean,interconnectivity_strength_err
0,0.1,77.3852090857075,9.605663050895947
1,0.30000000000000004,35.02179505738331,6.00916836233977
2,0.5000000000000001,20.04280370429262,3.287808531412973
3,0.7000000000000001,19.922704297864914,3.269007497087833
4,0.9000000000000001,26.683803513568613,4.647736112949639
