,discretized_reward_proportion,interconnectivity_strength_mean,interconnectivity_strength_err
0,0.1,182.7041883546327,41.51325608829823
1,0.30000000000000004,85.4355977786116,38.17043801542987
2,0.5000000000000001,43.82606315429101,26.226980443181567
3,0.7000000000000001,11.471321935535256,3.4758317580630074
4,0.9000000000000001,8.560297688431051,2.0606912675364804
