,discretized_reward_proportion,interconnectivity_strength_mean,interconnectivity_strength_err
0,0.1,26.676740290787574,0.940143814720355
1,0.30000000000000004,26.715270898603695,1.5153081597010991
2,0.5000000000000001,18.318535425940155,1.342792213233217
3,0.7000000000000001,18.47785663876049,2.679706619402999
4,0.9000000000000001,30.599448668720573,4.729174942897541
