,discretized_reward_proportion,interconnectivity_strength_mean,interconnectivity_strength_err
0,0.1,11.843136886529969,0.7274734197743737
1,0.30000000000000004,9.277740260620371,0.9150267837498778
2,0.5000000000000001,24.2405903580349,3.3652507319522105
3,0.7000000000000001,22.062074242572553,1.3764000735808988
4,0.9000000000000001,14.499211791611584,0.8443001062077878
