,discretized_reward_proportion,interconnectivity_strength_mean,interconnectivity_strength_err
0,0.1,25.408119871660755,3.5267854344104133
1,0.30000000000000004,22.523425258742087,2.7780084102239124
2,0.5000000000000001,18.46605207000306,1.9474402734267886
3,0.7000000000000001,23.60310743902233,1.6613252328109986
4,0.9000000000000001,7.904425620075995,1.2853673905835652
