,discretized_reward_proportion,interconnectivity_strength_mean,interconnectivity_strength_err
0,0.1,95.23478324665338,16.814561861421005
1,0.30000000000000004,71.317687008891,10.195225862983474
2,0.5000000000000001,33.823419604446606,6.116401604028197
3,0.7000000000000001,0.14814814814814814,0.04834296347518819
4,0.9000000000000001,0.0,0.0
