,discretized_reward_proportion,interconnectivity_strength_mean,interconnectivity_strength_err
0,0.1,4.252148871469107,0.4068917757101859
1,0.30000000000000004,4.997256727123447,0.2228576562282118
2,0.5000000000000001,5.607870820665429,0.2632790426580181
3,0.7000000000000001,5.990920607953837,0.1871876383293023
4,0.9000000000000001,6.297126977448529,0.2382311916886098
