,discretized_reward_proportion,interconnectivity_strength_mean,interconnectivity_strength_err
0,0.1,13.790792951477595,0.7066077024339902
1,0.30000000000000004,14.823088902456146,1.138155354922564
2,0.5000000000000001,45.68535981049904,17.038774827705762
3,0.7000000000000001,63.11624391477896,16.47208234820854
4,0.9000000000000001,48.27776511472327,7.6927020996992095
