,discretized_reward_proportion,interconnectivity_strength_mean,interconnectivity_strength_err
0,0.1,16.669760516438252,3.5327200162838466
1,0.30000000000000004,12.533289569683006,2.5232378053818323
2,0.5000000000000001,5.2283280242580075,2.0091755333720918
3,0.7000000000000001,9.791588431879907,6.657722852829163
4,0.9000000000000001,56.069234089776785,12.222517517584865
