,discretized_reward_proportion,interconnectivity_strength_mean,interconnectivity_strength_err
0,0.1,9.006421810688279,0.29785001124163196
1,0.30000000000000004,14.287860418348274,1.5408012955224586
2,0.5000000000000001,25.984219113816277,2.1407852772878524
3,0.7000000000000001,23.49965382805638,1.3166976990999768
4,0.9000000000000001,19.683058572545573,1.2722138956446392
