,discretized_reward_proportion,interconnectivity_strength_mean,interconnectivity_strength_err
0,0.1,5.975152352498846,0.12396529024215812
1,0.30000000000000004,6.7997947697024665,0.19002598324122572
2,0.5000000000000001,6.451638439624098,0.17258881049364713
3,0.7000000000000001,5.82241741183594,0.12380594224521944
4,0.9000000000000001,5.949067817660142,0.17610067885718128
