,discretized_reward_proportion,interconnectivity_strength_mean,interconnectivity_strength_err
0,0.1,8.333168549702943,0.6151131576580269
1,0.30000000000000004,7.666541493180346,1.054550748417266
2,0.5000000000000001,82.5193500381747,18.658800733519232
3,0.7000000000000001,22.36983442928351,7.452798702655081
4,0.9000000000000001,8.957197402640828,1.1196726645163564
