,discretized_reward_proportion,interconnectivity_strength_mean,interconnectivity_strength_err
0,0.1,39.884566439503295,15.619098523676653
1,0.30000000000000004,28.424649491704415,6.783549459139432
2,0.5000000000000001,18.94810047256875,3.038682681335799
3,0.7000000000000001,21.111860407002833,3.706062597705852
4,0.9000000000000001,17.513015815976104,2.973116989854194
