,discretized_reward_proportion,interconnectivity_strength_mean,interconnectivity_strength_err
0,0.1,22.376096604455217,1.8217077443681673
1,0.30000000000000004,24.868399241814526,2.4034150661651146
2,0.5000000000000001,36.10760428271887,3.060203960139515
3,0.7000000000000001,37.71083375180072,3.804307609477189
4,0.9000000000000001,33.177943328798314,1.9846961380309578
