,discretized_reward_proportion,interconnectivity_strength_mean,interconnectivity_strength_err
0,0.1,10.479372554613162,0.7736952669434659
1,0.30000000000000004,9.577213579216188,0.37392066696293846
2,0.5000000000000001,11.027067305062147,0.3672043277197424
3,0.7000000000000001,12.184405056634018,0.3767475740358013
4,0.9000000000000001,12.718952316445641,0.38071708408824584
