,discretized_reward_proportion,interconnectivity_strength_mean,interconnectivity_strength_err
0,0.1,21.890597925346214,1.953581097334652
1,0.30000000000000004,27.010761743030148,3.4037661218301776
2,0.5000000000000001,41.819147926492356,4.59703094239966
3,0.7000000000000001,35.47917222261727,2.4384022950797357
4,0.9000000000000001,43.57845379845251,1.8792980874741023
