,discretized_reward_proportion,interconnectivity_strength_mean,interconnectivity_strength_err
0,0.1,4.807166147052985,0.10581016116398627
1,0.30000000000000004,4.880688844800818,0.26750245016852126
2,0.5000000000000001,7.11990165795349,0.29521969501544804
3,0.7000000000000001,6.474837646810121,0.15692717466854553
4,0.9000000000000001,6.208456060016443,0.16324882609215302
