,discretized_reward_proportion,interconnectivity_strength_mean,interconnectivity_strength_err
0,0.1,183.5369244368709,31.452525112214914
1,0.30000000000000004,67.57800196020337,11.611783775643667
2,0.5000000000000001,101.50212328419481,23.522776950439564
3,0.7000000000000001,1.4008024816625082,0.5903500014939668
4,0.9000000000000001,7.029065238815064,2.6088582335801282
