,discretized_reward_proportion,interconnectivity_strength_mean,interconnectivity_strength_err
0,0.1,9.087536086098739,0.41360584237279985
1,0.30000000000000004,10.075393453438965,0.5182687617880686
2,0.5000000000000001,10.254304606846759,0.4374624744833526
3,0.7000000000000001,14.992647607775849,0.8284179801555877
4,0.9000000000000001,14.083475995725019,0.8421646351427282
