,discretized_reward_proportion,interconnectivity_strength_mean,interconnectivity_strength_err
0,0.1,31.635347195899573,4.180881833953348
1,0.30000000000000004,30.94205329058574,4.288600465203018
2,0.5000000000000001,20.65485008680651,1.7214472607361009
3,0.7000000000000001,12.151481732932151,0.830406477189183
4,0.9000000000000001,9.868526313919773,0.6103023593901488
