,discretized_reward_proportion,interconnectivity_strength_mean,interconnectivity_strength_err
0,0.1,14.581962359318101,0.6152458218853
1,0.30000000000000004,11.956952860966839,0.9609549712242015
2,0.5000000000000001,8.3172252471603,0.33564025039141904
3,0.7000000000000001,8.125567067598721,0.23191937909943774
4,0.9000000000000001,9.009604494580321,0.24045467769606815
