,discretized_reward_proportion,interconnectivity_strength_mean,interconnectivity_strength_err
0,0.1,8.578281642596894,1.8889216615963857
1,0.30000000000000004,12.244483309026515,1.2903960479501186
2,0.5000000000000001,8.998807932735769,1.0061748277340654
3,0.7000000000000001,7.563828917022571,0.6247956392409538
4,0.9000000000000001,6.915811430272341,0.5613656378180455
