,discretized_reward_proportion,interconnectivity_strength_mean,interconnectivity_strength_err
0,0.1,10.521767540575135,3.440799681732898
1,0.30000000000000004,23.205250826065804,3.9551316785122346
2,0.5000000000000001,37.94338606470942,7.933777814694012
3,0.7000000000000001,0.0,0.0
4,0.9000000000000001,0.0,0.0
