,discretized_reward_proportion,interconnectivity_strength_mean,interconnectivity_strength_err
0,0.1,79.65861190107054,10.820778402198403
1,0.30000000000000004,38.19983572607013,3.2311436956611503
2,0.5000000000000001,22.836265752466286,1.454663647672633
3,0.7000000000000001,26.389791423767733,2.8677220005059487
4,0.9000000000000001,26.626164278989364,2.557891449913499
