,discretized_reward_proportion,interconnectivity_strength_mean,interconnectivity_strength_err
0,0.1,16.64027701731751,1.7764436298601882
1,0.30000000000000004,13.193247687234413,1.6597778432406658
2,0.5000000000000001,8.942207389169836,2.801510549221358
3,0.7000000000000001,15.476182220004514,1.8545904623279412
4,0.9000000000000001,13.775956588256015,0.7732987538437224
