,discretized_reward_proportion,interconnectivity_strength_mean,interconnectivity_strength_err
0,0.1,178.54437869866715,31.831983283266098
1,0.30000000000000004,132.11913248462056,38.77198568467309
2,0.5000000000000001,102.97790675336688,26.635647761894916
3,0.7000000000000001,208.20736017737255,23.00357615237897
4,0.9000000000000001,136.30045902543426,22.18572743128927
