,discretized_reward_proportion,interconnectivity_strength_mean,interconnectivity_strength_err
0,0.1,21.743453788519545,4.6107599197495714
1,0.30000000000000004,41.81750843706237,7.6666417041101305
2,0.5000000000000001,26.277384821833603,8.289963216950522
3,0.7000000000000001,30.34059431944796,4.344413521464704
4,0.9000000000000001,15.243611325189883,1.3812451053004007
