,discretized_reward_proportion,interconnectivity_strength_mean,interconnectivity_strength_err
0,0.1,10.539309565621277,2.765116175946481
1,0.30000000000000004,3.2022971063522294,1.319755806234481
2,0.5000000000000001,2.8350131137070775,1.3092543372114682
3,0.7000000000000001,1.3799790656070408,0.4718934096350232
4,0.9000000000000001,0.45871559633027525,0.047727782958986685
