,discretized_reward_proportion,interconnectivity_strength_mean,interconnectivity_strength_err
0,0.1,3.3693200130782865,0.8957336237465856
1,0.30000000000000004,11.502090704366042,2.874796361431498
2,0.5000000000000001,5.400047777063075,2.125953939309895
3,0.7000000000000001,3.3871567915676595,0.18868050897692248
4,0.9000000000000001,4.098565035580986,1.024969381682561
