,discretized_reward_proportion,interconnectivity_strength_mean,interconnectivity_strength_err
0,0.1,2.0573959493399236,1.4066583911732105
1,0.30000000000000004,10.103861179147183,2.4546218925417307
2,0.5000000000000001,9.144219850850394,3.512436583917877
3,0.7000000000000001,103.04460361098275,23.749065774457776
4,0.9000000000000001,49.49713109636931,13.27810241216073
