,discretized_reward_proportion,interconnectivity_strength_mean,interconnectivity_strength_err
0,0.1,17.620449509058165,1.3042758989234042
1,0.30000000000000004,11.989103589555807,1.4458436170134088
2,0.5000000000000001,9.863935477978355,0.4456574190035755
3,0.7000000000000001,10.296795053000015,0.4280888370698629
4,0.9000000000000001,11.87984213959786,0.5274902823442044
