,discretized_reward_proportion,interconnectivity_strength_mean,interconnectivity_strength_err
0,0.1,36.63561990810635,3.7781503218584622
1,0.30000000000000004,32.44736898917134,2.151372202251729
2,0.5000000000000001,22.383162060995826,1.9743706080360393
3,0.7000000000000001,22.73913561548423,2.38710842657346
4,0.9000000000000001,18.618041757369458,2.487676425151291
