,discretized_reward_proportion,interconnectivity_strength_mean,interconnectivity_strength_err
0,0.1,16.222077449007585,2.9947243059369892
1,0.30000000000000004,17.153303218300685,3.1172685589465243
2,0.5000000000000001,13.386219070079624,2.034543779626768
3,0.7000000000000001,11.099564841766261,0.5491520355926822
4,0.9000000000000001,10.829815389564057,0.5991985308366827
