,discretized_reward_proportion,interconnectivity_strength_mean,interconnectivity_strength_err
0,0.1,18.626271938897503,0.9782138753002501
1,0.30000000000000004,19.547862231359478,1.6141553079497255
2,0.5000000000000001,20.94953686559602,1.7518995502678574
3,0.7000000000000001,17.88402117401378,2.7825415978371026
4,0.9000000000000001,31.44173179812685,2.565834354508123
