,discretized_reward_proportion,interconnectivity_strength_mean,interconnectivity_strength_err
0,0.1,4.3793350656690535,0.20658193812619405
1,0.30000000000000004,5.123238590020963,0.3318560628863199
2,0.5000000000000001,6.2915659032252,0.3451374270624578
3,0.7000000000000001,6.055371222747918,0.18915427085164066
4,0.9000000000000001,5.247614991117066,0.17909353780498014
