,discretized_reward_proportion,interconnectivity_strength_mean,interconnectivity_strength_err
0,0.1,64.94399182134768,3.9582662550826635
1,0.30000000000000004,73.91837234018352,5.168298121393661
2,0.5000000000000001,46.92209270684444,6.876042545658691
3,0.7000000000000001,22.32152255915514,4.627695963676764
4,0.9000000000000001,14.800234037483115,3.9615567866434045
