,discretized_reward_proportion,interconnectivity_strength_mean,interconnectivity_strength_err
0,0.1,8.501627677310841,0.39354530417431066
1,0.30000000000000004,6.787991005011741,0.31155105069548716
2,0.5000000000000001,5.5221024044412985,0.3690953106941894
3,0.7000000000000001,4.236076573120412,0.13753459717684594
4,0.9000000000000001,3.8822951956459173,0.07338028632077898
