,discretized_reward_proportion,interconnectivity_strength_mean,interconnectivity_strength_err
0,0.1,75.13662293896317,8.806305966189884
1,0.30000000000000004,47.182280180145085,7.978961763774727
2,0.5000000000000001,18.136069406266763,3.021807577149136
3,0.7000000000000001,17.62578219869136,3.4475147429681083
4,0.9000000000000001,14.435019808955639,0.8486291776469349
