,discretized_reward_proportion,interconnectivity_strength_mean,interconnectivity_strength_err
0,0.1,11.443017712369128,1.2620502742123534
1,0.30000000000000004,27.395783996399704,4.053944985630313
2,0.5000000000000001,36.24877898544167,5.324043784856085
3,0.7000000000000001,59.75575657140504,4.996880792134153
4,0.9000000000000001,86.0571592635,9.537389140414033
