,discretized_reward_proportion,interconnectivity_strength_mean,interconnectivity_strength_err
0,0.1,83.46694723712355,12.536409622388929
1,0.30000000000000004,25.46611782013466,5.759996956860354
2,0.5000000000000001,20.908628294723414,4.660606710342158
3,0.7000000000000001,15.24061475139097,1.6891772064908246
4,0.9000000000000001,12.66507829513272,1.4989750643175332
