,discretized_reward_proportion,interconnectivity_strength_mean,interconnectivity_strength_err
0,0.1,12.65275955563031,1.6150759797663077
1,0.30000000000000004,12.470848773801919,1.5371546373136338
2,0.5000000000000001,13.10331228592038,1.8771202682975754
3,0.7000000000000001,12.828718082549427,1.1622672779504806
4,0.9000000000000001,16.752439786114657,1.3338078728738034
