,discretized_reward_proportion,interconnectivity_strength_mean,interconnectivity_strength_err
0,0.1,11.323378649390033,2.1039770619079334
1,0.30000000000000004,24.20347506206228,2.5374145123220373
2,0.5000000000000001,11.629270186737802,1.2283564789947419
3,0.7000000000000001,10.417783765342646,0.8114048787164857
4,0.9000000000000001,12.564383798794902,0.9169558720599026
