,discretized_reward_proportion,interconnectivity_strength_mean,interconnectivity_strength_err
0,0.1,116.25551914341027,25.86539976364089
1,0.30000000000000004,44.09217707274993,14.136433224837337
2,0.5000000000000001,38.801927503003355,9.387953824363052
3,0.7000000000000001,68.80406132495331,11.31586073117085
4,0.9000000000000001,45.22136998381099,7.2968404424630195
