,discretized_reward_proportion,interconnectivity_strength_mean,interconnectivity_strength_err
0,0.1,12.931552897796466,0.578035129060518
1,0.30000000000000004,12.11952956537987,0.7120044249557101
2,0.5000000000000001,9.525875549118318,0.5385985996173879
3,0.7000000000000001,9.485944347947479,0.5896004364084696
4,0.9000000000000001,6.856332580080556,0.467157151600133
