,discretized_reward_proportion,interconnectivity_strength_mean,interconnectivity_strength_err
0,0.1,0.0,0.0
1,0.30000000000000004,0.0,0.0
2,0.5000000000000001,4.818864837490749,4.664948616499636
3,0.7000000000000001,27.800834185857912,9.416720614828167
4,0.9000000000000001,31.950256694094147,8.79158396988477
