,discretized_reward_proportion,interconnectivity_strength_mean,interconnectivity_strength_err
0,0.1,24.81113121805334,1.1276704263127397
1,0.30000000000000004,21.449199503455244,1.8848754795998244
2,0.5000000000000001,11.43099474496378,1.134809916595174
3,0.7000000000000001,28.523256681907608,3.279134449892929
4,0.9000000000000001,23.35649041736258,2.9946660927611033
