,discretized_reward_proportion,interconnectivity_strength_mean,interconnectivity_strength_err
0,0.1,19.117570969062243,1.8003139918857085
1,0.30000000000000004,19.609587313513256,2.734367709763361
2,0.5000000000000001,23.264017051668837,3.4242796331216065
3,0.7000000000000001,21.325459879675275,1.679761102971302
4,0.9000000000000001,18.454097242767695,1.106237294217068
