,discretized_reward_proportion,interconnectivity_strength_mean,interconnectivity_strength_err
0,0.1,13.794890957420757,0.41791924534846153
1,0.30000000000000004,10.462127055600618,0.3631579568132695
2,0.5000000000000001,9.721440036250463,0.2501633955559892
3,0.7000000000000001,9.821339506524739,0.6474245410704015
4,0.9000000000000001,10.066854260530755,0.4531774502915557
