,discretized_reward_proportion,interconnectivity_strength_mean,interconnectivity_strength_err
0,0.1,39.74267214657877,2.2919195222987097
1,0.30000000000000004,39.9417848997828,6.983231681280384
2,0.5000000000000001,45.748509787835765,7.052643121564259
3,0.7000000000000001,38.2265057316747,9.20268299118163
4,0.9000000000000001,30.401972231645185,4.312212820976802
