,discretized_reward_proportion,interconnectivity_strength_mean,interconnectivity_strength_err
0,0.1,9.433748542568594,4.459187751422618
1,0.30000000000000004,52.27016231917034,7.800224945438144
2,0.5000000000000001,12.245492556551145,4.00668314750616
3,0.7000000000000001,19.401940066529857,2.2485627094012144
4,0.9000000000000001,28.17138415699745,2.347454519101538
