,discretized_reward_proportion,interconnectivity_strength_mean,interconnectivity_strength_err
0,0.1,7.695829153432705,2.0189809692760448
1,0.30000000000000004,22.792058300499157,3.4146517550746114
2,0.5000000000000001,11.457106663261317,3.1564987221871443
3,0.7000000000000001,15.425041349088751,2.721365233820273
4,0.9000000000000001,12.004224070295068,1.8261016995839583
