,discretized_reward_proportion,interconnectivity_strength_mean,interconnectivity_strength_err
0,0.1,16.618134121096176,2.975134340292625
1,0.30000000000000004,9.736015270691837,1.0685662073719708
2,0.5000000000000001,6.38917175660574,0.7766079301032633
3,0.7000000000000001,4.9870514148868805,0.2302206557263859
4,0.9000000000000001,6.698297979747839,0.4110736098894596
