,discretized_reward_proportion,interconnectivity_strength_mean,interconnectivity_strength_err
0,0.1,16.39258821816955,0.5805048360056789
1,0.30000000000000004,19.494317582033663,1.0084035003384153
2,0.5000000000000001,11.576886057304776,0.6228722900508024
3,0.7000000000000001,9.406675327107278,0.25801753166129054
4,0.9000000000000001,8.879273459338187,0.19941667025435472
