,discretized_reward_proportion,interconnectivity_strength_mean,interconnectivity_strength_err
0,0.1,13.67473718968445,0.8654068862311569
1,0.30000000000000004,22.282393380241306,2.244918781535053
2,0.5000000000000001,23.381763361560417,1.9409500466808127
3,0.7000000000000001,16.25477355037827,0.8794662154273786
4,0.9000000000000001,11.617573481854986,0.4025635305744179
