,discretized_reward_proportion,interconnectivity_strength_mean,interconnectivity_strength_err
0,0.1,14.388439585704006,0.7201042625141963
1,0.30000000000000004,12.843033789856323,0.7080460999055724
2,0.5000000000000001,7.901688161014265,0.4619519133879364
3,0.7000000000000001,6.590529391960831,0.2510212771578387
4,0.9000000000000001,6.618433415162624,0.21583034157878617
