,discretized_reward_proportion,interconnectivity_strength_mean,interconnectivity_strength_err
0,0.1,36.23839524855111,2.5277395499271553
1,0.30000000000000004,15.539057563563393,3.132442673325718
2,0.5000000000000001,8.429443886838609,0.42926437776528464
3,0.7000000000000001,10.018258311353637,0.49270111059073435
4,0.9000000000000001,8.689277726776085,0.5313063514132034
