,discretized_reward_proportion,interconnectivity_strength_mean,interconnectivity_strength_err
0,0.1,16.21435957318171,1.472521804818113
1,0.30000000000000004,17.010257571748863,1.5603131120314226
2,0.5000000000000001,33.57537530710519,5.533784957635813
3,0.7000000000000001,38.43765608182373,4.611025803975664
4,0.9000000000000001,82.78436127289254,13.685509377181187
