,discretized_reward_proportion,interconnectivity_strength_mean,interconnectivity_strength_err
0,0.1,10.117838507831548,2.1760565386301214
1,0.30000000000000004,5.747579542833121,1.479032524656612
2,0.5000000000000001,14.619743220886862,3.020628668669927
3,0.7000000000000001,0.8287826455263188,0.5270562865570823
4,0.9000000000000001,0.25,0.15309310892394862
