,discretized_reward_proportion,interconnectivity_strength_mean,interconnectivity_strength_err
0,0.1,8.92820619601469,0.6023290454394677
1,0.30000000000000004,8.030003479077445,0.599445860833935
2,0.5000000000000001,10.722279346407177,0.662173561297502
3,0.7000000000000001,10.44669772802834,0.46326632667171497
4,0.9000000000000001,11.973083871318737,0.5678512158768849
