,discretized_reward_proportion,interconnectivity_strength_mean,interconnectivity_strength_err
0,0.1,2.8772692512905484,0.7713225633530411
1,0.30000000000000004,7.834822674496362,1.8062819844637135
2,0.5000000000000001,8.467669101626157,1.9082960903249773
3,0.7000000000000001,10.972019485574943,3.7958343678739777
4,0.9000000000000001,36.239566531269396,5.63558847439445
