,discretized_reward_proportion,interconnectivity_strength_mean,interconnectivity_strength_err
0,0.1,16.026160031675083,2.0278947392874866
1,0.30000000000000004,11.657583814527305,1.832525727608375
2,0.5000000000000001,33.668549187273655,9.085575276640599
3,0.7000000000000001,79.02904124777683,29.19704442281124
4,0.9000000000000001,190.58302216912492,45.239976706142045
