,discretized_reward_proportion,interconnectivity_strength_mean,interconnectivity_strength_err
0,0.1,35.97608824724977,2.67792341586085
1,0.30000000000000004,21.745200387531927,3.9742781457823346
2,0.5000000000000001,41.176763519033265,7.562648567216808
3,0.7000000000000001,18.691383325631612,1.1971058805814265
4,0.9000000000000001,27.13105582668426,2.481776577271327
