,discretized_reward_proportion,interconnectivity_strength_mean,interconnectivity_strength_err
0,0.1,5.397610548126951,5.024858380662811
1,0.30000000000000004,27.294110634600727,18.830232169630094
2,0.5000000000000001,78.48441441761449,33.57645911644237
3,0.7000000000000001,115.28918739132881,63.02609073267197
4,0.9000000000000001,768.765188484159,191.7671933928057
