,discretized_reward_proportion,interconnectivity_strength_mean,interconnectivity_strength_err
0,0.1,42.20845564122365,4.536133480307914
1,0.30000000000000004,37.31225310967434,2.949008559765623
2,0.5000000000000001,41.824529335163696,3.6857743249316237
3,0.7000000000000001,41.87303207211765,5.009598596946316
4,0.9000000000000001,34.667040705027524,3.6986842455050444
