,discretized_reward_proportion,interconnectivity_strength_mean,interconnectivity_strength_err
0,0.1,37.95790860120043,1.935273207825009
1,0.30000000000000004,38.53489088544351,6.255308898647709
2,0.5000000000000001,16.10722591441499,1.2230477265704176
3,0.7000000000000001,18.34251684301461,1.7319792891491217
4,0.9000000000000001,32.227545656889724,2.1144641552002144
