,discretized_reward_proportion,interconnectivity_strength_mean,interconnectivity_strength_err
0,0.1,17.381012004365463,0.5309067115830293
1,0.30000000000000004,15.047777334696168,0.4810604828412793
2,0.5000000000000001,14.912455763832543,0.7739917342064543
3,0.7000000000000001,23.311238097590252,2.1783481002918235
4,0.9000000000000001,12.24667519389445,0.5930781042750779
