,discretized_reward_proportion,interconnectivity_strength_mean,interconnectivity_strength_err
0,0.1,37.71306932272398,6.251550737967233
1,0.30000000000000004,16.970759043623556,2.985305624295225
2,0.5000000000000001,10.403043939886373,1.3785476117808528
3,0.7000000000000001,7.377318515846265,0.6539141455290428
4,0.9000000000000001,14.21367613333332,1.3752437855287882
