,discretized_reward_proportion,interconnectivity_strength_mean,interconnectivity_strength_err
0,0.1,31.288514956525756,6.738049264371298
1,0.30000000000000004,68.07091667121101,16.630244027365762
2,0.5000000000000001,53.764113480394656,11.48054472059932
3,0.7000000000000001,14.687183368117307,1.5001589737159045
4,0.9000000000000001,7.682376775046136,1.0739323950162376
