,discretized_reward_proportion,interconnectivity_strength_mean,interconnectivity_strength_err
0,0.1,9.863522637479575,0.45634591245977685
1,0.30000000000000004,13.303204196231073,0.7673452016065556
2,0.5000000000000001,18.477603481377397,1.0864296434094989
3,0.7000000000000001,17.196016833338135,0.8214938503456163
4,0.9000000000000001,13.997640583075256,0.7056730788887944
