,discretized_reward_proportion,interconnectivity_strength_mean,interconnectivity_strength_err
0,0.1,0.44,0.09927738916792686
1,0.30000000000000004,0.3,0.08366600265340754
2,0.5000000000000001,2.7453915896798478,1.1018311889374823
3,0.7000000000000001,11.379933553812426,2.6772681672359644
4,0.9000000000000001,6.753470965350176,1.122788939109815
