,discretized_reward_proportion,interconnectivity_strength_mean,interconnectivity_strength_err
0,0.1,177.5706730578007,16.17044779948566
1,0.30000000000000004,73.70691676276361,15.189697578450446
2,0.5000000000000001,6.3138936469509535,2.272207577840024
3,0.7000000000000001,15.418997377848916,4.241026959006647
4,0.9000000000000001,38.653448647630256,2.765471043923707
