,discretized_reward_proportion,interconnectivity_strength_mean,interconnectivity_strength_err
0,0.1,17.544657401423912,2.1111357185256017
1,0.30000000000000004,18.420345240050835,1.1972956592447623
2,0.5000000000000001,17.677577379522486,1.396847790291899
3,0.7000000000000001,16.173301319601475,1.9961328274551193
4,0.9000000000000001,8.547387574311356,2.7644579187394536
