,discretized_reward_proportion,interconnectivity_strength_mean,interconnectivity_strength_err
0,0.1,0.22093023255813954,0.04473696573850024
1,0.30000000000000004,0.2717391304347826,0.046379457529278176
2,0.5000000000000001,0.3902439024390244,0.07618232287249076
3,0.7000000000000001,0.42,0.06979971346646059
4,0.9000000000000001,0.1527777777777778,0.042399673805588435
