,discretized_reward_proportion,interconnectivity_strength_mean,interconnectivity_strength_err
0,0.1,42.89037645141909,9.832430627050734
1,0.30000000000000004,99.46389177279057,19.530098484878796
2,0.5000000000000001,28.54614880854466,4.219103073861289
3,0.7000000000000001,49.472287233895784,5.8285877801708645
4,0.9000000000000001,7.1249193348018744,1.8471578915043785
