,discretized_reward_proportion,interconnectivity_strength_mean,interconnectivity_strength_err
0,0.1,20.23989867089303,1.4416023990388476
1,0.30000000000000004,23.23601155437054,1.650640019434468
2,0.5000000000000001,21.383473300626832,2.380075409478153
3,0.7000000000000001,25.582019475742165,2.2271467803175717
4,0.9000000000000001,13.335230039441564,1.3454978962682802
