,discretized_reward_proportion,interconnectivity_strength_mean,interconnectivity_strength_err
0,0.1,28.27828651171515,4.3167874616319954
1,0.30000000000000004,45.7476959211046,5.669303918595602
2,0.5000000000000001,54.914920701078195,8.417248354499664
3,0.7000000000000001,31.66599438957404,6.840186635695494
4,0.9000000000000001,22.184007591471477,4.51882161914892
