,discretized_reward_proportion,interconnectivity_strength_mean,interconnectivity_strength_err
0,0.1,19.75082670234663,1.7006681252858988
1,0.30000000000000004,19.51146521250798,1.3938101253958366
2,0.5000000000000001,17.890665989480663,2.227243104282536
3,0.7000000000000001,19.30390157272219,2.0673338892921014
4,0.9000000000000001,20.891644729389093,1.726110336483964
