,discretized_reward_proportion,interconnectivity_strength_mean,interconnectivity_strength_err
0,0.1,15.279739355357615,2.41719213293462
1,0.30000000000000004,14.295538847879751,1.686284705408799
2,0.5000000000000001,21.262997088301983,1.2711052247681238
3,0.7000000000000001,20.229436552795995,1.2126969740270714
4,0.9000000000000001,20.7056884408018,1.5841089279313478
