,discretized_reward_proportion,interconnectivity_strength_mean,interconnectivity_strength_err
0,0.1,66.63028487950666,8.572671923963812
1,0.30000000000000004,22.505943612213493,3.8087606053404683
2,0.5000000000000001,26.49337691320819,4.246698248739427
3,0.7000000000000001,21.204913185114542,5.91501453784609
4,0.9000000000000001,9.25344369091542,1.4596865212316765
