,discretized_reward_proportion,interconnectivity_strength_mean,interconnectivity_strength_err
0,0.1,11.963636618533716,0.43459368992448694
1,0.30000000000000004,11.872480592422876,0.4558933069342205
2,0.5000000000000001,11.295955007594356,0.8076255807701374
3,0.7000000000000001,11.209226210554197,0.7406393981370805
4,0.9000000000000001,8.785040415018464,0.471708615311548
