,discretized_reward_proportion,interconnectivity_strength_mean,interconnectivity_strength_err
0,0.1,18.783088961462642,0.9874575260762648
1,0.30000000000000004,26.43528085600801,1.7115097014375609
2,0.5000000000000001,21.409606865020503,2.4761444617919257
3,0.7000000000000001,18.648441023072422,3.597299732169264
4,0.9000000000000001,5.002242781185221,1.6908305309278022
