,discretized_reward_proportion,interconnectivity_strength_mean,interconnectivity_strength_err
0,0.1,34.22391140384504,6.748522083457547
1,0.30000000000000004,166.5082950470596,48.69259877335867
2,0.5000000000000001,56.8153430079974,12.4804431131337
3,0.7000000000000001,39.8647596380619,7.199036712636043
4,0.9000000000000001,13.556664288969747,2.1481802493247026
