,discretized_reward_proportion,interconnectivity_strength_mean,interconnectivity_strength_err
0,0.1,13.203769315636109,0.882774174518604
1,0.30000000000000004,13.857356552475272,2.3201219347433093
2,0.5000000000000001,6.048974634328134,1.4993253564514593
3,0.7000000000000001,8.868271353887659,1.5673971505581623
4,0.9000000000000001,3.5851926667522656,0.8857958182920714
