,discretized_reward_proportion,interconnectivity_strength_mean,interconnectivity_strength_err
0,0.1,9.81655012868831,5.499047024810161
1,0.30000000000000004,17.73071985548104,4.0598104549919976
2,0.5000000000000001,32.18416940578205,6.982453008142493
3,0.7000000000000001,17.494799545587853,2.999939886554277
4,0.9000000000000001,15.925625883755043,2.7518098297079026
