,discretized_reward_proportion,interconnectivity_strength_mean,interconnectivity_strength_err
0,0.1,110.98156129086512,6.502349532662168
1,0.30000000000000004,90.75984920609227,10.903991441053
2,0.5000000000000001,91.63456191246246,10.899698995128384
3,0.7000000000000001,66.63279400779399,12.524015788742688
4,0.9000000000000001,70.44004215958428,6.326313190418958
