,discretized_reward_proportion,interconnectivity_strength_mean,interconnectivity_strength_err
0,0.1,4.4215429497291,0.20683813935829332
1,0.30000000000000004,11.907294543732155,2.4095118785859357
2,0.5000000000000001,10.33885365074521,1.3199819799610661
3,0.7000000000000001,17.914729839807894,1.6888028366525847
4,0.9000000000000001,12.915373801160934,1.4241134441898995
