,discretized_reward_proportion,interconnectivity_strength_mean,interconnectivity_strength_err
0,0.1,10.510943808682102,0.7933415142749798
1,0.30000000000000004,22.38086026038774,4.678984195186288
2,0.5000000000000001,31.315599852687864,6.597064350448228
3,0.7000000000000001,8.694604784982912,0.3607681804612123
4,0.9000000000000001,10.590056019000505,1.0397564651135578
