,discretized_reward_proportion,interconnectivity_strength_mean,interconnectivity_strength_err
0,0.1,10.874443418391014,1.8877704850246644
1,0.30000000000000004,32.75345117513211,5.195206088225452
2,0.5000000000000001,15.584786636306353,4.164799961635864
3,0.7000000000000001,18.586810276072335,6.180057940359653
4,0.9000000000000001,10.736935620459189,2.5160661958295414
