,discretized_reward_proportion,interconnectivity_strength_mean,interconnectivity_strength_err
0,0.1,19.703786016779144,1.2557869441692349
1,0.30000000000000004,15.7148663750981,1.0740758781888102
2,0.5000000000000001,10.18063050336076,0.4527260179535451
3,0.7000000000000001,11.538012876379367,0.31794472167831217
4,0.9000000000000001,11.03664374207436,0.43912449110744384
