,discretized_reward_proportion,interconnectivity_strength_mean,interconnectivity_strength_err
0,0.1,21.030597244112382,3.318710330613336
1,0.30000000000000004,13.978749866427005,1.0355114981443323
2,0.5000000000000001,11.906267786535997,0.9454212079056312
3,0.7000000000000001,10.55280085238644,0.7625358302602444
4,0.9000000000000001,11.790916735963034,0.7069456860060943
