,discretized_reward_proportion,interconnectivity_strength_mean,interconnectivity_strength_err
0,0.1,30.285824544875204,12.688037504639228
1,0.30000000000000004,20.640651382203078,6.459209901593745
2,0.5000000000000001,17.726059229469534,3.410174416172295
3,0.7000000000000001,23.546058657311022,6.060195896412677
4,0.9000000000000001,33.222204915894515,4.491908743548513
