,discretized_reward_proportion,interconnectivity_strength_mean,interconnectivity_strength_err
0,0.1,1.1518672117091937,1.0141114203980057
1,0.30000000000000004,3.764631302904636,2.628089015950856
2,0.5000000000000001,3.977692187388859,2.9014922471759568
3,0.7000000000000001,19.854406712207854,7.521514157832831
4,0.9000000000000001,12.30362836831945,3.9040498622673656
