,discretized_reward_proportion,interconnectivity_strength_mean,interconnectivity_strength_err
0,0.1,63.37346365097061,5.7544496005172405
1,0.30000000000000004,64.10491692879867,7.299426574421097
2,0.5000000000000001,35.99459431262192,7.0118570954153645
3,0.7000000000000001,41.640589978638495,7.293088977696099
4,0.9000000000000001,68.75910168229548,7.142850594829883
