,discretized_reward_proportion,interconnectivity_strength_mean,interconnectivity_strength_err
0,0.1,4.067499909183422,1.411862540417939
1,0.30000000000000004,11.054835048420188,1.6622443459744174
2,0.5000000000000001,11.501848880093686,1.0910888409318418
3,0.7000000000000001,14.364035798239486,1.2385749284100245
4,0.9000000000000001,11.540530583335551,0.8395986507685843
