,discretized_reward_proportion,interconnectivity_strength_mean,interconnectivity_strength_err
0,0.1,70.47713095534564,5.053867593336729
1,0.30000000000000004,58.28880298404202,5.122283077433377
2,0.5000000000000001,46.717531793093315,6.162177257803201
3,0.7000000000000001,93.04632199786028,14.14947465276618
4,0.9000000000000001,23.089410324086877,7.228997729414958
