,discretized_reward_proportion,interconnectivity_strength_mean,interconnectivity_strength_err
0,0.1,6.350487699750858,0.4215398841221374
1,0.30000000000000004,11.681277521360665,1.1112468138699314
2,0.5000000000000001,10.725869463199423,1.038211842052912
3,0.7000000000000001,14.069310329199046,0.766619172059561
4,0.9000000000000001,18.382410825288098,1.444591136653586
