,discretized_reward_proportion,interconnectivity_strength_mean,interconnectivity_strength_err
0,0.1,19.603013194537898,0.7504979240483347
1,0.30000000000000004,14.691921417379987,2.06409701673427
2,0.5000000000000001,23.87097486364291,3.6211057492372776
3,0.7000000000000001,21.347455058767398,4.4382862554437965
4,0.9000000000000001,17.800120484589794,1.4687286478596215
