,discretized_reward_proportion,interconnectivity_strength_mean,interconnectivity_strength_err
0,0.1,35.26682377697908,4.785476291948512
1,0.30000000000000004,54.998029250448496,6.028142902172407
2,0.5000000000000001,48.7249840056961,11.5691231748415
3,0.7000000000000001,58.222623398465494,12.87291852221518
4,0.9000000000000001,44.48240015980376,3.799150044228468
