,discretized_reward_proportion,interconnectivity_strength_mean,interconnectivity_strength_err
0,0.1,7.170798508680631,0.3497183422810473
1,0.30000000000000004,8.515414447064293,0.5184212005554995
2,0.5000000000000001,15.673710113290813,1.1658916138167328
3,0.7000000000000001,11.868483326440286,0.46499409698246974
4,0.9000000000000001,12.577378751277093,0.6828665487986286
