,discretized_reward_proportion,interconnectivity_strength_mean,interconnectivity_strength_err
0,0.1,48.24575841389577,7.182152472902915
1,0.30000000000000004,33.58543256269228,5.441000151455327
2,0.5000000000000001,20.35630824748736,3.4757160964128153
3,0.7000000000000001,15.16663868222698,0.8040403977760688
4,0.9000000000000001,16.36071304219791,1.0265215309233533
