,discretized_reward_proportion,interconnectivity_strength_mean,interconnectivity_strength_err
0,0.1,11.032366044385013,0.3295528694156133
1,0.30000000000000004,15.592848432388365,2.3845869450455073
2,0.5000000000000001,30.715450582879264,3.4397227332810862
3,0.7000000000000001,28.698349664273223,2.051852226607645
4,0.9000000000000001,28.465277321480556,3.7764813034836417
