,discretized_reward_proportion,interconnectivity_strength_mean,interconnectivity_strength_err
0,0.1,7.512501271092878,4.6379024329397005
1,0.30000000000000004,101.41354720619567,25.10063030555498
2,0.5000000000000001,43.383531594047604,16.837444719765422
3,0.7000000000000001,107.03502632647631,24.867183815736908
4,0.9000000000000001,46.127759163663406,14.404728193549976
