,discretized_reward_proportion,interconnectivity_strength_mean,interconnectivity_strength_err
0,0.1,147.6573558361871,39.2761201127016
1,0.30000000000000004,77.61194822964042,24.13243197488842
2,0.5000000000000001,54.465852585496755,29.390505291624997
3,0.7000000000000001,86.27826389797735,26.029544262697513
4,0.9000000000000001,100.0042474071076,27.66633740040472
