,discretized_reward_proportion,interconnectivity_strength_mean,interconnectivity_strength_err
0,0.1,30.471943033050614,2.4907696487670696
1,0.30000000000000004,13.172411115379756,1.2248412529471457
2,0.5000000000000001,10.389677893819776,1.0774264839763543
3,0.7000000000000001,13.05622046204932,2.212590465684519
4,0.9000000000000001,6.916151480956274,0.9015002357107388
