,discretized_reward_proportion,interconnectivity_strength_mean,interconnectivity_strength_err
0,0.1,26.194884811331384,5.432811910519776
1,0.30000000000000004,19.650603742993965,2.891142999789836
2,0.5000000000000001,13.338328058443084,2.003398641137482
3,0.7000000000000001,7.360536887513873,0.7455603317165015
4,0.9000000000000001,7.883136362995666,0.6979550395279305
