,discretized_reward_proportion,interconnectivity_strength_mean,interconnectivity_strength_err
0,0.1,40.29416217058623,3.629301090039595
1,0.30000000000000004,17.937341182141335,2.799741852364991
2,0.5000000000000001,6.700195688710643,0.23914572714128426
3,0.7000000000000001,6.763659522973358,0.3932823969046255
4,0.9000000000000001,8.557620923429775,0.29252837351098376
