,discretized_reward_proportion,interconnectivity_strength_mean,interconnectivity_strength_err
0,0.1,17.930591863495415,0.9738319198806247
1,0.30000000000000004,14.70352270643445,0.6971308545516179
2,0.5000000000000001,10.019073889633242,0.6611910374104242
3,0.7000000000000001,7.402483468781712,0.23689086725102748
4,0.9000000000000001,6.45750988972149,0.15178767327843315
