,discretized_reward_proportion,interconnectivity_strength_mean,interconnectivity_strength_err
0,0.1,32.22794221786209,5.514998550099811
1,0.30000000000000004,65.28413923245766,17.733463039764434
2,0.5000000000000001,81.92434978604156,23.494589907866672
3,0.7000000000000001,27.68441096716096,1.7105254720723655
4,0.9000000000000001,26.599834422824568,1.9634491547139301
