,discretized_reward_proportion,interconnectivity_strength_mean,interconnectivity_strength_err
0,0.1,8.16871664462237,1.3589457715304238
1,0.30000000000000004,6.512962157122138,0.854943212352355
2,0.5000000000000001,5.5394694998006955,0.6603123714250508
3,0.7000000000000001,5.1669434116586705,0.4008382416075858
4,0.9000000000000001,7.866893643900075,0.6202631431516665
