,discretized_reward_proportion,interconnectivity_strength_mean,interconnectivity_strength_err
0,0.1,21.815642018377897,2.088026890858328
1,0.30000000000000004,19.949186920073767,2.6573093751142927
2,0.5000000000000001,16.848771259561634,2.5712304286525134
3,0.7000000000000001,23.533390822194423,4.019732011055834
4,0.9000000000000001,41.15901710721488,4.769071727734421
