,discretized_reward_proportion,interconnectivity_strength_mean,interconnectivity_strength_err
0,0.1,40.12941850063354,4.894096295897611
1,0.30000000000000004,5.420985864645445,2.7805899995487984
2,0.5000000000000001,0.03614457831325301,0.02048747715416153
3,0.7000000000000001,19.651787182435005,7.824844220039472
4,0.9000000000000001,55.91723937887512,13.35564624121642
