,discretized_reward_proportion,interconnectivity_strength_mean,interconnectivity_strength_err
0,0.1,20.356033607123567,11.30228584088794
1,0.30000000000000004,93.04206731179549,11.99619014066802
2,0.5000000000000001,10.9593329744132,5.284622822699632
3,0.7000000000000001,141.62165235334876,52.35821476055482
4,0.9000000000000001,207.9591024164795,47.9408792661738
