,discretized_reward_proportion,interconnectivity_strength_mean,interconnectivity_strength_err
0,0.1,13.783289579183482,1.2471039425124573
1,0.30000000000000004,13.337507335022025,0.7791654049051551
2,0.5000000000000001,11.224903806288648,0.8473219994038504
3,0.7000000000000001,10.389391161861438,0.5077213133168949
4,0.9000000000000001,11.522273214790786,0.4891835009254709
