,discretized_reward_proportion,interconnectivity_strength_mean,interconnectivity_strength_err
0,0.1,30.155330779893262,7.327389106673983
1,0.30000000000000004,10.996577443613944,2.3222741048039968
2,0.5000000000000001,5.306033690056093,0.6359846218673141
3,0.7000000000000001,3.4789792457713973,0.18239097070119967
4,0.9000000000000001,4.417258049737707,0.26678718758828945
