,discretized_reward_proportion,interconnectivity_strength_mean,interconnectivity_strength_err
0,0.1,28.02187400728018,1.5942910803668922
1,0.30000000000000004,19.81012928020495,1.058189451172181
2,0.5000000000000001,28.778225695011315,4.646186840506711
3,0.7000000000000001,47.66075509816213,9.337802730682988
4,0.9000000000000001,17.569589353966823,5.17811779149628
