,discretized_reward_proportion,interconnectivity_strength_mean,interconnectivity_strength_err
0,0.1,16.544950483671496,2.016825850927212
1,0.30000000000000004,40.98576324134714,5.860293747379232
2,0.5000000000000001,218.98821823830414,34.69564811640781
3,0.7000000000000001,172.91254520313237,45.58959594832309
4,0.9000000000000001,58.369811907509046,24.29376221231018
