,discretized_reward_proportion,interconnectivity_strength_mean,interconnectivity_strength_err
0,0.1,8.155323005388935,0.9966806190944835
1,0.30000000000000004,19.52802457206683,3.5596932594757393
2,0.5000000000000001,19.567074170421947,2.4779822373187272
3,0.7000000000000001,21.378613509531764,4.844584996401426
4,0.9000000000000001,178.98718197086092,34.99396045263299
