,discretized_reward_proportion,interconnectivity_strength_mean,interconnectivity_strength_err
0,0.1,309.02467706892463,59.25906758095189
1,0.30000000000000004,117.37850676906282,25.580895332713098
2,0.5000000000000001,707.115108663738,124.95938542299606
3,0.7000000000000001,98.03096932142506,36.31284027886239
4,0.9000000000000001,58.85364763387662,13.181247997701576
