,discretized_reward_proportion,interconnectivity_strength_mean,interconnectivity_strength_err
0,0.1,21.129227586757633,1.6640926985377196
1,0.30000000000000004,14.290528704792337,1.3208553598145125
2,0.5000000000000001,13.104500582568093,0.6934304799621224
3,0.7000000000000001,12.403323886098956,0.42410960489032395
4,0.9000000000000001,11.777799996261752,0.2787254448957892
