,discretized_reward_proportion,interconnectivity_strength_mean,interconnectivity_strength_err
0,0.1,45.4582315951728,2.326676725311038
1,0.30000000000000004,28.338686300755402,1.808142729438157
2,0.5000000000000001,20.49416178877599,0.9991923034067849
3,0.7000000000000001,20.469756887775578,1.2126478067772952
4,0.9000000000000001,29.541972704027806,3.8235588830208775
