,discretized_reward_proportion,interconnectivity_strength_mean,interconnectivity_strength_err
0,0.1,19.97221243981842,1.0148956965815312
1,0.30000000000000004,25.463803108042136,2.6762711798511294
2,0.5000000000000001,29.16979381286231,2.850789823312681
3,0.7000000000000001,22.747371784277306,1.4369332985032246
4,0.9000000000000001,18.96599173097558,2.0448135372791643
