,discretized_reward_proportion,interconnectivity_strength_mean,interconnectivity_strength_err
0,0.1,3.9463643319253054,0.89432848853279
1,0.30000000000000004,9.20454834898818,1.221576425018102
2,0.5000000000000001,16.47884444869081,2.4217601187235647
3,0.7000000000000001,11.07011226093815,2.2855825634168645
4,0.9000000000000001,8.144100728728409,1.0517814766286564
