,discretized_reward_proportion,interconnectivity_strength_mean,interconnectivity_strength_err
0,0.1,46.09034799412808,15.860881141889692
1,0.30000000000000004,44.90971313449152,11.938813964594935
2,0.5000000000000001,0.14925373134328357,0.04353366428090158
3,0.7000000000000001,0.0684931506849315,0.02090451858379977
4,0.9000000000000001,0.07936507936507936,0.02408092565695237
