,discretized_reward_proportion,interconnectivity_strength_mean,interconnectivity_strength_err
0,0.1,26.526589175611246,1.9752052059172154
1,0.30000000000000004,20.612975471621763,1.6104628975778001
2,0.5000000000000001,17.992999084257423,1.0065209819537686
3,0.7000000000000001,12.484388430179788,0.4291906458716441
4,0.9000000000000001,10.298263137805781,0.44245004726402104
