,discretized_reward_proportion,interconnectivity_strength_mean,interconnectivity_strength_err
0,0.1,76.88696744793805,5.818714051630024
1,0.30000000000000004,162.01660564079035,36.62993474348807
2,0.5000000000000001,87.66511237864565,8.349687263849622
3,0.7000000000000001,67.79141892973205,3.2039790922813873
4,0.9000000000000001,80.54613088275326,5.295124511089854
