,discretized_reward_proportion,interconnectivity_strength_mean,interconnectivity_strength_err
0,0.1,13.545239073503945,0.5906023538191152
1,0.30000000000000004,22.082352811353545,3.4310230507832644
2,0.5000000000000001,25.72199650600135,2.9446961291170393
3,0.7000000000000001,10.065109071551237,1.7244652138568455
4,0.9000000000000001,8.55177850832346,2.1231444051591506
