,discretized_reward_proportion,interconnectivity_strength_mean,interconnectivity_strength_err
0,0.1,16.778336824042988,1.8460404871284282
1,0.30000000000000004,17.683766687769683,4.149320751325519
2,0.5000000000000001,19.970015517867505,3.737934749126285
3,0.7000000000000001,7.922497584508784,0.8598483092144148
4,0.9000000000000001,4.778068491479401,0.45103386046479915
