,discretized_reward_proportion,interconnectivity_strength_mean,interconnectivity_strength_err
0,0.1,12.590544063777473,1.0725979082266692
1,0.30000000000000004,17.267361126253697,1.4346422416494238
2,0.5000000000000001,17.14809621260733,1.023645309903648
3,0.7000000000000001,17.530293798492593,1.0080121923404788
4,0.9000000000000001,23.366548268945934,2.2478545933494947
