,discretized_reward_proportion,interconnectivity_strength_mean,interconnectivity_strength_err
0,0.1,54.6115481131066,3.167538684586672
1,0.30000000000000004,33.86998478220634,2.0089980676301
2,0.5000000000000001,39.87544602613438,3.516214876694293
3,0.7000000000000001,17.35200322674497,3.7410844160764314
4,0.9000000000000001,9.373956626799934,2.300911473498169
