,discretized_reward_proportion,interconnectivity_strength_mean,interconnectivity_strength_err
0,0.1,0.08045977011494253,0.0206205448699978
1,0.30000000000000004,0.109375,0.03901364131921519
2,0.5000000000000001,0.04918032786885246,0.02768725315386085
3,0.7000000000000001,0.0,0.0
4,0.9000000000000001,0.0,0.0
