,discretized_reward_proportion,interconnectivity_strength_mean,interconnectivity_strength_err
0,0.1,9.299651241673097,0.3398012834989111
1,0.30000000000000004,9.288132816058166,0.43458668631019465
2,0.5000000000000001,9.821681818241803,2.38463356267264
3,0.7000000000000001,17.80605124296996,3.5397154875997927
4,0.9000000000000001,38.126756526264124,4.904895714231719
