,discretized_reward_proportion,interconnectivity_strength_mean,interconnectivity_strength_err
0,0.1,7.053801204499323,1.0446744605682823
1,0.30000000000000004,15.808028315394663,4.8778525486313
2,0.5000000000000001,31.59696860991928,7.621828666298928
3,0.7000000000000001,4.90803750604515,0.9921709225176297
4,0.9000000000000001,7.268606955451759,1.6393202158488542
