,discretized_reward_proportion,interconnectivity_strength_mean,interconnectivity_strength_err
0,0.1,83.18858989883607,18.638944617325773
1,0.30000000000000004,94.09917317303787,25.400104001721324
2,0.5000000000000001,71.9924348415272,28.8159346603754
3,0.7000000000000001,19.759706625130086,2.3439733164469305
4,0.9000000000000001,11.257536596890537,1.243887710368338
