,discretized_reward_proportion,interconnectivity_strength_mean,interconnectivity_strength_err
0,0.1,22.031320163716003,2.793663846881567
1,0.30000000000000004,14.491392934304962,2.068165819910193
2,0.5000000000000001,12.140120140777954,1.1056822793002714
3,0.7000000000000001,15.303703919371445,1.8985795908133571
4,0.9000000000000001,8.842626759283666,1.393381892937357
