,discretized_reward_proportion,interconnectivity_strength_mean,interconnectivity_strength_err
0,0.1,21.966591952245256,2.812642727633727
1,0.30000000000000004,18.24127258609794,2.2672631642829124
2,0.5000000000000001,22.003323277365944,2.7760562579268284
3,0.7000000000000001,14.52948160805658,1.0038913422943925
4,0.9000000000000001,33.54464155112554,3.7162587293408524
