,discretized_reward_proportion,interconnectivity_strength_mean,interconnectivity_strength_err
0,0.1,0.1686746987951807,0.041102801590314014
1,0.30000000000000004,0.038461538461538464,0.026668278664674475
2,0.5000000000000001,0.0,0.0
3,0.7000000000000001,0.0,0.0
4,0.9000000000000001,0.03731343283582089,0.01637278880269997
