,discretized_reward_proportion,interconnectivity_strength_mean,interconnectivity_strength_err
0,0.1,96.72438687936771,33.87810421209239
1,0.30000000000000004,122.36359890935526,30.695365433912215
2,0.5000000000000001,138.71394823649166,21.880295724073637
3,0.7000000000000001,112.19017912863706,33.36893034775946
4,0.9000000000000001,9.23465036754432,2.214267459418644
