,discretized_reward_proportion,interconnectivity_strength_mean,interconnectivity_strength_err
0,0.1,16.612501936978514,3.152172638713617
1,0.30000000000000004,11.157887099027047,1.1419981399723578
2,0.5000000000000001,8.44430894126388,0.7445635568218208
3,0.7000000000000001,7.382438463659835,0.2896033492155493
4,0.9000000000000001,8.437441046154724,0.5583001996213703
