,discretized_reward_proportion,interconnectivity_strength_mean,interconnectivity_strength_err
0,0.1,37.73705275965325,4.1362209709742705
1,0.30000000000000004,33.902906305890774,5.8799554678200145
2,0.5000000000000001,43.08904262474978,6.300160817011655
3,0.7000000000000001,28.299218800237554,8.435262491015013
4,0.9000000000000001,2.750003605738921,2.686776680362874
