,discretized_reward_proportion,interconnectivity_strength_mean,interconnectivity_strength_err
0,0.1,395.0702602971159,76.66915525916708
1,0.30000000000000004,78.06338066767302,10.951739363049846
2,0.5000000000000001,116.01919813755799,32.35651750514648
3,0.7000000000000001,58.663088821329126,10.15283931423104
4,0.9000000000000001,38.27509102856408,10.415668205823428
