,discretized_reward_proportion,interconnectivity_strength_mean,interconnectivity_strength_err
0,0.1,14.880974010811139,3.237885047391553
1,0.30000000000000004,9.48520300074517,3.3498711717171483
2,0.5000000000000001,17.76433619653382,7.0305282172258154
3,0.7000000000000001,17.054510710626136,5.059170374262301
4,0.9000000000000001,4.005219203053935,1.6093301630061745
