,discretized_reward_proportion,interconnectivity_strength_mean,interconnectivity_strength_err
0,0.1,102.95744629255289,27.590560099396214
1,0.30000000000000004,155.83651384736822,42.69883376886966
2,0.5000000000000001,94.20458131187691,26.459517473675053
3,0.7000000000000001,26.1793526408918,8.333591604283292
4,0.9000000000000001,37.38145368707854,4.26398496052318
