,discretized_reward_proportion,interconnectivity_strength_mean,interconnectivity_strength_err
0,0.1,46.07392880870607,8.714053191985057
1,0.30000000000000004,38.26045092520598,5.500760971266922
2,0.5000000000000001,36.78209987494827,6.52232325028074
3,0.7000000000000001,70.8603199875969,15.13192514613931
4,0.9000000000000001,21.872215810315748,2.4592948060396957
