,discretized_reward_proportion,interconnectivity_strength_mean,interconnectivity_strength_err
0,0.1,30.000335354887962,3.689460372545272
1,0.30000000000000004,32.994523791695954,3.3924888953265766
2,0.5000000000000001,45.011738592708525,4.856833939368874
3,0.7000000000000001,55.65253134436289,6.815921655933742
4,0.9000000000000001,44.158084020889056,7.3976897057708815
