,discretized_reward_proportion,interconnectivity_strength_mean,interconnectivity_strength_err
0,0.1,10.628646245463962,0.5399019353007688
1,0.30000000000000004,9.563345783876077,0.4065553379875002
2,0.5000000000000001,8.85931034424778,0.36116389676508026
3,0.7000000000000001,8.14934100501802,0.1802628988544694
4,0.9000000000000001,9.193781949907626,0.28030731978100376
