,discretized_reward_proportion,interconnectivity_strength_mean,interconnectivity_strength_err
0,0.1,75.24575302416957,12.925698043912979
1,0.30000000000000004,101.04375838660054,21.44034318369867
2,0.5000000000000001,11.911694396298707,0.949512101037484
3,0.7000000000000001,18.55256013555589,5.32397654291024
4,0.9000000000000001,12.443682313870209,1.7387227729222026
