,discretized_reward_proportion,interconnectivity_strength_mean,interconnectivity_strength_err
0,0.1,25.430967921435546,4.489181063938997
1,0.30000000000000004,3.88882886175793,0.7934817852341872
2,0.5000000000000001,8.725592781197241,1.6563463906911273
3,0.7000000000000001,10.420817304027024,1.3035035786517795
4,0.9000000000000001,18.96216387800735,2.560528923865261
