,discretized_reward_proportion,interconnectivity_strength_mean,interconnectivity_strength_err
0,0.1,12.333832941783728,0.24850332634433384
1,0.30000000000000004,8.585478238019451,0.3327138082006258
2,0.5000000000000001,6.834169334807003,0.14211949569107965
3,0.7000000000000001,6.537652871331095,0.17167972371504392
4,0.9000000000000001,5.881010038280428,0.11967494847117507
