,discretized_reward_proportion,interconnectivity_strength_mean,interconnectivity_strength_err
0,0.1,99.97650827613451,9.989473763118035
1,0.30000000000000004,55.07928756312866,8.93116038777219
2,0.5000000000000001,44.50210311800751,5.984999010116526
3,0.7000000000000001,25.31076339022815,9.115112575888439
4,0.9000000000000001,28.757927458838928,6.887519793379575
