,discretized_reward_proportion,interconnectivity_strength_mean,interconnectivity_strength_err
0,0.1,35.499331059596244,8.273276645148544
1,0.30000000000000004,22.508912438498065,3.6381264986584294
2,0.5000000000000001,37.17479054945673,3.3330382293908776
3,0.7000000000000001,33.72725170119733,4.322394266913934
4,0.9000000000000001,32.16391316915556,2.6302213885683057
