,discretized_reward_proportion,interconnectivity_strength_mean,interconnectivity_strength_err
0,0.1,76.49720615632341,10.537059076596968
1,0.30000000000000004,52.79826799568513,8.463914106205305
2,0.5000000000000001,13.015852021460665,1.2415403876585003
3,0.7000000000000001,10.567764903999418,1.1693182135009985
4,0.9000000000000001,12.163514210353684,1.5995930375337588
