,discretized_reward_proportion,interconnectivity_strength_mean,interconnectivity_strength_err
0,0.1,2.307811772770189,0.45155279907251533
1,0.30000000000000004,3.0553947471661567,0.648777905847492
2,0.5000000000000001,3.089500236502979,0.6342072596892545
3,0.7000000000000001,3.520193507107667,0.5632927997508084
4,0.9000000000000001,3.5776003860161025,0.38875416817880015
