,discretized_reward_proportion,interconnectivity_strength_mean,interconnectivity_strength_err
0,0.1,6.670395959508401,1.6008983808718635
1,0.30000000000000004,6.538086376349522,1.9562281087340108
2,0.5000000000000001,14.34932668654999,1.3040271928842577
3,0.7000000000000001,13.322900595746425,3.064331880446719
4,0.9000000000000001,10.1940899564706,0.5031422074484609
