,discretized_reward_proportion,interconnectivity_strength_mean,interconnectivity_strength_err
0,0.1,67.83639247349285,8.56019720124793
1,0.30000000000000004,111.93009360337568,22.14000777925343
2,0.5000000000000001,55.06815783447837,16.29756649000862
3,0.7000000000000001,8.756707930070803,8.598916484607757
4,0.9000000000000001,0.0,0.0
