,discretized_reward_proportion,interconnectivity_strength_mean,interconnectivity_strength_err
0,0.1,264.05020194382047,54.66982130100383
1,0.30000000000000004,300.21103541896446,40.56559347467553
2,0.5000000000000001,231.86389053148704,52.58108617645331
3,0.7000000000000001,119.95593214446043,51.77953363771512
4,0.9000000000000001,17.887596559792872,4.102804394610215
