,discretized_reward_proportion,interconnectivity_strength_mean,interconnectivity_strength_err
0,0.1,27.788840091325376,2.1929865312671106
1,0.30000000000000004,34.38619455819131,3.9078817498893077
2,0.5000000000000001,26.973645847387633,6.44731426364613
3,0.7000000000000001,29.453216713932942,5.02827305178259
4,0.9000000000000001,97.33898635918767,10.886389091188379
