,discretized_reward_proportion,interconnectivity_strength_mean,interconnectivity_strength_err
0,0.1,0.0,0.0
1,0.30000000000000004,7.774594033853198,2.8102455553725614
2,0.5000000000000001,17.714436833207824,4.390136859280863
3,0.7000000000000001,3.4050017583197927,3.2662538090415962
4,0.9000000000000001,0.3404255319148936,0.06911845969757288
