,discretized_reward_proportion,interconnectivity_strength_mean,interconnectivity_strength_err
0,0.1,6.735445102311449,0.3049661171809081
1,0.30000000000000004,8.037142216793521,0.9305184380821947
2,0.5000000000000001,8.95715400454955,0.5237236374882056
3,0.7000000000000001,10.606728514272357,0.355464845547179
4,0.9000000000000001,9.053599796383464,0.3037677472963216
