,discretized_reward_proportion,interconnectivity_strength_mean,interconnectivity_strength_err
0,0.1,2.824279966840594,0.05088519053183449
1,0.30000000000000004,3.5544856888612686,0.32526670696619236
2,0.5000000000000001,4.80040135562129,0.2007383839464971
3,0.7000000000000001,5.251171758815076,0.1652527498076451
4,0.9000000000000001,4.662958293356736,0.1253576299932006
