,discretized_reward_proportion,interconnectivity_strength_mean,interconnectivity_strength_err
0,0.1,4.64309010185796,0.638836754794424
1,0.30000000000000004,3.982346920457045,0.5176224260434437
2,0.5000000000000001,7.29389025599803,2.805781228769577
3,0.7000000000000001,6.337897379689691,0.4837983087266185
4,0.9000000000000001,6.390562130667776,0.35564189738238194
