,discretized_reward_proportion,interconnectivity_strength_mean,interconnectivity_strength_err
0,0.1,87.62513533842507,14.481881523335277
1,0.30000000000000004,53.95692484018847,7.857972144533164
2,0.5000000000000001,32.50436688372356,4.88758182266113
3,0.7000000000000001,33.4410539817162,5.930081692001557
4,0.9000000000000001,21.167254930672964,2.1475661366403407
