,discretized_reward_proportion,interconnectivity_strength_mean,interconnectivity_strength_err
0,0.1,6.760956246811635,0.5121395308675285
1,0.30000000000000004,6.867866147853584,0.5040495223365458
2,0.5000000000000001,7.80862807443346,0.28375023726067855
3,0.7000000000000001,8.454175734189182,0.19889424174561413
4,0.9000000000000001,8.271273725163697,0.20212842736015352
