,discretized_reward_proportion,interconnectivity_strength_mean,interconnectivity_strength_err
0,0.1,22.28114709552856,2.554493736846821
1,0.30000000000000004,14.463101718240624,2.268655115469188
2,0.5000000000000001,10.20882216373198,1.8680250364893822
3,0.7000000000000001,6.524358377019749,0.23039767465903757
4,0.9000000000000001,6.49493260969365,0.18072327766293045
