,discretized_reward_proportion,interconnectivity_strength_mean,interconnectivity_strength_err
0,0.1,28.170616390871306,2.8670793415453812
1,0.30000000000000004,24.450958152855385,3.382267651450531
2,0.5000000000000001,13.219321827522037,3.368955409478754
3,0.7000000000000001,24.809593472944847,3.489338932279875
4,0.9000000000000001,9.637438414735499,1.6863052466585158
