,discretized_reward_proportion,interconnectivity_strength_mean,interconnectivity_strength_err
0,0.1,57.24567150268127,13.864090874062054
1,0.30000000000000004,62.79115843826503,10.606198729091613
2,0.5000000000000001,33.793808101552095,8.771098646381825
3,0.7000000000000001,35.10153654468945,9.806574953054335
4,0.9000000000000001,74.7747283911699,11.779869461041988
