,discretized_reward_proportion,interconnectivity_strength_mean,interconnectivity_strength_err
0,0.1,28.95448526764711,3.9092475905896054
1,0.30000000000000004,11.231774757559588,3.0005173567824373
2,0.5000000000000001,8.92556547512187,2.2279999248628024
3,0.7000000000000001,7.177697496196834,2.8515903058425915
4,0.9000000000000001,17.94001138406996,4.173954866887705
