,discretized_reward_proportion,interconnectivity_strength_mean,interconnectivity_strength_err
0,0.1,24.34956371133481,5.398629328598309
1,0.30000000000000004,66.11322374938739,12.579683249702946
2,0.5000000000000001,21.21406389134704,5.7818516737039065
3,0.7000000000000001,15.338505244910483,3.6434609857354587
4,0.9000000000000001,19.190514322427877,2.3411991360790463
