,discretized_reward_proportion,interconnectivity_strength_mean,interconnectivity_strength_err
0,0.1,51.102603933809085,7.929613468271476
1,0.30000000000000004,54.25410197275366,10.555700294373256
2,0.5000000000000001,21.372757864692968,6.099255410959428
3,0.7000000000000001,20.955659133075013,2.527475372509576
4,0.9000000000000001,15.748116665247538,1.9046022919451666
