,discretized_reward_proportion,interconnectivity_strength_mean,interconnectivity_strength_err
0,0.1,12.233974005198169,0.5897988956451429
1,0.30000000000000004,9.764389817846716,0.7827329266246871
2,0.5000000000000001,10.986074020093882,1.722212419392897
3,0.7000000000000001,8.044929072581589,0.7506998728766303
4,0.9000000000000001,8.730030096336142,0.49395282494836573
