,discretized_reward_proportion,interconnectivity_strength_mean,interconnectivity_strength_err
0,0.1,15.244928143928844,1.5508665998394673
1,0.30000000000000004,14.871191797263052,1.5346295697602548
2,0.5000000000000001,9.79057634420062,1.2773055303335263
3,0.7000000000000001,8.646683738110015,0.30539442833891745
4,0.9000000000000001,9.647583626120559,1.834664645402088
