,discretized_reward_proportion,interconnectivity_strength_mean,interconnectivity_strength_err
0,0.1,34.613144346099915,12.991532294482539
1,0.30000000000000004,5.593703415577308,2.489677520206724
2,0.5000000000000001,9.758475594609491,1.2208651791672638
3,0.7000000000000001,8.096380962262899,0.5916823850101582
4,0.9000000000000001,6.8417827716725474,0.5744882010546551
