,discretized_reward_proportion,interconnectivity_strength_mean,interconnectivity_strength_err
0,0.1,42.72310801260449,5.56476133683013
1,0.30000000000000004,34.7946292647463,5.515688475262699
2,0.5000000000000001,41.55324300414829,6.377202023730546
3,0.7000000000000001,35.767714363127986,9.067738365171728
4,0.9000000000000001,4.809001212392517,4.698434680714258
