,discretized_reward_proportion,interconnectivity_strength_mean,interconnectivity_strength_err
0,0.1,3.0726972952398426,0.25140142498199686
1,0.30000000000000004,6.988182342228096,0.8257601594784129
2,0.5000000000000001,7.258759614156687,0.8628914874665345
3,0.7000000000000001,10.3255303035,3.8236130032045685
4,0.9000000000000001,10.711155600876895,2.3105291487162196
