,discretized_reward_proportion,interconnectivity_strength_mean,interconnectivity_strength_err
0,0.1,14.99368281143547,1.338250543236747
1,0.30000000000000004,16.590817753177973,1.316424579167095
2,0.5000000000000001,9.464630630277235,0.7918336139501623
3,0.7000000000000001,14.359908101464503,1.0734445173106877
4,0.9000000000000001,16.019194248718723,0.9111478062661332
