,discretized_reward_proportion,interconnectivity_strength_mean,interconnectivity_strength_err
0,0.1,6.454376885066861,0.2700159695341342
1,0.30000000000000004,7.869501611342661,0.6615899434374155
2,0.5000000000000001,10.177206804907899,0.8362289630258108
3,0.7000000000000001,7.4147318296264215,0.36499159400405445
4,0.9000000000000001,8.712585619217721,0.7070437524956804
