,discretized_reward_proportion,interconnectivity_strength_mean,interconnectivity_strength_err
0,0.1,8.097294588599398,3.0026180802363545
1,0.30000000000000004,44.44149040826412,13.674225519476268
2,0.5000000000000001,23.004276567773783,5.071203581316025
3,0.7000000000000001,21.81558506083618,1.9122929213883675
4,0.9000000000000001,15.707751567041768,1.002958933619923
