,discretized_reward_proportion,interconnectivity_strength_mean,interconnectivity_strength_err
0,0.1,29.58035181286374,4.303869646354895
1,0.30000000000000004,37.68612958189513,2.561064285136327
2,0.5000000000000001,32.48491653216156,2.7469726100179432
3,0.7000000000000001,46.53361317877371,4.7478472473497195
4,0.9000000000000001,16.918973358429923,2.788112448544807
