,discretized_reward_proportion,interconnectivity_strength_mean,interconnectivity_strength_err
0,0.1,0.16393442622950818,0.04740130905820339
1,0.30000000000000004,0.15384615384615385,0.050034125814460845
2,0.5000000000000001,6.638708497359967,6.409326110446991
3,0.7000000000000001,53.45503899284392,18.057918662532366
4,0.9000000000000001,75.99540759454322,21.654640422367933
