,discretized_reward_proportion,interconnectivity_strength_mean,interconnectivity_strength_err
0,0.1,79.53136606294619,8.969352356867471
1,0.30000000000000004,66.2848644237822,9.859329461991994
2,0.5000000000000001,56.73603467974489,9.254790311225078
3,0.7000000000000001,67.85246301621254,10.019378433770807
4,0.9000000000000001,90.42635454826424,11.106022520887771
