,discretized_reward_proportion,interconnectivity_strength_mean,interconnectivity_strength_err
0,0.1,49.82520909896139,7.340199839672241
1,0.30000000000000004,42.687098982332394,7.687597602894834
2,0.5000000000000001,10.954641144621892,1.2707228991862662
3,0.7000000000000001,11.611012287945549,4.013779866066675
4,0.9000000000000001,53.1075099948379,9.055160120739918
