,discretized_reward_proportion,interconnectivity_strength_mean,interconnectivity_strength_err
0,0.1,11.343718017738977,0.6441660920430763
1,0.30000000000000004,12.824288350273813,0.739382689309582
2,0.5000000000000001,14.806605880745481,0.9807942775536972
3,0.7000000000000001,15.393203761125552,0.6380194141373254
4,0.9000000000000001,11.982763717558155,0.6338345453249374
