,discretized_reward_proportion,interconnectivity_strength_mean,interconnectivity_strength_err
0,0.1,16.140946806932906,1.1838034125450918
1,0.30000000000000004,16.438206783598194,1.161534660055893
2,0.5000000000000001,11.489359107754892,0.5331214699107639
3,0.7000000000000001,16.465727169367312,1.2725367322386303
4,0.9000000000000001,18.492617450514384,2.7268951856154993
