,discretized_reward_proportion,interconnectivity_strength_mean,interconnectivity_strength_err
0,0.1,98.976412665666,11.658168852921294
1,0.30000000000000004,80.20991833323168,9.429831384958035
2,0.5000000000000001,100.01554188654738,12.49059602403487
3,0.7000000000000001,107.34200064837434,26.836313310144977
4,0.9000000000000001,169.0285364522799,26.69752892365212
