,discretized_reward_proportion,interconnectivity_strength_mean,interconnectivity_strength_err
0,0.1,38.735983918462125,6.726659850756075
1,0.30000000000000004,51.69160961245366,14.302958685019215
2,0.5000000000000001,32.52266192559553,6.4008018156851305
3,0.7000000000000001,44.73516969775082,7.034190437353856
4,0.9000000000000001,41.52654551345207,4.597154094585496
