,discretized_reward_proportion,interconnectivity_strength_mean,interconnectivity_strength_err
0,0.1,14.66107707674284,0.49323261437942617
1,0.30000000000000004,14.347514424350084,1.184410705207933
2,0.5000000000000001,11.117753592881593,0.87951197768612
3,0.7000000000000001,12.061307847661368,0.6392275519557322
4,0.9000000000000001,13.967458452086923,0.6097496523275153
