,discretized_reward_proportion,interconnectivity_strength_mean,interconnectivity_strength_err
0,0.1,79.2574705643212,7.914367614840487
1,0.30000000000000004,69.77539069288584,5.351743976709323
2,0.5000000000000001,84.31461220165353,7.188303707951529
3,0.7000000000000001,89.22146346041734,13.224478695513703
4,0.9000000000000001,69.37820134757253,12.427904367788331
