,discretized_reward_proportion,interconnectivity_strength_mean,interconnectivity_strength_err
0,0.1,45.59411476336249,3.2816609068226654
1,0.30000000000000004,36.95239176285417,2.9430642553752
2,0.5000000000000001,53.548322093883186,5.237644682367493
3,0.7000000000000001,105.42643508281971,19.164649814742987
4,0.9000000000000001,,
