,discretized_reward_proportion,interconnectivity_strength_mean,interconnectivity_strength_err
0,0.1,15.693706974261369,4.55610978610689
1,0.30000000000000004,20.724530517653285,5.140929477152727
2,0.5000000000000001,21.045148824316964,4.724842880236283
3,0.7000000000000001,37.342080079187056,7.0528720047449
4,0.9000000000000001,42.32228659759507,5.6239088847322085
