,discretized_reward_proportion,interconnectivity_strength_mean,interconnectivity_strength_err
0,0.1,24.73643419693873,3.102085913490523
1,0.30000000000000004,56.441009177613104,7.400999078068067
2,0.5000000000000001,58.591901537439384,7.774599443856724
3,0.7000000000000001,27.723441190829323,9.898870581585243
4,0.9000000000000001,27.98929480667301,5.871915875332179
