,discretized_reward_proportion,interconnectivity_strength_mean,interconnectivity_strength_err
0,0.1,8.74344509766994,0.2788029535250129
1,0.30000000000000004,9.548503946674545,0.3889016843629717
2,0.5000000000000001,9.544368896508354,0.33906304110894797
3,0.7000000000000001,7.873001040712489,0.2645577869471117
4,0.9000000000000001,7.854235601923581,0.2770049849233685
