,discretized_reward_proportion,interconnectivity_strength_mean,interconnectivity_strength_err
0,0.1,42.72894396512048,3.4953674593093784
1,0.30000000000000004,45.127627517629705,4.015002244206875
2,0.5000000000000001,20.15799150802003,4.502641863286143
3,0.7000000000000001,20.338168712810912,5.3118679212004
4,0.9000000000000001,47.937042321502496,9.370836971723387
