,discretized_reward_proportion,interconnectivity_strength_mean,interconnectivity_strength_err
0,0.1,8.042082622129222,0.3526950365236331
1,0.30000000000000004,7.932174113646869,0.22507015612109477
2,0.5000000000000001,6.336482959620916,0.29358810482882713
3,0.7000000000000001,4.770454707405252,0.12342490869888138
4,0.9000000000000001,4.676241554109777,0.0884147546615486
