,discretized_reward_proportion,interconnectivity_strength_mean,interconnectivity_strength_err
0,0.1,61.97524166188469,13.01811249364302
1,0.30000000000000004,21.809284246879447,8.431883364132972
2,0.5000000000000001,70.84684288803003,15.987041160621338
3,0.7000000000000001,4.236301581624848,2.84252676316177
4,0.9000000000000001,5.4381355403792915,3.9036608240205215
