,discretized_reward_proportion,interconnectivity_strength_mean,interconnectivity_strength_err
0,0.1,102.00238439627566,25.00319531932312
1,0.30000000000000004,34.58337696150422,2.5438816174933327
2,0.5000000000000001,31.191496889038174,1.368185821215191
3,0.7000000000000001,35.169790819269686,2.1408338158643936
4,0.9000000000000001,52.08432463483823,6.702298571796612
