,discretized_reward_proportion,interconnectivity_strength_mean,interconnectivity_strength_err
0,0.1,5.074915491593309,1.899216849326384
1,0.30000000000000004,18.36965195697449,4.204711714680153
2,0.5000000000000001,37.37031570777255,6.504735401421435
3,0.7000000000000001,29.562284314450718,3.0994570132039803
4,0.9000000000000001,20.977705904588085,2.3100681082536796
