,discretized_reward_proportion,interconnectivity_strength_mean,interconnectivity_strength_err
0,0.1,23.281003452647678,1.557300802927051
1,0.30000000000000004,12.564824124467414,1.994247156236528
2,0.5000000000000001,15.699946326289558,1.7684436119109133
3,0.7000000000000001,10.691164611264401,1.367527312442209
4,0.9000000000000001,14.740938907922406,1.7077850154840202
