,discretized_reward_proportion,interconnectivity_strength_mean,interconnectivity_strength_err
0,0.1,1.0,0.0
1,0.30000000000000004,46.71860233201605,10.681726979110694
2,0.5000000000000001,86.31747160866867,11.796277493315719
3,0.7000000000000001,80.06444483277798,11.543114614549085
4,0.9000000000000001,117.16390779902926,17.150562677891784
