,discretized_reward_proportion,interconnectivity_strength_mean,interconnectivity_strength_err
0,0.1,16.596600292976472,1.3222780807682895
1,0.30000000000000004,17.208501690815854,2.272634231281491
2,0.5000000000000001,19.94016706192652,2.804130688776261
3,0.7000000000000001,20.136976342372275,1.9242618363868136
4,0.9000000000000001,20.01169976089403,2.685978680623734
