,discretized_reward_proportion,interconnectivity_strength_mean,interconnectivity_strength_err
0,0.1,39.499816025594505,5.150075412404582
1,0.30000000000000004,44.350505902023244,9.06158100681253
2,0.5000000000000001,27.211804734662913,6.896935600476622
3,0.7000000000000001,55.256881377629526,15.593728035167269
4,0.9000000000000001,12.611959630459088,7.111014717978579
