,discretized_reward_proportion,interconnectivity_strength_mean,interconnectivity_strength_err
0,0.1,11.720378598098455,3.7866134695169875
1,0.30000000000000004,21.137611921000556,3.5927364590588766
2,0.5000000000000001,31.579390926108672,2.2134311958018333
3,0.7000000000000001,39.281704009838634,3.9006278307424247
4,0.9000000000000001,54.33836211732177,8.888890058278628
