,discretized_reward_proportion,interconnectivity_strength_mean,interconnectivity_strength_err
0,0.1,30.019036618057648,3.0178963879630687
1,0.30000000000000004,15.827115603199648,1.2947064493787672
2,0.5000000000000001,10.091957959992587,0.5080452991547859
3,0.7000000000000001,8.469228948714955,0.3219614876745361
4,0.9000000000000001,6.816131272364036,0.17631727769169564
