,discretized_reward_proportion,interconnectivity_strength_mean,interconnectivity_strength_err
0,0.1,97.25875713548196,24.70313110137702
1,0.30000000000000004,110.40212949759359,14.134437022222418
2,0.5000000000000001,87.83015617485283,10.702390619802562
3,0.7000000000000001,39.03403356872464,6.29938429986279
4,0.9000000000000001,18.04086083421449,2.9382602343660604
