,discretized_reward_proportion,interconnectivity_strength_mean,interconnectivity_strength_err
0,0.1,2.6682642021938503,0.7641915771274844
1,0.30000000000000004,8.3512535655936,1.8646262569678798
2,0.5000000000000001,8.553387395644025,1.5160976874995673
3,0.7000000000000001,9.608962792745746,1.5044861725699554
4,0.9000000000000001,12.899883712752855,1.3282360711458752
