,discretized_reward_proportion,interconnectivity_strength_mean,interconnectivity_strength_err
0,0.1,28.950073067619293,7.868540037073059
1,0.30000000000000004,24.91454696687191,6.540187461722794
2,0.5000000000000001,35.60156371141821,4.9984379602063
3,0.7000000000000001,9.352528768305586,2.6307893780724165
4,0.9000000000000001,9.730585398303285,1.8094397679091372
