,discretized_reward_proportion,interconnectivity_strength_mean,interconnectivity_strength_err
0,0.1,10.272822354306498,2.252751130026544
1,0.30000000000000004,32.607924596553566,4.904445027487583
2,0.5000000000000001,56.750285295435056,7.67854936002105
3,0.7000000000000001,31.899409640323768,8.111233619404942
4,0.9000000000000001,25.420253178987558,5.174686971161315
