,discretized_reward_proportion,interconnectivity_strength_mean,interconnectivity_strength_err
0,0.1,3.2196391200171313,0.15112035824736156
1,0.30000000000000004,3.0015633288798376,0.36125262418183884
2,0.5000000000000001,2.76502367341286,0.40038369317825345
3,0.7000000000000001,4.190631782246386,0.48070720818948254
4,0.9000000000000001,3.8303007785364316,0.45286180236336987
