,discretized_reward_proportion,interconnectivity_strength_mean,interconnectivity_strength_err
0,0.1,3.377746619545543,2.1677462725898855
1,0.30000000000000004,25.69072294061682,7.178276409487804
2,0.5000000000000001,24.155988162196262,8.819417781500563
3,0.7000000000000001,10.387528082435747,3.627392380385662
4,0.9000000000000001,8.347192398286023,2.8747601425837135
