,discretized_reward_proportion,interconnectivity_strength_mean,interconnectivity_strength_err
0,0.1,16.417712538712472,1.3598819135533693
1,0.30000000000000004,9.888516224173053,0.5222334107482534
2,0.5000000000000001,11.878999087888884,1.2553999252809018
3,0.7000000000000001,11.823551660853031,1.2852124184247526
4,0.9000000000000001,13.348042958109815,0.65797659016814
