,discretized_reward_proportion,interconnectivity_strength_mean,interconnectivity_strength_err
0,0.1,0.8954780881816746,0.16811909116936744
1,0.30000000000000004,1.2076291729960216,0.3088633905083858
2,0.5000000000000001,0.15860410517330198,0.11066913975085296
3,0.7000000000000001,1.6670741409375844,0.4351006780667662
4,0.9000000000000001,7.949256983114718,1.3810465916133394
