,discretized_reward_proportion,interconnectivity_strength_mean,interconnectivity_strength_err
0,0.1,114.27088495385912,9.410827747071252
1,0.30000000000000004,109.18306684777511,12.481797975001736
2,0.5000000000000001,56.6554869814369,10.808301755205834
3,0.7000000000000001,19.162297600255414,8.349705046375847
4,0.9000000000000001,14.455145957579765,4.073564632944345
