,discretized_reward_proportion,interconnectivity_strength_mean,interconnectivity_strength_err
0,0.1,7.823619005972533,0.6592114867484148
1,0.30000000000000004,6.024742904872638,0.5197830152955939
2,0.5000000000000001,4.722247243281005,0.3938817833027251
3,0.7000000000000001,4.350048517978941,0.08762921738236641
4,0.9000000000000001,4.173621943397326,0.05560621486608234
