,discretized_reward_proportion,interconnectivity_strength_mean,interconnectivity_strength_err
0,0.1,11.455278657619832,0.8951487989527814
1,0.30000000000000004,10.092035067726432,1.517230021623839
2,0.5000000000000001,12.808720101967932,2.996217262409266
3,0.7000000000000001,31.367521691565056,3.8930124848745677
4,0.9000000000000001,44.317142701666974,4.381641831929662
