,discretized_reward_proportion,interconnectivity_strength_mean,interconnectivity_strength_err
0,0.1,6.764968045708016,1.9307146049763815
1,0.30000000000000004,23.580163854668896,4.615214117261088
2,0.5000000000000001,15.603519167266557,2.797664184778466
3,0.7000000000000001,15.916915176899058,4.631234408186623
4,0.9000000000000001,27.541564310939368,5.136158787838552
