,discretized_reward_proportion,interconnectivity_strength_mean,interconnectivity_strength_err
0,0.1,9.749370757652219,0.9178861526881278
1,0.30000000000000004,14.98318650338215,2.1485635180713145
2,0.5000000000000001,12.23211341409881,2.042825583610468
3,0.7000000000000001,6.1475843887891,0.17833694912503556
4,0.9000000000000001,6.2369860581120635,0.1359490296596853
