,discretized_reward_proportion,interconnectivity_strength_mean,interconnectivity_strength_err
0,0.1,141.77220584791428,16.826987555751256
1,0.30000000000000004,86.16297566486195,13.608477230673476
2,0.5000000000000001,68.49003413814934,13.050886780561063
3,0.7000000000000001,26.51230792198646,7.0265161968529855
4,0.9000000000000001,10.064292171135914,1.6624646615060819
