,discretized_reward_proportion,interconnectivity_strength_mean,interconnectivity_strength_err
0,0.1,32.11151668211046,1.934666223911711
1,0.30000000000000004,49.86587890621247,6.661438260533147
2,0.5000000000000001,72.00809439652322,7.049514472670106
3,0.7000000000000001,58.31690109799398,13.06143049429403
4,0.9000000000000001,39.055657569991496,8.113253454215283
