,discretized_reward_proportion,interconnectivity_strength_mean,interconnectivity_strength_err
0,0.1,49.93047940919063,8.285766053062877
1,0.30000000000000004,17.73570050938109,1.2930519247257766
2,0.5000000000000001,17.801640524104236,1.5983553518734968
3,0.7000000000000001,12.049460816816568,0.746177754856917
4,0.9000000000000001,10.717239013095986,0.572739158559902
