,discretized_reward_proportion,interconnectivity_strength_mean,interconnectivity_strength_err
0,0.1,7.36205160881492,0.565413192468292
1,0.30000000000000004,5.379705505772512,0.5370271732942273
2,0.5000000000000001,4.463618285792178,0.6060938097237706
3,0.7000000000000001,4.377358611933183,0.4051607740952174
4,0.9000000000000001,5.645222546304054,0.824559425423023
