,discretized_reward_proportion,interconnectivity_strength_mean,interconnectivity_strength_err
0,0.1,18.275115754279764,6.4128895006314055
1,0.30000000000000004,24.82623046878068,3.352908753517592
2,0.5000000000000001,10.095795586003694,1.4675022342644202
3,0.7000000000000001,9.131590501674443,0.6832962536696289
4,0.9000000000000001,16.728100828031835,1.6922853273923244
