,discretized_reward_proportion,interconnectivity_strength_mean,interconnectivity_strength_err
0,0.1,84.00952518463879,9.732634336785635
1,0.30000000000000004,79.77646471789488,12.744933116645647
2,0.5000000000000001,53.287890605904586,14.475920012196388
3,0.7000000000000001,2.142027625258454,0.9909690021548903
4,0.9000000000000001,0.696969696969697,0.08000055652754638
