,discretized_reward_proportion,interconnectivity_strength_mean,interconnectivity_strength_err
0,0.1,11.745284961282636,0.6713482479020622
1,0.30000000000000004,8.859363457588184,0.8571053809572364
2,0.5000000000000001,6.497468249383993,0.4421976522713783
3,0.7000000000000001,6.7029815214867146,0.33770912739199
4,0.9000000000000001,4.739907571843987,0.22695563052826132
