,discretized_reward_proportion,interconnectivity_strength_mean,interconnectivity_strength_err
0,0.1,6.022680734445369,0.8777090102994213
1,0.30000000000000004,17.2089808377457,2.511233132857801
2,0.5000000000000001,22.29355180855718,4.583150945269572
3,0.7000000000000001,36.491674314655384,5.3537931488975214
4,0.9000000000000001,25.885776112053037,3.5574877392744164
