,discretized_reward_proportion,interconnectivity_strength_mean,interconnectivity_strength_err
0,0.1,12.953260745196694,1.6717027730633565
1,0.30000000000000004,9.464805440845076,2.0379556118809656
2,0.5000000000000001,4.574627049150748,0.6287767983157747
3,0.7000000000000001,14.532753035226355,4.086747172085477
4,0.9000000000000001,33.72583798496379,8.060581212278741
