,discretized_reward_proportion,interconnectivity_strength_mean,interconnectivity_strength_err
0,0.1,5.556349383513696,0.8838965282841629
1,0.30000000000000004,10.49174443537833,1.5045363123990574
2,0.5000000000000001,8.955184794012741,1.104591066163787
3,0.7000000000000001,3.471802552038516,1.2008034474335265
4,0.9000000000000001,0.0,0.0
