,discretized_reward_proportion,interconnectivity_strength_mean,interconnectivity_strength_err
0,0.1,48.5576423621363,2.116892538828775
1,0.30000000000000004,24.756729243674155,2.5236152228727615
2,0.5000000000000001,23.414891120129937,3.7204218626067664
3,0.7000000000000001,34.697938394160914,3.0842166061161858
4,0.9000000000000001,28.27089488549801,2.6437066676756826
