,discretized_reward_proportion,interconnectivity_strength_mean,interconnectivity_strength_err
0,0.1,13.130121235721553,1.4893772535414824
1,0.30000000000000004,9.239984161164799,0.27230746036034786
2,0.5000000000000001,6.553371026729417,0.5300857755063569
3,0.7000000000000001,3.9478186436900384,0.6431260451222836
4,0.9000000000000001,2.4321675022560303,0.6565065819892874
