,discretized_reward_proportion,interconnectivity_strength_mean,interconnectivity_strength_err
0,0.1,80.98063562908686,22.616190543061034
1,0.30000000000000004,42.783136312519225,11.840414278853803
2,0.5000000000000001,17.72010068274606,2.6745123490079035
3,0.7000000000000001,15.496573201080286,2.1008851332269334
4,0.9000000000000001,24.642915621001368,3.0179890438352555
