,discretized_reward_proportion,interconnectivity_strength_mean,interconnectivity_strength_err
0,0.1,11.47655788572841,0.21807044104865925
1,0.30000000000000004,10.69475144829423,0.612502442977417
2,0.5000000000000001,10.789037228931138,0.8681445783108105
3,0.7000000000000001,7.679225741214297,0.27655186796634335
4,0.9000000000000001,8.843317271748292,0.423329199139522
