,discretized_reward_proportion,interconnectivity_strength_mean,interconnectivity_strength_err
0,0.1,44.46504576920573,12.300274177816002
1,0.30000000000000004,52.08843250566083,13.525861874844436
2,0.5000000000000001,43.64214945989776,8.654660680381038
3,0.7000000000000001,3.824561453817972,2.598273717952221
4,0.9000000000000001,0.030456852791878174,0.012243144338728687
