,discretized_reward_proportion,interconnectivity_strength_mean,interconnectivity_strength_err
0,0.1,27.708508588096187,9.635578670226813
1,0.30000000000000004,51.42398917229138,18.565841566735976
2,0.5000000000000001,63.242666512051834,27.676564025522485
3,0.7000000000000001,10.798805855322822,4.612756433373001
4,0.9000000000000001,10.29852564072658,3.325127541438068
