,discretized_reward_proportion,interconnectivity_strength_mean,interconnectivity_strength_err
0,0.1,14.061029989615598,1.7895882362381514
1,0.30000000000000004,14.214829294852603,2.0245483145399263
2,0.5000000000000001,17.602169038608785,1.8351939980057699
3,0.7000000000000001,4.538630672149585,1.257084058622016
4,0.9000000000000001,8.212970422508032,1.144473979661385
