,discretized_reward_proportion,interconnectivity_strength_mean,interconnectivity_strength_err
0,0.1,12.72623259543021,1.6428058474345215
1,0.30000000000000004,11.342421281382125,1.1868742425103682
2,0.5000000000000001,16.84111047914606,0.7841788283584564
3,0.7000000000000001,23.070854585715924,1.620621852102379
4,0.9000000000000001,18.922398442273614,0.8755724626689163
