,discretized_reward_proportion,interconnectivity_strength_mean,interconnectivity_strength_err
0,0.1,4.080993631664772,0.8499877390859832
1,0.30000000000000004,9.165643868000252,0.9471657193120796
2,0.5000000000000001,76.50354165745877,20.71394257621056
3,0.7000000000000001,72.0247547579091,11.97762500889908
4,0.9000000000000001,41.30735990141942,8.35805176895133
