,discretized_reward_proportion,interconnectivity_strength_mean,interconnectivity_strength_err
0,0.1,38.52546177476689,15.353277718599903
1,0.30000000000000004,32.14023544956562,12.810269379727236
2,0.5000000000000001,86.93218531293796,19.167465293139177
3,0.7000000000000001,124.83903977752284,16.70878614383729
4,0.9000000000000001,67.43108948719211,8.111576362146801
