,discretized_reward_proportion,interconnectivity_strength_mean,interconnectivity_strength_err
0,0.1,58.14388736755971,5.132837765770146
1,0.30000000000000004,45.32320229198318,3.252932990426735
2,0.5000000000000001,19.093917597551922,3.528082229733301
3,0.7000000000000001,33.26105280433695,3.9142067658091677
4,0.9000000000000001,42.6220975656171,7.263629223393456
