,discretized_reward_proportion,interconnectivity_strength_mean,interconnectivity_strength_err
0,0.1,7.23704438652897,0.591543273065784
1,0.30000000000000004,6.828906871489317,0.6586668058028772
2,0.5000000000000001,6.7987704442617405,0.8060883903568085
3,0.7000000000000001,12.044864504511333,0.7081028123613776
4,0.9000000000000001,10.23702908705472,0.513763882304665
