,discretized_reward_proportion,interconnectivity_strength_mean,interconnectivity_strength_err
0,0.1,16.8901277121639,2.207264649830459
1,0.30000000000000004,5.198920692181012,1.4303836263549539
2,0.5000000000000001,13.367377441309682,2.1992814093426376
3,0.7000000000000001,21.274483214729447,4.151691397108908
4,0.9000000000000001,0.5989185233371233,0.5851484407443792
