,discretized_reward_proportion,interconnectivity_strength_mean,interconnectivity_strength_err
0,0.1,10.19504439228294,0.1429657159425779
1,0.30000000000000004,12.72794788070583,0.5948357745097621
2,0.5000000000000001,10.866937691816485,0.3884718029158284
3,0.7000000000000001,10.269742355339009,0.6513771470127278
4,0.9000000000000001,11.766517012929665,0.6724736062646575
