,discretized_reward_proportion,interconnectivity_strength_mean,interconnectivity_strength_err
0,0.1,20.283794757263408,1.9817983693723926
1,0.30000000000000004,26.963403280255783,3.2293620000398464
2,0.5000000000000001,27.004700551169243,4.299589710240843
3,0.7000000000000001,31.517888845002055,3.4168857736076874
4,0.9000000000000001,17.2995268635357,2.8239153339510867
