,discretized_reward_proportion,interconnectivity_strength_mean,interconnectivity_strength_err
0,0.1,3.517518539248093,1.9536155423297088
1,0.30000000000000004,4.682067919881631,1.8096969516926427
2,0.5000000000000001,6.924092371196363,2.1595061968747755
3,0.7000000000000001,1.7859051728684279,0.9953996520346109
4,0.9000000000000001,6.938415992970646,1.902777469762094
