,discretized_reward_proportion,interconnectivity_strength_mean,interconnectivity_strength_err
0,0.1,20.597783582730344,4.112956027405217
1,0.30000000000000004,21.25107469249593,2.368367684084307
2,0.5000000000000001,7.6390228510314655,0.6624310336563947
3,0.7000000000000001,6.291395128445505,0.2463591316055096
4,0.9000000000000001,6.5856708178971095,0.28540062604885574
