,discretized_reward_proportion,interconnectivity_strength_mean,interconnectivity_strength_err
0,0.1,55.402192351754856,8.922836113437144
1,0.30000000000000004,22.67499235437691,5.611674219624712
2,0.5000000000000001,36.5933006871497,16.33127882120257
3,0.7000000000000001,6.59459058894231,1.2350634731498862
4,0.9000000000000001,4.17519963080514,0.9910927483568047
