,discretized_reward_proportion,interconnectivity_strength_mean,interconnectivity_strength_err
0,0.1,11.407631061776152,0.1809795965870387
1,0.30000000000000004,9.343065061082306,0.14707860494167851
2,0.5000000000000001,9.86405636978122,0.3747449896349686
3,0.7000000000000001,11.284401462881574,0.5797147658448906
4,0.9000000000000001,9.395685616134207,0.48593043718332934
