,discretized_reward_proportion,interconnectivity_strength_mean,interconnectivity_strength_err
0,0.1,12.032364133705743,0.6090404616644737
1,0.30000000000000004,10.525599190473839,0.49217685338939154
2,0.5000000000000001,7.379314242315855,0.5080526108289358
3,0.7000000000000001,7.99861976799622,0.35208420866968154
4,0.9000000000000001,8.312288291221773,0.3088018123638978
