,discretized_reward_proportion,interconnectivity_strength_mean,interconnectivity_strength_err
0,0.1,8.434144452782377,0.5980893704301941
1,0.30000000000000004,13.57312140818458,2.0388636183468307
2,0.5000000000000001,9.355609622682099,0.5577723439558202
3,0.7000000000000001,8.981556785465633,0.3215976335633534
4,0.9000000000000001,8.459434440014041,0.26395161621704777
