,discretized_reward_proportion,interconnectivity_strength_mean,interconnectivity_strength_err
0,0.1,28.182786671581173,1.8173567594607964
1,0.30000000000000004,23.891759101622128,3.4930161344504036
2,0.5000000000000001,14.659478857608782,2.5514415996594417
3,0.7000000000000001,14.631404344573795,3.360628011616611
4,0.9000000000000001,31.376077226517907,5.168033006585822
