,discretized_reward_proportion,interconnectivity_strength_mean,interconnectivity_strength_err
0,0.1,53.47508632457219,11.034271253984029
1,0.30000000000000004,0.15625,0.045386523588368165
2,0.5000000000000001,8.980041109717877,2.5939937668677393
3,0.7000000000000001,27.821277603869735,10.543086512594341
4,0.9000000000000001,3.3137318431800553,3.237543915452346
