,discretized_reward_proportion,interconnectivity_strength_mean,interconnectivity_strength_err
0,0.1,42.551391582171995,8.457451908455962
1,0.30000000000000004,66.74682614646966,8.508788008811464
2,0.5000000000000001,67.06699514250738,5.721582594719021
3,0.7000000000000001,40.565520985914034,4.327639749265041
4,0.9000000000000001,59.295682469674865,12.975896454466499
