,discretized_reward_proportion,interconnectivity_strength_mean,interconnectivity_strength_err
0,0.1,10.747872664884879,2.363151931218387
1,0.30000000000000004,23.389736200722858,3.0538627921916572
2,0.5000000000000001,21.771336162645465,2.6207355199706184
3,0.7000000000000001,20.34336675637116,4.16654323960771
4,0.9000000000000001,20.606677962873103,3.3418784729474185
