,discretized_reward_proportion,interconnectivity_strength_mean,interconnectivity_strength_err
0,0.1,112.99476079136099,24.32930811937547
1,0.30000000000000004,213.9112113110464,42.20622196836226
2,0.5000000000000001,41.358093078180694,8.839329069196726
3,0.7000000000000001,12.48611837303933,5.332220948102265
4,0.9000000000000001,6.625007998794408,6.062867305461124
