,discretized_reward_proportion,interconnectivity_strength_mean,interconnectivity_strength_err
0,0.1,8.039743922877818,0.28387185523172664
1,0.30000000000000004,8.120208387643071,0.19996926707425297
2,0.5000000000000001,7.718036706798626,0.27705953010801215
3,0.7000000000000001,7.589821934590801,0.29590449115097306
4,0.9000000000000001,9.346831650453215,0.4809264846952247
