,discretized_reward_proportion,interconnectivity_strength_mean,interconnectivity_strength_err
0,0.1,5.225025326900091,1.4439790529034364
1,0.30000000000000004,6.283619492342493,1.9511852586834197
2,0.5000000000000001,25.829844451343767,3.649544482925026
3,0.7000000000000001,49.45091117137182,18.563555749248817
4,0.9000000000000001,75.1147252153373,16.663417065374073
