,discretized_reward_proportion,interconnectivity_strength_mean,interconnectivity_strength_err
0,0.1,10.7220807637513,0.6227015662814646
1,0.30000000000000004,8.067583966624676,0.5137419629340991
2,0.5000000000000001,6.552027307126416,0.6984205125009956
3,0.7000000000000001,12.39519038148996,1.6343676410468075
4,0.9000000000000001,6.674656321286822,0.4047927828615944
