,discretized_reward_proportion,interconnectivity_strength_mean,interconnectivity_strength_err
0,0.1,16.57741740668762,3.4659904642071413
1,0.30000000000000004,25.5270551979423,2.6617252575851866
2,0.5000000000000001,37.49909599062774,3.221390853401886
3,0.7000000000000001,24.390733147991373,1.7547134625104703
4,0.9000000000000001,13.906115097407977,1.0237115363139864
