,discretized_reward_proportion,interconnectivity_strength_mean,interconnectivity_strength_err
0,0.1,9.480940375140966,0.7653947335742289
1,0.30000000000000004,7.088433787470403,0.7359351673254824
2,0.5000000000000001,26.871850801766676,6.754140506856743
3,0.7000000000000001,27.187919259708345,6.3833548887518585
4,0.9000000000000001,76.41975863461137,20.546273192527963
