,discretized_reward_proportion,interconnectivity_strength_mean,interconnectivity_strength_err
0,0.1,68.96252512676492,3.645510466028534
1,0.30000000000000004,63.68681551447133,5.631550145028709
2,0.5000000000000001,50.983489985568,3.2185484654854988
3,0.7000000000000001,41.39411934255283,2.1963253217556837
4,0.9000000000000001,35.31823406946663,2.0232133642666046
