,discretized_reward_proportion,interconnectivity_strength_mean,interconnectivity_strength_err
0,0.1,37.02897867477965,6.261625902821539
1,0.30000000000000004,48.90941867966604,6.069844249360678
2,0.5000000000000001,48.58478527121659,11.69800847792339
3,0.7000000000000001,27.199146203179204,8.116592095098202
4,0.9000000000000001,11.08659966930392,3.313244901829968
