,discretized_reward_proportion,interconnectivity_strength_mean,interconnectivity_strength_err
0,0.1,15.332268449388232,2.090135158684554
1,0.30000000000000004,15.241932452683159,1.4658558234783428
2,0.5000000000000001,14.185721755059435,1.1288880250982962
3,0.7000000000000001,13.14290857901122,0.6598559970355123
4,0.9000000000000001,14.968176705894935,0.8937440157802815
