,discretized_reward_proportion,interconnectivity_strength_mean,interconnectivity_strength_err
0,0.1,0.0,0.0
1,0.30000000000000004,0.06097560975609756,0.026424670838333327
2,0.5000000000000001,0.02631578947368421,0.014992181792363364
3,0.7000000000000001,0.031746031746031744,0.015619031231875902
4,0.9000000000000001,0.04568527918781726,0.014876502518211652
