,discretized_reward_proportion,interconnectivity_strength_mean,interconnectivity_strength_err
0,0.1,9.838242469763669,0.30301306397421135
1,0.30000000000000004,8.605103321950649,0.4792477515419885
2,0.5000000000000001,9.639978437339469,0.699696301287768
3,0.7000000000000001,6.815502871674101,0.5334799015833535
4,0.9000000000000001,4.254652174305121,0.24687756578495873
