,discretized_reward_proportion,interconnectivity_strength_mean,interconnectivity_strength_err
0,0.1,12.367283766182238,1.9569260811615776
1,0.30000000000000004,39.39214221079494,14.582697366846222
2,0.5000000000000001,166.94265182973106,33.96618048770176
3,0.7000000000000001,56.190919472867954,11.886617857726876
4,0.9000000000000001,43.40555882207611,3.580466523015949
