,discretized_reward_proportion,interconnectivity_strength_mean,interconnectivity_strength_err
0,0.1,8.547043629215093,1.325058160684384
1,0.30000000000000004,22.31630770755556,3.6183642383398773
2,0.5000000000000001,13.728931988578063,2.7568871188221737
3,0.7000000000000001,10.864994164544527,2.1300300954299183
4,0.9000000000000001,15.013094723703833,3.2249271632405523
