,discretized_reward_proportion,interconnectivity_strength_mean,interconnectivity_strength_err
0,0.1,25.308948169154565,1.5244106682561158
1,0.30000000000000004,16.43809162431809,2.6150630119096805
2,0.5000000000000001,11.32700679008675,2.7749793719562055
3,0.7000000000000001,18.691341079130797,5.5053771781017256
4,0.9000000000000001,26.235100631960197,4.382402188151576
