,discretized_reward_proportion,interconnectivity_strength_mean,interconnectivity_strength_err
0,0.1,77.64468593729849,6.379782460588019
1,0.30000000000000004,71.01527807174803,5.686302955399482
2,0.5000000000000001,45.87623991735801,8.927792211307331
3,0.7000000000000001,14.265772343869777,4.64294545930023
4,0.9000000000000001,16.512219498639013,4.642695681996144
