,discretized_reward_proportion,interconnectivity_strength_mean,interconnectivity_strength_err
0,0.1,6.882858518694235,1.1844949312553623
1,0.30000000000000004,14.322186439378335,1.494556040602933
2,0.5000000000000001,30.89625288123539,3.325087648314385
3,0.7000000000000001,46.139701833786155,8.045217777608269
4,0.9000000000000001,29.273340508131326,4.788805784331042
