,discretized_reward_proportion,interconnectivity_strength_mean,interconnectivity_strength_err
0,0.1,23.058422674361626,6.427046200310737
1,0.30000000000000004,27.69894811187916,7.155048730681711
2,0.5000000000000001,7.746359383411006,0.35078874620710504
3,0.7000000000000001,9.773134223544462,0.5241325689316085
4,0.9000000000000001,12.644248846653312,1.0195927460219536
