,discretized_reward_proportion,interconnectivity_strength_mean,interconnectivity_strength_err
0,0.1,28.077342144619475,1.588318590285162
1,0.30000000000000004,17.200265205671517,0.8744576281259249
2,0.5000000000000001,15.830900114642738,1.1613264326501302
3,0.7000000000000001,20.59419313998239,1.361167394745027
4,0.9000000000000001,22.13378762875309,2.571050225054782
