,discretized_reward_proportion,interconnectivity_strength_mean,interconnectivity_strength_err
0,0.1,5.792434395846858,0.3821649308800935
1,0.30000000000000004,5.1707397810639,0.37794292735966606
2,0.5000000000000001,9.253955047968327,1.4123500552700503
3,0.7000000000000001,6.60109047710098,0.7574611139158975
4,0.9000000000000001,7.407579725241869,0.5676812049220072
