,discretized_reward_proportion,interconnectivity_strength_mean,interconnectivity_strength_err
0,0.1,12.243682536324618,1.5294497232559943
1,0.30000000000000004,10.135349549628716,2.7462720165159196
2,0.5000000000000001,10.429990885066893,2.3647945647861737
3,0.7000000000000001,8.865526902211808,1.4811237868341334
4,0.9000000000000001,16.562151093032593,3.1635371956992446
