,discretized_reward_proportion,interconnectivity_strength_mean,interconnectivity_strength_err
0,0.1,34.95159115346561,3.3502801164048712
1,0.30000000000000004,17.084404619531462,2.7223421189984185
2,0.5000000000000001,6.608865142089697,3.0007122936808477
3,0.7000000000000001,12.68097353178024,8.613007445859482
4,0.9000000000000001,4.310939095863469,4.028728909381707
