,discretized_reward_proportion,interconnectivity_strength_mean,interconnectivity_strength_err
0,0.1,14.597642792948507,0.9805883486820908
1,0.30000000000000004,13.972648447676127,1.0206107587633264
2,0.5000000000000001,13.335801382752454,1.040556058082352
3,0.7000000000000001,10.029531932926025,0.6645701443286941
4,0.9000000000000001,14.448723389870123,1.3914078582252818
