,discretized_reward_proportion,interconnectivity_strength_mean,interconnectivity_strength_err
0,0.1,13.014448760960251,1.5497614909630402
1,0.30000000000000004,11.673981137735508,1.3041741375232827
2,0.5000000000000001,6.667324946855988,0.4607211312780224
3,0.7000000000000001,6.9487168460329585,0.45255884730225293
4,0.9000000000000001,10.117041796415611,0.8815126457106659
