,discretized_reward_proportion,interconnectivity_strength_mean,interconnectivity_strength_err
0,0.1,23.31003146445621,8.872204667552037
1,0.30000000000000004,23.334313619940218,5.6672045831413325
2,0.5000000000000001,43.661140289131595,11.336126358048482
3,0.7000000000000001,39.448346742401874,5.47370243058333
4,0.9000000000000001,42.62118548622596,5.234981869842268
