,discretized_reward_proportion,interconnectivity_strength_mean,interconnectivity_strength_err
0,0.1,46.71057042016907,8.92275799185138
1,0.30000000000000004,15.443748852061384,1.6479118979650966
2,0.5000000000000001,8.899761835177696,0.758618026594018
3,0.7000000000000001,7.66757806784166,0.41087532049853054
4,0.9000000000000001,7.764341927610351,0.4399344221503147
