,discretized_reward_proportion,interconnectivity_strength_mean,interconnectivity_strength_err
0,0.1,9.76113213826486,0.22553313024837016
1,0.30000000000000004,9.454903249304312,0.3267115726001903
2,0.5000000000000001,8.879506840839849,0.2644560215574439
3,0.7000000000000001,7.995673259622731,0.2779534433839656
4,0.9000000000000001,7.58686654643083,0.15685132709039026
