,discretized_reward_proportion,interconnectivity_strength_mean,interconnectivity_strength_err
0,0.1,5.693553009428497,0.30330877637017917
1,0.30000000000000004,7.002696579808465,0.58487873335334
2,0.5000000000000001,8.24238608480277,0.40050586250874864
3,0.7000000000000001,7.560691322022436,0.21727083980436732
4,0.9000000000000001,6.644652978859046,0.19483883550564252
