,discretized_reward_proportion,interconnectivity_strength_mean,interconnectivity_strength_err
0,0.1,106.68446974664283,19.144741094465896
1,0.30000000000000004,72.51826361495455,6.7745366818888755
2,0.5000000000000001,90.6710061561522,9.98218657886212
3,0.7000000000000001,58.36863646050215,7.845094547671634
4,0.9000000000000001,12.477733178290405,2.605237569244198
