,discretized_reward_proportion,interconnectivity_strength_mean,interconnectivity_strength_err
0,0.1,10.491612172028011,1.1961560265783537
1,0.30000000000000004,11.350584137271865,1.8352964728058863
2,0.5000000000000001,4.889597297523429,1.0734813653623798
3,0.7000000000000001,5.704234915539731,1.400962105250858
4,0.9000000000000001,4.4567125123473215,0.9500074758512065
