,discretized_reward_proportion,interconnectivity_strength_mean,interconnectivity_strength_err
0,0.1,76.01826151172915,4.6841603462551245
1,0.30000000000000004,105.99535760225442,5.817179437601112
2,0.5000000000000001,61.19265922211091,7.693091414339796
3,0.7000000000000001,28.118464398283074,5.871324517059371
4,0.9000000000000001,43.55019964042573,5.7257492658906255
