,discretized_reward_proportion,interconnectivity_strength_mean,interconnectivity_strength_err
0,0.1,41.45839474105615,9.420720914163844
1,0.30000000000000004,54.7027713950096,8.688021673677971
2,0.5000000000000001,66.11078949859866,9.65542722090658
3,0.7000000000000001,65.48521870339296,8.799515801586011
4,0.9000000000000001,78.8421049250541,9.806466737589425
