,discretized_reward_proportion,interconnectivity_strength_mean,interconnectivity_strength_err
0,0.1,10.828657567449051,1.6270612390112111
1,0.30000000000000004,11.076277340958079,1.9582840086728077
2,0.5000000000000001,16.69167357186679,2.6163195569651667
3,0.7000000000000001,13.468781140404678,1.1394751503810758
4,0.9000000000000001,13.060397984588594,1.790630291305923
