,discretized_reward_proportion,interconnectivity_strength_mean,interconnectivity_strength_err
0,0.1,34.59892693764745,3.852782670896635
1,0.30000000000000004,22.283940806319873,1.4461236203530843
2,0.5000000000000001,29.612034186425763,2.5148056152347142
3,0.7000000000000001,22.783567842165287,1.8985062921865392
4,0.9000000000000001,27.888608672313154,3.3059037939893345
