,discretized_reward_proportion,interconnectivity_strength_mean,interconnectivity_strength_err
0,0.1,10.832102845750951,3.55886888871081
1,0.30000000000000004,86.08377383424863,19.06486535453003
2,0.5000000000000001,47.8033051961206,11.501366562872523
3,0.7000000000000001,59.4617575774642,14.372652807345752
4,0.9000000000000001,83.15601933070435,20.618692058154007
