,discretized_reward_proportion,interconnectivity_strength_mean,interconnectivity_strength_err
0,0.1,84.80827419218235,18.499452069259647
1,0.30000000000000004,57.225551974290944,10.260247564300272
2,0.5000000000000001,54.13455670469529,28.24898644147121
3,0.7000000000000001,7.70017726633145,1.3641208986388502
4,0.9000000000000001,4.472671129039467,1.138595048625793
