,discretized_reward_proportion,interconnectivity_strength_mean,interconnectivity_strength_err
0,0.1,11.952935351912375,0.8187841373218572
1,0.30000000000000004,16.789804800185717,2.3661054938161667
2,0.5000000000000001,11.411638813797916,0.517927080048492
3,0.7000000000000001,10.025499299590171,0.7233473018254702
4,0.9000000000000001,8.759668394114957,0.28256663666408954
