,discretized_reward_proportion,interconnectivity_strength_mean,interconnectivity_strength_err
0,0.1,10.803890556421969,0.6479632705126565
1,0.30000000000000004,8.673912394899217,0.7261800292948389
2,0.5000000000000001,5.413739814454754,0.29517958586173193
3,0.7000000000000001,3.8671870839069826,0.07863820182346017
4,0.9000000000000001,3.705553911564104,0.18164647484599825
