,discretized_reward_proportion,interconnectivity_strength_mean,interconnectivity_strength_err
0,0.1,9.872261437541702,0.6219866467817663
1,0.30000000000000004,11.625609871159265,0.5283277438351592
2,0.5000000000000001,14.157907933131074,0.9978140797632618
3,0.7000000000000001,11.628113119892516,1.5744292215754694
4,0.9000000000000001,1.9088444288227155,1.7855604643266993
