,discretized_reward_proportion,interconnectivity_strength_mean,interconnectivity_strength_err
0,0.1,9.427796513827547,0.39933700692422797
1,0.30000000000000004,8.511880226187758,0.283971273722069
2,0.5000000000000001,7.9732589350836545,0.1760334412742533
3,0.7000000000000001,8.339885965290188,0.31541964703468967
4,0.9000000000000001,10.88386748641558,0.5934518924430724
