,discretized_reward_proportion,interconnectivity_strength_mean,interconnectivity_strength_err
0,0.1,23.018492713069232,8.43043871870227
1,0.30000000000000004,70.91024453371942,19.105045590648857
2,0.5000000000000001,0.7037037037037037,0.06213855502280452
3,0.7000000000000001,3.9717556701905776,1.9735481496030043
4,0.9000000000000001,2.415769934336257,1.2455740980394165
