,discretized_reward_proportion,interconnectivity_strength_mean,interconnectivity_strength_err
0,0.1,19.082967485584316,2.7753565866936394
1,0.30000000000000004,23.154773815645033,6.4410342450807265
2,0.5000000000000001,23.416039078757265,5.397556169404554
3,0.7000000000000001,7.221117606588176,0.28948951371065584
4,0.9000000000000001,7.346536843798168,0.24158860873387564
