,discretized_reward_proportion,interconnectivity_strength_mean,interconnectivity_strength_err
0,0.1,0.0,0.0
1,0.30000000000000004,0.02564102564102564,0.025310159835529467
2,0.5000000000000001,11.960874285818933,4.282822359838801
3,0.7000000000000001,13.675456754817521,4.226112254649369
4,0.9000000000000001,2.2354941486997557,1.1612330671926059
