,discretized_reward_proportion,interconnectivity_strength_mean,interconnectivity_strength_err
0,0.1,50.33720577542883,7.805890790726627
1,0.30000000000000004,33.78714207142792,7.97529480241044
2,0.5000000000000001,37.33072079071631,9.99704216821124
3,0.7000000000000001,0.4642857142857143,0.09424976123424061
4,0.9000000000000001,0.9545454545454546,0.044409473678108845
