,discretized_reward_proportion,interconnectivity_strength_mean,interconnectivity_strength_err
0,0.1,47.14571917961008,10.086484424958998
1,0.30000000000000004,55.6079454454404,11.212678389341752
2,0.5000000000000001,13.827960582965272,3.234627116464729
3,0.7000000000000001,12.467515698462773,1.1429246657618068
4,0.9000000000000001,11.483001905774094,1.2932277657567002
