,discretized_reward_proportion,interconnectivity_strength_mean,interconnectivity_strength_err
0,0.1,15.83933086149902,0.4785990915698044
1,0.30000000000000004,14.108214857986795,1.0073606898071286
2,0.5000000000000001,17.650725670271292,1.6958517995927953
3,0.7000000000000001,30.06355798576517,3.44685033710736
4,0.9000000000000001,11.565889244911993,1.0174092081222017
