,discretized_reward_proportion,interconnectivity_strength_mean,interconnectivity_strength_err
0,0.1,23.747233579378367,1.175885316344869
1,0.30000000000000004,37.7105502490384,3.427121278667117
2,0.5000000000000001,35.59652952558944,2.271940064818172
3,0.7000000000000001,32.43160505212611,3.012623551956703
4,0.9000000000000001,19.162864705005884,1.7906912224793714
