,discretized_reward_proportion,interconnectivity_strength_mean,interconnectivity_strength_err
0,0.1,132.89083475124266,15.99153758894164
1,0.30000000000000004,87.44546025802198,19.45003018237163
2,0.5000000000000001,185.28228888548918,55.14341971804098
3,0.7000000000000001,36.214037226915586,10.248038099430298
4,0.9000000000000001,8.697757412519959,2.2817568381999336
