,discretized_reward_proportion,interconnectivity_strength_mean,interconnectivity_strength_err
0,0.1,3.648617194366441,0.678429564436758
1,0.30000000000000004,4.643590525809751,1.0155407630771465
2,0.5000000000000001,6.128379024837693,1.3253900899898245
3,0.7000000000000001,7.70559628081966,1.2261116603748041
4,0.9000000000000001,7.173500453908364,0.8034828774158879
