,discretized_reward_proportion,interconnectivity_strength_mean,interconnectivity_strength_err
0,0.1,28.752110559127498,2.1129017042896927
1,0.30000000000000004,13.63050003214367,0.9417048491365566
2,0.5000000000000001,11.010974081191325,0.886726780708924
3,0.7000000000000001,10.057168131026966,0.9152607736440228
4,0.9000000000000001,16.842065462348504,1.6505065351294295
