,discretized_reward_proportion,interconnectivity_strength_mean,interconnectivity_strength_err
0,0.1,10.279267465237707,1.3968886042748427
1,0.30000000000000004,15.627243886138869,1.912042240531451
2,0.5000000000000001,14.93090377886868,3.279742175081141
3,0.7000000000000001,21.387924799180187,5.396068480525725
4,0.9000000000000001,11.603462353520008,1.9928446206135892
