,discretized_reward_proportion,interconnectivity_strength_mean,interconnectivity_strength_err
0,0.1,19.97528617058832,1.8378203033401934
1,0.30000000000000004,19.1222713265409,1.1491146983596194
2,0.5000000000000001,14.90859635453321,1.0487032334827346
3,0.7000000000000001,16.22181587878191,1.3997502565380142
4,0.9000000000000001,12.202761139145938,1.7022562519997144
