,discretized_reward_proportion,interconnectivity_strength_mean,interconnectivity_strength_err
0,0.1,10.69694743527506,0.44373132938881626
1,0.30000000000000004,14.606783632904325,2.0467287081964156
2,0.5000000000000001,16.47578216174958,2.502696415850457
3,0.7000000000000001,7.556600157750121,1.3110504973030208
4,0.9000000000000001,5.624820434439797,1.5042991831483081
