,discretized_reward_proportion,interconnectivity_strength_mean,interconnectivity_strength_err
0,0.1,34.26854711540666,4.209665350383984
1,0.30000000000000004,14.519276711610123,3.5274777299063893
2,0.5000000000000001,27.618858632225194,9.217416054124756
3,0.7000000000000001,22.606901649695722,6.273128313631328
4,0.9000000000000001,6.248943256581215,2.152400977295784
