,discretized_reward_proportion,interconnectivity_strength_mean,interconnectivity_strength_err
0,0.1,17.729385790039494,2.9431645687305514
1,0.30000000000000004,57.25028737122038,8.93487051749408
2,0.5000000000000001,44.00383401414364,5.673896937542187
3,0.7000000000000001,14.874928238874894,3.810571830640329
4,0.9000000000000001,7.8446505949066845,1.6127584772791985
