,discretized_reward_proportion,interconnectivity_strength_mean,interconnectivity_strength_err
0,0.1,18.18674886981609,1.3327602058015147
1,0.30000000000000004,19.23238283026541,1.0801437449610853
2,0.5000000000000001,18.361144963623044,1.2189485543916463
3,0.7000000000000001,13.226188933449535,0.6625075549818055
4,0.9000000000000001,13.039259623426654,0.6343395278998574
