,discretized_reward_proportion,interconnectivity_strength_mean,interconnectivity_strength_err
0,0.1,7.159167238477158,0.3553780462082694
1,0.30000000000000004,6.608227288414833,0.28871619577607355
2,0.5000000000000001,6.04875484314687,0.5805641535850536
3,0.7000000000000001,4.3940636893899345,0.23073268427627475
4,0.9000000000000001,5.594978062283689,0.3309053266149547
