,discretized_reward_proportion,interconnectivity_strength_mean,interconnectivity_strength_err
0,0.1,161.22571481369624,90.0876677168807
1,0.30000000000000004,696.0930574629627,130.26272914110035
2,0.5000000000000001,8.576146108740895,3.765396255070232
3,0.7000000000000001,10.940856408869124,5.213436793767864
4,0.9000000000000001,13.131657250196758,5.727957177616999
