,discretized_reward_proportion,interconnectivity_strength_mean,interconnectivity_strength_err
0,0.1,54.45021299651967,7.841275421397928
1,0.30000000000000004,34.35729380332934,6.500792921740275
2,0.5000000000000001,32.2548746046843,4.618333857848161
3,0.7000000000000001,54.401331485366036,3.8164471710592047
4,0.9000000000000001,46.72010587119129,5.762839427858595
