,discretized_reward_proportion,interconnectivity_strength_mean,interconnectivity_strength_err
0,0.1,40.73338725611628,8.897228745009084
1,0.30000000000000004,25.49256998654938,7.017463162375347
2,0.5000000000000001,25.18454917533285,9.367284578941037
3,0.7000000000000001,30.477326051949312,6.9933670755461605
4,0.9000000000000001,0.2,0.051639777949432225
