,discretized_reward_proportion,interconnectivity_strength_mean,interconnectivity_strength_err
0,0.1,6.020901415614204,0.3947891588853723
1,0.30000000000000004,5.44958207292591,0.334906296044409
2,0.5000000000000001,3.795260313413565,0.1291969050457021
3,0.7000000000000001,4.233977304571084,0.1945219115674456
4,0.9000000000000001,5.463489327373369,0.312182535143805
