,discretized_reward_proportion,interconnectivity_strength_mean,interconnectivity_strength_err
0,0.1,62.131358022780375,14.4748958354292
1,0.30000000000000004,23.25583271962175,8.932980513702432
2,0.5000000000000001,19.449289941571596,3.402996173057957
3,0.7000000000000001,15.25890744470296,1.6227950024581146
4,0.9000000000000001,17.165029965637128,2.356931148412546
