,discretized_reward_proportion,interconnectivity_strength_mean,interconnectivity_strength_err
0,0.1,23.821412498565792,2.642649148997091
1,0.30000000000000004,30.55803123432619,6.281746750902659
2,0.5000000000000001,24.018926544644465,3.0731097971138666
3,0.7000000000000001,30.24746528765895,4.057738086562628
4,0.9000000000000001,33.09983177074307,4.611791116418058
