,discretized_reward_proportion,interconnectivity_strength_mean,interconnectivity_strength_err
0,0.1,81.51932937189424,20.322237140546044
1,0.30000000000000004,25.200610734621392,11.498771439262601
2,0.5000000000000001,11.01807238000446,1.4705020771072377
3,0.7000000000000001,21.860303126887413,6.765957591826434
4,0.9000000000000001,17.35851980105536,5.699235723677226
