,discretized_reward_proportion,interconnectivity_strength_mean,interconnectivity_strength_err
0,0.1,61.08872558203745,9.18398410935545
1,0.30000000000000004,22.038383149348913,9.378164803732425
2,0.5000000000000001,0.2459016393442623,0.05513530645811812
3,0.7000000000000001,0.35714285714285715,0.09055224157805535
4,0.9000000000000001,0.5,0.10660035817780521
