,discretized_reward_proportion,interconnectivity_strength_mean,interconnectivity_strength_err
0,0.1,13.209339112106484,0.6198341516689564
1,0.30000000000000004,11.992518924696801,0.6552145150871582
2,0.5000000000000001,10.014898776735711,0.8415436123174552
3,0.7000000000000001,9.297733060619455,0.5841474473123358
4,0.9000000000000001,15.948833086466797,1.3578907085028
