,discretized_reward_proportion,interconnectivity_strength_mean,interconnectivity_strength_err
0,0.1,85.77674887020552,9.033758642574673
1,0.30000000000000004,46.51239569708677,6.915534083104395
2,0.5000000000000001,23.796806004596448,8.605061550060928
3,0.7000000000000001,2.40207422656429,1.2287982147774517
4,0.9000000000000001,0.24242424242424243,0.07460090362383802
