,discretized_reward_proportion,interconnectivity_strength_mean,interconnectivity_strength_err
0,0.1,12.23896555613485,0.4464899447227581
1,0.30000000000000004,13.571309382695715,0.9705363839803004
2,0.5000000000000001,13.701051353122077,1.3204675043422245
3,0.7000000000000001,11.040699872319705,0.8648379846982384
4,0.9000000000000001,12.55978240117387,0.8774749544378552
