,discretized_reward_proportion,interconnectivity_strength_mean,interconnectivity_strength_err
0,0.1,40.251765863345355,4.229731026855272
1,0.30000000000000004,45.92943979765414,7.2882607243103745
2,0.5000000000000001,13.374679585021905,2.1364489993031803
3,0.7000000000000001,37.158764352417684,9.977346189400718
4,0.9000000000000001,38.21108814059919,7.071554802005866
