,discretized_reward_proportion,interconnectivity_strength_mean,interconnectivity_strength_err
0,0.1,33.275191303310926,4.623238683210322
1,0.30000000000000004,16.87853589077886,2.6454140756139792
2,0.5000000000000001,32.2911372289416,4.443683027333914
3,0.7000000000000001,59.50409382007919,9.544592336994786
4,0.9000000000000001,152.31725957821885,37.284467402343196
