,discretized_reward_proportion,interconnectivity_strength_mean,interconnectivity_strength_err
0,0.1,252.52647411461294,55.360970296807096
1,0.30000000000000004,309.2317497330438,66.91863055493724
2,0.5000000000000001,25.501385475410036,11.964915867004962
3,0.7000000000000001,7.324962404746314,2.7197135556082066
4,0.9000000000000001,4.168164194524538,1.2248160620984663
