,discretized_reward_proportion,interconnectivity_strength_mean,interconnectivity_strength_err
0,0.1,2.3944284084950347,0.21153906088769078
1,0.30000000000000004,5.008839402909551,0.4802451800134742
2,0.5000000000000001,6.079752318304231,0.4545082830458513
3,0.7000000000000001,7.7261652386922055,3.1437464907393053
4,0.9000000000000001,19.681292433480497,3.8778806350570165
