,discretized_reward_proportion,interconnectivity_strength_mean,interconnectivity_strength_err
0,0.1,27.814235425439843,1.784773289199936
1,0.30000000000000004,27.372456681360397,2.6744257629618438
2,0.5000000000000001,21.397727216292722,1.1733093373839043
3,0.7000000000000001,23.99436982869509,1.9423027937464528
4,0.9000000000000001,18.811763898878308,1.1446932336831819
