,discretized_reward_proportion,interconnectivity_strength_mean,interconnectivity_strength_err
0,0.1,2.7080546641670407,0.10870328401791385
1,0.30000000000000004,5.489036352033021,0.8991396541911029
2,0.5000000000000001,5.704865567425611,1.000946743294117
3,0.7000000000000001,10.262197600064582,1.3924263556418914
4,0.9000000000000001,7.945580493627332,1.4396215131304746
