,discretized_reward_proportion,interconnectivity_strength_mean,interconnectivity_strength_err
0,0.1,20.51378547928289,5.881746851659711
1,0.30000000000000004,19.700308325720382,5.011683039431944
2,0.5000000000000001,27.925722305689412,6.40559098093672
3,0.7000000000000001,18.72226500355121,2.4752922175019405
4,0.9000000000000001,33.35580461889825,3.651217884670621
