,discretized_reward_proportion,interconnectivity_strength_mean,interconnectivity_strength_err
0,0.1,69.07772293738336,14.459177092612775
1,0.30000000000000004,99.84739320248171,19.044337486114276
2,0.5000000000000001,36.30303772745034,12.535009709446701
3,0.7000000000000001,11.702868589649068,2.2369967059733256
4,0.9000000000000001,6.818942201834524,1.2228723969681161
