,discretized_reward_proportion,interconnectivity_strength_mean,interconnectivity_strength_err
0,0.1,22.255385730234288,1.4117073230674957
1,0.30000000000000004,31.73603705724138,3.9761453952436434
2,0.5000000000000001,19.946162099411673,1.1808150580438925
3,0.7000000000000001,14.310535659363119,1.9086588641833078
4,0.9000000000000001,20.896234985386847,1.30865068163189
