,discretized_reward_proportion,interconnectivity_strength_mean,interconnectivity_strength_err
0,0.1,10.810634601754554,3.0127029993733023
1,0.30000000000000004,5.034112895138009,3.3361836661700104
2,0.5000000000000001,29.01315815271422,8.70274559475716
3,0.7000000000000001,34.26618478034441,12.48166360169464
4,0.9000000000000001,96.11358417697971,10.4175080153171
