,discretized_reward_proportion,interconnectivity_strength_mean,interconnectivity_strength_err
0,0.1,376.4703588867125,79.78513032378459
1,0.30000000000000004,38.984377629906284,20.230996497845975
2,0.5000000000000001,16.203505931639388,3.1412820783132687
3,0.7000000000000001,8.534380363565397,2.9992482791062067
4,0.9000000000000001,2.079893386546106,0.6801309298970208
