,discretized_reward_proportion,interconnectivity_strength_mean,interconnectivity_strength_err
0,0.1,15.438180137510843,0.4207647273754234
1,0.30000000000000004,11.523504885493345,1.0836974610042707
2,0.5000000000000001,7.041581115943702,0.16581714204333642
3,0.7000000000000001,6.442538084533704,0.1961395746629991
4,0.9000000000000001,5.167172922359784,0.1821761010098953
