,discretized_reward_proportion,interconnectivity_strength_mean,interconnectivity_strength_err
0,0.1,7.716691913775653,0.5194060784502971
1,0.30000000000000004,6.610816288931284,0.35835747324496303
2,0.5000000000000001,6.361128674717127,0.2988575339914212
3,0.7000000000000001,6.310557159220088,0.11686232659215237
4,0.9000000000000001,6.346655400160938,0.11010800578210414
