,discretized_reward_proportion,interconnectivity_strength_mean,interconnectivity_strength_err
0,0.1,50.366717465511364,2.599842973551531
1,0.30000000000000004,30.321041782321622,2.62135025193448
2,0.5000000000000001,16.260362023066122,1.0337264738068201
3,0.7000000000000001,11.409591206598972,0.7417612622706545
4,0.9000000000000001,15.126229921658593,0.6950758541518721
