,discretized_reward_proportion,interconnectivity_strength_mean,interconnectivity_strength_err
0,0.1,22.468094025804024,1.2949007501500656
1,0.30000000000000004,20.096293942841605,1.6949878136823724
2,0.5000000000000001,53.76453399653765,8.867154741655252
3,0.7000000000000001,54.99200077402212,5.344618288221832
4,0.9000000000000001,86.74840406915152,10.040011567152188
