,discretized_reward_proportion,interconnectivity_strength_mean,interconnectivity_strength_err
0,0.1,14.708773409534697,5.050691163833011
1,0.30000000000000004,49.906034863325694,7.459551396969919
2,0.5000000000000001,16.053354678386643,3.965332872513722
3,0.7000000000000001,93.45845294445736,24.74618096551494
4,0.9000000000000001,57.88860666353633,18.424602349729224
