,discretized_reward_proportion,interconnectivity_strength_mean,interconnectivity_strength_err
0,0.1,111.40106738730786,11.019941545265183
1,0.30000000000000004,152.96107835155766,13.428121005060317
2,0.5000000000000001,178.23607291173366,36.73283301598233
3,0.7000000000000001,112.92658062260134,59.854566961865146
4,0.9000000000000001,,
