,discretized_reward_proportion,interconnectivity_strength_mean,interconnectivity_strength_err
0,0.1,56.107885218038014,4.105896064981137
1,0.30000000000000004,35.46344976049542,3.2247743956818797
2,0.5000000000000001,31.456070505365034,3.6429802890951377
3,0.7000000000000001,62.02571423280137,11.862203625890688
4,0.9000000000000001,49.76337910056329,9.158630636158833
