,discretized_reward_proportion,interconnectivity_strength_mean,interconnectivity_strength_err
0,0.1,36.00847004081426,2.9178451888474073
1,0.30000000000000004,17.708958970992086,0.9389526571210323
2,0.5000000000000001,20.317493222593715,1.109863860647588
3,0.7000000000000001,23.340846718141485,2.9099917284356263
4,0.9000000000000001,,
