,discretized_reward_proportion,interconnectivity_strength_mean,interconnectivity_strength_err
0,0.1,43.43300329200792,3.9503122134213235
1,0.30000000000000004,47.62711544944812,3.9191507635512304
2,0.5000000000000001,21.557901797867224,1.7221560948428116
3,0.7000000000000001,20.535613551145524,0.9998920969666301
4,0.9000000000000001,23.46334075425706,1.1689924978455886
