,discretized_reward_proportion,interconnectivity_strength_mean,interconnectivity_strength_err
0,0.1,183.49958140989835,36.57666471701897
1,0.30000000000000004,43.41246657596393,10.64362928668269
2,0.5000000000000001,40.45202889114181,11.287827826516569
3,0.7000000000000001,39.81996871007002,7.473471348780161
4,0.9000000000000001,52.674868959745886,6.103764798404189
