,discretized_reward_proportion,interconnectivity_strength_mean,interconnectivity_strength_err
0,0.1,11.330614247830288,1.202327720165422
1,0.30000000000000004,16.257218513831607,1.4009928599511248
2,0.5000000000000001,11.443622511403547,0.8915464823400583
3,0.7000000000000001,8.992513994084966,0.5210648387343653
4,0.9000000000000001,7.651160615570215,0.19701839190594433
