,discretized_reward_proportion,interconnectivity_strength_mean,interconnectivity_strength_err
0,0.1,25.539690967143965,3.1311677323482097
1,0.30000000000000004,37.92631918642578,5.422934443199658
2,0.5000000000000001,50.709665996710385,9.938875892648392
3,0.7000000000000001,42.81632225938172,9.630594412896734
4,0.9000000000000001,38.30843508228644,10.563572007735067
