,discretized_reward_proportion,interconnectivity_strength_mean,interconnectivity_strength_err
0,0.1,9.90342782769279,1.9720315191772506
1,0.30000000000000004,16.18335503065354,1.3520371225865193
2,0.5000000000000001,56.891559026183735,21.689597761542846
3,0.7000000000000001,31.55244506217551,9.600841701966084
4,0.9000000000000001,17.582127518506965,1.6669501070699182
