,discretized_reward_proportion,interconnectivity_strength_mean,interconnectivity_strength_err
0,0.1,53.895383107204644,3.9103990075976633
1,0.30000000000000004,20.63798865045196,2.4898732632014346
2,0.5000000000000001,9.441496860822683,1.5471952596411023
3,0.7000000000000001,4.277955550144065,1.533790715113156
4,0.9000000000000001,27.478764945590385,6.752324703533165
