,discretized_reward_proportion,interconnectivity_strength_mean,interconnectivity_strength_err
0,0.1,26.917008242909546,4.879202854821696
1,0.30000000000000004,13.192411889792185,1.7770808111306227
2,0.5000000000000001,9.829070351344036,0.8040468714674173
3,0.7000000000000001,9.086014689126497,0.38086728565111294
4,0.9000000000000001,8.794706965372757,0.31665885882230616
