,discretized_reward_proportion,interconnectivity_strength_mean,interconnectivity_strength_err
0,0.1,0.0,0.0
1,0.30000000000000004,3.1956500108779067,0.9933700402592202
2,0.5000000000000001,7.2946641233620255,0.7432564819548435
3,0.7000000000000001,10.13196273178702,0.8808819378962373
4,0.9000000000000001,6.7982910773620535,0.6587288180742772
