,discretized_reward_proportion,interconnectivity_strength_mean,interconnectivity_strength_err
0,0.1,28.926268320603572,5.1291026333291665
1,0.30000000000000004,47.04518576881979,10.803691307886053
2,0.5000000000000001,14.957262171545441,3.8005255354504976
3,0.7000000000000001,21.257555420490043,2.4339218151528663
4,0.9000000000000001,10.181353305984763,2.169178385201606
