,discretized_reward_proportion,interconnectivity_strength_mean,interconnectivity_strength_err
0,0.1,21.9819741918523,1.507939369575521
1,0.30000000000000004,20.435881767092834,3.3923645729070464
2,0.5000000000000001,46.97129702286229,16.42127402318145
3,0.7000000000000001,82.3735270325445,25.17094348130854
4,0.9000000000000001,122.35731441627037,33.59549501581008
