,discretized_reward_proportion,interconnectivity_strength_mean,interconnectivity_strength_err
0,0.1,15.251093523692282,1.0304954513944575
1,0.30000000000000004,11.271466042900744,0.8286665661276736
2,0.5000000000000001,9.13949360214382,0.6673337707962839
3,0.7000000000000001,6.4074739916444035,0.3183834345478292
4,0.9000000000000001,5.554302816029622,0.17583772609016107
