,discretized_reward_proportion,interconnectivity_strength_mean,interconnectivity_strength_err
0,0.1,137.64140624436888,38.00391672454224
1,0.30000000000000004,133.4173789906911,20.356967846833456
2,0.5000000000000001,89.11290664572317,19.029148305583018
3,0.7000000000000001,24.768024137462394,5.19827355555307
4,0.9000000000000001,14.77490132273479,5.64801051522901
