,discretized_reward_proportion,interconnectivity_strength_mean,interconnectivity_strength_err
0,0.1,58.89834309659183,25.843038858906745
1,0.30000000000000004,51.91215506497464,20.85540144431775
2,0.5000000000000001,34.813529224950216,9.77103601106659
3,0.7000000000000001,47.86206244031194,16.04656446199624
4,0.9000000000000001,54.26329626377007,9.397789125999331
