,discretized_reward_proportion,interconnectivity_strength_mean,interconnectivity_strength_err
0,0.1,6.741347792522217,0.3519239705790415
1,0.30000000000000004,5.850555187806791,0.29793927686988614
2,0.5000000000000001,4.667136610947348,0.2803425824925058
3,0.7000000000000001,3.956320674895232,0.0984171702429877
4,0.9000000000000001,3.621345436287399,0.0906737640643339
