,discretized_reward_proportion,interconnectivity_strength_mean,interconnectivity_strength_err
0,0.1,12.184234307278658,2.353980883645202
1,0.30000000000000004,22.837092643174042,4.49070351427093
2,0.5000000000000001,29.572001120331453,4.607670539751328
3,0.7000000000000001,23.686651823636687,3.0854120899664976
4,0.9000000000000001,42.655844489131546,4.795896237974889
