,discretized_reward_proportion,interconnectivity_strength_mean,interconnectivity_strength_err
0,0.1,15.411927080081762,0.33168013010680064
1,0.30000000000000004,15.306497922390179,0.5069348735525901
2,0.5000000000000001,14.97208477668653,0.5955590073357834
3,0.7000000000000001,19.231766117738832,1.1469503939469792
4,0.9000000000000001,13.15814067097001,0.4561893588906395
