,discretized_reward_proportion,interconnectivity_strength_mean,interconnectivity_strength_err
0,0.1,12.67789217843981,0.9096390058397887
1,0.30000000000000004,11.922626336877647,0.455980395973584
2,0.5000000000000001,9.665533407976243,0.4356418211433743
3,0.7000000000000001,8.10436132883696,0.32547324069633365
4,0.9000000000000001,10.109464520276331,0.5026980723147575
