,discretized_reward_proportion,interconnectivity_strength_mean,interconnectivity_strength_err
0,0.1,63.281254426895124,6.576746335489797
1,0.30000000000000004,30.39176471942788,5.244368299632206
2,0.5000000000000001,27.107497557081064,5.0960299954927475
3,0.7000000000000001,65.73983789206211,12.828443112175927
4,0.9000000000000001,67.23901293816242,17.91529649499558
