,discretized_reward_proportion,interconnectivity_strength_mean,interconnectivity_strength_err
0,0.1,28.775783234796855,4.292893471137148
1,0.30000000000000004,21.326745388374803,3.184819894313717
2,0.5000000000000001,22.63087474848772,3.006750964018029
3,0.7000000000000001,22.276378975330523,1.591877609835268
4,0.9000000000000001,23.59624481073958,1.5791327120206813
