,discretized_reward_proportion,interconnectivity_strength_mean,interconnectivity_strength_err
0,0.1,9.521813476450866,0.10874374020704008
1,0.30000000000000004,7.870107953569324,0.2477355734536018
2,0.5000000000000001,7.3464144302348835,0.24992803920734996
3,0.7000000000000001,6.43383084735133,0.3129227658529464
4,0.9000000000000001,5.212921597047437,0.18718794677049347
