,discretized_reward_proportion,interconnectivity_strength_mean,interconnectivity_strength_err
0,0.1,16.58610907741282,1.5055020129847274
1,0.30000000000000004,25.602171894485313,2.4358227584982948
2,0.5000000000000001,28.45947447975454,2.4953978861879276
3,0.7000000000000001,14.770187302886741,1.4002067921837187
4,0.9000000000000001,8.000994130102674,0.406084650932985
