,discretized_reward_proportion,interconnectivity_strength_mean,interconnectivity_strength_err
0,0.1,27.927800927204256,3.6528103927580053
1,0.30000000000000004,75.03317704304055,12.66623114932457
2,0.5000000000000001,40.71919630320585,5.545297054708479
3,0.7000000000000001,40.91930544323761,4.175707159569094
4,0.9000000000000001,44.395890868999246,4.163456018677958
