,discretized_reward_proportion,interconnectivity_strength_mean,interconnectivity_strength_err
0,0.1,25.56800027466937,2.1531589189329012
1,0.30000000000000004,15.35809863296834,1.7512054306497016
2,0.5000000000000001,13.073696373027353,1.6792668778475706
3,0.7000000000000001,21.213434297502978,4.0538919489332255
4,0.9000000000000001,35.52145479434948,2.8728389773936027
