,discretized_reward_proportion,interconnectivity_strength_mean,interconnectivity_strength_err
0,0.1,21.49331939023565,2.9866214629565513
1,0.30000000000000004,16.132611145069628,1.817546929491376
2,0.5000000000000001,9.12709481804258,1.4711536718644027
3,0.7000000000000001,5.163736657486256,1.3947401836859645
4,0.9000000000000001,10.48139961280503,2.6549937600057727
