,discretized_reward_proportion,interconnectivity_strength_mean,interconnectivity_strength_err
0,0.1,3.645305496851034,0.19952631449441371
1,0.30000000000000004,4.953392699044285,0.4569556730518221
2,0.5000000000000001,6.37855255902418,0.32709546651660826
3,0.7000000000000001,7.106741775356735,0.28418489017181
4,0.9000000000000001,6.648088853359861,0.2546784900784478
