,discretized_reward_proportion,interconnectivity_strength_mean,interconnectivity_strength_err
0,0.1,82.9481283171279,9.032076101816527
1,0.30000000000000004,105.56080089987131,10.686196281117235
2,0.5000000000000001,35.6608249848501,11.671553150928988
3,0.7000000000000001,23.501351102286797,13.503881271769496
4,0.9000000000000001,89.92185236364159,30.549558812077855
