,discretized_reward_proportion,interconnectivity_strength_mean,interconnectivity_strength_err
0,0.1,20.020469068605827,1.2117150414499074
1,0.30000000000000004,19.771554421690684,1.3358366413829388
2,0.5000000000000001,15.53884066177117,1.2666226462156531
3,0.7000000000000001,9.030064569489818,0.4971551280640608
4,0.9000000000000001,9.921671414523002,0.35317648475191177
