,discretized_reward_proportion,interconnectivity_strength_mean,interconnectivity_strength_err
0,0.1,21.58595309000347,3.179544647983264
1,0.30000000000000004,17.64048705481721,1.1805029626080175
2,0.5000000000000001,16.19743851490449,1.0607525346649203
3,0.7000000000000001,15.940682786098282,0.9532702955907884
4,0.9000000000000001,15.499780700126951,1.150311393480615
