,discretized_reward_proportion,interconnectivity_strength_mean,interconnectivity_strength_err
0,0.1,6.091074328379644,2.2880034317280837
1,0.30000000000000004,17.083772389934193,4.094739641018599
2,0.5000000000000001,39.91262187705453,7.155359296880061
3,0.7000000000000001,16.769400275006824,4.246735819469035
4,0.9000000000000001,24.11753179572255,3.2355362602762328
