,discretized_reward_proportion,interconnectivity_strength_mean,interconnectivity_strength_err
0,0.1,14.733570941955833,1.653523533036405
1,0.30000000000000004,13.262577484063245,0.9887231320922684
2,0.5000000000000001,16.823330278903015,1.2278696303397
3,0.7000000000000001,17.53096519897308,1.254048153018391
4,0.9000000000000001,14.552789772362136,0.8293692078876956
