,discretized_reward_proportion,interconnectivity_strength_mean,interconnectivity_strength_err
0,0.1,7.044296847855094,0.509828633017506
1,0.30000000000000004,7.974010577472175,0.5146986741221323
2,0.5000000000000001,9.320477401924322,0.4224410853065346
3,0.7000000000000001,11.286359253733108,0.401084099361753
4,0.9000000000000001,11.765587320146501,0.4832531622383418
