,discretized_reward_proportion,interconnectivity_strength_mean,interconnectivity_strength_err
0,0.1,43.80382995329727,5.95909010762614
1,0.30000000000000004,25.982522974998194,3.9866859343138326
2,0.5000000000000001,34.6610703957329,2.5842422448023665
3,0.7000000000000001,27.400733200028643,3.3639720676855167
4,0.9000000000000001,6.9498543607841,2.7290609642399644
