,discretized_reward_proportion,interconnectivity_strength_mean,interconnectivity_strength_err
0,0.1,20.988728407189406,4.663318312259728
1,0.30000000000000004,87.5511786853784,50.9405859939451
2,0.5000000000000001,102.073636195459,63.21091479787503
3,0.7000000000000001,141.20780750460793,42.32919046250385
4,0.9000000000000001,73.12573462145525,31.524029269693592
