,discretized_reward_proportion,interconnectivity_strength_mean,interconnectivity_strength_err
0,0.1,37.63317343749883,4.134104319420597
1,0.30000000000000004,66.0645873415552,9.364567027438506
2,0.5000000000000001,34.42112382516507,2.9124529912545385
3,0.7000000000000001,14.576044299691452,7.248763412637543
4,0.9000000000000001,121.79838441147602,19.313365321982804
