,discretized_reward_proportion,interconnectivity_strength_mean,interconnectivity_strength_err
0,0.1,12.577174298992965,0.3665343322596076
1,0.30000000000000004,11.646656268185954,0.39993739646787
2,0.5000000000000001,16.36306735069368,2.2956252998833806
3,0.7000000000000001,9.848358442457645,0.5350578783622495
4,0.9000000000000001,8.353312653933834,0.29044411746334703
