,discretized_reward_proportion,interconnectivity_strength_mean,interconnectivity_strength_err
0,0.1,10.165624991407004,0.7859390238070805
1,0.30000000000000004,13.522899629962021,2.9117113339924816
2,0.5000000000000001,6.094348702679821,0.42849833216951305
3,0.7000000000000001,5.668626044946325,0.43602169161799487
4,0.9000000000000001,11.473517367626663,1.2131601298841854
