,discretized_reward_proportion,interconnectivity_strength_mean,interconnectivity_strength_err
0,0.1,14.604210697709643,0.31795676012957724
1,0.30000000000000004,10.097318755889008,0.26912675301811645
2,0.5000000000000001,9.884225305996756,0.37154193627829313
3,0.7000000000000001,7.600495603998847,0.47693344754657285
4,0.9000000000000001,8.277876588132619,0.300870897252259
