,discretized_reward_proportion,interconnectivity_strength_mean,interconnectivity_strength_err
0,0.1,15.141041963037717,0.4381094954918672
1,0.30000000000000004,16.487781837350028,1.3100318959848383
2,0.5000000000000001,19.738301133596977,1.4421734162424051
3,0.7000000000000001,23.380126250709047,1.760292490137714
4,0.9000000000000001,24.647638729974553,1.2415001277488382
