,discretized_reward_proportion,interconnectivity_strength_mean,interconnectivity_strength_err
0,0.1,14.998411954997257,1.524246023380438
1,0.30000000000000004,21.417402699084896,1.8144171172192667
2,0.5000000000000001,15.976691111554723,1.2552748849511106
3,0.7000000000000001,15.764912330079822,1.1705269563821137
4,0.9000000000000001,15.413069288480093,0.5845006892907387
