,discretized_reward_proportion,interconnectivity_strength_mean,interconnectivity_strength_err
0,0.1,3.5041322021503896,0.17769978071811995
1,0.30000000000000004,4.887431865876376,0.22834266507638473
2,0.5000000000000001,7.646374844222669,0.6214370228716418
3,0.7000000000000001,7.766902196573548,0.2943841327829822
4,0.9000000000000001,7.32084609598686,0.20244220804913546
