,discretized_reward_proportion,interconnectivity_strength_mean,interconnectivity_strength_err
0,0.1,3.3523120622910616,0.08076880873107699
1,0.30000000000000004,4.677515934485669,0.21614774122064914
2,0.5000000000000001,6.362954308311082,0.6713856831459851
3,0.7000000000000001,5.617059931276568,0.3841961827788851
4,0.9000000000000001,5.07302462663283,0.1437055300477719
