,discretized_reward_proportion,interconnectivity_strength_mean,interconnectivity_strength_err
0,0.1,32.73535221877604,6.10768246154804
1,0.30000000000000004,43.29344174373666,3.8870323196429575
2,0.5000000000000001,28.891760548576887,5.386736366804403
3,0.7000000000000001,16.21548048088337,1.8822031099188754
4,0.9000000000000001,30.998152353275778,3.4500037746720755
