,discretized_reward_proportion,interconnectivity_strength_mean,interconnectivity_strength_err
0,0.1,9.723536929911726,1.6128901991454403
1,0.30000000000000004,32.80360250053019,3.8490082404304284
2,0.5000000000000001,21.51353110191484,1.1154511160784377
3,0.7000000000000001,24.344098275180162,2.354156585334779
4,0.9000000000000001,22.62511408089047,3.537679090506156
