,discretized_reward_proportion,interconnectivity_strength_mean,interconnectivity_strength_err
0,0.1,22.218068793753886,3.5703281194370167
1,0.30000000000000004,17.358338046589363,1.8871870144000595
2,0.5000000000000001,21.838405458964182,2.909510603320592
3,0.7000000000000001,21.647892455850595,1.53067587379076
4,0.9000000000000001,19.349370817754085,1.0208362779254176
