,discretized_reward_proportion,interconnectivity_strength_mean,interconnectivity_strength_err
0,0.1,136.3430877036819,13.425118129610262
1,0.30000000000000004,87.04611495982,10.617314570848833
2,0.5000000000000001,134.33511890145115,19.84072421934459
3,0.7000000000000001,50.0372038646039,11.283687958959655
4,0.9000000000000001,49.73725860463707,7.831825988732826
