,discretized_reward_proportion,interconnectivity_strength_mean,interconnectivity_strength_err
0,0.1,86.26608839012742,13.491138762850136
1,0.30000000000000004,43.90996462562586,9.657208886778289
2,0.5000000000000001,63.118327897838256,10.153590784342507
3,0.7000000000000001,35.06203286930274,9.815808917775366
4,0.9000000000000001,7.818007137076862,1.4135889601586111
