,discretized_reward_proportion,interconnectivity_strength_mean,interconnectivity_strength_err
0,0.1,36.08065497879509,4.092581185120057
1,0.30000000000000004,40.719983212058345,7.003378916740121
2,0.5000000000000001,65.46662834983061,10.71162828828854
3,0.7000000000000001,40.946868645486504,3.774725390887451
4,0.9000000000000001,55.66906770042193,4.953803579956878
