,discretized_reward_proportion,interconnectivity_strength_mean,interconnectivity_strength_err
0,0.1,35.8442740193969,3.373984311418757
1,0.30000000000000004,75.33459116575744,17.412052977497094
2,0.5000000000000001,70.23058293521905,16.38497122813632
3,0.7000000000000001,19.054700031229352,3.606375737944087
4,0.9000000000000001,18.991150717450566,1.0663835649592182
