,discretized_reward_proportion,interconnectivity_strength_mean,interconnectivity_strength_err
0,0.1,18.53252764223382,1.8257943920067117
1,0.30000000000000004,18.729819989828503,1.12655774335452
2,0.5000000000000001,24.290516722962245,2.6923696227566927
3,0.7000000000000001,30.456598452830626,3.2965037806350117
4,0.9000000000000001,26.68693094825123,2.741638566556612
