,discretized_reward_proportion,interconnectivity_strength_mean,interconnectivity_strength_err
0,0.1,21.953250174448286,1.9401560301798901
1,0.30000000000000004,19.33303073729755,1.154680971347947
2,0.5000000000000001,15.534967101615782,1.0468766064893924
3,0.7000000000000001,14.060135990922669,1.1977709187774943
4,0.9000000000000001,12.84038159924558,1.440676850979385
