,discretized_reward_proportion,interconnectivity_strength_mean,interconnectivity_strength_err
0,0.1,10.453795098824665,3.3973484899814586
1,0.30000000000000004,36.98521890391216,6.661236829805824
2,0.5000000000000001,31.722185708495545,5.216557901838814
3,0.7000000000000001,20.04387830855711,6.282221962223708
4,0.9000000000000001,11.963063932831663,1.7621305897208102
