,discretized_reward_proportion,interconnectivity_strength_mean,interconnectivity_strength_err
0,0.1,9.21339746819952,0.9271548647063799
1,0.30000000000000004,7.985682334484861,0.4782528854406576
2,0.5000000000000001,5.3908578247540975,0.19280903131872107
3,0.7000000000000001,5.034523850724672,0.11971251408046645
4,0.9000000000000001,5.00254164083088,0.11823603542695066
