,discretized_reward_proportion,interconnectivity_strength_mean,interconnectivity_strength_err
0,0.1,20.03827912999407,3.659538468502537
1,0.30000000000000004,22.015953777682444,5.8551966579987464
2,0.5000000000000001,5.53922634043861,4.080044331438611
3,0.7000000000000001,38.71273871607112,14.045429775602777
4,0.9000000000000001,25.450046607151062,8.097424259778547
