,discretized_reward_proportion,interconnectivity_strength_mean,interconnectivity_strength_err
0,0.1,25.58608140264101,0.8261843946124937
1,0.30000000000000004,24.19555837389975,1.4759594260075772
2,0.5000000000000001,22.000450571294024,1.0065077533558315
3,0.7000000000000001,23.16897983140379,1.890851555490295
4,0.9000000000000001,17.641417689934183,1.7956969208545694
