,discretized_reward_proportion,interconnectivity_strength_mean,interconnectivity_strength_err
0,0.1,36.54979377513982,2.3041026114555185
1,0.30000000000000004,33.3644746718184,1.9324922388073513
2,0.5000000000000001,26.537128705600576,1.578423924749069
3,0.7000000000000001,16.284493876972782,0.9168938939127783
4,0.9000000000000001,14.03241859413118,1.1921630383216286
