,discretized_reward_proportion,interconnectivity_strength_mean,interconnectivity_strength_err
0,0.1,7.637809228498875,0.38021810541788004
1,0.30000000000000004,7.4537990732863975,0.3213224400828247
2,0.5000000000000001,7.2439015216015745,0.30389651427546627
3,0.7000000000000001,6.794307696635241,0.23753878390587796
4,0.9000000000000001,6.113343892324076,0.14212569008414033
