,discretized_reward_proportion,interconnectivity_strength_mean,interconnectivity_strength_err
0,0.1,55.08760552818502,3.9877740683738683
1,0.30000000000000004,88.55232841902301,8.867770003444006
2,0.5000000000000001,77.25104135063997,10.670577338979646
3,0.7000000000000001,18.33862447011108,4.762691160913699
4,0.9000000000000001,3.0523417298031386,2.7605534778861727
