,discretized_reward_proportion,interconnectivity_strength_mean,interconnectivity_strength_err
0,0.1,23.859917126229913,2.939039620868521
1,0.30000000000000004,31.94276682023449,3.1681738634370276
2,0.5000000000000001,38.47046568559933,2.6095271592823344
3,0.7000000000000001,30.06812783653771,2.925320265531764
4,0.9000000000000001,31.89244291591658,2.7000436348622143
