,discretized_reward_proportion,interconnectivity_strength_mean,interconnectivity_strength_err
0,0.1,31.41655533088274,1.8257677287856646
1,0.30000000000000004,21.288572861760073,1.7058731030390804
2,0.5000000000000001,19.303344769613997,1.322930784221168
3,0.7000000000000001,11.00924874385495,1.0696952483977626
4,0.9000000000000001,11.292972540871723,1.436192478377429
