,discretized_reward_proportion,interconnectivity_strength_mean,interconnectivity_strength_err
0,0.1,14.680488262227598,0.32833954256384573
1,0.30000000000000004,12.116646925149915,0.6174271095073804
2,0.5000000000000001,10.541689272415947,0.4900419699461078
3,0.7000000000000001,10.224693173028056,0.5391073652879971
4,0.9000000000000001,14.435366807116678,1.3027953751407346
