,discretized_reward_proportion,interconnectivity_strength_mean,interconnectivity_strength_err
0,0.1,0.36363636363636365,0.1025592863305029
1,0.30000000000000004,5.464188574073795,1.3747100462530923
2,0.5000000000000001,2.554022928247342,0.5605639363564444
3,0.7000000000000001,26.151398825571547,5.62589673966208
4,0.9000000000000001,23.84234576006016,3.909333557603371
