,discretized_reward_proportion,interconnectivity_strength_mean,interconnectivity_strength_err
0,0.1,9.179965963529694,0.26390211016803056
1,0.30000000000000004,8.668127908959828,0.2724140290277549
2,0.5000000000000001,7.801010948357933,0.42026489139981354
3,0.7000000000000001,5.384014013594284,0.2523482338132906
4,0.9000000000000001,5.458485943657008,0.1473161954521467
