,discretized_reward_proportion,interconnectivity_strength_mean,interconnectivity_strength_err
0,0.1,6.529938453410695,0.3051914508523662
1,0.30000000000000004,5.618777606725709,0.24235152455384404
2,0.5000000000000001,5.692505864425368,0.35453042317772276
3,0.7000000000000001,5.2771625411153575,0.18557042723584602
4,0.9000000000000001,5.435504115077338,0.1497777465768972
