,discretized_reward_proportion,interconnectivity_strength_mean,interconnectivity_strength_err
0,0.1,57.37137323328405,7.955320639072072
1,0.30000000000000004,22.436238063432516,4.050432908945845
2,0.5000000000000001,19.00045509531311,4.820491114976167
3,0.7000000000000001,13.133892657327111,6.337079555320111
4,0.9000000000000001,5.716156025237621,5.628881342535961
