,discretized_reward_proportion,interconnectivity_strength_mean,interconnectivity_strength_err
0,0.1,28.456477845464615,4.6654924491732075
1,0.30000000000000004,25.48624464654557,4.092655412935367
2,0.5000000000000001,25.31696896093721,2.7891459233368736
3,0.7000000000000001,11.439910520354077,1.5576819934336903
4,0.9000000000000001,13.772527016306041,1.859493575409783
