,discretized_reward_proportion,interconnectivity_strength_mean,interconnectivity_strength_err
0,0.1,27.123158087889546,3.5711109566657244
1,0.30000000000000004,20.81367471640897,2.6605584351971774
2,0.5000000000000001,10.545782726813336,1.6094735263475513
3,0.7000000000000001,8.135473904846041,0.8095060761686078
4,0.9000000000000001,17.448458779380225,1.7093479796107145
