,discretized_reward_proportion,interconnectivity_strength_mean,interconnectivity_strength_err
0,0.1,51.07881457777101,3.225201814011707
1,0.30000000000000004,36.220209096374646,4.08821804465498
2,0.5000000000000001,38.86712730712188,3.507487791758696
3,0.7000000000000001,30.72610687685161,2.2824822245026724
4,0.9000000000000001,29.741158043206436,2.6604105304526833
