,discretized_reward_proportion,interconnectivity_strength_mean,interconnectivity_strength_err
0,0.1,11.589788707822816,1.4290273924754964
1,0.30000000000000004,22.02899087856686,4.233880639379817
2,0.5000000000000001,12.661043634401123,1.8180089218957058
3,0.7000000000000001,8.845555662135835,0.6185029805481194
4,0.9000000000000001,9.242613272782101,0.5790865931282262
