,discretized_reward_proportion,interconnectivity_strength_mean,interconnectivity_strength_err
0,0.1,19.33545845120611,3.0693453607530268
1,0.30000000000000004,27.067056698344782,9.739308280327847
2,0.5000000000000001,59.59070419481623,17.786611744618543
3,0.7000000000000001,7.434593709245413,2.885198468928264
4,0.9000000000000001,32.071829631651624,2.9719919286374115
