,discretized_reward_proportion,interconnectivity_strength_mean,interconnectivity_strength_err
0,0.1,16.425274066153055,1.1392001606646827
1,0.30000000000000004,15.314916370390753,1.0371151703820511
2,0.5000000000000001,10.697876323669522,0.4855625015961416
3,0.7000000000000001,8.408248880177755,0.2592821923965378
4,0.9000000000000001,7.924478839615554,0.19278489420295455
