,discretized_reward_proportion,interconnectivity_strength_mean,interconnectivity_strength_err
0,0.1,60.19490306261261,16.348511407112102
1,0.30000000000000004,125.6019877079599,19.840948493573578
2,0.5000000000000001,55.37568359525782,9.909687356614665
3,0.7000000000000001,34.91186612788633,6.1755487552404125
4,0.9000000000000001,36.94781948597782,7.278559885472017
