,discretized_reward_proportion,interconnectivity_strength_mean,interconnectivity_strength_err
0,0.1,15.216817425285118,0.907086729164742
1,0.30000000000000004,20.683456472741934,3.789241664183607
2,0.5000000000000001,44.12402400768251,5.7733117289776175
3,0.7000000000000001,14.222105733339921,1.8805110789507304
4,0.9000000000000001,10.129443011759763,2.3504486282481785
