,discretized_reward_proportion,interconnectivity_strength_mean,interconnectivity_strength_err
0,0.1,86.53875497609705,11.96665453773579
1,0.30000000000000004,156.28788832843756,37.35726351984481
2,0.5000000000000001,115.42175597814635,13.660618862708615
3,0.7000000000000001,29.415052334017282,5.510188863113367
4,0.9000000000000001,6.204904221567655,2.2771336524609946
