,discretized_reward_proportion,interconnectivity_strength_mean,interconnectivity_strength_err
0,0.1,9.047391978578002,0.9923813241789257
1,0.30000000000000004,7.999726617519605,2.01597217804012
2,0.5000000000000001,4.407480401104966,1.5346814776822033
3,0.7000000000000001,4.773478542204207,1.0091223628274595
4,0.9000000000000001,1.2164031874163872,0.4878645743744934
