,discretized_reward_proportion,interconnectivity_strength_mean,interconnectivity_strength_err
0,0.1,12.27975580806154,5.584630981973881
1,0.30000000000000004,14.192021049631654,4.762764025111726
2,0.5000000000000001,13.677942170107348,1.9883556105272817
3,0.7000000000000001,16.523120827461675,1.4813751345870991
4,0.9000000000000001,20.373037117059262,3.5144638136557553
