,discretized_reward_proportion,interconnectivity_strength_mean,interconnectivity_strength_err
0,0.1,72.74266734617062,13.860734670334953
1,0.30000000000000004,78.25676746292388,14.909370531365925
2,0.5000000000000001,96.50389353456167,22.506233899810635
3,0.7000000000000001,27.189499748771297,5.017395088389984
4,0.9000000000000001,19.63911956540155,3.527829494215413
