,discretized_reward_proportion,interconnectivity_strength_mean,interconnectivity_strength_err
0,0.1,52.113969296160434,7.373997431020252
1,0.30000000000000004,21.82595302879406,4.007779663575355
2,0.5000000000000001,92.59089169630485,18.647248053519533
3,0.7000000000000001,198.3560225138499,33.96708323324942
4,0.9000000000000001,203.47676297792552,33.8161664319174
