,discretized_reward_proportion,interconnectivity_strength_mean,interconnectivity_strength_err
0,0.1,3.009434246799879,0.12608226530666403
1,0.30000000000000004,3.8002340332954563,0.2805875078861549
2,0.5000000000000001,5.759990980585463,0.29583163561631975
3,0.7000000000000001,5.307861440938195,0.16523758864925403
4,0.9000000000000001,4.6929941040248515,0.15744548232871042
