,discretized_reward_proportion,interconnectivity_strength_mean,interconnectivity_strength_err
0,0.1,12.10234058717294,1.7561255194640637
1,0.30000000000000004,9.94432737099432,1.0046793688272984
2,0.5000000000000001,9.007678409214522,0.8951938647112357
3,0.7000000000000001,9.21503166918449,0.8245874094876029
4,0.9000000000000001,23.649794702032118,4.670188619019515
