,discretized_reward_proportion,interconnectivity_strength_mean,interconnectivity_strength_err
0,0.1,20.97641854964267,1.3222492639116203
1,0.30000000000000004,25.765810396000678,1.7660439384723312
2,0.5000000000000001,30.138732785509205,4.543947876557043
3,0.7000000000000001,38.68483472893507,17.356435473557738
4,0.9000000000000001,190.34166166405538,49.80867102836712
