,discretized_reward_proportion,interconnectivity_strength_mean,interconnectivity_strength_err
0,0.1,15.839486725187736,1.598484935335037
1,0.30000000000000004,13.976041367540192,2.074308852138243
2,0.5000000000000001,9.3582385222319,0.8920755695279758
3,0.7000000000000001,9.2840355125126,0.6347556823121927
4,0.9000000000000001,5.934093854798063,0.2950614587808823
