,discretized_reward_proportion,interconnectivity_strength_mean,interconnectivity_strength_err
0,0.1,31.889606587000376,3.1508672768794814
1,0.30000000000000004,23.183708631522805,3.8410645345029284
2,0.5000000000000001,16.66998297139554,3.7334921531752454
3,0.7000000000000001,17.62166097260532,5.761903717884806
4,0.9000000000000001,34.42277145944575,6.759258699022807
