,discretized_reward_proportion,interconnectivity_strength_mean,interconnectivity_strength_err
0,0.1,25.64372166958677,3.610111493568118
1,0.30000000000000004,30.6793086869841,5.0808790925928236
2,0.5000000000000001,25.005282194068613,3.938644849444053
3,0.7000000000000001,24.854760111144756,2.602661943443809
4,0.9000000000000001,8.51097733436991,2.4306647472685032
