,discretized_reward_proportion,interconnectivity_strength_mean,interconnectivity_strength_err
0,0.1,43.95706862032476,6.820346231803253
1,0.30000000000000004,33.31933422886774,5.408200343190805
2,0.5000000000000001,55.0870660958426,15.21799893731364
3,0.7000000000000001,100.63097053616953,41.61791976006129
4,0.9000000000000001,96.55571821632599,64.12831396889993
