,discretized_reward_proportion,interconnectivity_strength_mean,interconnectivity_strength_err
0,0.1,125.28397939654259,15.887993999601182
1,0.30000000000000004,34.783169614369875,7.242272399933607
2,0.5000000000000001,37.2373416081237,10.021652300648572
3,0.7000000000000001,73.8727216229969,10.338609068990673
4,0.9000000000000001,31.987422801162275,5.2587431733378045
