,discretized_reward_proportion,interconnectivity_strength_mean,interconnectivity_strength_err
0,0.1,66.50929095189228,8.376909657067914
1,0.30000000000000004,76.78724756817053,10.667933453422874
2,0.5000000000000001,52.989506643209445,19.241627954300974
3,0.7000000000000001,36.962952342315766,2.131530543800093
4,0.9000000000000001,,
