,discretized_reward_proportion,interconnectivity_strength_mean,interconnectivity_strength_err
0,0.1,18.114187377759116,0.49633450855053923
1,0.30000000000000004,12.352713491530087,0.7408699917435102
2,0.5000000000000001,10.367679598424797,0.38997597863733036
3,0.7000000000000001,9.561004922498133,0.4759633897996401
4,0.9000000000000001,15.44385149323715,1.3167111449204332
