,discretized_reward_proportion,interconnectivity_strength_mean,interconnectivity_strength_err
0,0.1,15.119321445942745,1.0249783933481764
1,0.30000000000000004,17.255146860488793,1.8106011250978222
2,0.5000000000000001,16.84005719217387,1.7790792514709732
3,0.7000000000000001,23.61078253002622,6.163902211604582
4,0.9000000000000001,18.789484345324947,5.053786172917559
