,discretized_reward_proportion,interconnectivity_strength_mean,interconnectivity_strength_err
0,0.1,6.3464883097406934,0.3101074540386491
1,0.30000000000000004,15.652141667996077,3.127668016675862
2,0.5000000000000001,11.998135916825918,1.5316718304331767
3,0.7000000000000001,16.317412804550646,1.5016262724117244
4,0.9000000000000001,15.413602326494726,1.5812023216226898
