,discretized_reward_proportion,interconnectivity_strength_mean,interconnectivity_strength_err
0,0.1,255.3837602190712,41.559346560724215
1,0.30000000000000004,146.91280939005674,26.458686518621118
2,0.5000000000000001,23.83593113888007,9.006568281724771
3,0.7000000000000001,20.835574666895255,2.2298398044723626
4,0.9000000000000001,24.306070347028196,1.6830896173123275
