,discretized_reward_proportion,interconnectivity_strength_mean,interconnectivity_strength_err
0,0.1,20.613905583094798,2.2139514906606994
1,0.30000000000000004,9.386732786715836,2.1908034350885455
2,0.5000000000000001,6.35599855650523,2.0092947553279967
3,0.7000000000000001,0.0,0.0
4,0.9000000000000001,0.0,0.0
