,discretized_reward_proportion,interconnectivity_strength_mean,interconnectivity_strength_err
0,0.1,32.53119235070087,2.6347735161393615
1,0.30000000000000004,9.829442900178194,0.9936004923531017
2,0.5000000000000001,9.147405973835243,0.8812718259117747
3,0.7000000000000001,7.622921743560277,0.7245130334110057
4,0.9000000000000001,14.807460151954164,1.153860486251047
