,discretized_reward_proportion,interconnectivity_strength_mean,interconnectivity_strength_err
0,0.1,11.104265298560248,0.40523488231495997
1,0.30000000000000004,10.610534779812832,0.5700314916129041
2,0.5000000000000001,13.596541691342335,0.8975269486177513
3,0.7000000000000001,6.003550917845107,0.5090027467894751
4,0.9000000000000001,6.046546786884254,0.5500036497070288
