,discretized_reward_proportion,interconnectivity_strength_mean,interconnectivity_strength_err
0,0.1,38.406824499451474,9.662199108289085
1,0.30000000000000004,75.63823315963936,14.72074946137213
2,0.5000000000000001,184.82189489876407,34.15038556092463
3,0.7000000000000001,140.27800176486713,35.421619242537595
4,0.9000000000000001,115.95365098295326,26.46268268926225
