,discretized_reward_proportion,interconnectivity_strength_mean,interconnectivity_strength_err
0,0.1,25.63961460254066,9.821588045293739
1,0.30000000000000004,24.586263984305308,9.473348255665003
2,0.5000000000000001,29.940855443712508,10.61236277220719
3,0.7000000000000001,12.599898189200665,4.957472263752584
4,0.9000000000000001,17.052544624778182,4.205985750314725
