,discretized_reward_proportion,interconnectivity_strength_mean,interconnectivity_strength_err
0,0.1,14.028885565134154,6.23889936697933
1,0.30000000000000004,45.83909214509363,6.872155357817744
2,0.5000000000000001,33.60884676092736,7.820168029111718
3,0.7000000000000001,25.15357246440009,4.412807059706971
4,0.9000000000000001,33.45440326335671,2.5156039001974837
