,discretized_reward_proportion,interconnectivity_strength_mean,interconnectivity_strength_err
0,0.1,34.64061563306121,2.249800851481058
1,0.30000000000000004,26.67879187050744,2.417533260913
2,0.5000000000000001,17.565290252802946,2.4048960980791767
3,0.7000000000000001,17.762510364413416,5.61626427887079
4,0.9000000000000001,19.234706368767924,4.998158221823821
