,discretized_reward_proportion,interconnectivity_strength_mean,interconnectivity_strength_err
0,0.1,22.503935074723433,3.006804040299375
1,0.30000000000000004,133.80827161639155,42.39610086280907
2,0.5000000000000001,78.19083011847623,27.620942541354275
3,0.7000000000000001,7.65873214045964,3.067067981528797
4,0.9000000000000001,0.0,0.0
