,discretized_reward_proportion,interconnectivity_strength_mean,interconnectivity_strength_err
0,0.1,11.585354885004653,0.18038245744884066
1,0.30000000000000004,10.375687795024527,0.17871327356112032
2,0.5000000000000001,9.9440545134581,0.2707031991291824
3,0.7000000000000001,11.059106232881417,0.5338999158770066
4,0.9000000000000001,,
