,discretized_reward_proportion,interconnectivity_strength_mean,interconnectivity_strength_err
0,0.1,33.903864179759076,3.1758076357926144
1,0.30000000000000004,33.62176541286176,3.445286728367445
2,0.5000000000000001,23.24634916685034,3.2304470434438475
3,0.7000000000000001,16.853844872025594,3.2185552331567022
4,0.9000000000000001,33.23034095942574,2.5128881660086875
