,discretized_reward_proportion,interconnectivity_strength_mean,interconnectivity_strength_err
0,0.1,42.32180271880038,10.470747557665185
1,0.30000000000000004,35.19467654753133,4.767099977208893
2,0.5000000000000001,18.00647450095533,4.071713048624896
3,0.7000000000000001,13.577792978415589,1.7581950114652385
4,0.9000000000000001,7.837152568623993,0.40291371033846374
