,discretized_reward_proportion,interconnectivity_strength_mean,interconnectivity_strength_err
0,0.1,37.534654724677516,14.707840791321518
1,0.30000000000000004,87.04390388691907,21.360432298414125
2,0.5000000000000001,24.520900519708633,6.897838260157341
3,0.7000000000000001,20.36389963418281,1.1504149933427699
4,0.9000000000000001,32.89559241182562,10.200567328321698
