,discretized_reward_proportion,interconnectivity_strength_mean,interconnectivity_strength_err
0,0.1,81.29357197833058,5.499470467970843
1,0.30000000000000004,41.52977561682551,5.0452839088046595
2,0.5000000000000001,41.39462443201441,4.868618195198916
3,0.7000000000000001,34.076641246224035,6.183095733800192
4,0.9000000000000001,76.02188687410036,5.2055418986625215
