,discretized_reward_proportion,interconnectivity_strength_mean,interconnectivity_strength_err
0,0.1,0.24705882352941178,0.033079295216696815
1,0.30000000000000004,45.57797611365922,9.379280026698169
2,0.5000000000000001,59.5530966521216,16.103724454966272
3,0.7000000000000001,0.25925925925925924,0.05963529525180838
4,0.9000000000000001,0.21212121212121213,0.07116472642790657
