,discretized_reward_proportion,interconnectivity_strength_mean,interconnectivity_strength_err
0,0.1,35.092095301855,8.692323024972445
1,0.30000000000000004,71.05457684870444,8.792334386841677
2,0.5000000000000001,30.378109960075154,5.815921557210051
3,0.7000000000000001,20.524308273339166,4.817008523755723
4,0.9000000000000001,14.87988838553814,4.2314466699846385
