,discretized_reward_proportion,interconnectivity_strength_mean,interconnectivity_strength_err
0,0.1,29.437411508245606,4.414594793671662
1,0.30000000000000004,17.553276799734693,2.0399509380129524
2,0.5000000000000001,18.663676187062972,2.154493512628531
3,0.7000000000000001,36.28919110074565,4.9151421044456844
4,0.9000000000000001,22.46835664588765,3.007743878751548
