,discretized_reward_proportion,interconnectivity_strength_mean,interconnectivity_strength_err
0,0.1,21.674092741375322,0.8723901153204082
1,0.30000000000000004,21.533541540470498,1.8063707935645916
2,0.5000000000000001,16.770818256114953,1.8864119176565233
3,0.7000000000000001,17.24889915088162,1.2646768313651215
4,0.9000000000000001,18.880282436337527,1.627617312481279
