,discretized_reward_proportion,interconnectivity_strength_mean,interconnectivity_strength_err
0,0.1,52.620021703899795,13.033008762301394
1,0.30000000000000004,102.79138264460454,27.363603715125883
2,0.5000000000000001,71.6399205578907,17.9014764180202
3,0.7000000000000001,67.93665157165205,16.98224938446802
4,0.9000000000000001,23.785960164541617,6.714003860532471
