,discretized_reward_proportion,interconnectivity_strength_mean,interconnectivity_strength_err
0,0.1,21.58470682152648,1.1787431799535169
1,0.30000000000000004,22.96334834160607,2.3573377809172973
2,0.5000000000000001,24.643130751174365,3.0707651652592203
3,0.7000000000000001,15.269095587946126,4.003423516151594
4,0.9000000000000001,11.502225484790516,3.3312303566066626
