,discretized_reward_proportion,interconnectivity_strength_mean,interconnectivity_strength_err
0,0.1,3.8149611142068207,1.0896470289846425
1,0.30000000000000004,5.620245151490545,1.2592633870237777
2,0.5000000000000001,8.891688917506777,1.3916489896224844
3,0.7000000000000001,15.566451831045883,4.560960292136573
4,0.9000000000000001,79.26881100993879,17.91767920725521
