,discretized_reward_proportion,interconnectivity_strength_mean,interconnectivity_strength_err
0,0.1,17.63015064487745,3.1320470186665683
1,0.30000000000000004,29.062200439505318,3.193299387838379
2,0.5000000000000001,25.419233182121626,1.739497960792773
3,0.7000000000000001,31.082241673796013,3.1571669668174867
4,0.9000000000000001,15.419719677433546,2.084954920349477
