,discretized_reward_proportion,interconnectivity_strength_mean,interconnectivity_strength_err
0,0.1,13.426556514841586,2.399518304983104
1,0.30000000000000004,9.583856924274047,1.4259820705859891
2,0.5000000000000001,9.644566730037921,1.328025437473849
3,0.7000000000000001,16.486262407802297,6.537308182639045
4,0.9000000000000001,8.598058718267291,1.3348109646454724
