,discretized_reward_proportion,interconnectivity_strength_mean,interconnectivity_strength_err
0,0.1,4.962400215215282,0.22335663626546354
1,0.30000000000000004,6.954316051829171,0.7321166275221361
2,0.5000000000000001,6.396974340585781,0.6355423835866278
3,0.7000000000000001,3.955080080188325,0.09635812334681869
4,0.9000000000000001,3.8501091138213903,0.09564764109372366
