,discretized_reward_proportion,interconnectivity_strength_mean,interconnectivity_strength_err
0,0.1,12.030963352305859,1.0251430869797262
1,0.30000000000000004,21.095563948106317,1.8071024824575874
2,0.5000000000000001,21.992208541389395,1.9733471597858439
3,0.7000000000000001,16.825233013614532,2.4307323360095996
4,0.9000000000000001,24.891708793607933,1.5952192015115487
