,discretized_reward_proportion,interconnectivity_strength_mean,interconnectivity_strength_err
0,0.1,11.538274468903689,0.4823865738524564
1,0.30000000000000004,19.018071013259146,2.3689436649697813
2,0.5000000000000001,18.184949677493286,1.5121498791671868
3,0.7000000000000001,11.040880530515617,0.75595933771149
4,0.9000000000000001,9.081037656112679,0.5867590333087461
