,discretized_reward_proportion,interconnectivity_strength_mean,interconnectivity_strength_err
0,0.1,41.13698230134268,9.755002137169795
1,0.30000000000000004,28.322285551462755,7.825203854437431
2,0.5000000000000001,13.751749679668048,6.693994001617564
3,0.7000000000000001,1.5843397595541315,0.7423705219434691
4,0.9000000000000001,5.520192961410106,1.0567018421547287
