,discretized_reward_proportion,interconnectivity_strength_mean,interconnectivity_strength_err
0,0.1,22.968126836008253,3.4811897220209205
1,0.30000000000000004,35.85956930586573,5.273124341894291
2,0.5000000000000001,27.568839230166184,3.927160649807403
3,0.7000000000000001,12.811346047839823,0.6155159689348397
4,0.9000000000000001,12.063495840012227,0.5024418252856883
