,discretized_reward_proportion,interconnectivity_strength_mean,interconnectivity_strength_err
0,0.1,100.48472041166762,33.672949434801595
1,0.30000000000000004,356.03625773126635,103.9035109602776
2,0.5000000000000001,101.24323961470348,50.159944723681605
3,0.7000000000000001,0.42857142857142855,0.09352195295828244
4,0.9000000000000001,0.045454545454545456,0.044409473678108845
