,discretized_reward_proportion,interconnectivity_strength_mean,interconnectivity_strength_err
0,0.1,15.475076321646883,1.4092479379682956
1,0.30000000000000004,11.068813011907784,0.9109547412458249
2,0.5000000000000001,9.1929363441496,0.5985876165206231
3,0.7000000000000001,10.409963850468136,1.2166096887343858
4,0.9000000000000001,21.834015356113216,3.1837291995274546
