,discretized_reward_proportion,interconnectivity_strength_mean,interconnectivity_strength_err
0,0.1,28.288731318130083,2.8901611375466567
1,0.30000000000000004,22.598209592024684,3.4770188760195535
2,0.5000000000000001,21.02030123368046,3.8728741106164684
3,0.7000000000000001,14.411674074875139,1.3780388473563825
4,0.9000000000000001,13.586367291459215,1.531820131936514
