,discretized_reward_proportion,interconnectivity_strength_mean,interconnectivity_strength_err
0,0.1,7.128860927485785,1.9313206084518253
1,0.30000000000000004,10.446583860229385,3.731924765064235
2,0.5000000000000001,24.249058800995115,6.410558084461913
3,0.7000000000000001,288.40507530351647,84.41439037986682
4,0.9000000000000001,115.22010286409187,36.011714982874445
