,discretized_reward_proportion,interconnectivity_strength_mean,interconnectivity_strength_err
0,0.1,35.10407565155502,5.992367278751553
1,0.30000000000000004,17.21996607494862,1.7147785670976814
2,0.5000000000000001,9.493118861355425,0.30634812184013643
3,0.7000000000000001,9.497881257044451,0.25055127416676976
4,0.9000000000000001,10.172482264151101,0.4820313863393678
