,discretized_reward_proportion,interconnectivity_strength_mean,interconnectivity_strength_err
0,0.1,19.860689825752125,8.052566512480963
1,0.30000000000000004,101.29724783774518,16.511642146540634
2,0.5000000000000001,33.62073137641418,6.897943985698117
3,0.7000000000000001,57.59946100605169,3.990188132696636
4,0.9000000000000001,61.15767196138312,5.01978911577995
