,discretized_reward_proportion,interconnectivity_strength_mean,interconnectivity_strength_err
0,0.1,6.476908661529949,0.3216788581573345
1,0.30000000000000004,18.80145805087689,4.450965440511199
2,0.5000000000000001,12.951574146612915,1.9055125471012826
3,0.7000000000000001,16.632087632805703,1.5006099651733005
4,0.9000000000000001,12.926561901643877,1.2345865779051775
