,discretized_reward_proportion,interconnectivity_strength_mean,interconnectivity_strength_err
0,0.1,36.34848110395438,6.601591301560338
1,0.30000000000000004,31.9916021146333,4.331470972617848
2,0.5000000000000001,42.7861937012537,7.086433167108746
3,0.7000000000000001,76.04469083981016,15.462419103454007
4,0.9000000000000001,225.53909817791714,46.628799997658334
