,discretized_reward_proportion,interconnectivity_strength_mean,interconnectivity_strength_err
0,0.1,286.2353934382328,62.92249604037675
1,0.30000000000000004,141.87996508449294,31.935461945153246
2,0.5000000000000001,101.94205164937557,18.440725176460045
3,0.7000000000000001,102.35785308955356,9.868248828032412
4,0.9000000000000001,103.18660259944326,8.903263564298326
