,discretized_reward_proportion,interconnectivity_strength_mean,interconnectivity_strength_err
0,0.1,12.313501570841982,3.7283217740356505
1,0.30000000000000004,30.108728216573194,5.576533227885109
2,0.5000000000000001,95.71736865374463,18.816000314654385
3,0.7000000000000001,14.373517507571238,3.224243686660365
4,0.9000000000000001,15.697516491538002,2.3180122279888344
