,discretized_reward_proportion,interconnectivity_strength_mean,interconnectivity_strength_err
0,0.1,6.550018445919382,0.512661457184567
1,0.30000000000000004,26.295796367941605,10.338562388576195
2,0.5000000000000001,107.88258081936105,24.534493259363316
3,0.7000000000000001,24.406833360624987,15.770866036064806
4,0.9000000000000001,2.444829507956895,0.7875610545055266
