,discretized_reward_proportion,interconnectivity_strength_mean,interconnectivity_strength_err
0,0.1,19.46241191981274,0.5315286556454856
1,0.30000000000000004,15.394907011788632,0.7489093917363989
2,0.5000000000000001,14.551197950883987,0.7178659007107847
3,0.7000000000000001,13.051734285565336,0.728922068346378
4,0.9000000000000001,16.421012344153528,0.8246956419836583
