,discretized_reward_proportion,interconnectivity_strength_mean,interconnectivity_strength_err
0,0.1,66.94198178623196,14.437402084598657
1,0.30000000000000004,31.57191643559938,7.1731177679600036
2,0.5000000000000001,52.72486508186905,8.412947310604363
3,0.7000000000000001,45.570901259007606,7.135752893716834
4,0.9000000000000001,59.66505767650591,8.17518951089904
