,discretized_reward_proportion,interconnectivity_strength_mean,interconnectivity_strength_err
0,0.1,0.0,0.0
1,0.30000000000000004,0.1282051282051282,0.05353373566291199
2,0.5000000000000001,0.21818181818181817,0.055690461464434945
3,0.7000000000000001,0.15463917525773196,0.03671089345523833
4,0.9000000000000001,0.09655172413793103,0.02452718248630928
