,discretized_reward_proportion,interconnectivity_strength_mean,interconnectivity_strength_err
0,0.1,276.07715526184273,83.23888550190077
1,0.30000000000000004,108.89769080328452,46.250453777726285
2,0.5000000000000001,98.65952257444819,32.28741445532952
3,0.7000000000000001,21.903904075959137,6.459018885649297
4,0.9000000000000001,17.356058649995337,2.0458763458229527
