,discretized_reward_proportion,interconnectivity_strength_mean,interconnectivity_strength_err
0,0.1,12.139885316831814,0.1732040510820942
1,0.30000000000000004,19.549979478678246,1.3938558354121877
2,0.5000000000000001,21.352244858551174,1.783043695741573
3,0.7000000000000001,18.099858649511138,1.3334581877030296
4,0.9000000000000001,18.972557789192013,1.6481365017270093
