,discretized_reward_proportion,interconnectivity_strength_mean,interconnectivity_strength_err
0,0.1,92.36599655158841,14.920605381436284
1,0.30000000000000004,41.35901876390325,10.010521774178718
2,0.5000000000000001,27.830065874622026,6.099005557296504
3,0.7000000000000001,29.16216938149515,4.539081510366484
4,0.9000000000000001,35.983932882590494,3.142071053291368
