,discretized_reward_proportion,interconnectivity_strength_mean,interconnectivity_strength_err
0,0.1,8.695834811651476,3.794887125605079
1,0.30000000000000004,35.45588438445014,11.227288700655855
2,0.5000000000000001,196.76810517698692,102.95075799058003
3,0.7000000000000001,8.590409232858793,2.6003714800243167
4,0.9000000000000001,0.09090909090909091,0.06129089658756746
