,discretized_reward_proportion,interconnectivity_strength_mean,interconnectivity_strength_err
0,0.1,19.49707669555028,1.8437711262846257
1,0.30000000000000004,30.33204047933399,2.360238013770392
2,0.5000000000000001,30.056323593498846,2.2978993880272305
3,0.7000000000000001,16.671878886234236,2.4091983095661416
4,0.9000000000000001,14.31432762718516,2.146776784484369
