,discretized_reward_proportion,interconnectivity_strength_mean,interconnectivity_strength_err
0,0.1,22.079366499495947,3.6867225564275774
1,0.30000000000000004,22.531278000059473,1.8602708723379022
2,0.5000000000000001,16.62008504491703,1.2478123990408045
3,0.7000000000000001,17.720804892315446,1.3609432599681308
4,0.9000000000000001,5.113931728751042,1.0867135734757425
