,discretized_reward_proportion,interconnectivity_strength_mean,interconnectivity_strength_err
0,0.1,9.850266964204883,1.9536003313701287
1,0.30000000000000004,9.830259495164865,1.801912311542091
2,0.5000000000000001,11.522259350529936,2.460689872220503
3,0.7000000000000001,6.7335293937521055,0.7696295902870135
4,0.9000000000000001,7.815581150388779,1.1445005770137144
