,discretized_reward_proportion,interconnectivity_strength_mean,interconnectivity_strength_err
0,0.1,61.69772255282773,6.555099027877939
1,0.30000000000000004,91.38097184528971,23.044480722892956
2,0.5000000000000001,47.31714178745404,9.575648579455205
3,0.7000000000000001,28.9008761623225,4.33474279330193
4,0.9000000000000001,74.34086446250593,9.375476466470369
