,discretized_reward_proportion,interconnectivity_strength_mean,interconnectivity_strength_err
0,0.1,178.0216950297605,39.65757107797229
1,0.30000000000000004,69.92531771102907,17.260360406781974
2,0.5000000000000001,23.57365481680721,2.4134792846621846
3,0.7000000000000001,17.48585744163458,1.9996406587900974
4,0.9000000000000001,67.21054429024883,17.471793419478967
