,discretized_reward_proportion,interconnectivity_strength_mean,interconnectivity_strength_err
0,0.1,37.26357512873319,8.717900900595396
1,0.30000000000000004,49.39365128193485,12.310268905443852
2,0.5000000000000001,51.520660705415516,14.141126469814132
3,0.7000000000000001,38.680658322174004,8.209473623567883
4,0.9000000000000001,115.81149759023258,28.13836791102236
