,discretized_reward_proportion,interconnectivity_strength_mean,interconnectivity_strength_err
0,0.1,101.74698840473366,21.766231133293203
1,0.30000000000000004,38.876600520564025,11.308851212676547
2,0.5000000000000001,47.674088672193,10.39553401458552
3,0.7000000000000001,57.909129171841315,14.220350132094337
4,0.9000000000000001,50.03456001401243,13.551260939744289
