,discretized_reward_proportion,interconnectivity_strength_mean,interconnectivity_strength_err
0,0.1,4.044926118662783,0.3041751163440391
1,0.30000000000000004,4.84642769462046,0.37417487741167327
2,0.5000000000000001,7.90999942945343,1.0965795803551477
3,0.7000000000000001,14.076947815016357,1.4645002397187525
4,0.9000000000000001,12.771081900504823,1.222106766456611
