,discretized_reward_proportion,interconnectivity_strength_mean,interconnectivity_strength_err
0,0.1,11.674525429858784,2.0417585966878993
1,0.30000000000000004,16.58865183703145,1.6666326521064851
2,0.5000000000000001,18.949795990830385,1.1396207206271973
3,0.7000000000000001,18.26090754473747,0.8222863332959476
4,0.9000000000000001,24.288012157976556,1.7177798991168285
