,discretized_reward_proportion,interconnectivity_strength_mean,interconnectivity_strength_err
0,0.1,2.6858240194181,0.24282835186064067
1,0.30000000000000004,5.753961043970166,0.6326149551293989
2,0.5000000000000001,6.484445168219712,0.5653876690881497
3,0.7000000000000001,8.238962677790319,2.2073347565542627
4,0.9000000000000001,14.984903825964826,1.9330298848598637
