,discretized_reward_proportion,interconnectivity_strength_mean,interconnectivity_strength_err
0,0.1,18.16531051469534,2.868689362119759
1,0.30000000000000004,15.04047352059914,2.510748331694286
2,0.5000000000000001,7.481351789062879,1.6427537899029525
3,0.7000000000000001,5.0202070590994445,1.7295463525796495
4,0.9000000000000001,1.8298574343193699,1.716669351723748
