,discretized_reward_proportion,interconnectivity_strength_mean,interconnectivity_strength_err
0,0.1,9.477479795480805,5.14493473310848
1,0.30000000000000004,19.11364952652632,7.088826118333812
2,0.5000000000000001,9.355996414186098,5.084103937994931
3,0.7000000000000001,3.1068142768393963,2.124195824857685
4,0.9000000000000001,9.535745460014342,3.504588728377807
