,discretized_reward_proportion,interconnectivity_strength_mean,interconnectivity_strength_err
0,0.1,35.60797425505178,3.093405362958464
1,0.30000000000000004,19.370048171271602,2.284966577565612
2,0.5000000000000001,14.982928176029757,1.2082797773794403
3,0.7000000000000001,27.911434604691795,2.4396463553662975
4,0.9000000000000001,25.42313021493571,2.2209573268321106
