,discretized_reward_proportion,interconnectivity_strength_mean,interconnectivity_strength_err
0,0.1,21.582265409576483,3.7696112902513104
1,0.30000000000000004,36.96103446029423,5.963489541798475
2,0.5000000000000001,27.740742779510647,4.1296456719084995
3,0.7000000000000001,17.880787168215914,5.7950263118279075
4,0.9000000000000001,26.629317737850204,9.022053283392072
