,discretized_reward_proportion,interconnectivity_strength_mean,interconnectivity_strength_err
0,0.1,46.951478245787385,7.263763778067407
1,0.30000000000000004,29.194312714944562,4.578063625845766
2,0.5000000000000001,8.366177630555846,2.033380746158778
3,0.7000000000000001,10.898016505850233,2.062763194000192
4,0.9000000000000001,12.964367038757082,2.9705948572395275
