,discretized_reward_proportion,interconnectivity_strength_mean,interconnectivity_strength_err
0,0.1,63.43301866101876,5.357904654745132
1,0.30000000000000004,5.5418282525908,3.36670649797365
2,0.5000000000000001,6.498020727353228,2.7465992355548394
3,0.7000000000000001,2.9819810787071215,2.9282472887360256
4,0.9000000000000001,0.0,0.0
