,discretized_reward_proportion,interconnectivity_strength_mean,interconnectivity_strength_err
0,0.1,24.79317279638983,1.3241943768236017
1,0.30000000000000004,18.63699277123665,2.0930741211414974
2,0.5000000000000001,43.37552612469384,5.556402329438877
3,0.7000000000000001,38.73423236022294,5.568550607622657
4,0.9000000000000001,3.176580139144153,2.1735140432201008
