,discretized_reward_proportion,interconnectivity_strength_mean,interconnectivity_strength_err
0,0.1,22.91140640454062,2.3449710380254634
1,0.30000000000000004,14.035453410882496,1.2002288406095873
2,0.5000000000000001,13.505197654987569,0.9374484498112098
3,0.7000000000000001,10.425518568380088,0.3504372148343049
4,0.9000000000000001,8.644149026713116,0.21692434548673625
