,discretized_reward_proportion,interconnectivity_strength_mean,interconnectivity_strength_err
0,0.1,44.202948472183884,7.123159358279792
1,0.30000000000000004,46.32413118525532,7.747253488217765
2,0.5000000000000001,84.0603319281383,19.044216432756496
3,0.7000000000000001,170.48561323744985,112.59164579577681
4,0.9000000000000001,98.47179891066159,56.30373376614331
