,discretized_reward_proportion,interconnectivity_strength_mean,interconnectivity_strength_err
0,0.1,9.963688853903832,0.23408273448779204
1,0.30000000000000004,10.600191586222776,1.1638279970370988
2,0.5000000000000001,8.858948438911787,0.24979694320309995
3,0.7000000000000001,6.787548214997668,0.3433035910208737
4,0.9000000000000001,7.073248697704846,0.19476214854444282
