,discretized_reward_proportion,interconnectivity_strength_mean,interconnectivity_strength_err
0,0.1,39.70683362244892,3.3055065357353124
1,0.30000000000000004,32.522766023099116,2.068870730671979
2,0.5000000000000001,35.24910446076382,2.031028224787136
3,0.7000000000000001,35.458543110997766,2.18838409398856
4,0.9000000000000001,25.111114186196982,1.29382496050333
