,discretized_reward_proportion,interconnectivity_strength_mean,interconnectivity_strength_err
0,0.1,57.5141625608001,10.631311362389319
1,0.30000000000000004,71.74352605051904,19.86704209997009
2,0.5000000000000001,34.023895477228166,4.7941596351620674
3,0.7000000000000001,45.1478812956102,7.542056930391162
4,0.9000000000000001,30.810727299834017,7.189545549286973
