,discretized_reward_proportion,interconnectivity_strength_mean,interconnectivity_strength_err
0,0.1,5.033536982007625,3.347790900453567
1,0.30000000000000004,5.517366563183036,1.6381825807477093
2,0.5000000000000001,7.131020357253266,1.8557317131111954
3,0.7000000000000001,18.945687358874828,3.544898111960922
4,0.9000000000000001,6.906377246889913,1.5841853784357751
