,discretized_reward_proportion,interconnectivity_strength_mean,interconnectivity_strength_err
0,0.1,38.277969510783386,8.368097136105487
1,0.30000000000000004,19.94113742155737,3.474617134624227
2,0.5000000000000001,39.63748938448196,4.9199163908214825
3,0.7000000000000001,22.670316538034804,2.8793603148241207
4,0.9000000000000001,18.34237527982745,1.993885340458992
