,discretized_reward_proportion,interconnectivity_strength_mean,interconnectivity_strength_err
0,0.1,24.68742183131694,1.9563000970850382
1,0.30000000000000004,29.67196958849895,1.8519919987128262
2,0.5000000000000001,33.05578708037679,3.2916849660111143
3,0.7000000000000001,42.1977516441129,2.8865073091116273
4,0.9000000000000001,41.39873753455602,5.066779115989978
