,discretized_reward_proportion,interconnectivity_strength_mean,interconnectivity_strength_err
0,0.1,19.79784097579113,6.495884995389789
1,0.30000000000000004,55.79118268272314,15.575405725421046
2,0.5000000000000001,261.55646064127853,48.67517918627985
3,0.7000000000000001,25.45670039239185,10.923715597577084
4,0.9000000000000001,29.508947287722542,6.406749358583214
