,discretized_reward_proportion,interconnectivity_strength_mean,interconnectivity_strength_err
0,0.1,27.070045162092168,2.2594106093004207
1,0.30000000000000004,15.28705031626053,2.3119909464807606
2,0.5000000000000001,5.732398568389986,1.567717889721958
3,0.7000000000000001,1.8360168012960458,0.6805940521646267
4,0.9000000000000001,0.0,0.0
