,discretized_reward_proportion,interconnectivity_strength_mean,interconnectivity_strength_err
0,0.1,72.51009520866161,15.552285457342784
1,0.30000000000000004,7.586464809437454,4.045166199812365
2,0.5000000000000001,5.0561372274544825,1.996596053326152
3,0.7000000000000001,15.986455759943071,3.5575386200726777
4,0.9000000000000001,17.00755424745881,3.7268618102335465
