,discretized_reward_proportion,interconnectivity_strength_mean,interconnectivity_strength_err
0,0.1,119.20685115966978,9.947429847385298
1,0.30000000000000004,122.04618444679437,24.377621544921727
2,0.5000000000000001,76.05779148451683,7.526481804461496
3,0.7000000000000001,24.44862255457669,7.678879874046791
4,0.9000000000000001,26.217513765631388,6.472389077401376
