,discretized_reward_proportion,interconnectivity_strength_mean,interconnectivity_strength_err
0,0.1,27.45232401853199,3.869423607594469
1,0.30000000000000004,57.69712847641638,14.456333450763438
2,0.5000000000000001,94.14462105520579,27.80209745899863
3,0.7000000000000001,98.35416593739207,20.176282305163713
4,0.9000000000000001,82.43175081809278,11.52823585978575
