,discretized_reward_proportion,interconnectivity_strength_mean,interconnectivity_strength_err
0,0.1,11.399026660177869,1.3152693130800206
1,0.30000000000000004,15.816886835460595,3.24858664457246
2,0.5000000000000001,28.895225727801268,5.283280034597166
3,0.7000000000000001,8.561967488108094,4.323695517698097
4,0.9000000000000001,0.12727272727272726,0.04493922768387816
