,discretized_reward_proportion,interconnectivity_strength_mean,interconnectivity_strength_err
0,0.1,5.626989026478273,0.17755243136522295
1,0.30000000000000004,5.190707031849309,0.13669049643553724
2,0.5000000000000001,5.07638253750976,0.1182985556500323
3,0.7000000000000001,5.091797621114107,0.10667128416731957
4,0.9000000000000001,5.660191732399154,0.13589519050891288
