,discretized_reward_proportion,interconnectivity_strength_mean,interconnectivity_strength_err
0,0.1,41.945565939358424,5.318371629376483
1,0.30000000000000004,36.75430035554574,6.261936702633985
2,0.5000000000000001,32.933402766620816,4.624795756808527
3,0.7000000000000001,29.930056989609827,2.9639931748233614
4,0.9000000000000001,31.27260261730627,2.529843577186104
