,discretized_reward_proportion,interconnectivity_strength_mean,interconnectivity_strength_err
0,0.1,16.691077569627986,1.7134265647963123
1,0.30000000000000004,13.345363941741034,0.5429535108511546
2,0.5000000000000001,16.05624898120613,1.383688007889816
3,0.7000000000000001,16.823776768758968,0.8959195497131807
4,0.9000000000000001,14.06051584208559,0.6479696731708829
