,discretized_reward_proportion,interconnectivity_strength_mean,interconnectivity_strength_err
0,0.1,19.55549794196462,1.3325339972359689
1,0.30000000000000004,12.215582198083482,1.9300989544796265
2,0.5000000000000001,14.561501600562906,2.809598557890258
3,0.7000000000000001,6.0306869407229815,1.0543489809025257
4,0.9000000000000001,1.6562697275936307,0.5692013859072796
