,discretized_reward_proportion,interconnectivity_strength_mean,interconnectivity_strength_err
0,0.1,37.210681933338066,4.414849473843162
1,0.30000000000000004,58.68794196834355,15.039793400738734
2,0.5000000000000001,14.595105001863892,1.73631277394249
3,0.7000000000000001,15.149763968511449,3.4034167628309957
4,0.9000000000000001,5.910629319251487,2.0837034737895848
