,discretized_reward_proportion,interconnectivity_strength_mean,interconnectivity_strength_err
0,0.1,189.6880145473774,52.195968874594406
1,0.30000000000000004,194.81270674306046,76.28563698527094
2,0.5000000000000001,83.94201552142103,47.433257392195536
3,0.7000000000000001,0.1111111111111111,0.034918853391928274
4,0.9000000000000001,0.22388059701492538,0.03600974943597271
