,discretized_reward_proportion,interconnectivity_strength_mean,interconnectivity_strength_err
0,0.1,4.398516757523556,0.15056453401043945
1,0.30000000000000004,5.515442482257643,0.6002306974542988
2,0.5000000000000001,7.512118733454322,0.3455881927751464
3,0.7000000000000001,8.869979903382292,0.3539785681140598
4,0.9000000000000001,8.28280867552053,0.38343893521044187
