,discretized_reward_proportion,interconnectivity_strength_mean,interconnectivity_strength_err
0,0.1,157.83756122240237,12.700379773146341
1,0.30000000000000004,127.03698488014658,25.16739445006942
2,0.5000000000000001,53.7633714651283,10.053689694461829
3,0.7000000000000001,34.75835706313832,10.003657845556328
4,0.9000000000000001,14.236085622715427,5.395182159238619
