,discretized_reward_proportion,interconnectivity_strength_mean,interconnectivity_strength_err
0,0.1,10.872931710195655,2.903280903230704
1,0.30000000000000004,11.327464567278623,2.9931374334693492
2,0.5000000000000001,15.195713813637177,3.9321196549312623
3,0.7000000000000001,9.27450813035975,1.1801239128516166
4,0.9000000000000001,9.4326691297133,1.6401566706752584
