,discretized_reward_proportion,interconnectivity_strength_mean,interconnectivity_strength_err
0,0.1,18.843566109821314,0.6517624988223238
1,0.30000000000000004,20.725464097915157,1.4502402405272015
2,0.5000000000000001,23.53672886344624,2.6218349970298003
3,0.7000000000000001,16.67408430978776,3.7944340437027306
4,0.9000000000000001,15.814654416739,3.4947052225105235
