,discretized_reward_proportion,interconnectivity_strength_mean,interconnectivity_strength_err
0,0.1,12.522551733396897,1.0514205108316783
1,0.30000000000000004,9.314717259538709,1.18032639791903
2,0.5000000000000001,7.178470572293112,0.8010932242804211
3,0.7000000000000001,20.5475715799093,2.4295385215034244
4,0.9000000000000001,15.696771478288944,2.1784268435766805
