,discretized_reward_proportion,interconnectivity_strength_mean,interconnectivity_strength_err
0,0.1,54.358293947352,4.622842261640149
1,0.30000000000000004,53.64392266743092,5.9937629911076
2,0.5000000000000001,48.84377935135821,7.085518520386811
3,0.7000000000000001,85.4437883769159,11.16803476236375
4,0.9000000000000001,58.23704261969149,6.932306551734349
