,discretized_reward_proportion,interconnectivity_strength_mean,interconnectivity_strength_err
0,0.1,10.092314613868037,0.847844927462377
1,0.30000000000000004,10.180313859358977,1.6020743259003278
2,0.5000000000000001,9.61645717072715,1.29027662095468
3,0.7000000000000001,13.09576619381531,1.4338890028118993
4,0.9000000000000001,12.2005952996657,1.2271386716634163
