,discretized_reward_proportion,interconnectivity_strength_mean,interconnectivity_strength_err
0,0.1,20.44811104900609,2.769960015274817
1,0.30000000000000004,42.48902136237884,6.114454800178034
2,0.5000000000000001,20.449464662060198,3.3572423129298112
3,0.7000000000000001,22.808646913492034,4.716425111357628
4,0.9000000000000001,26.96939396608468,4.0914533446850205
