,discretized_reward_proportion,interconnectivity_strength_mean,interconnectivity_strength_err
0,0.1,52.76630262591321,5.34724080569602
1,0.30000000000000004,97.74219289716387,7.713388959434759
2,0.5000000000000001,94.773859089847,15.522996792968836
3,0.7000000000000001,129.3104277327091,22.832908712192186
4,0.9000000000000001,121.21151470207363,28.05242750208642
