,discretized_reward_proportion,interconnectivity_strength_mean,interconnectivity_strength_err
0,0.1,29.013369115370132,3.7725897514057087
1,0.30000000000000004,11.925242825717602,4.2534556601058915
2,0.5000000000000001,13.210006252446282,2.114797943958945
3,0.7000000000000001,34.4767653065395,8.385790908131398
4,0.9000000000000001,65.35212270532783,11.882593460303742
