,discretized_reward_proportion,interconnectivity_strength_mean,interconnectivity_strength_err
0,0.1,6.040859228168917,0.3420429760670542
1,0.30000000000000004,8.08024234047581,0.6654014067952687
2,0.5000000000000001,10.74411985889165,0.856493453684176
3,0.7000000000000001,11.670499004067755,0.6169539884549778
4,0.9000000000000001,11.191228555914064,0.5759868311829573
