,discretized_reward_proportion,interconnectivity_strength_mean,interconnectivity_strength_err
0,0.1,2.3384444374268933,0.856754562890968
1,0.30000000000000004,17.555280891287033,6.371130811456547
2,0.5000000000000001,72.36223986350612,13.26106848467163
3,0.7000000000000001,18.144881194512656,3.4953806479473504
4,0.9000000000000001,36.89146794313456,5.429953563825216
