,discretized_reward_proportion,interconnectivity_strength_mean,interconnectivity_strength_err
0,0.1,5.749715124529472,0.3703568393041349
1,0.30000000000000004,4.50021967720195,0.24488938475841765
2,0.5000000000000001,3.8892546745026815,0.19545651801261554
3,0.7000000000000001,3.6834576211137837,0.08255231150703422
4,0.9000000000000001,3.629434678711052,0.047253633074554525
