,discretized_reward_proportion,interconnectivity_strength_mean,interconnectivity_strength_err
0,0.1,86.16787321312052,22.326872830496193
1,0.30000000000000004,34.013332777726255,2.8690697555121996
2,0.5000000000000001,30.696251060961377,3.5759830264495642
3,0.7000000000000001,24.303710412933594,1.8101001085929582
4,0.9000000000000001,27.382253912426716,2.3404680001285456
