,discretized_reward_proportion,interconnectivity_strength_mean,interconnectivity_strength_err
0,0.1,16.44759281241348,2.4169126970882817
1,0.30000000000000004,9.290745654909479,0.6923060343847744
2,0.5000000000000001,6.3378804753323355,0.33382051731216017
3,0.7000000000000001,5.543256260786421,0.1625898455596182
4,0.9000000000000001,5.3717391934181,0.13550131540945
