,discretized_reward_proportion,interconnectivity_strength_mean,interconnectivity_strength_err
0,0.1,8.61853270528208,0.4184764644736118
1,0.30000000000000004,9.003983555138465,0.31844047564564487
2,0.5000000000000001,8.787557907249816,0.6177188238009584
3,0.7000000000000001,7.3209912142752485,0.3455294668027969
4,0.9000000000000001,8.080597891509642,0.43140525565287
