,discretized_reward_proportion,interconnectivity_strength_mean,interconnectivity_strength_err
0,0.1,64.43496882449901,7.105677508658986
1,0.30000000000000004,22.090509353829088,5.319337095976922
2,0.5000000000000001,8.223235510484217,3.536574249919097
3,0.7000000000000001,13.545456803230627,7.804615002604975
4,0.9000000000000001,7.500198377647406,3.150800535164162
