,discretized_reward_proportion,interconnectivity_strength_mean,interconnectivity_strength_err
0,0.1,19.601908698416636,1.2686762981618642
1,0.30000000000000004,17.0005776977207,1.1934185783684677
2,0.5000000000000001,29.604907297796082,6.454326044884014
3,0.7000000000000001,18.45062594829104,1.7667474320323115
4,0.9000000000000001,21.124665647830028,1.8659226643934261
