,discretized_reward_proportion,interconnectivity_strength_mean,interconnectivity_strength_err
0,0.1,0.36363636363636365,0.1025592863305029
1,0.30000000000000004,2.765186964893425,1.11120790094476
2,0.5000000000000001,2.212121539826253,0.6979892833401671
3,0.7000000000000001,17.64634290045176,3.700531358512849
4,0.9000000000000001,13.561464857338011,2.2643183069167385
