,discretized_reward_proportion,interconnectivity_strength_mean,interconnectivity_strength_err
0,0.1,13.964118257700996,0.6175538884480496
1,0.30000000000000004,18.133436659931856,1.7182565009908348
2,0.5000000000000001,26.934575109635556,2.6802096521154155
3,0.7000000000000001,15.8657547029646,4.074657207102635
4,0.9000000000000001,29.202585600699223,3.726543478210244
