,discretized_reward_proportion,interconnectivity_strength_mean,interconnectivity_strength_err
0,0.1,17.18632551243077,1.055749063522873
1,0.30000000000000004,27.549353355455768,2.38097192155279
2,0.5000000000000001,17.834760455927437,1.464308942360217
3,0.7000000000000001,14.502269935230032,0.8098872198187435
4,0.9000000000000001,10.19971872847453,0.531832294665043
