,discretized_reward_proportion,interconnectivity_strength_mean,interconnectivity_strength_err
0,0.1,129.9529330908005,60.516126392513385
1,0.30000000000000004,179.00345844795095,40.2779665368059
2,0.5000000000000001,93.86952337505399,21.87138507500702
3,0.7000000000000001,250.16495479906067,44.316106867670904
4,0.9000000000000001,140.30336602893013,29.459877095905437
