,discretized_reward_proportion,interconnectivity_strength_mean,interconnectivity_strength_err
0,0.1,27.38299466945276,4.589717790042244
1,0.30000000000000004,25.780598444615677,5.200294873036502
2,0.5000000000000001,9.876949463793045,1.576207535153638
3,0.7000000000000001,9.321022274610923,1.3152227282173852
4,0.9000000000000001,11.425687323713332,0.8166890335390599
