,discretized_reward_proportion,interconnectivity_strength_mean,interconnectivity_strength_err
0,0.1,60.43251330809706,6.768986775771437
1,0.30000000000000004,58.70256093268856,5.71492981005032
2,0.5000000000000001,43.6220064313946,5.280922978077218
3,0.7000000000000001,69.67636791385098,11.124593313493019
4,0.9000000000000001,37.577125090109476,3.7772019168997475
