,discretized_reward_proportion,interconnectivity_strength_mean,interconnectivity_strength_err
0,0.1,13.693902464862724,2.0820706223795384
1,0.30000000000000004,15.056986102853521,1.3804261159060238
2,0.5000000000000001,13.14551432950726,0.5544565856792034
3,0.7000000000000001,13.055829039979516,0.6589391089632507
4,0.9000000000000001,15.04297763020294,0.9815082023779224
