,discretized_reward_proportion,interconnectivity_strength_mean,interconnectivity_strength_err
0,0.1,7.729576300770624,2.1035166419645166
1,0.30000000000000004,46.4380586843908,12.59085315271063
2,0.5000000000000001,99.2768666585756,12.913153165298219
3,0.7000000000000001,68.89739389427795,8.929661668098541
4,0.9000000000000001,47.47901520918375,6.912141694923412
