,discretized_reward_proportion,interconnectivity_strength_mean,interconnectivity_strength_err
0,0.1,16.37444507498264,0.35802428460125924
1,0.30000000000000004,13.466761429314428,0.4768908232765638
2,0.5000000000000001,14.070238056134219,0.5477791065316382
3,0.7000000000000001,12.95405892255215,0.6956850443963694
4,0.9000000000000001,9.131672971007694,0.5626335505769491
