,discretized_reward_proportion,interconnectivity_strength_mean,interconnectivity_strength_err
0,0.1,20.199822552230867,3.3158643239180723
1,0.30000000000000004,10.145401644571121,2.131386116655348
2,0.5000000000000001,5.010716501732033,0.7863448531798753
3,0.7000000000000001,5.6996597177478145,0.7319736450342306
4,0.9000000000000001,7.4778143092741,0.6845655541314123
