,discretized_reward_proportion,interconnectivity_strength_mean,interconnectivity_strength_err
0,0.1,9.792720165976839,0.31888789313020893
1,0.30000000000000004,8.998664912580566,0.20520111855667014
2,0.5000000000000001,8.232851250741572,0.2399053699748157
3,0.7000000000000001,8.865907911223355,0.29452616609688437
4,0.9000000000000001,8.534558733705785,0.21586165720779316
