,discretized_reward_proportion,interconnectivity_strength_mean,interconnectivity_strength_err
0,0.1,12.086855857284494,2.105049943010299
1,0.30000000000000004,16.718387116001338,1.9859681908323448
2,0.5000000000000001,20.48875998770644,1.9392049902676842
3,0.7000000000000001,29.944236091907896,2.3904196652304197
4,0.9000000000000001,35.80474883194106,3.886665354857277
