,discretized_reward_proportion,interconnectivity_strength_mean,interconnectivity_strength_err
0,0.1,7.573953863951031,0.6903526975584289
1,0.30000000000000004,6.245279740944534,0.7063759544773537
2,0.5000000000000001,5.102098119867926,0.585275106882391
3,0.7000000000000001,3.975402006833649,0.2001536726389804
4,0.9000000000000001,2.628124200298703,0.23288826233405482
