,discretized_reward_proportion,interconnectivity_strength_mean,interconnectivity_strength_err
0,0.1,23.559301692869912,1.882702047638327
1,0.30000000000000004,27.53291359398187,2.3215940974271634
2,0.5000000000000001,22.760774334264507,2.8364951477141376
3,0.7000000000000001,10.944615767427544,1.7912526582155655
4,0.9000000000000001,13.48396705910097,1.687205149938651
