,discretized_reward_proportion,interconnectivity_strength_mean,interconnectivity_strength_err
0,0.1,19.12309526413227,2.7317998230580898
1,0.30000000000000004,10.126871225070033,0.9752000612927033
2,0.5000000000000001,14.127171352198632,1.981881223271315
3,0.7000000000000001,13.51988032599587,1.0308986472809472
4,0.9000000000000001,10.07391276380038,0.6913104161890354
