,discretized_reward_proportion,interconnectivity_strength_mean,interconnectivity_strength_err
0,0.1,51.16923423590508,3.7517496117178046
1,0.30000000000000004,46.32637229328576,3.2010572709017917
2,0.5000000000000001,22.199418521718908,1.9311889364298422
3,0.7000000000000001,22.37692199189222,1.6049851337784613
4,0.9000000000000001,21.478782520868762,1.5606630757989188
