,discretized_reward_proportion,interconnectivity_strength_mean,interconnectivity_strength_err
0,0.1,11.744621050847815,0.7356483229764382
1,0.30000000000000004,9.534223597155846,1.0893753825589425
2,0.5000000000000001,8.333829158710111,0.41554141367506914
3,0.7000000000000001,10.081468841651377,0.38555547738570856
4,0.9000000000000001,12.445622977583941,0.6048474218159574
