,discretized_reward_proportion,interconnectivity_strength_mean,interconnectivity_strength_err
0,0.1,5.663906226964412,0.4075400331323009
1,0.30000000000000004,10.90395456473181,2.0698996892462787
2,0.5000000000000001,15.781799009672934,1.5326215427055583
3,0.7000000000000001,14.634807269285812,1.0299613889485606
4,0.9000000000000001,10.48397119993159,0.8675106388576024
