,discretized_reward_proportion,interconnectivity_strength_mean,interconnectivity_strength_err
0,0.1,27.771220227637187,1.1799962160250188
1,0.30000000000000004,24.960757479581723,1.5808657316309818
2,0.5000000000000001,27.369247627325635,1.500617687101967
3,0.7000000000000001,19.07206779023123,3.1114829413713787
4,0.9000000000000001,27.21986358291847,3.5941117348190454
