,discretized_reward_proportion,interconnectivity_strength_mean,interconnectivity_strength_err
0,0.1,39.6013154082248,6.605339032024509
1,0.30000000000000004,105.89428673673898,26.364966179866876
2,0.5000000000000001,79.86878921170248,15.234605785152828
3,0.7000000000000001,124.24901113823415,24.580685898537748
4,0.9000000000000001,201.48882895127628,27.688635917790958
