,discretized_reward_proportion,interconnectivity_strength_mean,interconnectivity_strength_err
0,0.1,122.65917667205694,19.339121074740962
1,0.30000000000000004,82.85301965328904,14.40449072519995
2,0.5000000000000001,34.13020306545743,8.626267348106591
3,0.7000000000000001,20.566624648111326,7.314647071434722
4,0.9000000000000001,33.90088629734341,6.467126837561766
