,discretized_reward_proportion,interconnectivity_strength_mean,interconnectivity_strength_err
0,0.1,56.94219492213678,2.9294603958087753
1,0.30000000000000004,32.010623699747185,4.408752024611902
2,0.5000000000000001,28.42567670946107,3.9907273893063393
3,0.7000000000000001,11.141724300719497,6.135411762781076
4,0.9000000000000001,31.408871729134887,6.177426785753366
