,discretized_reward_proportion,interconnectivity_strength_mean,interconnectivity_strength_err
0,0.1,124.33743868227077,19.967851872748156
1,0.30000000000000004,41.59997582389795,3.7904553809601356
2,0.5000000000000001,47.6426069934225,4.842266222113655
3,0.7000000000000001,53.00830809965301,6.127551754016285
4,0.9000000000000001,37.228496527673855,3.946051504078104
