,discretized_reward_proportion,interconnectivity_strength_mean,interconnectivity_strength_err
0,0.1,7.982894661308996,0.8422440500035977
1,0.30000000000000004,12.420146239249192,1.810591310261258
2,0.5000000000000001,94.02552367618759,21.454956265350393
3,0.7000000000000001,54.03868374066788,14.338941756822676
4,0.9000000000000001,18.468528293066157,2.7472356201651644
