,discretized_reward_proportion,interconnectivity_strength_mean,interconnectivity_strength_err
0,0.1,0.0,0.0
1,0.30000000000000004,0.0,0.0
2,0.5000000000000001,6.2493403763687825,2.412258151759714
3,0.7000000000000001,8.704530050144088,2.2079656739772853
4,0.9000000000000001,9.931176877679128,1.9874097310267766
