,discretized_reward_proportion,interconnectivity_strength_mean,interconnectivity_strength_err
0,0.1,21.29942359585352,2.137603419215053
1,0.30000000000000004,6.293108345434569,2.4214112913323644
2,0.5000000000000001,6.674308014141076,1.516038655446056
3,0.7000000000000001,8.78687491338782,1.8515570999051965
4,0.9000000000000001,11.617148105242704,2.2356226824223264
