,discretized_reward_proportion,interconnectivity_strength_mean,interconnectivity_strength_err
0,0.1,22.07149989178093,5.855881525538277
1,0.30000000000000004,8.565246724879616,0.5801057857503998
2,0.5000000000000001,13.995833579809688,3.1648114109409247
3,0.7000000000000001,11.264476177370682,2.0190417845518214
4,0.9000000000000001,8.959478961398586,0.7372738396880676
