,discretized_reward_proportion,interconnectivity_strength_mean,interconnectivity_strength_err
0,0.1,24.825456725188182,2.1713211461089097
1,0.30000000000000004,23.783819934464763,2.743793678232015
2,0.5000000000000001,11.674671541437075,2.273580176179228
3,0.7000000000000001,5.796945229015035,0.25709304633654917
4,0.9000000000000001,7.534857028362865,0.32699152107268126
