,discretized_reward_proportion,interconnectivity_strength_mean,interconnectivity_strength_err
0,0.1,43.50174566036041,5.128954286620328
1,0.30000000000000004,68.85384281435717,5.968279567181778
2,0.5000000000000001,62.675250951704676,6.988865602177772
3,0.7000000000000001,35.104951138791904,4.390377911915977
4,0.9000000000000001,29.009981588508975,2.3739473877199293
