,discretized_reward_proportion,interconnectivity_strength_mean,interconnectivity_strength_err
0,0.1,54.393897743118394,10.55519447791728
1,0.30000000000000004,38.796947659842814,10.234113562484826
2,0.5000000000000001,55.37291224829847,6.716462526864366
3,0.7000000000000001,5.481897546883772,4.026057717979266
4,0.9000000000000001,0.2727272727272727,0.060052569006892396
