,discretized_reward_proportion,interconnectivity_strength_mean,interconnectivity_strength_err
0,0.1,13.11530081790271,2.8037541054762234
1,0.30000000000000004,47.5280165533329,11.083205069265151
2,0.5000000000000001,71.89092572008362,19.508043538323165
3,0.7000000000000001,11.977421376771426,4.953244588779014
4,0.9000000000000001,10.110529806848408,1.396223762056667
