,discretized_reward_proportion,interconnectivity_strength_mean,interconnectivity_strength_err
0,0.1,64.16467208090333,12.314688451364454
1,0.30000000000000004,128.15640542281596,25.705596380004526
2,0.5000000000000001,205.91557346012814,50.74485191616334
3,0.7000000000000001,0.9090909090909091,0.08667841720414475
4,0.9000000000000001,,
