,discretized_reward_proportion,interconnectivity_strength_mean,interconnectivity_strength_err
0,0.1,62.529492620388964,10.523452819401978
1,0.30000000000000004,26.54942664024326,3.663564173162395
2,0.5000000000000001,55.43580752034602,8.118563343166409
3,0.7000000000000001,16.973397335719685,5.170708103548099
4,0.9000000000000001,7.933010731131042,1.15915648815299
