,discretized_reward_proportion,interconnectivity_strength_mean,interconnectivity_strength_err
0,0.1,77.8452718862489,8.295925024368778
1,0.30000000000000004,39.593753534274214,5.366160194662846
2,0.5000000000000001,20.78204271262764,2.162394619114107
3,0.7000000000000001,10.473231541044683,1.0690885100577856
4,0.9000000000000001,5.679225211771792,0.6182561966525704
