,discretized_reward_proportion,interconnectivity_strength_mean,interconnectivity_strength_err
0,0.1,9.2288733891007,0.5720381216731213
1,0.30000000000000004,8.81752312972467,0.4134239938404485
2,0.5000000000000001,5.703526732285913,0.2462151513346897
3,0.7000000000000001,5.241031546767846,0.13865042312432474
4,0.9000000000000001,4.805529816308265,0.12537844260278147
