,discretized_reward_proportion,interconnectivity_strength_mean,interconnectivity_strength_err
0,0.1,71.58680637780391,4.677496660941482
1,0.30000000000000004,99.62887223101436,11.052513497124583
2,0.5000000000000001,114.79730173409693,15.178841330592197
3,0.7000000000000001,81.29239156048982,18.59041349255175
4,0.9000000000000001,66.77594678730206,5.576001926615905
