,discretized_reward_proportion,interconnectivity_strength_mean,interconnectivity_strength_err
0,0.1,76.65961251480245,9.414834720225958
1,0.30000000000000004,110.06336388513492,14.252080610832913
2,0.5000000000000001,36.30296031870273,10.279150126534423
3,0.7000000000000001,32.112046572487614,3.522502901663912
4,0.9000000000000001,40.036313900330335,2.9614354277325523
