,discretized_reward_proportion,interconnectivity_strength_mean,interconnectivity_strength_err
0,0.1,2.1368613222385067,1.1592960978922038
1,0.30000000000000004,3.368258277755157,1.272445526122197
2,0.5000000000000001,4.045152599687428,1.2109195070056245
3,0.7000000000000001,0.8911369098589349,0.4595930443365627
4,0.9000000000000001,2.468260491415919,0.7225182468312035
