,discretized_reward_proportion,interconnectivity_strength_mean,interconnectivity_strength_err
0,0.1,13.950893386046442,0.22579914758173986
1,0.30000000000000004,12.5414004043424,0.37912572653469623
2,0.5000000000000001,10.480298341914157,0.3610868464348272
3,0.7000000000000001,8.556164449788467,0.45524204642750005
4,0.9000000000000001,8.055899118015397,0.4440691055886828
