,discretized_reward_proportion,interconnectivity_strength_mean,interconnectivity_strength_err
0,0.1,40.337239067954684,8.103147786510357
1,0.30000000000000004,32.55642747357962,7.52419968601036
2,0.5000000000000001,38.691594376597465,6.066726336741425
3,0.7000000000000001,12.471494188264474,0.8464205510660883
4,0.9000000000000001,11.829920979451416,0.695748759463473
