,discretized_reward_proportion,interconnectivity_strength_mean,interconnectivity_strength_err
0,0.1,10.786746807295195,0.5764005103242226
1,0.30000000000000004,10.81883405122816,0.8928442771815227
2,0.5000000000000001,9.050397057837062,0.514594924724278
3,0.7000000000000001,7.69384408562905,0.2246941488292141
4,0.9000000000000001,8.52515206233132,0.26562337374021805
