,discretized_reward_proportion,interconnectivity_strength_mean,interconnectivity_strength_err
0,0.1,3.163784159621562,0.0830887790474547
1,0.30000000000000004,3.939867787982932,0.2635973727821894
2,0.5000000000000001,5.853959320963683,0.22052240255465153
3,0.7000000000000001,6.173388181305423,0.15916552105726603
4,0.9000000000000001,5.236872698680669,0.16962207588839864
