,discretized_reward_proportion,interconnectivity_strength_mean,interconnectivity_strength_err
0,0.1,7.103657561279249,3.3353476131583553
1,0.30000000000000004,10.864805647333972,2.8412888379697705
2,0.5000000000000001,19.445670816060606,2.6087660890150994
3,0.7000000000000001,15.537840518967135,1.2895369690419325
4,0.9000000000000001,17.894779011821583,1.5909990434812813
