,discretized_reward_proportion,interconnectivity_strength_mean,interconnectivity_strength_err
0,0.1,29.644506199139315,2.7994589156060634
1,0.30000000000000004,51.518961033930225,8.989022256350635
2,0.5000000000000001,38.198086991509086,4.464353353245627
3,0.7000000000000001,43.596607157549705,4.118546599238072
4,0.9000000000000001,27.65437035840063,2.034107408731182
