,discretized_reward_proportion,interconnectivity_strength_mean,interconnectivity_strength_err
0,0.1,16.92438087040313,0.9508563421172973
1,0.30000000000000004,16.448003603711257,0.9891612651902076
2,0.5000000000000001,19.629157831313293,2.365343136354814
3,0.7000000000000001,13.446555760040294,1.7303107567027989
4,0.9000000000000001,10.083913098511369,0.9385757166808963
