,discretized_reward_proportion,interconnectivity_strength_mean,interconnectivity_strength_err
0,0.1,76.00123244613289,8.835143367726738
1,0.30000000000000004,89.3754346610475,19.758123918972117
2,0.5000000000000001,40.632497144717156,3.600544506866549
3,0.7000000000000001,33.62623273351172,4.213781533420614
4,0.9000000000000001,20.478982504831652,2.004470485466132
