,discretized_reward_proportion,interconnectivity_strength_mean,interconnectivity_strength_err
0,0.1,16.555834713544897,1.4924136275773385
1,0.30000000000000004,15.50266524332259,1.4463489873871629
2,0.5000000000000001,21.733833763902474,3.0498261147460353
3,0.7000000000000001,9.209400834609216,1.0874848285693366
4,0.9000000000000001,7.679786464426046,0.33432885801279627
