,discretized_reward_proportion,interconnectivity_strength_mean,interconnectivity_strength_err
0,0.1,22.61785985949884,5.288171173613272
1,0.30000000000000004,9.798597293327834,2.803148662221571
2,0.5000000000000001,20.556976102913488,2.843859753289282
3,0.7000000000000001,32.5073296479107,9.282946946797606
4,0.9000000000000001,26.91093362782727,1.9088238237000057
