,discretized_reward_proportion,interconnectivity_strength_mean,interconnectivity_strength_err
0,0.1,35.09774200431756,7.143310020411786
1,0.30000000000000004,42.14294448325922,8.70491994973774
2,0.5000000000000001,24.302533765825338,4.529091616723972
3,0.7000000000000001,15.910098923534592,1.066714349620577
4,0.9000000000000001,19.09036803177543,1.7743468116826295
