,discretized_reward_proportion,interconnectivity_strength_mean,interconnectivity_strength_err
0,0.1,24.47147092272741,3.9675579568036383
1,0.30000000000000004,29.725028976367994,5.224295530722383
2,0.5000000000000001,27.052612197058142,3.357356249051505
3,0.7000000000000001,17.257980313209938,1.4691129939368903
4,0.9000000000000001,18.914137281224185,1.1978028600852568
