,discretized_reward_proportion,interconnectivity_strength_mean,interconnectivity_strength_err
0,0.1,11.228476780524101,1.9812808769879857
1,0.30000000000000004,11.716134016195557,0.46239345110423424
2,0.5000000000000001,9.623254868952678,0.6855176806339366
3,0.7000000000000001,7.92818817245715,0.4127354730410067
4,0.9000000000000001,8.497637902736482,0.5687899252586878
