,discretized_reward_proportion,interconnectivity_strength_mean,interconnectivity_strength_err
0,0.1,16.731791594046697,1.435692355278487
1,0.30000000000000004,16.242576501223258,1.121432925496385
2,0.5000000000000001,12.326777647325713,0.6144424882149905
3,0.7000000000000001,10.107122476771211,0.7741279412233689
4,0.9000000000000001,13.151884506412822,1.214868246642748
