,discretized_reward_proportion,interconnectivity_strength_mean,interconnectivity_strength_err
0,0.1,3.3092719490295988,0.09242748432619562
1,0.30000000000000004,4.5358186278855595,0.3293883390318528
2,0.5000000000000001,5.515717762361658,0.18193307624650532
3,0.7000000000000001,6.002773737810262,0.13289421466382953
4,0.9000000000000001,5.43266051599024,0.1275388337802141
