,discretized_reward_proportion,interconnectivity_strength_mean,interconnectivity_strength_err
0,0.1,4.514903860070673,1.480273940059009
1,0.30000000000000004,8.810063816786322,1.7916165839689635
2,0.5000000000000001,13.485747826186714,1.8925950638690774
3,0.7000000000000001,24.04414703282904,3.3727084890681107
4,0.9000000000000001,20.780001172613886,2.371967341135395
