,discretized_reward_proportion,interconnectivity_strength_mean,interconnectivity_strength_err
0,0.1,76.6109996004469,5.723566506060629
1,0.30000000000000004,43.6136678475406,5.070534429607755
2,0.5000000000000001,48.103602342782835,7.343317636955639
3,0.7000000000000001,36.73476834827972,8.062663877356696
4,0.9000000000000001,45.231894502967066,9.185665063555765
