,discretized_reward_proportion,interconnectivity_strength_mean,interconnectivity_strength_err
0,0.1,10.040600340153842,4.292413350787745
1,0.30000000000000004,16.707639695579328,2.971845442956567
2,0.5000000000000001,23.843701603987796,4.300605522520755
3,0.7000000000000001,19.54603212805848,2.215906447379468
4,0.9000000000000001,15.423513249721836,1.6096128579997047
