,discretized_reward_proportion,interconnectivity_strength_mean,interconnectivity_strength_err
0,0.1,34.77479486161336,1.783738546344548
1,0.30000000000000004,47.6464514644193,3.3727286837419452
2,0.5000000000000001,40.46601595496564,4.511665414043839
3,0.7000000000000001,22.15329039865432,3.585408305268041
4,0.9000000000000001,19.083347195962745,4.279025843098942
