,discretized_reward_proportion,interconnectivity_strength_mean,interconnectivity_strength_err
0,0.1,66.89775574729194,20.604843805673088
1,0.30000000000000004,184.0694186221617,42.738317721845235
2,0.5000000000000001,33.29399308436442,12.537838198912015
3,0.7000000000000001,25.59497778982848,5.834843422679403
4,0.9000000000000001,22.11327846166844,5.7640677595997865
