,discretized_reward_proportion,interconnectivity_strength_mean,interconnectivity_strength_err
0,0.1,2.6418206074475687,0.33390505256421216
1,0.30000000000000004,16.758396261887007,5.499029318855249
2,0.5000000000000001,8.640668086523347,2.2886546888393964
3,0.7000000000000001,2.9601375782137485,0.9976035238102441
4,0.9000000000000001,0.2978723404255319,0.06670742872838141
