,discretized_reward_proportion,interconnectivity_strength_mean,interconnectivity_strength_err
0,0.1,20.901052880953795,12.268207121688825
1,0.30000000000000004,41.5047131181179,20.221789051130813
2,0.5000000000000001,35.59034530805528,17.02631511550527
3,0.7000000000000001,52.26049786380816,11.074153947599322
4,0.9000000000000001,55.43811324066805,9.794051138309307
