,discretized_reward_proportion,interconnectivity_strength_mean,interconnectivity_strength_err
0,0.1,24.73922948499275,2.0685938746271653
1,0.30000000000000004,62.97416071974,13.223347257442603
2,0.5000000000000001,50.16654588991131,9.60192664058181
3,0.7000000000000001,11.975523283341193,3.269753321667661
4,0.9000000000000001,22.992698205629882,7.280542807532692
