,discretized_reward_proportion,interconnectivity_strength_mean,interconnectivity_strength_err
0,0.1,578.4818795063376,118.1558110059616
1,0.30000000000000004,138.42674221744826,48.02426565126273
2,0.5000000000000001,129.71359189736697,33.7265751720069
3,0.7000000000000001,39.34175886775522,20.17779595479238
4,0.9000000000000001,57.86138106902448,21.55926046928007
