,discretized_reward_proportion,interconnectivity_strength_mean,interconnectivity_strength_err
0,0.1,29.2388017829997,3.700728684858668
1,0.30000000000000004,20.605716768124655,2.4771468367909786
2,0.5000000000000001,20.826664775524502,2.917181114589728
3,0.7000000000000001,23.052079041225728,3.6889432152848083
4,0.9000000000000001,33.134228160729485,3.2318969193480864
