,discretized_reward_proportion,interconnectivity_strength_mean,interconnectivity_strength_err
0,0.1,16.321051415585803,0.3667355292485566
1,0.30000000000000004,15.042311164642863,0.5930928993589735
2,0.5000000000000001,14.888171474799423,0.5755782049134465
3,0.7000000000000001,13.913928326333743,0.7063731533018703
4,0.9000000000000001,14.818998044271797,0.7296475286276005
