,discretized_reward_proportion,interconnectivity_strength_mean,interconnectivity_strength_err
0,0.1,57.363445363607035,3.16084878020386
1,0.30000000000000004,56.78491698037782,2.941232008143776
2,0.5000000000000001,39.552719032685765,5.074383468254624
3,0.7000000000000001,29.719248651650517,8.128632959802925
4,0.9000000000000001,13.123295990047282,3.586272216880518
