,discretized_reward_proportion,interconnectivity_strength_mean,interconnectivity_strength_err
0,0.1,12.768643608762872,0.8612958377712168
1,0.30000000000000004,20.666456144341385,3.050553824330149
2,0.5000000000000001,30.956466226654193,3.433618356920412
3,0.7000000000000001,29.22185066973435,2.9956636330860515
4,0.9000000000000001,22.84015474642998,2.056521245753013
