,discretized_reward_proportion,interconnectivity_strength_mean,interconnectivity_strength_err
0,0.1,35.92408382082216,8.243426743500153
1,0.30000000000000004,33.518605033792184,6.400637201299906
2,0.5000000000000001,36.49020527753823,7.601673942839546
3,0.7000000000000001,23.421153908737022,4.664015688720252
4,0.9000000000000001,19.537312752863997,4.061516542109809
