,discretized_reward_proportion,interconnectivity_strength_mean,interconnectivity_strength_err
0,0.1,11.695012623553971,1.2467838086639216
1,0.30000000000000004,10.535951408335857,1.014449982250459
2,0.5000000000000001,7.587656800669874,0.8215437668010974
3,0.7000000000000001,4.593202105028827,0.14268081612621272
4,0.9000000000000001,4.324135945382513,0.07559769357949075
