,discretized_reward_proportion,interconnectivity_strength_mean,interconnectivity_strength_err
0,0.1,11.163841575654017,0.6421755923099643
1,0.30000000000000004,9.16607668482069,0.7234044127461217
2,0.5000000000000001,6.705169257476162,0.2305506820128822
3,0.7000000000000001,7.652468433977044,0.6075255801736474
4,0.9000000000000001,6.737378238089671,0.17626246462732484
