,discretized_reward_proportion,interconnectivity_strength_mean,interconnectivity_strength_err
0,0.1,48.701848321766555,5.3988292950924475
1,0.30000000000000004,18.5138356210649,2.9499476897649437
2,0.5000000000000001,20.462046514523593,3.7248526438525102
3,0.7000000000000001,2.0239058468915645,0.9031750730561373
4,0.9000000000000001,0.0,0.0
