,discretized_reward_proportion,interconnectivity_strength_mean,interconnectivity_strength_err
0,0.1,17.41678905260266,4.828672465197414
1,0.30000000000000004,13.352123481745044,4.481412317047085
2,0.5000000000000001,13.06444922941557,5.865594719087792
3,0.7000000000000001,22.193291641192296,10.780383859438135
4,0.9000000000000001,5.621427877755777,3.3880332463836758
