,discretized_reward_proportion,interconnectivity_strength_mean,interconnectivity_strength_err
0,0.1,52.298630715414966,6.833538874802705
1,0.30000000000000004,19.225068453383034,2.1742469489543583
2,0.5000000000000001,16.933702637371287,1.525980721810493
3,0.7000000000000001,15.66829398877547,1.201204111956296
4,0.9000000000000001,14.76496311339203,0.6776160630835855
