,discretized_reward_proportion,interconnectivity_strength_mean,interconnectivity_strength_err
0,0.1,25.659131687544598,1.9760480236471676
1,0.30000000000000004,17.01384368675202,3.977014448689658
2,0.5000000000000001,27.51526435262443,5.709460929885899
3,0.7000000000000001,15.3230809175109,2.897736046413555
4,0.9000000000000001,21.324632693502412,6.4511281873916335
