,discretized_reward_proportion,interconnectivity_strength_mean,interconnectivity_strength_err
0,0.1,107.5414084671493,11.568463122591846
1,0.30000000000000004,27.937128902280676,6.878403659268123
2,0.5000000000000001,3.2225557824550344,0.9238936724794179
3,0.7000000000000001,6.390754626420559,1.6285966959437572
4,0.9000000000000001,14.276347193725263,1.2034628228158375
