,discretized_reward_proportion,interconnectivity_strength_mean,interconnectivity_strength_err
0,0.1,9.432879508309371,0.46617765108950215
1,0.30000000000000004,8.750783878213523,0.4544425172098526
2,0.5000000000000001,7.383802249807645,0.48438670834669834
3,0.7000000000000001,6.971454176223457,0.15480287358579553
4,0.9000000000000001,7.510532940597013,0.21089977125379014
