,discretized_reward_proportion,interconnectivity_strength_mean,interconnectivity_strength_err
0,0.1,0.0,0.0
1,0.30000000000000004,24.058907604914264,9.79238199947049
2,0.5000000000000001,11.81187210801132,4.283581718077006
3,0.7000000000000001,23.348642798224386,4.1149145654368535
4,0.9000000000000001,16.267892715031792,2.5568446923293946
