,discretized_reward_proportion,interconnectivity_strength_mean,interconnectivity_strength_err
0,0.1,14.006404274511873,2.0647892094375524
1,0.30000000000000004,20.336007318988443,3.3676261623959203
2,0.5000000000000001,28.155324392774325,5.7246403584584105
3,0.7000000000000001,28.021559058998307,5.83087407491719
4,0.9000000000000001,36.54054269676922,6.549650545146719
