,discretized_reward_proportion,interconnectivity_strength_mean,interconnectivity_strength_err
0,0.1,19.73023318019436,11.740027622133248
1,0.30000000000000004,28.5748235076112,5.260646989623536
2,0.5000000000000001,24.05501867956111,3.298023191812313
3,0.7000000000000001,22.93462711552926,2.129405973013522
4,0.9000000000000001,20.592645667923893,1.9390119890958644
