,discretized_reward_proportion,interconnectivity_strength_mean,interconnectivity_strength_err
0,0.1,16.31253992283358,2.544038054665524
1,0.30000000000000004,20.433335670039202,2.5842073222395725
2,0.5000000000000001,17.451903185031984,1.387501954086209
3,0.7000000000000001,16.08109384097873,2.1682660022478366
4,0.9000000000000001,16.94314253415087,2.5839617926770377
