,discretized_reward_proportion,interconnectivity_strength_mean,interconnectivity_strength_err
0,0.1,26.205485755187773,1.5909579081710805
1,0.30000000000000004,22.97696963144927,1.850937669502867
2,0.5000000000000001,17.449061204217656,1.9669183727678436
3,0.7000000000000001,7.429371834103398,1.848794371968632
4,0.9000000000000001,4.2561222632674,1.1000220745174074
