,discretized_reward_proportion,interconnectivity_strength_mean,interconnectivity_strength_err
0,0.1,51.69120965163093,11.627530388250964
1,0.30000000000000004,25.681110348811668,10.091192699698741
2,0.5000000000000001,15.681558559225698,5.297110119534078
3,0.7000000000000001,20.544451069619548,6.398359068314534
4,0.9000000000000001,24.753970009724156,5.66930681988147
