,discretized_reward_proportion,interconnectivity_strength_mean,interconnectivity_strength_err
0,0.1,24.46973202774807,0.538749641454175
1,0.30000000000000004,23.983894159839284,1.3098815347965034
2,0.5000000000000001,21.598822041551642,1.0951337292996361
3,0.7000000000000001,20.400879407643696,1.4456366135022107
4,0.9000000000000001,23.000701858516905,2.1370675593568453
