,discretized_reward_proportion,interconnectivity_strength_mean,interconnectivity_strength_err
0,0.1,81.59614690325215,10.772855440059649
1,0.30000000000000004,108.30339411394539,27.109611428615764
2,0.5000000000000001,131.1422698698395,37.62938822909806
3,0.7000000000000001,41.69668540354984,6.3575291984493845
4,0.9000000000000001,31.898483406967795,4.72519041840274
