,discretized_reward_proportion,interconnectivity_strength_mean,interconnectivity_strength_err
0,0.1,12.52339261610284,1.8576912864284691
1,0.30000000000000004,25.590831588227214,6.192407392089925
2,0.5000000000000001,58.56248850974864,13.088712837310888
3,0.7000000000000001,50.33620737858283,13.893606225085659
4,0.9000000000000001,54.71980648621152,12.125533792813316
