,discretized_reward_proportion,interconnectivity_strength_mean,interconnectivity_strength_err
0,0.1,55.94720367266905,6.7447590477827575
1,0.30000000000000004,36.82858897950459,4.564117749669679
2,0.5000000000000001,32.916991823011486,3.995880737703397
3,0.7000000000000001,32.54911919214767,5.086988720026321
4,0.9000000000000001,24.44942679956328,2.0671288271112696
