,discretized_reward_proportion,interconnectivity_strength_mean,interconnectivity_strength_err
0,0.1,20.638322797527678,2.6358258666391254
1,0.30000000000000004,7.704891111956357,0.6501679164465213
2,0.5000000000000001,7.385218150142874,0.3641084408393561
3,0.7000000000000001,6.284090177025695,0.3353713300802909
4,0.9000000000000001,8.030398201457583,0.8763821798440565
