,discretized_reward_proportion,interconnectivity_strength_mean,interconnectivity_strength_err
0,0.1,20.988299914480592,2.907950670966699
1,0.30000000000000004,15.658994915915414,3.417055621159869
2,0.5000000000000001,26.843495018854174,6.247379472150244
3,0.7000000000000001,39.664787803754,11.623839255848159
4,0.9000000000000001,55.961698075613945,8.275592012307296
