,discretized_reward_proportion,interconnectivity_strength_mean,interconnectivity_strength_err
0,0.1,27.5754037093132,2.3343828333833643
1,0.30000000000000004,22.10100653098989,2.022683044652499
2,0.5000000000000001,31.43712220663407,3.762891703276703
3,0.7000000000000001,32.35842007822655,2.84828701997839
4,0.9000000000000001,29.107601310084227,2.0741131850229335
