,discretized_reward_proportion,interconnectivity_strength_mean,interconnectivity_strength_err
0,0.1,0.68,0.09329523031752482
1,0.30000000000000004,0.9,0.054772255750516606
2,0.5000000000000001,91.7985795469991,28.080725013427845
3,0.7000000000000001,72.19554880168688,14.218894974403016
4,0.9000000000000001,79.47611331189414,15.308465878788068
