,discretized_reward_proportion,interconnectivity_strength_mean,interconnectivity_strength_err
0,0.1,14.657558263583399,1.206565969341949
1,0.30000000000000004,15.400203236729809,1.354441717605927
2,0.5000000000000001,37.37613584706609,4.26494461858619
3,0.7000000000000001,31.722728165607457,3.3624610046205157
4,0.9000000000000001,38.71914262554383,5.683932942821222
