,discretized_reward_proportion,interconnectivity_strength_mean,interconnectivity_strength_err
0,0.1,11.01134711352147,0.8984173932444339
1,0.30000000000000004,27.672572346518525,3.1640277903682885
2,0.5000000000000001,20.625319276475928,1.453340250696695
3,0.7000000000000001,20.30627267495212,2.3342018520412973
4,0.9000000000000001,11.298443048962357,0.4815391787490975
