,discretized_reward_proportion,interconnectivity_strength_mean,interconnectivity_strength_err
0,0.1,19.96292476267697,1.7634693012779525
1,0.30000000000000004,18.523729555664556,3.200373162860367
2,0.5000000000000001,15.068453093620498,2.8881465559302573
3,0.7000000000000001,14.776499632092888,2.6164521695751435
4,0.9000000000000001,16.871784244748312,3.2843859702723495
