,discretized_reward_proportion,interconnectivity_strength_mean,interconnectivity_strength_err
0,0.1,25.65764982804427,1.7871117825585898
1,0.30000000000000004,27.67633457997834,1.9258074679017985
2,0.5000000000000001,22.97102789127404,5.143538547528684
3,0.7000000000000001,0.3561643835616438,0.05604686339564762
4,0.9000000000000001,0.2077922077922078,0.04623691196675442
