,discretized_reward_proportion,interconnectivity_strength_mean,interconnectivity_strength_err
0,0.1,13.520363902699966,0.2636006657120037
1,0.30000000000000004,17.19741548652545,0.927026235932374
2,0.5000000000000001,15.072982917507455,0.7041569036464166
3,0.7000000000000001,13.49700009693538,1.1444437366446603
4,0.9000000000000001,11.862787293611296,0.6463532187616985
