,discretized_reward_proportion,interconnectivity_strength_mean,interconnectivity_strength_err
0,0.1,25.163819099198026,8.765399279935224
1,0.30000000000000004,23.98809906057175,5.5121701231736075
2,0.5000000000000001,42.54215480672814,4.860748425951809
3,0.7000000000000001,42.83264671283223,2.862709908633553
4,0.9000000000000001,30.282945331864877,1.4394609003217735
