,discretized_reward_proportion,interconnectivity_strength_mean,interconnectivity_strength_err
0,0.1,8.881351274024798,0.11287092400919956
1,0.30000000000000004,7.87857351092933,0.23663626544330443
2,0.5000000000000001,6.582894283569295,0.28974864552755025
3,0.7000000000000001,5.148375364671238,0.16494250494469104
4,0.9000000000000001,6.505917399023068,0.19047189303826678
