,discretized_reward_proportion,interconnectivity_strength_mean,interconnectivity_strength_err
0,0.1,5.7674101476133295,0.16813109541323465
1,0.30000000000000004,6.366613244177484,0.17541854199344978
2,0.5000000000000001,6.08147846800256,0.14651115521748317
3,0.7000000000000001,5.51624197035863,0.12159694018841051
4,0.9000000000000001,4.854751103041111,0.09112772391873672
