,discretized_reward_proportion,interconnectivity_strength_mean,interconnectivity_strength_err
0,0.1,9.76167827288666,0.16858176320952215
1,0.30000000000000004,9.110753821161994,0.394684638911132
2,0.5000000000000001,8.620913249556086,0.5997173671393244
3,0.7000000000000001,5.859146954348331,0.1855674767066339
4,0.9000000000000001,4.979019209276751,0.15926856370777415
