,discretized_reward_proportion,interconnectivity_strength_mean,interconnectivity_strength_err
0,0.1,8.484545787485013,1.0347418847175789
1,0.30000000000000004,6.8045895391914115,1.0861936423120926
2,0.5000000000000001,4.337933024893989,0.7152398080980036
3,0.7000000000000001,3.305575170926586,0.37455030710926607
4,0.9000000000000001,2.87985438664352,0.48545982118682957
