,discretized_reward_proportion,interconnectivity_strength_mean,interconnectivity_strength_err
0,0.1,9.107183975966496,0.3292331704129532
1,0.30000000000000004,8.286604361853147,0.16105457875968993
2,0.5000000000000001,7.979339966454733,0.1721376863133748
3,0.7000000000000001,7.69535064101556,0.21387740794714838
4,0.9000000000000001,6.709786339531721,0.14498030599924627
