,discretized_reward_proportion,interconnectivity_strength_mean,interconnectivity_strength_err
0,0.1,36.2314852861897,1.3882366073378054
1,0.30000000000000004,20.591959126973794,1.8416243129948915
2,0.5000000000000001,14.120982457909115,0.8605901250687515
3,0.7000000000000001,20.125960672560545,2.87416803483434
4,0.9000000000000001,47.0827951698401,3.0218397716263357
