,discretized_reward_proportion,interconnectivity_strength_mean,interconnectivity_strength_err
0,0.1,14.50560380586948,1.1424498471516369
1,0.30000000000000004,18.775314884495142,1.804616480415624
2,0.5000000000000001,15.659383014397639,1.0613946362672129
3,0.7000000000000001,12.41589732169423,0.9332330953634764
4,0.9000000000000001,11.723153577613203,0.6743946820253255
