,discretized_reward_proportion,interconnectivity_strength_mean,interconnectivity_strength_err
0,0.1,50.90875791929983,3.298172968925383
1,0.30000000000000004,30.491390331993625,3.7233794828853637
2,0.5000000000000001,22.514408943861323,1.3999821938350414
3,0.7000000000000001,21.971001098507333,1.3382342164925511
4,0.9000000000000001,25.874716933591884,2.275635023036813
