,discretized_reward_proportion,interconnectivity_strength_mean,interconnectivity_strength_err
0,0.1,20.33299643588287,1.411489456591927
1,0.30000000000000004,19.507018805452056,1.0880076299731172
2,0.5000000000000001,14.004828718616706,1.1211565485530557
3,0.7000000000000001,43.949820988830545,10.322263605466205
4,0.9000000000000001,63.361376177406775,13.474014282531755
