,discretized_reward_proportion,interconnectivity_strength_mean,interconnectivity_strength_err
0,0.1,200.248110260307,26.52157049944915
1,0.30000000000000004,15.211739242741366,7.6655107491631345
2,0.5000000000000001,25.57781416043225,8.32457246122435
3,0.7000000000000001,44.170864444337774,13.293185190859063
4,0.9000000000000001,0.7727272727272727,0.08934606739851098
