,discretized_reward_proportion,interconnectivity_strength_mean,interconnectivity_strength_err
0,0.1,14.647086171108594,2.69128442463549
1,0.30000000000000004,11.192417511174913,2.9374258327183176
2,0.5000000000000001,2.189231565645614,0.7746018038618805
3,0.7000000000000001,3.6366531082713793,0.5860756978475479
4,0.9000000000000001,2.8465282537589953,0.5280721316999413
