,discretized_reward_proportion,interconnectivity_strength_mean,interconnectivity_strength_err
0,0.1,21.845211677317263,7.478221361250551
1,0.30000000000000004,23.41438449420142,4.623029991211383
2,0.5000000000000001,40.97802222745744,9.007623806931653
3,0.7000000000000001,22.39893265633531,2.1530559501933246
4,0.9000000000000001,44.7742996623134,5.196654656902042
