,discretized_reward_proportion,interconnectivity_strength_mean,interconnectivity_strength_err
0,0.1,312.58427068427005,59.025042869790425
1,0.30000000000000004,362.2226340124765,107.727984208466
2,0.5000000000000001,215.97013734767395,79.42468507700119
3,0.7000000000000001,3.7222550000856134,0.9462963343198273
4,0.9000000000000001,101.55212619958142,58.349149757698946
