,discretized_reward_proportion,interconnectivity_strength_mean,interconnectivity_strength_err
0,0.1,41.22960072312565,10.492832007946712
1,0.30000000000000004,52.99639748898452,12.581244233754894
2,0.5000000000000001,21.765536502228816,9.95730242448918
3,0.7000000000000001,6.638113364527591,2.8828023483287444
4,0.9000000000000001,1.1936032111304764,0.8850550058793903
