,discretized_reward_proportion,interconnectivity_strength_mean,interconnectivity_strength_err
0,0.1,16.43983829604658,0.35505253486704214
1,0.30000000000000004,11.662327202014609,0.4607994465236953
2,0.5000000000000001,9.375362045700417,0.2956683225668655
3,0.7000000000000001,8.099179115790696,0.3451256866505681
4,0.9000000000000001,8.35245705798202,0.2955362098354709
