,discretized_reward_proportion,interconnectivity_strength_mean,interconnectivity_strength_err
0,0.1,45.19848802493788,9.455865007828335
1,0.30000000000000004,35.06420990879513,8.581333493559995
2,0.5000000000000001,7.044798994588184,2.37952267333999
3,0.7000000000000001,65.51204223448984,19.8272282138745
4,0.9000000000000001,91.44271664406426,20.643405166803053
