,discretized_reward_proportion,interconnectivity_strength_mean,interconnectivity_strength_err
0,0.1,18.317727077928865,3.2410906764599767
1,0.30000000000000004,20.387658183900125,2.684066230034014
2,0.5000000000000001,16.8634399660109,4.350743107439231
3,0.7000000000000001,24.89680077686784,2.9287204551841226
4,0.9000000000000001,24.370391611219752,1.8848116793274932
