,discretized_reward_proportion,interconnectivity_strength_mean,interconnectivity_strength_err
0,0.1,17.211041381896166,5.374030340020546
1,0.30000000000000004,22.493440448901033,6.462861994213181
2,0.5000000000000001,16.948884082422715,4.016119453673774
3,0.7000000000000001,13.365180885403804,1.099604996035769
4,0.9000000000000001,21.470930765156297,1.2542211808517387
