,discretized_reward_proportion,interconnectivity_strength_mean,interconnectivity_strength_err
0,0.1,30.42014023470499,1.7602438762586181
1,0.30000000000000004,23.85029885848021,1.1802117038986606
2,0.5000000000000001,19.757235062917644,1.5309835130904637
3,0.7000000000000001,19.270007183586664,1.0595299974521142
4,0.9000000000000001,23.62060694502832,1.229517103425236
