,discretized_reward_proportion,interconnectivity_strength_mean,interconnectivity_strength_err
0,0.1,9.652751370355123,0.33035491957663554
1,0.30000000000000004,8.835882563059087,0.676279075296568
2,0.5000000000000001,8.6967767299477,0.8141644685773693
3,0.7000000000000001,6.752913709066185,0.41864314230194477
4,0.9000000000000001,4.369735141589921,0.21780645753835767
