,discretized_reward_proportion,interconnectivity_strength_mean,interconnectivity_strength_err
0,0.1,11.84100245857876,0.2790484435709145
1,0.30000000000000004,9.883665228296124,0.4724017251867283
2,0.5000000000000001,9.82174638386654,0.5375636052739031
3,0.7000000000000001,7.478136903886457,0.666394431946786
4,0.9000000000000001,4.367889048981244,0.4373598040024844
