,discretized_reward_proportion,interconnectivity_strength_mean,interconnectivity_strength_err
0,0.1,41.87189646379703,4.969960260952476
1,0.30000000000000004,46.52158664427155,5.007149847514146
2,0.5000000000000001,32.83309877179624,3.2739935632032813
3,0.7000000000000001,17.29889075377033,1.2251461218173056
4,0.9000000000000001,14.339394400585153,0.7237167474414504
