,discretized_reward_proportion,interconnectivity_strength_mean,interconnectivity_strength_err
0,0.1,98.60665226705855,11.136338976299905
1,0.30000000000000004,86.15773063530911,10.086464040169247
2,0.5000000000000001,36.603398881001986,7.855131936132379
3,0.7000000000000001,6.298164328368001,1.8261345918097671
4,0.9000000000000001,21.124496434553915,5.821268675552353
