,discretized_reward_proportion,interconnectivity_strength_mean,interconnectivity_strength_err
0,0.1,8.604718649553407,0.5667833212171896
1,0.30000000000000004,7.361200415757906,0.30533726377264736
2,0.5000000000000001,6.121033800871975,0.5737240178984865
3,0.7000000000000001,5.0377069221301864,0.20737645982433744
4,0.9000000000000001,5.6024613334691775,0.3092875403070274
