,discretized_reward_proportion,interconnectivity_strength_mean,interconnectivity_strength_err
0,0.1,81.21392681024605,14.613950883864783
1,0.30000000000000004,27.785769243143942,7.920387204725686
2,0.5000000000000001,9.848522528331312,2.386383088699755
3,0.7000000000000001,4.216566868367688,1.1183452397206946
4,0.9000000000000001,5.953261045156628,1.975774503290456
