,discretized_reward_proportion,interconnectivity_strength_mean,interconnectivity_strength_err
0,0.1,37.15499716062977,3.399403410346922
1,0.30000000000000004,45.355685908813044,3.4561433320536135
2,0.5000000000000001,37.40231614279715,5.4440983994372445
3,0.7000000000000001,30.026317390002347,5.078201401769061
4,0.9000000000000001,56.73915150426738,8.08883257793078
