,discretized_reward_proportion,interconnectivity_strength_mean,interconnectivity_strength_err
0,0.1,18.54623573459917,0.9109847131651321
1,0.30000000000000004,33.04015141734219,5.121626717184587
2,0.5000000000000001,41.91998147810214,5.935866827095247
3,0.7000000000000001,27.096753926484705,2.2404079738934315
4,0.9000000000000001,23.222176424111918,2.084096821271956
