,discretized_reward_proportion,interconnectivity_strength_mean,interconnectivity_strength_err
0,0.1,21.005062727132202,2.4477798851041364
1,0.30000000000000004,20.43885910174949,2.5144852838838387
2,0.5000000000000001,17.39407392411108,2.1820776040867083
3,0.7000000000000001,16.71180930957338,1.33486851157674
4,0.9000000000000001,11.041996600111052,0.9197041864324603
