,discretized_reward_proportion,interconnectivity_strength_mean,interconnectivity_strength_err
0,0.1,17.022192755806817,1.48614079312387
1,0.30000000000000004,5.896020385243257,0.7009788277630007
2,0.5000000000000001,7.284567623399693,0.674466062217641
3,0.7000000000000001,4.429142529041052,0.16015886055918055
4,0.9000000000000001,4.245369687478653,0.15318883441991812
