,discretized_reward_proportion,interconnectivity_strength_mean,interconnectivity_strength_err
0,0.1,4.668446186628548,0.14171392687985956
1,0.30000000000000004,5.810745399852615,0.26507237492267716
2,0.5000000000000001,6.707411449862635,0.2586302034270295
3,0.7000000000000001,7.11668792274084,0.16137566900380695
4,0.9000000000000001,6.59427814619221,0.14133681681274304
