,discretized_reward_proportion,interconnectivity_strength_mean,interconnectivity_strength_err
0,0.1,5.122895253161079,0.9635420861957374
1,0.30000000000000004,7.618991982717006,1.3632188426343625
2,0.5000000000000001,17.884014842665145,2.574111750805832
3,0.7000000000000001,23.306978097889306,1.7526030406373163
4,0.9000000000000001,15.140882545104388,2.1624824816507027
