,discretized_reward_proportion,interconnectivity_strength_mean,interconnectivity_strength_err
0,0.1,52.73806476172562,7.261752097753692
1,0.30000000000000004,81.41342005795211,14.995552071515176
2,0.5000000000000001,55.067143746629235,10.50638016978414
3,0.7000000000000001,46.73706797887041,15.850710239029963
4,0.9000000000000001,34.869901045924685,6.685560462313617
