,discretized_reward_proportion,interconnectivity_strength_mean,interconnectivity_strength_err
0,0.1,9.3169786599525,0.6570674437128067
1,0.30000000000000004,8.772147152341756,0.8781797467892904
2,0.5000000000000001,13.454392722701812,4.151919265389186
3,0.7000000000000001,24.218404903627775,5.400309486406794
4,0.9000000000000001,22.59824106181245,3.8012659534562587
