,discretized_reward_proportion,interconnectivity_strength_mean,interconnectivity_strength_err
0,0.1,4.295792174376492,0.18624707787010508
1,0.30000000000000004,5.66320961334106,0.3088819436451185
2,0.5000000000000001,5.72928907651837,0.2515980988697488
3,0.7000000000000001,5.674254274040208,0.1623688857004984
4,0.9000000000000001,5.224920377068659,0.14264876245471694
