,discretized_reward_proportion,interconnectivity_strength_mean,interconnectivity_strength_err
0,0.1,23.36740782499405,2.0176881433783507
1,0.30000000000000004,29.722838507237093,2.874727620657929
2,0.5000000000000001,31.140069301091614,3.504144304872475
3,0.7000000000000001,24.699139299048316,3.005084955304654
4,0.9000000000000001,24.95885847110705,1.4010771143306497
