,discretized_reward_proportion,interconnectivity_strength_mean,interconnectivity_strength_err
0,0.1,93.3462741196406,27.775243157600585
1,0.30000000000000004,31.88123232722308,4.778492728686322
2,0.5000000000000001,12.570937421134962,3.1621902102181263
3,0.7000000000000001,22.47532513650441,3.0964870529664372
4,0.9000000000000001,27.73524548215733,2.925251046858945
