,discretized_reward_proportion,interconnectivity_strength_mean,interconnectivity_strength_err
0,0.1,10.722585104000718,0.40522369407587516
1,0.30000000000000004,9.616450382606095,0.3222371769469517
2,0.5000000000000001,9.266710552333837,0.36322330405131115
3,0.7000000000000001,8.735407650655118,0.3648561390955741
4,0.9000000000000001,11.214074714571682,0.8662307366357592
