,discretized_reward_proportion,interconnectivity_strength_mean,interconnectivity_strength_err
0,0.1,9.991626402306158,1.3298845790447549
1,0.30000000000000004,6.067290373217654,0.4187210719035995
2,0.5000000000000001,3.545634321318764,0.16874266657152948
3,0.7000000000000001,3.2435416556378427,0.10877603335543448
4,0.9000000000000001,3.055785000315123,0.0884815397679577
