,discretized_reward_proportion,interconnectivity_strength_mean,interconnectivity_strength_err
0,0.1,58.417646161223956,7.942378540294646
1,0.30000000000000004,48.632373230831526,6.896736712218479
2,0.5000000000000001,19.44134065348711,2.6266759173259935
3,0.7000000000000001,31.87613955944706,5.936069049787258
4,0.9000000000000001,42.762515313688695,6.974317201593967
