,discretized_reward_proportion,interconnectivity_strength_mean,interconnectivity_strength_err
0,0.1,35.35903611394816,8.500369706120662
1,0.30000000000000004,24.136210751136954,1.8108067570014448
2,0.5000000000000001,17.860380079709383,1.0259631350477476
3,0.7000000000000001,12.79067433781298,0.7976186124346345
4,0.9000000000000001,10.497923760370805,0.45801129987927014
