,discretized_reward_proportion,interconnectivity_strength_mean,interconnectivity_strength_err
0,0.1,32.143078573990074,5.163388941751413
1,0.30000000000000004,44.606532822565676,5.2303490531710555
2,0.5000000000000001,30.20022064870317,2.9529568615693385
3,0.7000000000000001,19.846927505790543,1.21342583255701
4,0.9000000000000001,19.387229214797244,0.925892121925272
