,discretized_reward_proportion,interconnectivity_strength_mean,interconnectivity_strength_err
0,0.1,2.422693598030124,0.08704437946555678
1,0.30000000000000004,3.2280553235488347,0.2181701790026279
2,0.5000000000000001,3.802838898869021,0.15925625162592724
3,0.7000000000000001,4.207307383774328,0.10739717934954797
4,0.9000000000000001,3.7229524254650843,0.08606433710126045
