,discretized_reward_proportion,interconnectivity_strength_mean,interconnectivity_strength_err
0,0.1,135.6915601739983,29.499294817509274
1,0.30000000000000004,148.96641439141953,45.85233333467491
2,0.5000000000000001,11.635863077263739,1.5620594860686692
3,0.7000000000000001,7.943617958108777,3.940043973952835
4,0.9000000000000001,2.748439346152187,0.8793426235217773
