,discretized_reward_proportion,interconnectivity_strength_mean,interconnectivity_strength_err
0,0.1,15.711245241171916,1.18122242675956
1,0.30000000000000004,15.300972432743029,1.5361268228719982
2,0.5000000000000001,14.030569763898157,1.7428158532162772
3,0.7000000000000001,12.492431785864829,1.0196983141054243
4,0.9000000000000001,12.366427208258916,1.2190575697363928
