,discretized_reward_proportion,interconnectivity_strength_mean,interconnectivity_strength_err
0,0.1,7.247183538016681,0.17985819040444545
1,0.30000000000000004,7.538270575542613,0.2134342335673935
2,0.5000000000000001,8.511899366173228,0.28767869837864285
3,0.7000000000000001,7.8813515715992954,0.19413000122058266
4,0.9000000000000001,10.248844570703172,0.4374712212999366
