,discretized_reward_proportion,interconnectivity_strength_mean,interconnectivity_strength_err
0,0.1,30.614435688466514,3.01150698412986
1,0.30000000000000004,18.257366472264515,1.5097098668450872
2,0.5000000000000001,13.40781944109743,1.0864227300444962
3,0.7000000000000001,9.04178709586147,0.5787255796237726
4,0.9000000000000001,11.91020315328333,0.7595072532721424
