,discretized_reward_proportion,interconnectivity_strength_mean,interconnectivity_strength_err
0,0.1,9.509177663904724,0.5493821016553591
1,0.30000000000000004,15.006944326457237,3.3498167138621517
2,0.5000000000000001,9.721582834416639,1.9505776915943807
3,0.7000000000000001,8.535939355946343,0.770642788478756
4,0.9000000000000001,31.672922517826994,4.593206813269955
