,discretized_reward_proportion,interconnectivity_strength_mean,interconnectivity_strength_err
0,0.1,13.98341810244656,0.3790368403613556
1,0.30000000000000004,12.249482196927914,0.787837841759683
2,0.5000000000000001,11.150545396071788,0.8701148136497835
3,0.7000000000000001,8.048489039218008,0.4376572721110141
4,0.9000000000000001,7.6888594737211235,0.3839224916892272
