,discretized_reward_proportion,interconnectivity_strength_mean,interconnectivity_strength_err
0,0.1,15.806973425505834,0.8374379431251051
1,0.30000000000000004,11.187046799870362,0.8417366289342425
2,0.5000000000000001,8.441051099680218,0.5716702493698145
3,0.7000000000000001,6.515696236941249,0.16187628737943893
4,0.9000000000000001,7.014403420232037,0.21690834877575457
