,discretized_reward_proportion,interconnectivity_strength_mean,interconnectivity_strength_err
0,0.1,40.96212951242588,4.916478876234922
1,0.30000000000000004,40.437879444789274,3.331535366840679
2,0.5000000000000001,48.14206988393443,5.935421860713413
3,0.7000000000000001,18.356888960358813,2.2404047988330196
4,0.9000000000000001,25.555272123165068,3.0439529404826575
