,discretized_reward_proportion,interconnectivity_strength_mean,interconnectivity_strength_err
0,0.1,5.46900224263652,0.4875808336881138
1,0.30000000000000004,7.250265802502084,0.9558429803760934
2,0.5000000000000001,12.431784693173697,1.2127507934534272
3,0.7000000000000001,13.1954920852978,1.1492089000713375
4,0.9000000000000001,18.3261624011814,2.7338966486320224
