,discretized_reward_proportion,interconnectivity_strength_mean,interconnectivity_strength_err
0,0.1,122.97141099349241,27.117827830013287
1,0.30000000000000004,220.18832368554246,43.8146821264206
2,0.5000000000000001,163.78796811537308,46.66037499993517
3,0.7000000000000001,139.62499295127287,53.576850840847676
4,0.9000000000000001,330.999568370095,63.12143783121844
