,discretized_reward_proportion,interconnectivity_strength_mean,interconnectivity_strength_err
0,0.1,24.01804825633611,3.928271746969786
1,0.30000000000000004,18.3591151246895,2.961762634711955
2,0.5000000000000001,11.865052949356231,1.823288842934507
3,0.7000000000000001,8.79908462517827,1.2766301250583418
4,0.9000000000000001,7.338273310262113,0.8011347316935482
