,discretized_reward_proportion,interconnectivity_strength_mean,interconnectivity_strength_err
0,0.1,13.29680313792223,0.6530972589012196
1,0.30000000000000004,16.797962205324474,1.3473961870963056
2,0.5000000000000001,18.715091704261575,1.4356065617171245
3,0.7000000000000001,15.43725414439473,0.9745108595539025
4,0.9000000000000001,10.803172014853518,1.263427843829086
