,discretized_reward_proportion,interconnectivity_strength_mean,interconnectivity_strength_err
0,0.1,15.140002052122881,0.34214611541959256
1,0.30000000000000004,13.482899874518996,0.553352658329311
2,0.5000000000000001,12.552876099105402,0.5015885877119193
3,0.7000000000000001,8.895642409662587,0.7825203511075938
4,0.9000000000000001,6.078831992854403,0.7345163481374384
