,discretized_reward_proportion,interconnectivity_strength_mean,interconnectivity_strength_err
0,0.1,6.737798341641412,0.2631094624198761
1,0.30000000000000004,6.802881272614727,0.23886582711362933
2,0.5000000000000001,6.069828887046013,0.20988553996157333
3,0.7000000000000001,5.007945292934071,0.07365212870014129
4,0.9000000000000001,5.125919079505766,0.0999000486403072
