,discretized_reward_proportion,interconnectivity_strength_mean,interconnectivity_strength_err
0,0.1,55.21998682866089,6.451050045908188
1,0.30000000000000004,49.41698886642793,6.372828997076458
2,0.5000000000000001,41.41571545641237,5.549586180690163
3,0.7000000000000001,41.165643166157636,4.40889527776498
4,0.9000000000000001,42.192367387157105,4.0297875276507895
