,discretized_reward_proportion,interconnectivity_strength_mean,interconnectivity_strength_err
0,0.1,36.54048139278336,1.356267457455873
1,0.30000000000000004,33.13957831641709,2.812774394317256
2,0.5000000000000001,32.426135473153245,2.949692579585547
3,0.7000000000000001,25.193586821513314,4.31901590409476
4,0.9000000000000001,22.88364685951949,2.171867636084828
