,discretized_reward_proportion,interconnectivity_strength_mean,interconnectivity_strength_err
0,0.1,42.91528425251917,7.437904805081602
1,0.30000000000000004,41.10259603676907,5.854211906698758
2,0.5000000000000001,28.713247273135284,2.4934588351618507
3,0.7000000000000001,16.929192958921362,0.8547198064789863
4,0.9000000000000001,15.466813452610104,0.8683446582562309
