,discretized_reward_proportion,interconnectivity_strength_mean,interconnectivity_strength_err
0,0.1,77.27956805749933,8.053935002951523
1,0.30000000000000004,43.857540862253174,7.861633540283214
2,0.5000000000000001,24.11744338689704,4.9294347436251424
3,0.7000000000000001,37.6402856685227,4.243634116528518
4,0.9000000000000001,28.23917112630655,2.9091160819809163
