,discretized_reward_proportion,interconnectivity_strength_mean,interconnectivity_strength_err
0,0.1,51.47205906692984,4.726170196272796
1,0.30000000000000004,57.98471792601277,7.15295292807687
2,0.5000000000000001,229.8743044322153,37.560158493964245
3,0.7000000000000001,31.247184216552178,12.295190008223754
4,0.9000000000000001,14.402392964657121,3.929307830074743
