,discretized_reward_proportion,interconnectivity_strength_mean,interconnectivity_strength_err
0,0.1,310.9593797313473,63.38174816854335
1,0.30000000000000004,180.54674268415746,48.23904631454019
2,0.5000000000000001,232.8319971972121,41.22478046857811
3,0.7000000000000001,46.01814544856757,15.29245478454121
4,0.9000000000000001,5.421742885337185,2.2223133466803895
