,discretized_reward_proportion,interconnectivity_strength_mean,interconnectivity_strength_err
0,0.1,49.622258894832406,3.6815480154671354
1,0.30000000000000004,13.00054138772025,1.1685899320339457
2,0.5000000000000001,10.296207420777899,1.0424152894721197
3,0.7000000000000001,9.651200211594643,0.9962419616680935
4,0.9000000000000001,6.066448827791387,0.7090030387382883
