,discretized_reward_proportion,interconnectivity_strength_mean,interconnectivity_strength_err
0,0.1,67.63299330505086,5.928370996368031
1,0.30000000000000004,37.695004518342685,4.457305073499882
2,0.5000000000000001,58.420672500952215,6.1062344297568805
3,0.7000000000000001,40.14526290433437,5.142511383146623
4,0.9000000000000001,38.882626553900074,2.3172737412359368
