,discretized_reward_proportion,interconnectivity_strength_mean,interconnectivity_strength_err
0,0.1,16.48133006366797,0.5723942568865893
1,0.30000000000000004,12.688770730133726,0.571513251550708
2,0.5000000000000001,10.26670846060054,0.3173714476576637
3,0.7000000000000001,9.883433090406239,0.42526445135325613
4,0.9000000000000001,8.048108029936309,0.305573470717899
