,discretized_reward_proportion,interconnectivity_strength_mean,interconnectivity_strength_err
0,0.1,42.45594254215969,8.105888118278243
1,0.30000000000000004,11.031148705868814,0.42818361987743386
2,0.5000000000000001,11.081103640903088,0.832826801309453
3,0.7000000000000001,9.437100869543743,0.869617528281051
4,0.9000000000000001,8.146695692341186,0.5024659623311738
