,discretized_reward_proportion,interconnectivity_strength_mean,interconnectivity_strength_err
0,0.1,22.85702348643659,2.2406586418089147
1,0.30000000000000004,14.851501357342134,2.7293324770185867
2,0.5000000000000001,12.680262407950742,1.7801065165192678
3,0.7000000000000001,7.021859277300895,2.225784893558009
4,0.9000000000000001,0.46042590176482284,0.44983998323317725
