,discretized_reward_proportion,interconnectivity_strength_mean,interconnectivity_strength_err
0,0.1,9.135224348972086,0.5164203324722149
1,0.30000000000000004,8.442030802174084,0.22544326991486321
2,0.5000000000000001,9.26684619472875,0.3222587108962614
3,0.7000000000000001,9.201827421491409,0.4589465085230149
4,0.9000000000000001,7.7603262993497335,0.3595878534773163
