,discretized_reward_proportion,interconnectivity_strength_mean,interconnectivity_strength_err
0,0.1,119.11237468047588,11.105385914967256
1,0.30000000000000004,148.04443054358913,14.319593741763411
2,0.5000000000000001,117.09153434266211,16.433944428710276
3,0.7000000000000001,106.36640524015556,28.142680265866506
4,0.9000000000000001,175.43147275155383,56.93930857236761
