,discretized_reward_proportion,interconnectivity_strength_mean,interconnectivity_strength_err
0,0.1,8.496588581124403,0.5684572607242987
1,0.30000000000000004,6.009959263455024,0.332497627936228
2,0.5000000000000001,6.814493646708111,0.43247403217072616
3,0.7000000000000001,8.773067841440973,0.3697009269219763
4,0.9000000000000001,7.031938316278139,0.33181951922224684
