,discretized_reward_proportion,interconnectivity_strength_mean,interconnectivity_strength_err
0,0.1,4.7749252241057745,0.34336566500582816
1,0.30000000000000004,11.990241280862733,2.6464207701712326
2,0.5000000000000001,23.42551904943159,2.273300731702065
3,0.7000000000000001,27.761901494340854,2.640895540470799
4,0.9000000000000001,28.72367890579019,2.6042873304652976
