,discretized_reward_proportion,interconnectivity_strength_mean,interconnectivity_strength_err
0,0.1,4.2847674728499054,0.9877152408023977
1,0.30000000000000004,9.471061385869342,1.2509984445547073
2,0.5000000000000001,16.123736240421678,1.2078567396898265
3,0.7000000000000001,12.66474278895876,1.1566490124670474
4,0.9000000000000001,16.715546368270196,2.5161261967919253
