,discretized_reward_proportion,interconnectivity_strength_mean,interconnectivity_strength_err
0,0.1,19.786991494486248,0.5195306280100129
1,0.30000000000000004,10.94012166549036,0.6825198626360447
2,0.5000000000000001,8.273692087509675,0.2582871860898137
3,0.7000000000000001,7.913877533996834,0.44401818370521595
4,0.9000000000000001,10.146419088143732,0.5944757051521742
