,discretized_reward_proportion,interconnectivity_strength_mean,interconnectivity_strength_err
0,0.1,45.349319455823974,4.8276396845646525
1,0.30000000000000004,19.124015073631092,3.7469403851571497
2,0.5000000000000001,49.176945244129456,9.17766891817589
3,0.7000000000000001,35.674492121962814,7.690782967373837
4,0.9000000000000001,32.62551669149103,5.5621797305544165
