,discretized_reward_proportion,interconnectivity_strength_mean,interconnectivity_strength_err
0,0.1,79.51344938764585,6.703184312236947
1,0.30000000000000004,43.156278528467915,5.774523411418278
2,0.5000000000000001,43.9977773435946,7.292396526121982
3,0.7000000000000001,35.73838085977649,12.086317806173268
4,0.9000000000000001,15.672883864668307,5.32840894216945
