,discretized_reward_proportion,interconnectivity_strength_mean,interconnectivity_strength_err
0,0.1,20.985238305276884,2.4924624905319277
1,0.30000000000000004,23.706579384421183,2.6753876201493143
2,0.5000000000000001,26.2913602643027,4.502063701899623
3,0.7000000000000001,29.864551696749217,5.645739253483016
4,0.9000000000000001,37.33080548323438,2.434792141095645
