,discretized_reward_proportion,interconnectivity_strength_mean,interconnectivity_strength_err
0,0.1,33.107493460855764,4.136306274118838
1,0.30000000000000004,30.466308074788206,5.292696940114087
2,0.5000000000000001,13.733178277805278,3.195457357691246
3,0.7000000000000001,25.108113858712706,5.001516720001632
4,0.9000000000000001,24.612476820065712,3.1859887161522913
