,discretized_reward_proportion,interconnectivity_strength_mean,interconnectivity_strength_err
0,0.1,14.243619123410236,0.8174762026437029
1,0.30000000000000004,10.702121553049444,0.49113671627173994
2,0.5000000000000001,8.796065107449095,0.7248174382476983
3,0.7000000000000001,7.130934413683194,0.30549974606293934
4,0.9000000000000001,9.041119288695388,0.4519046257156539
