,discretized_reward_proportion,interconnectivity_strength_mean,interconnectivity_strength_err
0,0.1,10.658615483872701,1.4281917856384507
1,0.30000000000000004,6.102899468808608,0.37184325549342334
2,0.5000000000000001,3.511045137899258,0.18349292708458284
3,0.7000000000000001,3.0434666928299916,0.1048924186864957
4,0.9000000000000001,3.0038115840869515,0.08628115625758595
