,discretized_reward_proportion,interconnectivity_strength_mean,interconnectivity_strength_err
0,0.1,53.58821620419695,6.463902662216134
1,0.30000000000000004,4.651888908118058,1.4271029999055977
2,0.5000000000000001,4.052239440285824,1.5781053798983031
3,0.7000000000000001,0.0,0.0
4,0.9000000000000001,0.0,0.0
