,discretized_reward_proportion,interconnectivity_strength_mean,interconnectivity_strength_err
0,0.1,194.5660890117916,22.938335493644438
1,0.30000000000000004,130.25597175513508,15.261700099124312
2,0.5000000000000001,88.02588971310635,15.58327099141475
3,0.7000000000000001,89.2058729865081,18.52567767037661
4,0.9000000000000001,79.44277504420747,13.812984906368495
