,discretized_reward_proportion,interconnectivity_strength_mean,interconnectivity_strength_err
0,0.1,26.089381396977366,3.8320597737514785
1,0.30000000000000004,18.565527786825413,2.443252121023405
2,0.5000000000000001,17.01703857179102,3.204800429605851
3,0.7000000000000001,9.844372703024417,1.9996879699965495
4,0.9000000000000001,20.451144417328003,2.1686726120615694
