,discretized_reward_proportion,interconnectivity_strength_mean,interconnectivity_strength_err
0,0.1,6.303553841758389,0.520771650495401
1,0.30000000000000004,33.6518694978859,13.697365217003751
2,0.5000000000000001,121.95451433594486,31.25106156582295
3,0.7000000000000001,24.64005179981788,19.874319722218285
4,0.9000000000000001,1.385228698314512,0.3881375305257583
