,discretized_reward_proportion,interconnectivity_strength_mean,interconnectivity_strength_err
0,0.1,6.416664672110725,0.49623750300515596
1,0.30000000000000004,6.6829702611562904,0.752451018108877
2,0.5000000000000001,7.008631921060595,0.75578249513347
3,0.7000000000000001,7.5785883409923045,0.457811057868559
4,0.9000000000000001,10.156522388914704,0.6155158379641661
