,discretized_reward_proportion,interconnectivity_strength_mean,interconnectivity_strength_err
0,0.1,15.435977218577333,0.760065241223677
1,0.30000000000000004,36.120805492541145,8.604622868030322
2,0.5000000000000001,68.06159510134185,14.916002896996108
3,0.7000000000000001,72.81512902340515,8.631535295012824
4,0.9000000000000001,36.640184873750144,4.211917739910725
