,discretized_reward_proportion,interconnectivity_strength_mean,interconnectivity_strength_err
0,0.1,8.314769521229799,1.4082487329802496
1,0.30000000000000004,5.562609591935423,0.9724463775021325
2,0.5000000000000001,2.9959559120118366,0.8691005863084031
3,0.7000000000000001,4.159022130066504,1.4875534240140982
4,0.9000000000000001,3.3109305209965214,1.9482417657689093
