,discretized_reward_proportion,interconnectivity_strength_mean,interconnectivity_strength_err
0,0.1,15.228120138668208,0.3873313723695702
1,0.30000000000000004,9.840630909074891,0.5616425863569984
2,0.5000000000000001,7.124836463987027,0.21174602781258334
3,0.7000000000000001,6.364795145055936,0.2076021413202637
4,0.9000000000000001,5.992371194133674,0.16362429239415882
