,discretized_reward_proportion,interconnectivity_strength_mean,interconnectivity_strength_err
0,0.1,44.96064395613619,7.404001702561145
1,0.30000000000000004,14.844040870411591,4.187535591298482
2,0.5000000000000001,6.170343156142451,2.6503023457049975
3,0.7000000000000001,18.77056139271893,2.9380793472684203
4,0.9000000000000001,14.39127556847234,1.7846781500153104
