,discretized_reward_proportion,interconnectivity_strength_mean,interconnectivity_strength_err
0,0.1,15.463609616751594,0.6962203848404624
1,0.30000000000000004,12.066348268842562,0.7815600433327963
2,0.5000000000000001,14.86791998297913,3.0270516274183734
3,0.7000000000000001,10.491004519315739,3.338687611925849
4,0.9000000000000001,6.0565128691138215,3.7208733848895372
