,discretized_reward_proportion,interconnectivity_strength_mean,interconnectivity_strength_err
0,0.1,46.48076721751825,1.726718319479964
1,0.30000000000000004,32.05270092598748,1.7953034675248791
2,0.5000000000000001,25.085411028346304,1.2304977694190664
3,0.7000000000000001,27.169779480273128,2.3605961099847783
4,0.9000000000000001,52.699539357914134,3.1426114123491553
