,discretized_reward_proportion,interconnectivity_strength_mean,interconnectivity_strength_err
0,0.1,12.918347811194185,4.606710382523776
1,0.30000000000000004,49.509992877101475,4.025454535513378
2,0.5000000000000001,31.239523992898164,7.01175483515817
3,0.7000000000000001,19.908799818758453,4.854986452660014
4,0.9000000000000001,73.94195042982943,8.512862166131852
