,discretized_reward_proportion,interconnectivity_strength_mean,interconnectivity_strength_err
0,0.1,14.34602655449574,1.5931792170799581
1,0.30000000000000004,19.74853033956247,1.6108469697733094
2,0.5000000000000001,13.077616977109983,1.3505794333464547
3,0.7000000000000001,13.496990822935892,1.0899472389108198
4,0.9000000000000001,17.68430712579128,1.4883372002176514
