,discretized_reward_proportion,interconnectivity_strength_mean,interconnectivity_strength_err
0,0.1,11.873787429258348,0.9262668671075256
1,0.30000000000000004,8.211439344678864,0.23197602789643085
2,0.5000000000000001,6.209760266337054,0.31967720822421974
3,0.7000000000000001,4.865760291411106,0.1463312198089028
4,0.9000000000000001,3.934560496834553,0.07886156436664818
