,discretized_reward_proportion,interconnectivity_strength_mean,interconnectivity_strength_err
0,0.1,10.656903666528153,3.7030811655603753
1,0.30000000000000004,52.76011402505829,32.25266166251845
2,0.5000000000000001,16.932253298435,3.9210566693379976
3,0.7000000000000001,10.870244966601314,1.3050986229132648
4,0.9000000000000001,9.074407218362678,0.9768766666098919
