,discretized_reward_proportion,interconnectivity_strength_mean,interconnectivity_strength_err
0,0.1,16.09846547690173,1.5357973527114008
1,0.30000000000000004,13.419760057488064,1.6637458379841634
2,0.5000000000000001,17.454626391613868,2.5930408986398708
3,0.7000000000000001,17.32461476400224,0.894727228037456
4,0.9000000000000001,14.760549435664297,0.8116003045521294
