,discretized_reward_proportion,interconnectivity_strength_mean,interconnectivity_strength_err
0,0.1,9.008814059533101,0.6910976570884397
1,0.30000000000000004,15.135771082112562,1.3482356709379615
2,0.5000000000000001,19.22926402036951,0.9458789368266608
3,0.7000000000000001,17.991034775544914,0.9412646524452124
4,0.9000000000000001,19.83962769428207,1.314105151928918
