,discretized_reward_proportion,interconnectivity_strength_mean,interconnectivity_strength_err
0,0.1,84.80035607209416,15.244308232120337
1,0.30000000000000004,91.099622916115,24.386264298149992
2,0.5000000000000001,78.38804528675279,17.66541412097699
3,0.7000000000000001,41.45136082380113,19.741574462111043
4,0.9000000000000001,18.98408272324758,17.05232872495807
