,discretized_reward_proportion,interconnectivity_strength_mean,interconnectivity_strength_err
0,0.1,11.232673928863322,0.30557915582589606
1,0.30000000000000004,14.762778931716941,1.489579980581627
2,0.5000000000000001,15.835100984157139,1.161212820974388
3,0.7000000000000001,7.136495450797371,0.9050496321511853
4,0.9000000000000001,12.11738300224036,1.87483468126588
