,discretized_reward_proportion,interconnectivity_strength_mean,interconnectivity_strength_err
0,0.1,136.19163705078188,31.982188848466418
1,0.30000000000000004,48.98380266038111,18.31188262319337
2,0.5000000000000001,17.38106898368434,1.305958965872797
3,0.7000000000000001,20.880191016888734,0.9071319892922537
4,0.9000000000000001,23.513696066814315,1.409401134741892
