,discretized_reward_proportion,interconnectivity_strength_mean,interconnectivity_strength_err
0,0.1,24.027294733978547,3.2730864499465255
1,0.30000000000000004,17.58595420747329,2.98391886408937
2,0.5000000000000001,18.347779525604416,2.5033573174788453
3,0.7000000000000001,15.05565179347764,3.071211185295271
4,0.9000000000000001,10.51923290515373,1.1840141938638389
