,discretized_reward_proportion,interconnectivity_strength_mean,interconnectivity_strength_err
0,0.1,16.987884504552923,1.4937719086274484
1,0.30000000000000004,14.12655729594493,1.14769901398243
2,0.5000000000000001,9.709389843251879,0.665984864327362
3,0.7000000000000001,7.515384174291595,0.2616396836740547
4,0.9000000000000001,7.535483089927203,0.2696618311853938
