,discretized_reward_proportion,interconnectivity_strength_mean,interconnectivity_strength_err
0,0.1,18.018493976097208,2.3384551681854258
1,0.30000000000000004,29.902913701517235,6.453305741438902
2,0.5000000000000001,16.670845249587206,2.878262227185261
3,0.7000000000000001,17.75925079303591,2.3218472719555674
4,0.9000000000000001,22.61920604805051,2.4593345828212585
