,discretized_reward_proportion,interconnectivity_strength_mean,interconnectivity_strength_err
0,0.1,9.539927155464992,0.9948584139232743
1,0.30000000000000004,7.73737720366754,0.8591163171803569
2,0.5000000000000001,7.776661599581766,1.2326560022114026
3,0.7000000000000001,6.32164405478456,1.2002416100679836
4,0.9000000000000001,7.551392234542302,1.7827331246056721
