,discretized_reward_proportion,interconnectivity_strength_mean,interconnectivity_strength_err
0,0.1,5.744841169878472,0.7429120338532573
1,0.30000000000000004,5.946546213793097,0.7389349138854348
2,0.5000000000000001,7.1957412876059115,0.9677245111796945
3,0.7000000000000001,7.13187592105702,0.7351279191849054
4,0.9000000000000001,9.244371082650746,0.7253612544512534
