,discretized_reward_proportion,interconnectivity_strength_mean,interconnectivity_strength_err
0,0.1,21.591789942609733,1.1003681896879145
1,0.30000000000000004,21.586322886561483,2.5951784714114767
2,0.5000000000000001,26.149165438052766,3.5084732015591036
3,0.7000000000000001,18.122550731199176,1.635168000182838
4,0.9000000000000001,8.68490345559799,1.213691866968385
