,discretized_reward_proportion,interconnectivity_strength_mean,interconnectivity_strength_err
0,0.1,50.711037835388616,16.678527595623308
1,0.30000000000000004,105.83209123902643,27.560489713584143
2,0.5000000000000001,15.056577135079856,2.0724389098580076
3,0.7000000000000001,16.469989296392697,2.1801835782699297
4,0.9000000000000001,11.105829624331196,1.048556467177413
