,discretized_reward_proportion,interconnectivity_strength_mean,interconnectivity_strength_err
0,0.1,32.356300952299286,7.859909377609447
1,0.30000000000000004,11.922753595502833,5.989727100992582
2,0.5000000000000001,25.29193055371442,13.285522653500081
3,0.7000000000000001,0.13580246913580246,0.03806429883542279
4,0.9000000000000001,0.13432835820895522,0.029458325026332177
