,discretized_reward_proportion,interconnectivity_strength_mean,interconnectivity_strength_err
0,0.1,11.062047460093284,0.9806797704844433
1,0.30000000000000004,46.96320304454054,11.681810075674903
2,0.5000000000000001,113.119910079368,20.112425431208827
3,0.7000000000000001,18.44354397396258,11.192415565164199
4,0.9000000000000001,16.909621634230692,3.3956370425852946
