,discretized_reward_proportion,interconnectivity_strength_mean,interconnectivity_strength_err
0,0.1,20.618478049925475,2.101089096912978
1,0.30000000000000004,50.832418371525605,16.768112235823416
2,0.5000000000000001,32.999129935987874,9.822056566595382
3,0.7000000000000001,27.246697122501292,11.507973310887387
4,0.9000000000000001,34.918402599474334,11.4872882032277
