,discretized_reward_proportion,interconnectivity_strength_mean,interconnectivity_strength_err
0,0.1,42.75133684376176,4.516016182174094
1,0.30000000000000004,19.532530161530037,2.7370706094099138
2,0.5000000000000001,12.486310540907814,1.076368364361731
3,0.7000000000000001,9.884197976784717,0.6980984128558646
4,0.9000000000000001,12.862758228950678,1.4389738726094696
