,discretized_reward_proportion,interconnectivity_strength_mean,interconnectivity_strength_err
0,0.1,25.445077683608865,1.4350308197073574
1,0.30000000000000004,12.437458059845461,1.8778883410985454
2,0.5000000000000001,11.764759228488835,1.3106634913199744
3,0.7000000000000001,16.627102959113063,1.7216977057778415
4,0.9000000000000001,15.499677598746517,1.9131778384926152
