,discretized_reward_proportion,interconnectivity_strength_mean,interconnectivity_strength_err
0,0.1,21.475843427325714,2.0007350034321236
1,0.30000000000000004,15.181121188305612,1.750387994325454
2,0.5000000000000001,13.789806909843774,1.2941416199296327
3,0.7000000000000001,17.663336260460905,1.5834569777386018
4,0.9000000000000001,25.157895200090884,1.9007798779939433
