,discretized_reward_proportion,interconnectivity_strength_mean,interconnectivity_strength_err
0,0.1,16.98314876366557,1.215810166572583
1,0.30000000000000004,25.512983000713465,3.5610145996405116
2,0.5000000000000001,53.147971576974356,7.795339959118245
3,0.7000000000000001,13.207427768381715,7.858819041925921
4,0.9000000000000001,33.12715561535761,7.233183688713567
