,discretized_reward_proportion,interconnectivity_strength_mean,interconnectivity_strength_err
0,0.1,23.325321442292683,1.9226154397434176
1,0.30000000000000004,26.6464472848282,3.1705191218923097
2,0.5000000000000001,27.16612377116913,3.6735225966741303
3,0.7000000000000001,67.252984827751,10.35197937740226
4,0.9000000000000001,82.91310127544324,13.636812747143736
