,discretized_reward_proportion,interconnectivity_strength_mean,interconnectivity_strength_err
0,0.1,11.604184135438599,0.27098585281363446
1,0.30000000000000004,10.147823012648232,0.3946557716893478
2,0.5000000000000001,8.406365663837697,0.24357634967976613
3,0.7000000000000001,10.20812249359,0.5269939772920583
4,0.9000000000000001,10.927560789036749,0.3462364966432753
