,discretized_reward_proportion,interconnectivity_strength_mean,interconnectivity_strength_err
0,0.1,34.59056689237591,7.189199350257934
1,0.30000000000000004,37.19171887405874,8.132680645459645
2,0.5000000000000001,27.69033156153691,6.548681525313923
3,0.7000000000000001,7.649391922704285,0.767827600690918
4,0.9000000000000001,5.781424574984159,0.4532965782914029
