,discretized_reward_proportion,interconnectivity_strength_mean,interconnectivity_strength_err
0,0.1,193.17932313918647,22.608547580886047
1,0.30000000000000004,85.22768782014178,12.466846802203936
2,0.5000000000000001,31.146931913106926,4.294640301137729
3,0.7000000000000001,18.7664744691297,3.3906250206755106
4,0.9000000000000001,13.169031967936858,1.8058564432714082
