,discretized_reward_proportion,interconnectivity_strength_mean,interconnectivity_strength_err
0,0.1,37.77010996585187,1.5735635940610009
1,0.30000000000000004,20.961159331348973,1.151020757393098
2,0.5000000000000001,16.114202725138348,0.7107374427044689
3,0.7000000000000001,14.937735953577953,1.0736774876669017
4,0.9000000000000001,18.73417520870138,1.9345039127979695
