,discretized_reward_proportion,interconnectivity_strength_mean,interconnectivity_strength_err
0,0.1,18.92604038260378,0.97402094427919
1,0.30000000000000004,17.52834571031755,1.5580416308681637
2,0.5000000000000001,10.165483247937944,0.5745344596071229
3,0.7000000000000001,10.980412789853036,1.136853820823142
4,0.9000000000000001,13.247035651747302,1.11001685251499
