,discretized_reward_proportion,interconnectivity_strength_mean,interconnectivity_strength_err
0,0.1,32.885469207014566,2.302290241383065
1,0.30000000000000004,25.871396304341847,3.0537031236556857
2,0.5000000000000001,15.5606175341729,2.1751551843618566
3,0.7000000000000001,40.51963301313799,6.659439610632271
4,0.9000000000000001,57.50376913213959,7.389255576611295
