,discretized_reward_proportion,interconnectivity_strength_mean,interconnectivity_strength_err
0,0.1,36.614965020906425,4.135357575175798
1,0.30000000000000004,13.047690001225318,3.398876638356849
2,0.5000000000000001,19.37370153868196,4.856723116348556
3,0.7000000000000001,18.820356652891647,1.7947525190427762
4,0.9000000000000001,30.44464090690433,4.546597993969369
