,discretized_reward_proportion,interconnectivity_strength_mean,interconnectivity_strength_err
0,0.1,73.05830709615296,6.382195281039819
1,0.30000000000000004,110.7738292517993,11.68126778801702
2,0.5000000000000001,215.30444717495257,37.62783031439474
3,0.7000000000000001,467.67035351082814,68.83131602807096
4,0.9000000000000001,257.80855039222837,38.550888543782705
