,discretized_reward_proportion,interconnectivity_strength_mean,interconnectivity_strength_err
0,0.1,12.33244364796095,2.3895820320830548
1,0.30000000000000004,20.029468507184752,2.7556652243316453
2,0.5000000000000001,27.682924200387724,5.252312306667336
3,0.7000000000000001,30.729016950499467,3.1438532005227646
4,0.9000000000000001,78.2981929299372,9.234247407097042
