,discretized_reward_proportion,interconnectivity_strength_mean,interconnectivity_strength_err
0,0.1,14.94831351210164,2.021777052523713
1,0.30000000000000004,33.15282629585059,10.02306750296922
2,0.5000000000000001,24.74905046221016,5.009010164104483
3,0.7000000000000001,7.279314065315841,0.7267281178333689
4,0.9000000000000001,6.5894572003985274,0.6142290236618206
