,discretized_reward_proportion,interconnectivity_strength_mean,interconnectivity_strength_err
0,0.1,10.876681161278656,1.6356582360669438
1,0.30000000000000004,13.143261636219941,2.3492662958986394
2,0.5000000000000001,21.65267989193591,2.9804967999780434
3,0.7000000000000001,27.67739884880612,5.035743777646826
4,0.9000000000000001,106.99580475892913,15.63374733626546
