,discretized_reward_proportion,interconnectivity_strength_mean,interconnectivity_strength_err
0,0.1,48.30848695301299,3.7818614517936866
1,0.30000000000000004,36.06330625909329,7.558698620509123
2,0.5000000000000001,48.17072505311232,7.673958857985401
3,0.7000000000000001,34.872313417462394,6.229666842677349
4,0.9000000000000001,33.066413295864024,6.405330857039399
