,discretized_reward_proportion,interconnectivity_strength_mean,interconnectivity_strength_err
0,0.1,29.08879263175608,6.16412736547186
1,0.30000000000000004,29.947940190708,7.2303936331402845
2,0.5000000000000001,16.63428687350788,2.739400486197182
3,0.7000000000000001,14.758267181149485,3.8872461772439086
4,0.9000000000000001,16.428893290091633,3.6745366922655984
