,discretized_reward_proportion,interconnectivity_strength_mean,interconnectivity_strength_err
0,0.1,63.98571953342853,11.774361970764925
1,0.30000000000000004,117.14579847127051,23.901183560266986
2,0.5000000000000001,103.21597455499789,22.498390135873034
3,0.7000000000000001,56.10754362762069,15.972227608210323
4,0.9000000000000001,27.19009124141277,10.372079546850802
