,discretized_reward_proportion,interconnectivity_strength_mean,interconnectivity_strength_err
0,0.1,16.013121553325632,0.9088887666591127
1,0.30000000000000004,15.606453487179655,0.8633385746771768
2,0.5000000000000001,7.516953257347983,1.4087835050768283
3,0.7000000000000001,0.3561643835616438,0.05604686339564762
4,0.9000000000000001,0.2077922077922078,0.04623691196675442
