,discretized_reward_proportion,interconnectivity_strength_mean,interconnectivity_strength_err
0,0.1,5.093684756336992,0.20358046927683668
1,0.30000000000000004,7.180444158216794,0.6460994041661534
2,0.5000000000000001,7.285744642900898,0.36785662225681814
3,0.7000000000000001,6.074378899880044,0.16998042481817915
4,0.9000000000000001,5.6434774637549,0.13538657010327368
