,discretized_reward_proportion,interconnectivity_strength_mean,interconnectivity_strength_err
0,0.1,33.74274470046871,4.8661282815725615
1,0.30000000000000004,22.489365126457248,2.773398348031967
2,0.5000000000000001,16.319566529376857,1.511593407809155
3,0.7000000000000001,25.691375509052072,3.079924034190092
4,0.9000000000000001,25.929376152294275,3.907706731664558
