,discretized_reward_proportion,interconnectivity_strength_mean,interconnectivity_strength_err
0,0.1,42.40461062576739,2.862780835151204
1,0.30000000000000004,58.599821997394585,6.319768490088269
2,0.5000000000000001,34.48537234207557,3.03718729800673
3,0.7000000000000001,24.394765412137748,1.2772637960577473
4,0.9000000000000001,24.696892823739866,1.078916627112893
