,discretized_reward_proportion,interconnectivity_strength_mean,interconnectivity_strength_err
0,0.1,6.525791008719484,0.5908618995027066
1,0.30000000000000004,14.335213162047982,1.8937596432566093
2,0.5000000000000001,13.890793498604905,1.4697438512833514
3,0.7000000000000001,9.462923724345524,0.4817918855323793
4,0.9000000000000001,9.56390338718478,0.42152333302267725
