,discretized_reward_proportion,interconnectivity_strength_mean,interconnectivity_strength_err
0,0.1,8.720798592862902,0.6524897494634251
1,0.30000000000000004,15.868193414040878,4.364957246255102
2,0.5000000000000001,36.24326496073923,6.407455702462463
3,0.7000000000000001,29.06954852223742,3.6298899372355344
4,0.9000000000000001,20.87199844955827,1.720715724000218
