,discretized_reward_proportion,interconnectivity_strength_mean,interconnectivity_strength_err
0,0.1,10.2196774797252,0.7640978745011817
1,0.30000000000000004,11.922762964028639,1.3507119440540134
2,0.5000000000000001,7.696400738772709,1.0217856614074547
3,0.7000000000000001,4.926029714942253,0.1541586469828012
4,0.9000000000000001,5.23391829293798,0.39038922996288866
