,discretized_reward_proportion,interconnectivity_strength_mean,interconnectivity_strength_err
0,0.1,14.229893563254805,2.784172162623949
1,0.30000000000000004,49.7131417736742,13.96479648961319
2,0.5000000000000001,95.74074646914525,25.664443930617367
3,0.7000000000000001,32.15232480675265,8.602058377331327
4,0.9000000000000001,44.59557331960528,9.211673396220132
