,discretized_reward_proportion,interconnectivity_strength_mean,interconnectivity_strength_err
0,0.1,5.971591519230081,0.3272889317505772
1,0.30000000000000004,7.157468005019496,0.47438454317593104
2,0.5000000000000001,7.8802977520055215,0.2777460720622185
3,0.7000000000000001,10.211909875211832,0.38703018922044197
4,0.9000000000000001,9.171241025335242,0.34146339707912277
