,discretized_reward_proportion,interconnectivity_strength_mean,interconnectivity_strength_err
0,0.1,126.8860779591504,24.495977249122415
1,0.30000000000000004,136.94853448842557,27.962284203954926
2,0.5000000000000001,49.84079404884961,9.719202196717195
3,0.7000000000000001,17.71935481105065,1.2230077331305054
4,0.9000000000000001,16.822461873692166,0.6868352969476835
