,discretized_reward_proportion,interconnectivity_strength_mean,interconnectivity_strength_err
0,0.1,13.56855999667502,1.2261588642688122
1,0.30000000000000004,7.504234544560376,0.6804481897421268
2,0.5000000000000001,6.166614440700071,0.37799330364174744
3,0.7000000000000001,5.55242290874309,0.17443434167231586
4,0.9000000000000001,5.802929971808888,0.22990662044902216
