,discretized_reward_proportion,interconnectivity_strength_mean,interconnectivity_strength_err
0,0.1,9.108714033175678,1.7344967778616054
1,0.30000000000000004,11.973792606605496,1.1731337068278587
2,0.5000000000000001,18.317627179264328,1.3204152968249945
3,0.7000000000000001,17.56054425133509,1.1040974959477694
4,0.9000000000000001,15.78532601568537,0.9800722204791377
