,discretized_reward_proportion,interconnectivity_strength_mean,interconnectivity_strength_err
0,0.1,32.50039880379164,2.5963513990918066
1,0.30000000000000004,20.052707526447755,2.027320182071369
2,0.5000000000000001,18.76698526723571,1.192322492487403
3,0.7000000000000001,15.231542740843215,0.6573490940128004
4,0.9000000000000001,15.138372584947012,0.6507962155837597
