,discretized_reward_proportion,interconnectivity_strength_mean,interconnectivity_strength_err
0,0.1,39.97932261311067,12.142942323176877
1,0.30000000000000004,38.641134767083315,14.557709500357294
2,0.5000000000000001,44.86832957368793,17.758024551536003
3,0.7000000000000001,11.60774511021033,0.6421050647357507
4,0.9000000000000001,7.568828103784978,0.6409484963560521
