,discretized_reward_proportion,interconnectivity_strength_mean,interconnectivity_strength_err
0,0.1,15.224357762374208,1.6777344734367154
1,0.30000000000000004,12.09785243923386,2.3467596298465057
2,0.5000000000000001,5.8644463548868435,1.0798780284367036
3,0.7000000000000001,9.546176875669012,1.1616064517843798
4,0.9000000000000001,15.177580452936645,1.5821574494078594
