,discretized_reward_proportion,interconnectivity_strength_mean,interconnectivity_strength_err
0,0.1,5.546539474610418,0.26758150408978504
1,0.30000000000000004,10.096377489046914,1.0661315099743534
2,0.5000000000000001,11.26208056892718,0.5343455648393078
3,0.7000000000000001,11.564749429932151,0.3442239536970244
4,0.9000000000000001,9.611811749813564,0.3898629395961401
