,discretized_reward_proportion,interconnectivity_strength_mean,interconnectivity_strength_err
0,0.1,67.11191889989048,12.805101031411137
1,0.30000000000000004,54.66011668104609,8.179563405203758
2,0.5000000000000001,52.2040678814239,7.303725769553494
3,0.7000000000000001,65.87665503409065,8.805799588484943
4,0.9000000000000001,68.1075877940244,7.320202820331547
