,discretized_reward_proportion,interconnectivity_strength_mean,interconnectivity_strength_err
0,0.1,44.64062562407223,7.069844223223028
1,0.30000000000000004,99.93678594842187,17.44047614736752
2,0.5000000000000001,86.28980936739134,13.372837375693695
3,0.7000000000000001,61.93408526643185,22.03677150721118
4,0.9000000000000001,75.07056836037698,34.17998605255701
