,discretized_reward_proportion,interconnectivity_strength_mean,interconnectivity_strength_err
0,0.1,13.203705693291784,0.3893437015327923
1,0.30000000000000004,12.00786995038429,0.7276225016562501
2,0.5000000000000001,13.040349131070077,0.6524197817844387
3,0.7000000000000001,11.834552046368787,0.8063488456124241
4,0.9000000000000001,8.42650628420039,0.727153558512852
