,discretized_reward_proportion,interconnectivity_strength_mean,interconnectivity_strength_err
0,0.1,22.40125432318792,4.590789608492033
1,0.30000000000000004,31.907933236982895,8.464605334562895
2,0.5000000000000001,30.834786858337914,10.91383474889923
3,0.7000000000000001,16.588808771701615,4.518290082062047
4,0.9000000000000001,7.414712111523776,1.720131230460069
