,discretized_reward_proportion,interconnectivity_strength_mean,interconnectivity_strength_err
0,0.1,14.178050348134276,1.450317072713599
1,0.30000000000000004,16.077474481259458,3.884460421334953
2,0.5000000000000001,15.005377149811833,2.8762397559940087
3,0.7000000000000001,28.905833116530214,13.415071656578855
4,0.9000000000000001,95.40625458798776,27.832885419925596
