,discretized_reward_proportion,interconnectivity_strength_mean,interconnectivity_strength_err
0,0.1,16.71319418471194,8.397088974141518
1,0.30000000000000004,10.613312297755604,1.7318647804321696
2,0.5000000000000001,14.41933168139978,2.5633105833682475
3,0.7000000000000001,6.451014672716958,1.1209476260201798
4,0.9000000000000001,9.348923265041059,0.8053412700890729
