,discretized_reward_proportion,interconnectivity_strength_mean,interconnectivity_strength_err
0,0.1,32.31499421275278,2.7415788471503513
1,0.30000000000000004,61.146895618944434,8.10136273014307
2,0.5000000000000001,59.510851401414584,9.538330278786345
3,0.7000000000000001,66.43643060009333,14.215656974066977
4,0.9000000000000001,59.539151015767565,21.480061837390206
