,discretized_reward_proportion,interconnectivity_strength_mean,interconnectivity_strength_err
0,0.1,8.10061446326645,0.10742771147969156
1,0.30000000000000004,7.176855789683238,0.3032884927691641
2,0.5000000000000001,5.6119395619672465,0.24471500179214178
3,0.7000000000000001,4.798181617687973,0.20887221236984552
4,0.9000000000000001,6.257761079152548,0.3297109336307475
