,discretized_reward_proportion,interconnectivity_strength_mean,interconnectivity_strength_err
0,0.1,37.11667787523785,2.167359287821602
1,0.30000000000000004,35.888295725173606,4.306274844731096
2,0.5000000000000001,20.730699259771995,2.5041146453276593
3,0.7000000000000001,15.970282995984418,1.8040546441525875
4,0.9000000000000001,24.213466826094432,3.322566456700662
