,discretized_reward_proportion,interconnectivity_strength_mean,interconnectivity_strength_err
0,0.1,9.645049380901964,1.7371648161081557
1,0.30000000000000004,15.28608433937837,2.7607894259574324
2,0.5000000000000001,21.447971886060003,3.847265030572878
3,0.7000000000000001,62.992020406265375,9.782576760888333
4,0.9000000000000001,52.258537050261644,9.249045746959581
