,discretized_reward_proportion,interconnectivity_strength_mean,interconnectivity_strength_err
0,0.1,4.300263355305012,0.7510744456150494
1,0.30000000000000004,6.801539192956698,1.472243348896748
2,0.5000000000000001,6.92045169673295,1.3378040454891515
3,0.7000000000000001,11.30216693060294,1.4761452885305144
4,0.9000000000000001,4.818144701954596,0.8525783910992024
