,discretized_reward_proportion,interconnectivity_strength_mean,interconnectivity_strength_err
0,0.1,0.24,0.08541662601625048
1,0.30000000000000004,0.4666666666666667,0.09108400680852977
2,0.5000000000000001,2.0500543694797297,1.211960158645758
3,0.7000000000000001,15.543544982321507,1.6352618676983288
4,0.9000000000000001,9.425382263006437,1.3879315175421887
