,discretized_reward_proportion,interconnectivity_strength_mean,interconnectivity_strength_err
0,0.1,4.879182003845213,1.3181143443206425
1,0.30000000000000004,12.419054046105037,2.555565448974266
2,0.5000000000000001,10.357030428424338,1.9352875466358461
3,0.7000000000000001,6.343283547959234,0.6929010485175575
4,0.9000000000000001,5.289125711941151,0.2860593403914106
