,discretized_reward_proportion,interconnectivity_strength_mean,interconnectivity_strength_err
0,0.1,9.929703542464154,2.8555515205856112
1,0.30000000000000004,24.373021987201323,6.968726759482246
2,0.5000000000000001,3.676500352811192,1.5744427079766894
3,0.7000000000000001,24.58000855893936,5.968029008503121
4,0.9000000000000001,22.33423998666231,5.013301688523806
