,discretized_reward_proportion,interconnectivity_strength_mean,interconnectivity_strength_err
0,0.1,39.675392335445224,8.357777578824638
1,0.30000000000000004,27.872176842469056,2.7942849443829725
2,0.5000000000000001,14.532734277722675,2.4168801590091737
3,0.7000000000000001,7.02196430082225,1.0965328543591126
4,0.9000000000000001,6.213828089583279,1.0829094734386526
