,discretized_reward_proportion,interconnectivity_strength_mean,interconnectivity_strength_err
0,0.1,10.535084670587443,2.468416778701113
1,0.30000000000000004,39.122246873239426,13.456431128548022
2,0.5000000000000001,7.8814598119360655,0.291003126445635
3,0.7000000000000001,8.367473598162256,0.3006276505730585
4,0.9000000000000001,11.87987085054097,0.7051726935264113
