,discretized_reward_proportion,interconnectivity_strength_mean,interconnectivity_strength_err
0,0.1,14.42847602041957,1.9862313101609645
1,0.30000000000000004,25.005973109238177,2.254391980306042
2,0.5000000000000001,15.659131908551325,1.1934938024785204
3,0.7000000000000001,19.45322514760743,1.4301852995313247
4,0.9000000000000001,27.838783204510612,2.605655995220137
