,discretized_reward_proportion,interconnectivity_strength_mean,interconnectivity_strength_err
0,0.1,9.43095050486536,1.7208057476583918
1,0.30000000000000004,10.845423896587686,2.091191367204264
2,0.5000000000000001,12.505072170798629,2.2462524188609256
3,0.7000000000000001,27.889777721387592,6.843970359445232
4,0.9000000000000001,15.383287684635661,2.705352091383772
