,discretized_reward_proportion,interconnectivity_strength_mean,interconnectivity_strength_err
0,0.1,24.864028735254394,2.891071151129463
1,0.30000000000000004,21.263852537092767,3.2747824908612575
2,0.5000000000000001,22.91565052729723,4.741082322872856
3,0.7000000000000001,25.435510109613595,4.584990000207543
4,0.9000000000000001,19.51154285747083,2.789522805412209
