,discretized_reward_proportion,interconnectivity_strength_mean,interconnectivity_strength_err
0,0.1,23.719272081707032,5.8574015375404205
1,0.30000000000000004,18.43862543768872,2.251385350518368
2,0.5000000000000001,25.580689854883794,4.323337210868805
3,0.7000000000000001,23.67205853802267,2.902280274340942
4,0.9000000000000001,18.759477293332093,1.9250067698364164
