,discretized_reward_proportion,interconnectivity_strength_mean,interconnectivity_strength_err
0,0.1,9.38732846003127,0.6759337550442098
1,0.30000000000000004,7.9594681554346485,0.5838301133218299
2,0.5000000000000001,5.806808330938536,0.4342495312429329
3,0.7000000000000001,5.106472753500359,0.17008891499807963
4,0.9000000000000001,5.197044822605732,0.2034769067953894
