,discretized_reward_proportion,interconnectivity_strength_mean,interconnectivity_strength_err
0,0.1,48.30763832122151,7.771011792165192
1,0.30000000000000004,65.13863333451833,7.279057055761984
2,0.5000000000000001,34.339800954554455,4.966371815651066
3,0.7000000000000001,46.23773739164806,6.717167697054672
4,0.9000000000000001,69.30871803752416,10.267092461354617
