,discretized_reward_proportion,interconnectivity_strength_mean,interconnectivity_strength_err
0,0.1,7.23611521899294,0.4807056619841445
1,0.30000000000000004,9.769309890029662,0.8265328061224511
2,0.5000000000000001,19.699550993463273,4.7679172273494
3,0.7000000000000001,14.3661223449657,1.324643234053102
4,0.9000000000000001,23.060060808034226,2.686427768709582
