,discretized_reward_proportion,interconnectivity_strength_mean,interconnectivity_strength_err
0,0.1,10.324312693445387,0.8261926421527591
1,0.30000000000000004,9.415918001921012,0.5239379906857861
2,0.5000000000000001,8.934556853279695,0.5489172023673238
3,0.7000000000000001,8.770175012378319,0.29221050830173756
4,0.9000000000000001,8.147389079990798,0.23319634388211352
