,discretized_reward_proportion,interconnectivity_strength_mean,interconnectivity_strength_err
0,0.1,22.506989326365296,2.0693016919564484
1,0.30000000000000004,26.87583694325595,3.941085700693552
2,0.5000000000000001,26.07413829101274,3.329804647695734
3,0.7000000000000001,18.16910281149298,4.114297769474898
4,0.9000000000000001,17.17160845806383,3.4828152707781554
