,discretized_reward_proportion,interconnectivity_strength_mean,interconnectivity_strength_err
0,0.1,20.48107794879721,1.0758075064529802
1,0.30000000000000004,30.235083631775534,3.08625637575926
2,0.5000000000000001,28.734185696368954,2.2899110351971372
3,0.7000000000000001,17.763116987665832,3.2234830148551357
4,0.9000000000000001,10.592337736925918,2.403601761923462
