,discretized_reward_proportion,interconnectivity_strength_mean,interconnectivity_strength_err
0,0.1,14.36520727942039,2.322672099443956
1,0.30000000000000004,10.863969882052235,0.9207646711908831
2,0.5000000000000001,9.854903511008889,2.1455929692566977
3,0.7000000000000001,7.409722220735986,1.0073918833685063
4,0.9000000000000001,14.01841083908866,1.6287293898625406
