,discretized_reward_proportion,interconnectivity_strength_mean,interconnectivity_strength_err
0,0.1,44.44908694176649,4.988203825467711
1,0.30000000000000004,62.63622561442997,10.290056092620928
2,0.5000000000000001,63.133365958113124,7.079682443927995
3,0.7000000000000001,51.74399337277261,6.709573136031281
4,0.9000000000000001,44.653455255904994,3.5530933200901202
