,discretized_reward_proportion,interconnectivity_strength_mean,interconnectivity_strength_err
0,0.1,16.802933972740167,0.3362987598175306
1,0.30000000000000004,13.512109272128868,0.7341082645938654
2,0.5000000000000001,12.958460739330988,0.7189723121102839
3,0.7000000000000001,11.060860365178579,0.5352581875787727
4,0.9000000000000001,8.994989343425074,0.46878516228995554
