,discretized_reward_proportion,interconnectivity_strength_mean,interconnectivity_strength_err
0,0.1,59.638066741394475,28.4904090552289
1,0.30000000000000004,44.94760766890328,17.133955631384165
2,0.5000000000000001,23.748828701423715,12.731482879140659
3,0.7000000000000001,94.29969563738055,18.94195484610807
4,0.9000000000000001,60.23046349141371,11.683820720850374
