,discretized_reward_proportion,interconnectivity_strength_mean,interconnectivity_strength_err
0,0.1,36.40569827895804,3.6286361619849554
1,0.30000000000000004,28.075971818499582,4.009594864917214
2,0.5000000000000001,38.32687633127987,5.786041260776386
3,0.7000000000000001,37.4303495535807,2.659100567184633
4,0.9000000000000001,27.46377736236388,1.9659267175250061
