,discretized_reward_proportion,interconnectivity_strength_mean,interconnectivity_strength_err
0,0.1,18.884749181636234,3.9578733476040155
1,0.30000000000000004,37.06682755220581,5.385357000173032
2,0.5000000000000001,31.165258932940876,4.112492593927391
3,0.7000000000000001,19.030161173998884,2.829352685978428
4,0.9000000000000001,28.653567040352783,2.6287859823127446
