,discretized_reward_proportion,interconnectivity_strength_mean,interconnectivity_strength_err
0,0.1,11.910204457768186,1.708803446312389
1,0.30000000000000004,16.905432693502608,4.707576266496729
2,0.5000000000000001,15.326368954639712,4.88980253845556
3,0.7000000000000001,13.15727219211643,2.715374476035524
4,0.9000000000000001,14.392670886780683,3.53709604695301
