,discretized_reward_proportion,interconnectivity_strength_mean,interconnectivity_strength_err
0,0.1,97.9610188577665,20.809343570564884
1,0.30000000000000004,36.712065066106945,7.015589311501687
2,0.5000000000000001,124.577830071569,23.691285492189337
3,0.7000000000000001,68.10107129875692,8.62492941644718
4,0.9000000000000001,64.34128854491223,5.031487545845158
