,discretized_reward_proportion,interconnectivity_strength_mean,interconnectivity_strength_err
0,0.1,16.617362688327248,1.2289802858332624
1,0.30000000000000004,13.959527069722034,1.1476898608014083
2,0.5000000000000001,13.577708313812101,1.1309705523065194
3,0.7000000000000001,13.432563126749002,0.6438056668684973
4,0.9000000000000001,21.515383346225274,2.3415381474862174
