,discretized_reward_proportion,interconnectivity_strength_mean,interconnectivity_strength_err
0,0.1,27.231391418473642,5.847404305870587
1,0.30000000000000004,23.27002110192714,6.321441773651417
2,0.5000000000000001,52.32873069016671,20.445861297503686
3,0.7000000000000001,47.65738022328263,12.916811690892494
4,0.9000000000000001,137.62009426180722,29.132502210936433
