,discretized_reward_proportion,interconnectivity_strength_mean,interconnectivity_strength_err
0,0.1,19.19615770186504,3.5892550040022715
1,0.30000000000000004,23.717734997675926,5.03893587969861
2,0.5000000000000001,14.795245656894958,3.637894156391508
3,0.7000000000000001,7.280625197457277,0.9450310758808455
4,0.9000000000000001,9.483448733999081,0.9705849835558596
