,discretized_reward_proportion,interconnectivity_strength_mean,interconnectivity_strength_err
0,0.1,24.127491140185157,7.297187998821824
1,0.30000000000000004,11.950656604757366,8.273630170833945
2,0.5000000000000001,29.642798537402737,12.643851168536901
3,0.7000000000000001,31.730124401212645,17.319781873424926
4,0.9000000000000001,11.495346089401757,11.184613686443846
