,discretized_reward_proportion,interconnectivity_strength_mean,interconnectivity_strength_err
0,0.1,11.96754594865226,0.8851537405599149
1,0.30000000000000004,21.813892685966902,3.005178160511707
2,0.5000000000000001,24.553690418131975,1.776503669551061
3,0.7000000000000001,17.497142250963435,1.4474860496061372
4,0.9000000000000001,30.99948448840977,5.25803039510449
