,discretized_reward_proportion,interconnectivity_strength_mean,interconnectivity_strength_err
0,0.1,142.69601882568935,34.13069409404351
1,0.30000000000000004,39.751978203122576,13.27363584849719
2,0.5000000000000001,59.73265766061431,13.712755998291023
3,0.7000000000000001,41.061556266482455,13.731775506930468
4,0.9000000000000001,42.38979842377847,15.67471205220778
