,discretized_reward_proportion,interconnectivity_strength_mean,interconnectivity_strength_err
0,0.1,1.1180288673000793,0.43885367387257
1,0.30000000000000004,6.442629039836676,1.78812626668171
2,0.5000000000000001,3.0641071663416617,1.344951385402465
3,0.7000000000000001,0.0,0.0
4,0.9000000000000001,0.0,0.0
