,discretized_reward_proportion,interconnectivity_strength_mean,interconnectivity_strength_err
0,0.1,64.44484526335539,4.3788775499198085
1,0.30000000000000004,47.328218089791704,4.672227832179514
2,0.5000000000000001,30.080240225656883,3.3583806799510234
3,0.7000000000000001,53.566769739561735,7.21460582160665
4,0.9000000000000001,36.68260973936662,4.48826091222105
