,discretized_reward_proportion,interconnectivity_strength_mean,interconnectivity_strength_err
0,0.1,10.258897376422407,1.3624739512861312
1,0.30000000000000004,9.128812966366823,0.49099445423666177
2,0.5000000000000001,12.205576296077828,0.6020868091735058
3,0.7000000000000001,14.400538205917645,0.8833060397378736
4,0.9000000000000001,15.103126711691573,0.6263894475797281
