,discretized_reward_proportion,interconnectivity_strength_mean,interconnectivity_strength_err
0,0.1,43.55739516008072,2.716465472801449
1,0.30000000000000004,30.9308739019807,2.4114309971273316
2,0.5000000000000001,65.56714634901765,8.557153177943526
3,0.7000000000000001,12.853830750833716,3.4077284338495684
4,0.9000000000000001,13.790427165826134,4.254424529282849
