,discretized_reward_proportion,interconnectivity_strength_mean,interconnectivity_strength_err
0,0.1,5.494089869143354,0.2475691072660997
1,0.30000000000000004,5.360220086652489,0.24231115662058497
2,0.5000000000000001,4.4575054391260425,0.2149158715240794
3,0.7000000000000001,3.8315126843754816,0.0735706880340103
4,0.9000000000000001,3.8753426070499346,0.0865889341673793
