,discretized_reward_proportion,interconnectivity_strength_mean,interconnectivity_strength_err
0,0.1,13.33454602794481,2.2340150368502765
1,0.30000000000000004,32.12048360380386,5.458582961279874
2,0.5000000000000001,16.637696658358557,3.340104527885666
3,0.7000000000000001,13.03535101284369,2.941945219720678
4,0.9000000000000001,15.39269570119857,4.121146069554066
