,discretized_reward_proportion,interconnectivity_strength_mean,interconnectivity_strength_err
0,0.1,14.01410519377034,1.1685005383055485
1,0.30000000000000004,12.00293126552863,0.7432140613718994
2,0.5000000000000001,10.532874015321427,0.5855058217088188
3,0.7000000000000001,8.661472654320844,0.3752117071986065
4,0.9000000000000001,7.0033976407648675,0.26678704405953346
