,discretized_reward_proportion,interconnectivity_strength_mean,interconnectivity_strength_err
0,0.1,12.425111633116465,1.082760065109547
1,0.30000000000000004,20.362813780262798,1.818125469662393
2,0.5000000000000001,18.4177920270305,1.8253504950421975
3,0.7000000000000001,21.009823967413492,1.5750149992760463
4,0.9000000000000001,28.37983363047829,2.554223578202464
