,discretized_reward_proportion,interconnectivity_strength_mean,interconnectivity_strength_err
0,0.1,10.473300408291458,0.707061811669067
1,0.30000000000000004,9.67491736104162,1.1409293955321438
2,0.5000000000000001,7.323831902502864,0.11829130862535209
3,0.7000000000000001,6.882557135121135,0.2636503000220554
4,0.9000000000000001,8.568508350574197,0.3118087590679867
