,discretized_reward_proportion,interconnectivity_strength_mean,interconnectivity_strength_err
0,0.1,14.137233918356843,0.4348353386181548
1,0.30000000000000004,14.410062096795523,0.618478023483794
2,0.5000000000000001,11.999020244812533,0.6878744603503945
3,0.7000000000000001,10.408621742927968,0.6876970193655849
4,0.9000000000000001,,
