,discretized_reward_proportion,interconnectivity_strength_mean,interconnectivity_strength_err
0,0.1,124.08553844238357,4.932948855890211
1,0.30000000000000004,103.93900077946716,16.248658321527785
2,0.5000000000000001,36.76910835301758,8.159902310761764
3,0.7000000000000001,29.335375368297715,4.574264749842063
4,0.9000000000000001,47.414565841517245,9.15273359790835
