,discretized_reward_proportion,interconnectivity_strength_mean,interconnectivity_strength_err
0,0.1,27.615159684769836,2.7787653829027463
1,0.30000000000000004,20.156754771023053,1.6924739076195034
2,0.5000000000000001,12.695919305518135,1.206602300024258
3,0.7000000000000001,7.036351814634634,0.5931587603403657
4,0.9000000000000001,6.732761989200481,0.42554480620204377
