,discretized_reward_proportion,interconnectivity_strength_mean,interconnectivity_strength_err
0,0.1,52.52251785305717,2.195392180441579
1,0.30000000000000004,53.776262291198314,5.223150897991595
2,0.5000000000000001,32.793235644964646,3.5008442459092315
3,0.7000000000000001,21.889172225003488,1.5849892192382506
4,0.9000000000000001,26.085265647544045,1.5697165712116834
