,discretized_reward_proportion,interconnectivity_strength_mean,interconnectivity_strength_err
0,0.1,9.737079092713051,0.12353511111224827
1,0.30000000000000004,8.893214056800298,0.17553272843206538
2,0.5000000000000001,8.553367533710592,0.22567854294063142
3,0.7000000000000001,7.4098745615919475,0.26135886577545087
4,0.9000000000000001,6.191170385893381,0.17287219667165324
