,discretized_reward_proportion,interconnectivity_strength_mean,interconnectivity_strength_err
0,0.1,23.775518754859178,1.4596487275762422
1,0.30000000000000004,25.058051368118104,1.6722351887450013
2,0.5000000000000001,29.572028299862712,3.6480285737498757
3,0.7000000000000001,69.57577842769108,8.476209450960978
4,0.9000000000000001,81.43947068516813,5.76800207493996
