,discretized_reward_proportion,interconnectivity_strength_mean,interconnectivity_strength_err
0,0.1,10.182081198400594,0.6690183395456086
1,0.30000000000000004,12.773369980841277,0.921689027095599
2,0.5000000000000001,11.878930813115518,0.6990555564001717
3,0.7000000000000001,17.161980994911563,1.3640312473219118
4,0.9000000000000001,14.822107886344037,0.9510063903607181
