,discretized_reward_proportion,interconnectivity_strength_mean,interconnectivity_strength_err
0,0.1,32.91387120826041,1.7927360994353478
1,0.30000000000000004,47.63878004709581,4.972689186309943
2,0.5000000000000001,65.0449497962675,9.560892440777852
3,0.7000000000000001,64.32282891389676,7.014438987670055
4,0.9000000000000001,34.118633307248416,5.42689986583626
