,discretized_reward_proportion,interconnectivity_strength_mean,interconnectivity_strength_err
0,0.1,4.416695925252717,0.2586343404869669
1,0.30000000000000004,3.9144394176251973,0.16171248183157877
2,0.5000000000000001,4.6001526616026505,0.149284818860651
3,0.7000000000000001,5.301369793905809,0.20081635901362072
4,0.9000000000000001,5.785320294467933,0.18752795728050986
