,discretized_reward_proportion,interconnectivity_strength_mean,interconnectivity_strength_err
0,0.1,16.39829259547472,2.290242512364097
1,0.30000000000000004,19.918034440526558,3.0231196108193
2,0.5000000000000001,23.778340756453776,4.753145221915161
3,0.7000000000000001,6.862737103713672,0.8971155747950421
4,0.9000000000000001,7.662313956646878,0.2687023955983906
