,discretized_reward_proportion,interconnectivity_strength_mean,interconnectivity_strength_err
0,0.1,5.05981571257647,0.6060298411095338
1,0.30000000000000004,5.079194646244688,1.267405888494734
2,0.5000000000000001,14.197934069558627,2.246506409976418
3,0.7000000000000001,11.052988074496309,1.2536794547110066
4,0.9000000000000001,4.640541602782527,0.843543736937626
