,discretized_reward_proportion,interconnectivity_strength_mean,interconnectivity_strength_err
0,0.1,29.358378767759387,3.370603334675509
1,0.30000000000000004,114.20181058326703,32.32450403700792
2,0.5000000000000001,46.34411090940926,12.232398973359542
3,0.7000000000000001,85.03449856384506,10.707885449259944
4,0.9000000000000001,39.50982727283283,5.398865176637996
