,discretized_reward_proportion,interconnectivity_strength_mean,interconnectivity_strength_err
0,0.1,3.8305063035682707,0.9032490048786479
1,0.30000000000000004,1.9374441467535044,0.42104192021092984
2,0.5000000000000001,5.353545322420607,1.4570426400346523
3,0.7000000000000001,3.0897323524267497,0.5493877592021854
4,0.9000000000000001,7.935781366529878,1.7106950534972376
