,discretized_reward_proportion,interconnectivity_strength_mean,interconnectivity_strength_err
0,0.1,0.5,0.06804138174397717
1,0.30000000000000004,7.591230834699183,2.4921954113535176
2,0.5000000000000001,4.859407003109069,1.7390636914919633
3,0.7000000000000001,4.561398155266944,0.8970923042642817
4,0.9000000000000001,12.85956455855438,1.3408529265254094
