,discretized_reward_proportion,interconnectivity_strength_mean,interconnectivity_strength_err
0,0.1,7.706969774447625,0.6643730440423334
1,0.30000000000000004,6.143517243218312,0.6297812792144089
2,0.5000000000000001,4.421465115978675,0.4680368126282215
3,0.7000000000000001,3.5911840984494114,0.28007878329591224
4,0.9000000000000001,2.1994881508217827,0.18966756940481433
