,discretized_reward_proportion,interconnectivity_strength_mean,interconnectivity_strength_err
0,0.1,46.90422373963523,10.568114174139998
1,0.30000000000000004,112.31646583160821,22.362476855659168
2,0.5000000000000001,251.38769829175968,65.22677979356249
3,0.7000000000000001,359.0502358087732,111.77185940557618
4,0.9000000000000001,43.95433270319178,21.59854003199377
