,discretized_reward_proportion,interconnectivity_strength_mean,interconnectivity_strength_err
0,0.1,0.40414507772020725,0.0353232177072746
1,0.30000000000000004,11.791194381079515,4.185484350321727
2,0.5000000000000001,8.216683013421148,6.248767046927779
3,0.7000000000000001,68.86460425910181,21.856934942317647
4,0.9000000000000001,19.679066977684748,9.703370360237395
