,discretized_reward_proportion,interconnectivity_strength_mean,interconnectivity_strength_err
0,0.1,14.594313113015966,0.6789017451360325
1,0.30000000000000004,16.010224480742117,1.276739264978343
2,0.5000000000000001,14.14615201962478,0.875912284054302
3,0.7000000000000001,17.80545582543599,1.0974830782689702
4,0.9000000000000001,23.00447732843586,1.5327232534531143
