,discretized_reward_proportion,interconnectivity_strength_mean,interconnectivity_strength_err
0,0.1,11.454902486475863,0.17437784546172364
1,0.30000000000000004,8.64208017339125,0.34320992344359774
2,0.5000000000000001,7.492848149271049,0.31554282980092324
3,0.7000000000000001,6.8599667776651545,0.39437233221276863
4,0.9000000000000001,4.618630800746103,0.21936472185821543
