,discretized_reward_proportion,interconnectivity_strength_mean,interconnectivity_strength_err
0,0.1,104.44745162692128,18.36078333940831
1,0.30000000000000004,120.31130838555268,26.148971162755682
2,0.5000000000000001,37.819557377382175,11.9424299827116
3,0.7000000000000001,33.921160001818905,4.668558083659204
4,0.9000000000000001,37.747325290157775,6.367535799125828
