,discretized_reward_proportion,interconnectivity_strength_mean,interconnectivity_strength_err
0,0.1,34.50332762610647,3.9608593216625128
1,0.30000000000000004,34.91026124416913,3.757248549768132
2,0.5000000000000001,27.424348055945934,5.3444126139410475
3,0.7000000000000001,31.21214708635317,4.032332245835009
4,0.9000000000000001,17.293861357955407,2.68821548642035
