,discretized_reward_proportion,interconnectivity_strength_mean,interconnectivity_strength_err
0,0.1,10.251484647769695,0.890773748885916
1,0.30000000000000004,6.641837752692778,0.8109272506030454
2,0.5000000000000001,7.813385449170244,1.5443876472590137
3,0.7000000000000001,26.706422865440928,7.64503213812539
4,0.9000000000000001,22.62480471212175,5.756331141605233
