,discretized_reward_proportion,interconnectivity_strength_mean,interconnectivity_strength_err
0,0.1,10.836373334220898,0.9160019985919448
1,0.30000000000000004,8.466397304455421,0.9809040281093552
2,0.5000000000000001,6.303348394452543,0.7270543605422335
3,0.7000000000000001,34.70263666762326,4.717824396114857
4,0.9000000000000001,22.603050769133144,3.554334988596695
