,discretized_reward_proportion,interconnectivity_strength_mean,interconnectivity_strength_err
0,0.1,5.539284921362389,0.4276917751477021
1,0.30000000000000004,6.412116965624786,0.8127058138564223
2,0.5000000000000001,13.010183048025421,2.0753806769342056
3,0.7000000000000001,14.375524168539757,1.5172927854628975
4,0.9000000000000001,16.124500668540527,1.2054486338959356
