,discretized_reward_proportion,interconnectivity_strength_mean,interconnectivity_strength_err
0,0.1,26.884047767681427,2.168361581498108
1,0.30000000000000004,22.511682273954744,3.939121925869083
2,0.5000000000000001,15.557393828029957,2.546428043343543
3,0.7000000000000001,18.353549704666204,3.0611798952096487
4,0.9000000000000001,17.257064130798433,3.253233609981528
