,discretized_reward_proportion,interconnectivity_strength_mean,interconnectivity_strength_err
0,0.1,54.280811454753184,5.587949582664667
1,0.30000000000000004,62.684178735000266,6.873691868775539
2,0.5000000000000001,38.82133862817832,8.968048921420815
3,0.7000000000000001,24.324625995611946,4.286975549142804
4,0.9000000000000001,51.76029534428923,8.881017032525948
