,discretized_reward_proportion,interconnectivity_strength_mean,interconnectivity_strength_err
0,0.1,129.64783905743133,26.78638133106931
1,0.30000000000000004,58.97493912087319,14.888258000906161
2,0.5000000000000001,55.83112582948292,16.018180285465974
3,0.7000000000000001,21.52617806216149,5.092763354326362
4,0.9000000000000001,22.970196131863855,2.8446822985975557
