,discretized_reward_proportion,interconnectivity_strength_mean,interconnectivity_strength_err
0,0.1,0.07228915662650602,0.02842522095382743
1,0.30000000000000004,8.76277886440884,4.130439312916349
2,0.5000000000000001,33.208835102030314,6.687586109503547
3,0.7000000000000001,20.630049341559964,4.720810749834205
4,0.9000000000000001,18.342952678801694,3.339711588890784
