,discretized_reward_proportion,interconnectivity_strength_mean,interconnectivity_strength_err
0,0.1,96.13040261179808,16.08047511706196
1,0.30000000000000004,118.95646948522771,21.281159648761502
2,0.5000000000000001,40.031451690207525,12.738222910317637
3,0.7000000000000001,21.931649340685652,2.979869757590802
4,0.9000000000000001,24.804534214471154,2.2715631661539026
