,discretized_reward_proportion,interconnectivity_strength_mean,interconnectivity_strength_err
0,0.1,75.84047015461455,17.220290914588645
1,0.30000000000000004,90.55703533598177,28.34103584854316
2,0.5000000000000001,120.08749735250937,30.836834546024626
3,0.7000000000000001,55.90084935841129,6.849239697982383
4,0.9000000000000001,52.24663799409523,4.531314127506173
