,discretized_reward_proportion,interconnectivity_strength_mean,interconnectivity_strength_err
0,0.1,13.733555438582139,0.5286700878329603
1,0.30000000000000004,11.063247947159402,1.317226190922503
2,0.5000000000000001,9.244637163765358,1.0104400484468936
3,0.7000000000000001,5.381921211486381,0.1827379924420804
4,0.9000000000000001,6.389764443432133,0.26429226681966606
