,discretized_reward_proportion,interconnectivity_strength_mean,interconnectivity_strength_err
0,0.1,13.604085647085576,3.7635369005491097
1,0.30000000000000004,26.409196837255795,3.6330282043928843
2,0.5000000000000001,9.0524923737723,2.1243819820248637
3,0.7000000000000001,10.188996690636,1.7752677275451136
4,0.9000000000000001,13.431298910970263,2.392661389959857
