,discretized_reward_proportion,interconnectivity_strength_mean,interconnectivity_strength_err
0,0.1,4.78966035693602,0.3973858701366175
1,0.30000000000000004,6.690919783546578,0.9736583003592516
2,0.5000000000000001,4.238729647723923,0.5346184893497533
3,0.7000000000000001,3.4766702699233183,0.11423611164616242
4,0.9000000000000001,4.281263877246387,0.24039814340909038
