,discretized_reward_proportion,interconnectivity_strength_mean,interconnectivity_strength_err
0,0.1,3.330874218002271,0.0796940734310927
1,0.30000000000000004,4.22468222277762,0.31436927162787487
2,0.5000000000000001,5.484992303609559,0.23934276370446234
3,0.7000000000000001,5.4165491580040435,0.15550796955853874
4,0.9000000000000001,4.88080320537424,0.17232574684118404
