,discretized_reward_proportion,interconnectivity_strength_mean,interconnectivity_strength_err
0,0.1,16.72507941266481,4.496279146256118
1,0.30000000000000004,11.918537283031734,1.6048826451816547
2,0.5000000000000001,10.800599186895173,1.3417900003733334
3,0.7000000000000001,8.678159288281526,0.8217144565094693
4,0.9000000000000001,21.736269812205144,3.86983088497691
