,discretized_reward_proportion,interconnectivity_strength_mean,interconnectivity_strength_err
0,0.1,66.65060042018372,18.060992328981424
1,0.30000000000000004,37.6375575735455,7.83581949732072
2,0.5000000000000001,33.37205795188993,6.563501160177071
3,0.7000000000000001,108.86845657642321,28.15771178779078
4,0.9000000000000001,188.77702651916755,45.87210430981083
