,discretized_reward_proportion,interconnectivity_strength_mean,interconnectivity_strength_err
0,0.1,38.76640708686086,6.9762679618896914
1,0.30000000000000004,49.397695295143976,13.329366327076592
2,0.5000000000000001,31.659401048251155,6.748300842383678
3,0.7000000000000001,42.27303914708643,8.078144152909843
4,0.9000000000000001,9.693400952143612,1.2265103283252476
