,discretized_reward_proportion,interconnectivity_strength_mean,interconnectivity_strength_err
0,0.1,49.6213102846513,4.826070743464085
1,0.30000000000000004,107.68515757450912,38.596774193486056
2,0.5000000000000001,185.8867607533917,51.30654558327338
3,0.7000000000000001,56.7299379681187,14.157482950674682
4,0.9000000000000001,13.128829693533078,1.9786574763768983
