,discretized_reward_proportion,interconnectivity_strength_mean,interconnectivity_strength_err
0,0.1,25.32484944532317,7.5979567456445904
1,0.30000000000000004,39.87244954736327,10.423327602715073
2,0.5000000000000001,164.69289499932935,32.396013755055705
3,0.7000000000000001,70.92334053743556,13.002483718342482
4,0.9000000000000001,44.67394001131658,3.8302355908487282
