,discretized_reward_proportion,interconnectivity_strength_mean,interconnectivity_strength_err
0,0.1,5.736361431411963,0.12337356935417093
1,0.30000000000000004,6.27268823388162,0.1983727951405833
2,0.5000000000000001,5.967491896682503,0.11675798452881113
3,0.7000000000000001,6.121259273208551,0.14261805539211905
4,0.9000000000000001,5.552534554289719,0.16242705797702942
