,discretized_reward_proportion,interconnectivity_strength_mean,interconnectivity_strength_err
0,0.1,10.663789293648817,0.7748438721122508
1,0.30000000000000004,8.360450578750552,0.4228898042256836
2,0.5000000000000001,6.661316678983323,0.2838706475498284
3,0.7000000000000001,7.019177990872452,0.22723971208424326
4,0.9000000000000001,7.015774050278236,0.25991568788957886
