,discretized_reward_proportion,interconnectivity_strength_mean,interconnectivity_strength_err
0,0.1,240.1575461449967,38.50657291860365
1,0.30000000000000004,51.609628947880225,15.67614230757957
2,0.5000000000000001,30.334343367750414,20.367730145039843
3,0.7000000000000001,0.2962962962962963,0.062138555022804534
4,0.9000000000000001,0.5151515151515151,0.08699885606851798
