,discretized_reward_proportion,interconnectivity_strength_mean,interconnectivity_strength_err
0,0.1,24.4884043321736,5.07048253202011
1,0.30000000000000004,39.510874357079445,9.878539266103871
2,0.5000000000000001,52.11288451255999,12.463043136445027
3,0.7000000000000001,37.191265615486046,5.1721450911017754
4,0.9000000000000001,26.353143308330715,6.689316048409502
