,discretized_reward_proportion,interconnectivity_strength_mean,interconnectivity_strength_err
0,0.1,46.3307404299046,2.810557830374695
1,0.30000000000000004,36.060457888469344,2.8871204200846092
2,0.5000000000000001,59.3667756206352,6.939463425528378
3,0.7000000000000001,24.866653227389083,6.271858200607834
4,0.9000000000000001,8.24853767614552,2.939126740678197
