,discretized_reward_proportion,interconnectivity_strength_mean,interconnectivity_strength_err
0,0.1,29.825594730371513,0.986369278588429
1,0.30000000000000004,20.596997703033942,1.9353304548794277
2,0.5000000000000001,16.566241839402867,1.579799375035038
3,0.7000000000000001,13.451825600238106,1.8762098348245193
4,0.9000000000000001,7.501142614682831,0.5665942235112785
