,discretized_reward_proportion,interconnectivity_strength_mean,interconnectivity_strength_err
0,0.1,18.251478673715873,3.2806003547021914
1,0.30000000000000004,28.861477553244992,4.327803846002165
2,0.5000000000000001,13.641112550248717,1.0774582624998674
3,0.7000000000000001,11.614845325612905,0.5684303229791091
4,0.9000000000000001,13.135711372260793,0.5477649707016499
