,discretized_reward_proportion,interconnectivity_strength_mean,interconnectivity_strength_err
0,0.1,41.02964803294212,9.359805539574014
1,0.30000000000000004,27.597951412474135,7.197026701742774
2,0.5000000000000001,10.245911275193814,4.22088548638371
3,0.7000000000000001,3.4786896026062575,1.1816409848332943
4,0.9000000000000001,14.979425610664915,2.3152832257235807
