,discretized_reward_proportion,interconnectivity_strength_mean,interconnectivity_strength_err
0,0.1,4.336712174582173,1.0434126126613146
1,0.30000000000000004,2.1640557489134284,0.6137331013566947
2,0.5000000000000001,3.8711312574297754,0.5715785864059499
3,0.7000000000000001,2.360333139013982,0.38576625617800403
4,0.9000000000000001,4.911502880938488,0.8193069957534552
