,discretized_reward_proportion,interconnectivity_strength_mean,interconnectivity_strength_err
0,0.1,12.380727693913292,1.867921751791252
1,0.30000000000000004,50.66976407059253,7.165653579621291
2,0.5000000000000001,54.06141493863772,7.5580194485499765
3,0.7000000000000001,86.81853312838382,33.32935609567981
4,0.9000000000000001,0.1276595744680851,0.048676659511146574
