,discretized_reward_proportion,interconnectivity_strength_mean,interconnectivity_strength_err
0,0.1,26.57953777625331,3.7989852023696784
1,0.30000000000000004,17.4074662534162,2.1154632360620846
2,0.5000000000000001,15.136807506297837,2.2620947022189872
3,0.7000000000000001,15.998516802376392,2.6830325260626235
4,0.9000000000000001,11.195238928956671,1.9832148617161212
