,discretized_reward_proportion,interconnectivity_strength_mean,interconnectivity_strength_err
0,0.1,0.14457831325301204,0.03860136469744472
1,0.30000000000000004,26.54143319664814,12.609281197066425
2,0.5000000000000001,43.752045669947,14.352882421638212
3,0.7000000000000001,22.292335251244552,6.693777120862961
4,0.9000000000000001,24.83142827796113,5.201926039812951
