,discretized_reward_proportion,interconnectivity_strength_mean,interconnectivity_strength_err
0,0.1,6.319267023050176,0.2423923445507933
1,0.30000000000000004,17.046981629112388,5.214778901224758
2,0.5000000000000001,7.182384148357995,0.6660252510194821
3,0.7000000000000001,7.471656676811857,0.2847313311537345
4,0.9000000000000001,7.500974161902051,0.26046104087923894
