,discretized_reward_proportion,interconnectivity_strength_mean,interconnectivity_strength_err
0,0.1,46.17926327941734,7.159740693996768
1,0.30000000000000004,79.20223791111873,8.930929476083158
2,0.5000000000000001,42.7491562587912,11.334801353173388
3,0.7000000000000001,14.854653844431883,7.011615384276507
4,0.9000000000000001,0.696969696969697,0.08000055652754638
