,discretized_reward_proportion,interconnectivity_strength_mean,interconnectivity_strength_err
0,0.1,32.51519407879452,2.1728388633811604
1,0.30000000000000004,40.12202385228395,3.2474240256902758
2,0.5000000000000001,39.93236609981235,3.7530642042423237
3,0.7000000000000001,35.51720505218099,8.132290231661388
4,0.9000000000000001,70.41071699866077,8.920712670398688
