,discretized_reward_proportion,interconnectivity_strength_mean,interconnectivity_strength_err
0,0.1,17.619733177000654,1.6216344436677539
1,0.30000000000000004,12.905895857271949,1.0721799700294719
2,0.5000000000000001,13.297255154894238,1.4792941624045988
3,0.7000000000000001,11.808757332991545,0.5129909351337725
4,0.9000000000000001,,
