,discretized_reward_proportion,interconnectivity_strength_mean,interconnectivity_strength_err
0,0.1,24.008556582725745,3.358075456019298
1,0.30000000000000004,32.06807436808128,3.5002264365677567
2,0.5000000000000001,32.675362800034996,4.400900735083591
3,0.7000000000000001,49.24469872555155,4.106739886236876
4,0.9000000000000001,24.787261621265923,3.0410583999125542
