,discretized_reward_proportion,interconnectivity_strength_mean,interconnectivity_strength_err
0,0.1,9.838602983277324,0.3918769004138771
1,0.30000000000000004,8.560496298948713,0.3606003688918509
2,0.5000000000000001,15.191493019609569,1.67712295426736
3,0.7000000000000001,10.958108463970719,0.8664235393964748
4,0.9000000000000001,10.209831523585503,0.6792913098137866
