,discretized_reward_proportion,interconnectivity_strength_mean,interconnectivity_strength_err
0,0.1,46.905647725779666,5.4032517912788425
1,0.30000000000000004,50.35739345683685,5.5097202356717805
2,0.5000000000000001,37.48697345464469,7.33132720442315
3,0.7000000000000001,51.25603020567131,8.169483853524541
4,0.9000000000000001,55.41306434743237,10.667021652917239
