,discretized_reward_proportion,interconnectivity_strength_mean,interconnectivity_strength_err
0,0.1,62.494492864738774,6.2381060036127405
1,0.30000000000000004,42.450873737468065,6.896291834375164
2,0.5000000000000001,27.794171255534597,2.460783573261131
3,0.7000000000000001,24.27202812631386,2.5363985837016876
4,0.9000000000000001,25.221261599385805,2.939087292380985
