,discretized_reward_proportion,interconnectivity_strength_mean,interconnectivity_strength_err
0,0.1,18.69215642486647,0.4013789903345215
1,0.30000000000000004,12.819412920140245,0.6330107130767473
2,0.5000000000000001,9.241329154058421,0.42972573481748416
3,0.7000000000000001,8.02809712139992,0.38211858759320444
4,0.9000000000000001,12.223828556693189,0.5695952496938566
