,discretized_reward_proportion,interconnectivity_strength_mean,interconnectivity_strength_err
0,0.1,8.935359136602903,1.725756105396804
1,0.30000000000000004,18.703313323507807,3.7693122184859273
2,0.5000000000000001,16.134496338565512,2.9182363693277997
3,0.7000000000000001,16.673523969010752,2.1904702497348634
4,0.9000000000000001,16.559387872735197,1.326145985743894
