,discretized_reward_proportion,interconnectivity_strength_mean,interconnectivity_strength_err
0,0.1,67.85569877467002,3.577423451743704
1,0.30000000000000004,54.47573277012259,4.2154914945300375
2,0.5000000000000001,68.35403091439929,8.254320690108631
3,0.7000000000000001,29.742740592730197,7.559297475991177
4,0.9000000000000001,26.20534430536473,7.28740491710385
