,discretized_reward_proportion,interconnectivity_strength_mean,interconnectivity_strength_err
0,0.1,30.256709448822942,19.06485018747046
1,0.30000000000000004,88.00075530124995,25.180310831738694
2,0.5000000000000001,48.74051026378855,7.9343627295542625
3,0.7000000000000001,35.616994362179895,3.826830797088884
4,0.9000000000000001,45.11266240232939,5.872727707210026
