,discretized_reward_proportion,interconnectivity_strength_mean,interconnectivity_strength_err
0,0.1,30.871974091359885,2.2781648710157745
1,0.30000000000000004,26.601867422648006,3.2593255724938626
2,0.5000000000000001,28.62163952984776,3.1528394606969075
3,0.7000000000000001,13.449741944633072,4.837187433497186
4,0.9000000000000001,2.528877103839956,1.6422839662006936
