,discretized_reward_proportion,interconnectivity_strength_mean,interconnectivity_strength_err
0,0.1,34.737528104080006,1.6907988579609472
1,0.30000000000000004,49.61186041655447,8.391852744514127
2,0.5000000000000001,84.71247680771927,14.64125470643818
3,0.7000000000000001,41.56099322199563,6.295260758113829
4,0.9000000000000001,28.77980635552741,3.358503121737522
