,discretized_reward_proportion,interconnectivity_strength_mean,interconnectivity_strength_err
0,0.1,17.67240106715463,3.7057202249917425
1,0.30000000000000004,24.6450919989305,4.2646610057588195
2,0.5000000000000001,21.640248377730096,3.7263599960631213
3,0.7000000000000001,24.491655711697042,2.7212800186748094
4,0.9000000000000001,29.81421174139734,2.731302018919187
