,discretized_reward_proportion,interconnectivity_strength_mean,interconnectivity_strength_err
0,0.1,25.79349807091699,2.6008031909730165
1,0.30000000000000004,23.64322082349799,2.605251396226617
2,0.5000000000000001,17.52658447271741,1.8517107961537824
3,0.7000000000000001,15.780030829400719,1.059970206403146
4,0.9000000000000001,19.396775231438802,1.444405381971731
