,discretized_reward_proportion,interconnectivity_strength_mean,interconnectivity_strength_err
0,0.1,9.905094276424427,2.2551486795276965
1,0.30000000000000004,8.447282377069353,1.8429865479915266
2,0.5000000000000001,10.618543334464533,2.197919389684454
3,0.7000000000000001,6.910216918257895,0.7670497087715928
4,0.9000000000000001,8.52899287509255,1.426289397587909
