,discretized_reward_proportion,interconnectivity_strength_mean,interconnectivity_strength_err
0,0.1,88.00264056582603,12.429513145549677
1,0.30000000000000004,77.8276991738003,15.493010697416231
2,0.5000000000000001,85.66126261272277,13.61478043582866
3,0.7000000000000001,56.27192867358209,6.858277228122024
4,0.9000000000000001,57.205399321937165,5.2602212911626065
