,discretized_reward_proportion,interconnectivity_strength_mean,interconnectivity_strength_err
0,0.1,23.70039328487873,4.528874022188419
1,0.30000000000000004,16.443079142529022,2.1641530118312375
2,0.5000000000000001,62.4703893835501,14.696776698720933
3,0.7000000000000001,23.589840182425252,5.414169604855922
4,0.9000000000000001,4.998993777557586,2.0229378175626778
