,discretized_reward_proportion,interconnectivity_strength_mean,interconnectivity_strength_err
0,0.1,48.8067561636252,8.517166584394861
1,0.30000000000000004,62.21273287987971,13.898928358714935
2,0.5000000000000001,54.56563005447277,11.55368087222354
3,0.7000000000000001,33.03087561929728,5.187669253400659
4,0.9000000000000001,29.712857032166603,4.264609916486286
