,discretized_reward_proportion,interconnectivity_strength_mean,interconnectivity_strength_err
0,0.1,91.7314214623016,15.895432365012113
1,0.30000000000000004,76.0107674985806,24.03392799125177
2,0.5000000000000001,244.37942630041925,75.86978055931327
3,0.7000000000000001,153.53462656612854,80.55759589707233
4,0.9000000000000001,17.332917511807334,8.262220750515597
