,discretized_reward_proportion,interconnectivity_strength_mean,interconnectivity_strength_err
0,0.1,0.9202522531369891,0.7587605640961407
1,0.30000000000000004,2.8572341809333897,1.146022123458489
2,0.5000000000000001,2.298329459546578,0.4725718846026447
3,0.7000000000000001,13.403359621586938,1.9335653291728039
4,0.9000000000000001,16.58265810192172,1.2962750325866927
