,discretized_reward_proportion,interconnectivity_strength_mean,interconnectivity_strength_err
0,0.1,18.26985786144549,3.425480826750708
1,0.30000000000000004,12.446541693755126,2.74403055162692
2,0.5000000000000001,26.84975419718341,5.796670963759786
3,0.7000000000000001,23.26780052433035,3.4194617951322486
4,0.9000000000000001,15.613272185350299,3.5985709219475805
