,discretized_reward_proportion,interconnectivity_strength_mean,interconnectivity_strength_err
0,0.1,111.33833991152295,13.349103007403553
1,0.30000000000000004,62.51398131802566,11.397180105475737
2,0.5000000000000001,37.949588838418286,7.453523177860072
3,0.7000000000000001,57.95342981056611,6.038310097749561
4,0.9000000000000001,47.487744603079236,4.624992970844875
