,discretized_reward_proportion,interconnectivity_strength_mean,interconnectivity_strength_err
0,0.1,42.32430452647261,2.6977353978385756
1,0.30000000000000004,31.06611954933634,3.4686575189469693
2,0.5000000000000001,22.077254088221753,2.154884352334191
3,0.7000000000000001,30.253720432841444,4.485498892563974
4,0.9000000000000001,74.55489154396201,10.678036400171608
