,discretized_reward_proportion,interconnectivity_strength_mean,interconnectivity_strength_err
0,0.1,11.811166912658587,0.7241798940794809
1,0.30000000000000004,21.07566672981515,2.8302253959435526
2,0.5000000000000001,43.92068365268584,5.578872668777113
3,0.7000000000000001,19.706439476109267,4.812941007629307
4,0.9000000000000001,13.433520072541919,1.7482598259158766
