,discretized_reward_proportion,interconnectivity_strength_mean,interconnectivity_strength_err
0,0.1,3.365536535167521,0.2234946268253832
1,0.30000000000000004,3.2740284931119596,0.28414996433402645
2,0.5000000000000001,18.51548152222875,4.684981031601445
3,0.7000000000000001,84.36717356353738,18.385647945412252
4,0.9000000000000001,48.54633685884735,12.996471216638232
