,discretized_reward_proportion,interconnectivity_strength_mean,interconnectivity_strength_err
0,0.1,8.093829477760737,0.4384126892272772
1,0.30000000000000004,21.986859454102717,3.9727257426300433
2,0.5000000000000001,15.137874377080111,2.0431057659924647
3,0.7000000000000001,14.017301750963014,1.2738207670848904
4,0.9000000000000001,11.733990645551957,0.8821345425278949
