,discretized_reward_proportion,interconnectivity_strength_mean,interconnectivity_strength_err
0,0.1,255.54786440850654,37.604392739486585
1,0.30000000000000004,154.05293573297232,15.661140455587095
2,0.5000000000000001,61.796850596432655,12.665831872500398
3,0.7000000000000001,65.44734022653792,13.861418340612039
4,0.9000000000000001,45.186566890454394,8.456326828009443
