,discretized_reward_proportion,interconnectivity_strength_mean,interconnectivity_strength_err
0,0.1,93.74183272683743,18.375298259894254
1,0.30000000000000004,157.76226782447696,23.072246564155154
2,0.5000000000000001,84.06166331100445,11.070894061255526
3,0.7000000000000001,78.1445918809995,10.438337297668712
4,0.9000000000000001,50.86991216539132,6.112050348394573
