,discretized_reward_proportion,interconnectivity_strength_mean,interconnectivity_strength_err
0,0.1,56.18783743705207,9.35781587978456
1,0.30000000000000004,18.54236243050442,7.725830117310187
2,0.5000000000000001,0.21311475409836064,0.05243213500997451
3,0.7000000000000001,0.17857142857142858,0.07237888244444442
4,0.9000000000000001,0.09090909090909091,0.061290896587567444
