,discretized_reward_proportion,interconnectivity_strength_mean,interconnectivity_strength_err
0,0.1,33.028929302350576,4.137161003074175
1,0.30000000000000004,32.83416415031074,5.062626705813778
2,0.5000000000000001,28.59221645261283,2.907697981166798
3,0.7000000000000001,40.50227329922909,5.732586548129998
4,0.9000000000000001,29.631957227938447,2.6529777584584187
