,discretized_reward_proportion,interconnectivity_strength_mean,interconnectivity_strength_err
0,0.1,17.785557156498708,2.5503288380375113
1,0.30000000000000004,14.744059668515744,3.0612465332401833
2,0.5000000000000001,18.927891638299837,3.8811098973333915
3,0.7000000000000001,51.693705678519116,12.237889255146992
4,0.9000000000000001,43.29827800408323,7.820848647121442
