,discretized_reward_proportion,interconnectivity_strength_mean,interconnectivity_strength_err
0,0.1,18.53886666976775,1.3938154417737303
1,0.30000000000000004,14.28656953991721,2.2948567439075527
2,0.5000000000000001,6.487205349830709,1.7041376653695377
3,0.7000000000000001,13.421436387091285,1.6375339069673251
4,0.9000000000000001,93.30648142933019,21.756065050471324
