,discretized_reward_proportion,interconnectivity_strength_mean,interconnectivity_strength_err
0,0.1,3.705796540113861,1.1503174193184895
1,0.30000000000000004,3.1584392751116357,1.1317049893941324
2,0.5000000000000001,0.9916172403828418,0.6905085976552758
3,0.7000000000000001,6.041075236537723,1.126275978984211
4,0.9000000000000001,3.455658422803126,0.7068551082242577
