,discretized_reward_proportion,interconnectivity_strength_mean,interconnectivity_strength_err
0,0.1,22.320479328064717,2.3981589195110176
1,0.30000000000000004,22.89511648785556,3.2054651557930187
2,0.5000000000000001,31.009635512415773,4.806505843000908
3,0.7000000000000001,26.015760130489785,1.579511570264141
4,0.9000000000000001,43.89539971908755,3.7687609741640546
