,discretized_reward_proportion,interconnectivity_strength_mean,interconnectivity_strength_err
0,0.1,11.145752375681202,0.9521841516228865
1,0.30000000000000004,12.960699079375054,0.6983077914860046
2,0.5000000000000001,13.327440459027278,0.6416953182671696
3,0.7000000000000001,13.192369247344889,0.7832208955144625
4,0.9000000000000001,14.89560010357934,0.8605490777283151
