,discretized_reward_proportion,interconnectivity_strength_mean,interconnectivity_strength_err
0,0.1,8.853950982035633,0.5580858240447704
1,0.30000000000000004,9.315022045854326,0.337587247598687
2,0.5000000000000001,7.376134128837165,0.41717848407542346
3,0.7000000000000001,6.2122001967286895,0.27485636427203214
4,0.9000000000000001,6.3466051764959674,0.20598506976523348
