,discretized_reward_proportion,interconnectivity_strength_mean,interconnectivity_strength_err
0,0.1,273.8223410897249,60.45653784044742
1,0.30000000000000004,88.52334196545112,28.3031224467696
2,0.5000000000000001,14.66364381474798,1.1666935956021847
3,0.7000000000000001,23.798289020617563,3.8160086167568164
4,0.9000000000000001,32.696857940949826,3.745748057255027
