,discretized_reward_proportion,interconnectivity_strength_mean,interconnectivity_strength_err
0,0.1,4.160479425642532,1.4415924567882716
1,0.30000000000000004,5.869942344280966,2.2686694212929615
2,0.5000000000000001,8.198610922183656,2.9256760811609457
3,0.7000000000000001,4.2077306551852605,1.654235556797703
4,0.9000000000000001,5.595999353851498,1.3653803252009105
