,discretized_reward_proportion,interconnectivity_strength_mean,interconnectivity_strength_err
0,0.1,5.620695192562872,0.24485961354193833
1,0.30000000000000004,5.714435265186135,0.16241196693346566
2,0.5000000000000001,5.506206940539212,0.14936199403579092
3,0.7000000000000001,4.546322149105578,0.14197263065669022
4,0.9000000000000001,4.468739223117818,0.12401068313329389
