,discretized_reward_proportion,interconnectivity_strength_mean,interconnectivity_strength_err
0,0.1,38.12033598817333,12.709284276170331
1,0.30000000000000004,40.24949499945423,11.709692939060327
2,0.5000000000000001,15.491081086294521,5.568953520541371
3,0.7000000000000001,19.392830867890286,4.50537561177657
4,0.9000000000000001,24.589916998670123,5.0252486369475555
