,discretized_reward_proportion,interconnectivity_strength_mean,interconnectivity_strength_err
0,0.1,20.416713811375455,4.558496017707218
1,0.30000000000000004,13.067221455375641,0.8738961780592095
2,0.5000000000000001,14.131682611000329,1.4189237810909106
3,0.7000000000000001,18.080593607051984,1.3468121099007004
4,0.9000000000000001,,
