,discretized_reward_proportion,interconnectivity_strength_mean,interconnectivity_strength_err
0,0.1,166.34041385044054,54.55670328018357
1,0.30000000000000004,98.45597282221459,16.81573182415003
2,0.5000000000000001,23.629627184666326,2.87071985104739
3,0.7000000000000001,15.306102169084518,1.4166777847584189
4,0.9000000000000001,11.350381411487328,0.6503847069160914
