,discretized_reward_proportion,interconnectivity_strength_mean,interconnectivity_strength_err
0,0.1,24.52772856035978,2.28486905485276
1,0.30000000000000004,37.0796127566199,4.725089463547686
2,0.5000000000000001,63.513156647858516,7.748800025588291
3,0.7000000000000001,32.21083510850347,8.350930763183179
4,0.9000000000000001,6.668553010801813,2.4508722542581047
