,discretized_reward_proportion,interconnectivity_strength_mean,interconnectivity_strength_err
0,0.1,42.35136054758954,3.368943253759681
1,0.30000000000000004,24.56045487039494,3.6927744361085306
2,0.5000000000000001,33.702047893121005,4.732535500450605
3,0.7000000000000001,12.097867327223138,3.050096801666438
4,0.9000000000000001,22.769777170706345,3.6173475986248134
