,discretized_reward_proportion,interconnectivity_strength_mean,interconnectivity_strength_err
0,0.1,8.089667256896513,0.24671926197503044
1,0.30000000000000004,7.69085669434239,0.5230609139427649
2,0.5000000000000001,7.176351666685062,0.4569424420729957
3,0.7000000000000001,5.2012469598470625,0.3119923569721412
4,0.9000000000000001,3.6416909005730402,0.1532489827000785
