,discretized_reward_proportion,interconnectivity_strength_mean,interconnectivity_strength_err
0,0.1,20.929222550249236,6.316702469053808
1,0.30000000000000004,50.656151908788566,8.545909760002528
2,0.5000000000000001,47.9835524560244,6.957450574430873
3,0.7000000000000001,43.868220327712,3.5021079934617387
4,0.9000000000000001,18.3900793423626,3.4966695938649073
