,discretized_reward_proportion,interconnectivity_strength_mean,interconnectivity_strength_err
0,0.1,3.806276638662506,0.16949157677789375
1,0.30000000000000004,6.611559880991144,0.9988858327106318
2,0.5000000000000001,7.917930327103866,0.44565125572444786
3,0.7000000000000001,9.418121996547846,0.4537775011829911
4,0.9000000000000001,9.267946788447874,0.5164787777280657
