,discretized_reward_proportion,interconnectivity_strength_mean,interconnectivity_strength_err
0,0.1,4.361493687972892,0.1896482357477943
1,0.30000000000000004,4.000736429212474,0.4727685013378385
2,0.5000000000000001,3.685841997611797,0.5315464065124766
3,0.7000000000000001,7.484205856756274,0.9043711680916706
4,0.9000000000000001,6.895073116018623,0.981060855541842
