,discretized_reward_proportion,interconnectivity_strength_mean,interconnectivity_strength_err
0,0.1,28.219592218041736,1.822017757686507
1,0.30000000000000004,27.126449575965992,2.64354552564543
2,0.5000000000000001,13.958719723441243,2.1205306084594677
3,0.7000000000000001,10.351811682901166,2.2009310335308965
4,0.9000000000000001,8.777819200666867,2.093351085693991
