,discretized_reward_proportion,interconnectivity_strength_mean,interconnectivity_strength_err
0,0.1,15.565859051737297,1.362068945697078
1,0.30000000000000004,21.392885386728484,1.7089246315757713
2,0.5000000000000001,22.724759830178805,2.0081248431460317
3,0.7000000000000001,24.867795352741048,1.8502672817862051
4,0.9000000000000001,22.017389888407013,1.9234911837083302
