,discretized_reward_proportion,interconnectivity_strength_mean,interconnectivity_strength_err
0,0.1,124.07268476303916,28.543315524512458
1,0.30000000000000004,127.07547663579956,32.41153882798861
2,0.5000000000000001,60.528152912964366,20.8374425980877
3,0.7000000000000001,31.47993890734054,7.512039490182946
4,0.9000000000000001,31.85622661475068,5.5188824616643135
