,discretized_reward_proportion,interconnectivity_strength_mean,interconnectivity_strength_err
0,0.1,32.35296424328104,6.311988105355395
1,0.30000000000000004,14.201724646724958,0.8047140472685504
2,0.5000000000000001,9.841091911701227,0.6526516963016815
3,0.7000000000000001,7.7303197273862345,0.3334493043832034
4,0.9000000000000001,7.377732283886455,0.2370044865725177
