,discretized_reward_proportion,interconnectivity_strength_mean,interconnectivity_strength_err
0,0.1,25.323627714981125,1.1472962641110214
1,0.30000000000000004,9.847516655092644,0.47964508718670096
2,0.5000000000000001,12.058260034753765,0.778901216100865
3,0.7000000000000001,15.015843338243423,1.3935543652691325
4,0.9000000000000001,13.040589154166616,1.4994259068922131
