,discretized_reward_proportion,interconnectivity_strength_mean,interconnectivity_strength_err
0,0.1,31.26350604193395,4.999526980860128
1,0.30000000000000004,36.073661402110616,3.566328579721524
2,0.5000000000000001,22.377130016886394,3.1492615396047197
3,0.7000000000000001,24.72530494148861,2.5726385689740794
4,0.9000000000000001,24.671978044239363,1.9309016085275312
