,discretized_reward_proportion,interconnectivity_strength_mean,interconnectivity_strength_err
0,0.1,30.49622646142752,5.324290868747503
1,0.30000000000000004,25.489744743492842,2.49486868598242
2,0.5000000000000001,22.20783315093452,2.47028171872915
3,0.7000000000000001,24.659217147772512,2.4506021697376004
4,0.9000000000000001,21.98997391958635,2.068957013359719
