,discretized_reward_proportion,interconnectivity_strength_mean,interconnectivity_strength_err
0,0.1,13.29963506129217,1.5841519284363925
1,0.30000000000000004,46.80288955371433,6.005384802603905
2,0.5000000000000001,23.83260959875461,5.925992222917053
3,0.7000000000000001,4.3304176616570675,2.0766250603163443
4,0.9000000000000001,0.0,0.0
