,discretized_reward_proportion,interconnectivity_strength_mean,interconnectivity_strength_err
0,0.1,79.37312046773383,17.54021139363547
1,0.30000000000000004,36.24870573937794,2.9491063005407647
2,0.5000000000000001,24.74628789108945,1.8741656043767756
3,0.7000000000000001,35.44307911219413,3.1621442993387836
4,0.9000000000000001,17.019970016919384,0.9104406096824247
