,discretized_reward_proportion,interconnectivity_strength_mean,interconnectivity_strength_err
0,0.1,13.882169557565256,0.6721473755467066
1,0.30000000000000004,15.4834807237001,1.4802444572646536
2,0.5000000000000001,34.3283882796316,6.152817618218411
3,0.7000000000000001,9.675649584000057,0.2744127394988972
4,0.9000000000000001,9.898451135309374,0.6178921578092699
