,discretized_reward_proportion,interconnectivity_strength_mean,interconnectivity_strength_err
0,0.1,86.51237949873052,14.333633509562594
1,0.30000000000000004,12.418155245258129,2.916971321352997
2,0.5000000000000001,9.717024564966732,3.448327877242058
3,0.7000000000000001,8.397773836561786,5.284443189637142
4,0.9000000000000001,9.060880115059721,4.166848167643465
