,discretized_reward_proportion,interconnectivity_strength_mean,interconnectivity_strength_err
0,0.1,182.4130923609205,37.75209574764761
1,0.30000000000000004,6.778924984473532,2.2888780262789963
2,0.5000000000000001,29.581467076625692,4.569372346464605
3,0.7000000000000001,50.01442896208846,10.19335366513765
4,0.9000000000000001,28.97782663403368,3.912098716115021
