,discretized_reward_proportion,interconnectivity_strength_mean,interconnectivity_strength_err
0,0.1,7.760583124843548,2.3512375589800993
1,0.30000000000000004,10.691546192809138,2.4553328769616685
2,0.5000000000000001,31.15720324668997,6.151997104069159
3,0.7000000000000001,30.667372649458976,2.7523617397656444
4,0.9000000000000001,20.34937621270977,2.642482903386666
