,discretized_reward_proportion,interconnectivity_strength_mean,interconnectivity_strength_err
0,0.1,4.535303681703297,1.0812411529865271
1,0.30000000000000004,2.5459891960081205,0.733785905253987
2,0.5000000000000001,6.733109523562236,0.5563158661317771
3,0.7000000000000001,5.1000125536326095,0.5303202086176086
4,0.9000000000000001,8.119747813301823,0.5300668913285002
