,discretized_reward_proportion,interconnectivity_strength_mean,interconnectivity_strength_err
0,0.1,19.448593612728878,1.8590562124832353
1,0.30000000000000004,18.972800372113426,2.202807514880737
2,0.5000000000000001,14.932088123871731,1.0245807623096836
3,0.7000000000000001,11.166064288716889,0.5955683621645153
4,0.9000000000000001,10.5147874441751,0.39870112542742003
