,discretized_reward_proportion,interconnectivity_strength_mean,interconnectivity_strength_err
0,0.1,1.1746598925833065,0.8110260238549284
1,0.30000000000000004,1.9473273098556507,0.9518735935554873
2,0.5000000000000001,7.179586903540834,3.3725909420118296
3,0.7000000000000001,25.284746674637372,5.80019870919503
4,0.9000000000000001,44.556402219295336,6.211057990154569
