,discretized_reward_proportion,interconnectivity_strength_mean,interconnectivity_strength_err
0,0.1,18.15285169364358,1.7306274966049653
1,0.30000000000000004,19.364388319783604,1.6597193206741399
2,0.5000000000000001,9.94927225094122,0.673110186261403
3,0.7000000000000001,8.8401557153782,0.39105927321613865
4,0.9000000000000001,8.628777374544962,0.32004442898376967
