,discretized_reward_proportion,interconnectivity_strength_mean,interconnectivity_strength_err
0,0.1,27.814302057177954,2.232923823867547
1,0.30000000000000004,16.155876333840585,3.3931581345902546
2,0.5000000000000001,9.919662735526476,0.3853624831255915
3,0.7000000000000001,10.554109170159112,0.30443857456280154
4,0.9000000000000001,10.62988228495537,0.3070848286971809
