,discretized_reward_proportion,interconnectivity_strength_mean,interconnectivity_strength_err
0,0.1,38.15437780359043,3.71333048271608
1,0.30000000000000004,17.35350911893528,1.7270280054516969
2,0.5000000000000001,11.308742365780018,0.7848304083681162
3,0.7000000000000001,13.057959381028477,0.9719973424309547
4,0.9000000000000001,9.539731326688313,0.8520651425101134
