,discretized_reward_proportion,interconnectivity_strength_mean,interconnectivity_strength_err
0,0.1,46.66468660818347,2.5824814759013646
1,0.30000000000000004,132.62408424145067,39.087236569886905
2,0.5000000000000001,63.642117971870235,14.266152975185802
3,0.7000000000000001,108.3177089930989,11.655270583809003
4,0.9000000000000001,75.54318670294498,7.867583585466997
