,discretized_reward_proportion,interconnectivity_strength_mean,interconnectivity_strength_err
0,0.1,15.294106895572575,0.8042459875555457
1,0.30000000000000004,16.8863064567075,1.4590037118264008
2,0.5000000000000001,10.435977802581473,0.5508088938679304
3,0.7000000000000001,8.908217790806333,0.2752868347270367
4,0.9000000000000001,10.375283916589693,0.4994935161357941
