,discretized_reward_proportion,interconnectivity_strength_mean,interconnectivity_strength_err
0,0.1,9.350127265716988,1.1391120247349953
1,0.30000000000000004,7.282917972479762,0.9160244083954243
2,0.5000000000000001,9.997961895990578,1.4524558467410515
3,0.7000000000000001,9.296698367869952,0.9391805725624779
4,0.9000000000000001,14.396109908469798,1.3893216529601304
