,discretized_reward_proportion,interconnectivity_strength_mean,interconnectivity_strength_err
0,0.1,4.587961688549588,0.30520506315146145
1,0.30000000000000004,7.8530172111943415,0.31006937985771044
2,0.5000000000000001,8.981056350430814,0.9456294552995002
3,0.7000000000000001,7.629338547888342,0.4711323132781822
4,0.9000000000000001,7.099793592505871,0.3304542838518331
