,discretized_reward_proportion,interconnectivity_strength_mean,interconnectivity_strength_err
0,0.1,6.7614773881079335,0.7801198142170693
1,0.30000000000000004,22.497986756510613,5.069171507960201
2,0.5000000000000001,19.441326251403368,4.024197251428691
3,0.7000000000000001,3.4734899600498874,1.2661180592344008
4,0.9000000000000001,0.0,0.0
