,discretized_reward_proportion,interconnectivity_strength_mean,interconnectivity_strength_err
0,0.1,24.703595840494163,4.67341386214833
1,0.30000000000000004,26.5652804517552,7.734473910562382
2,0.5000000000000001,15.019502013104539,2.98891024367586
3,0.7000000000000001,11.714361651382871,3.119349050720111
4,0.9000000000000001,0.045454545454545456,0.044409473678108845
