,discretized_reward_proportion,interconnectivity_strength_mean,interconnectivity_strength_err
0,0.1,23.041304074557253,2.6897138100763054
1,0.30000000000000004,19.386007332099297,4.850652071689193
2,0.5000000000000001,4.67081566062477,3.2482384079145445
3,0.7000000000000001,0.0,0.0
4,0.9000000000000001,0.0,0.0
