,discretized_reward_proportion,interconnectivity_strength_mean,interconnectivity_strength_err
0,0.1,79.08691140086667,6.289650086624633
1,0.30000000000000004,31.24499839734199,3.7806904837077173
2,0.5000000000000001,20.904017415429454,1.9478175290357764
3,0.7000000000000001,43.24353143666421,5.249801689364674
4,0.9000000000000001,96.26561310907124,8.39376055007283
