,discretized_reward_proportion,interconnectivity_strength_mean,interconnectivity_strength_err
0,0.1,23.223282740004304,5.396317878921058
1,0.30000000000000004,11.009528433718616,1.7063481524096917
2,0.5000000000000001,8.345219678351254,0.8771234616198571
3,0.7000000000000001,8.92770819893073,0.7081745259483497
4,0.9000000000000001,7.879604637511416,0.6067112349514566
