,discretized_reward_proportion,interconnectivity_strength_mean,interconnectivity_strength_err
0,0.1,119.03741958898526,17.20796383925857
1,0.30000000000000004,125.8726540721644,16.610524304931655
2,0.5000000000000001,43.485705830228234,14.379224697873918
3,0.7000000000000001,22.3312492746178,3.8787033041215215
4,0.9000000000000001,21.645898654840295,4.0925603885740935
