,discretized_reward_proportion,interconnectivity_strength_mean,interconnectivity_strength_err
0,0.1,42.23515548943102,7.013747530501787
1,0.30000000000000004,32.813315131345355,6.605890282231902
2,0.5000000000000001,23.445586481945536,1.8849030911957532
3,0.7000000000000001,12.78499187465074,0.8506845045801519
4,0.9000000000000001,11.3075706902791,0.5815365475306828
