,discretized_reward_proportion,interconnectivity_strength_mean,interconnectivity_strength_err
0,0.1,34.10696838437056,2.948698742395926
1,0.30000000000000004,94.50257528341699,22.74672474936441
2,0.5000000000000001,54.94058036487771,11.468678329251974
3,0.7000000000000001,12.862507138680911,1.0193323058612955
4,0.9000000000000001,12.670219920096057,0.8078738113860386
