,discretized_reward_proportion,interconnectivity_strength_mean,interconnectivity_strength_err
0,0.1,19.300575921024418,0.4859821439501259
1,0.30000000000000004,20.474315863208417,1.4014511859519143
2,0.5000000000000001,13.922073247022563,1.149858084252983
3,0.7000000000000001,10.269895078153194,0.5066053222522445
4,0.9000000000000001,12.770235783372657,0.5648232458693306
