,discretized_reward_proportion,interconnectivity_strength_mean,interconnectivity_strength_err
0,0.1,0.6879562370079901,0.2925392500150319
1,0.30000000000000004,1.7370630092547708,0.6289958943346293
2,0.5000000000000001,13.515225017108419,6.096539307655061
3,0.7000000000000001,65.77413206985507,10.852021049211684
4,0.9000000000000001,86.57280841584995,14.509063442748309
