,discretized_reward_proportion,interconnectivity_strength_mean,interconnectivity_strength_err
0,0.1,37.278679439067986,1.2944032797059044
1,0.30000000000000004,27.014248263188094,1.0510907328986958
2,0.5000000000000001,22.06995537584641,1.7719878750629123
3,0.7000000000000001,14.284268218913185,2.1845956456843787
4,0.9000000000000001,8.878407145129577,2.5315616066194644
