,discretized_reward_proportion,interconnectivity_strength_mean,interconnectivity_strength_err
0,0.1,46.031614504187026,5.886088220247984
1,0.30000000000000004,54.4656907007825,5.776916508886943
2,0.5000000000000001,79.22633217685542,6.692956499473578
3,0.7000000000000001,29.54399501037212,8.10755967284507
4,0.9000000000000001,22.522142242696574,2.7575042298163934
