,discretized_reward_proportion,interconnectivity_strength_mean,interconnectivity_strength_err
0,0.1,7.473541977880842,0.7265926629108436
1,0.30000000000000004,17.8439781946441,1.8954570863020923
2,0.5000000000000001,18.37367387299604,1.0241021838480757
3,0.7000000000000001,15.2003165140147,0.7461857580624892
4,0.9000000000000001,12.759190343232904,0.5456247867428399
