,discretized_reward_proportion,interconnectivity_strength_mean,interconnectivity_strength_err
0,0.1,48.91598678892218,8.063710086738592
1,0.30000000000000004,40.15879811729516,6.300109645672672
2,0.5000000000000001,30.812300084556565,7.434677054251135
3,0.7000000000000001,15.070833771186445,2.7629403326575046
4,0.9000000000000001,78.38183107452457,14.47988076758881
