,discretized_reward_proportion,interconnectivity_strength_mean,interconnectivity_strength_err
0,0.1,4.390209172621699,0.6198560401801624
1,0.30000000000000004,18.177187187653256,4.263601634967099
2,0.5000000000000001,15.468189690988341,3.4498396927935095
3,0.7000000000000001,6.275861752384253,2.225054409015051
4,0.9000000000000001,0.3191489361702128,0.06799450739889032
