,discretized_reward_proportion,interconnectivity_strength_mean,interconnectivity_strength_err
0,0.1,17.268124250972168,2.7834457349669663
1,0.30000000000000004,27.372801993855532,3.7179787549332746
2,0.5000000000000001,22.113834353906235,2.9900025161503403
3,0.7000000000000001,17.88795897100123,1.8302021131170265
4,0.9000000000000001,24.027579195914747,2.156336324092886
