,discretized_reward_proportion,interconnectivity_strength_mean,interconnectivity_strength_err
0,0.1,19.28660435132073,5.980026533590616
1,0.30000000000000004,21.526487791950625,5.094620027298528
2,0.5000000000000001,16.4857586702595,4.418843113497185
3,0.7000000000000001,27.858098325378734,5.8887214385880355
4,0.9000000000000001,13.194068242889333,2.0962231262875615
