,discretized_reward_proportion,interconnectivity_strength_mean,interconnectivity_strength_err
0,0.1,9.795593229181916,1.8275290970754303
1,0.30000000000000004,9.70804475176856,2.3681303478047027
2,0.5000000000000001,11.01371310364518,3.3761266632929083
3,0.7000000000000001,3.3496382571431624,0.8526871837366105
4,0.9000000000000001,5.798961286996336,0.8260267982880062
