,discretized_reward_proportion,interconnectivity_strength_mean,interconnectivity_strength_err
0,0.1,27.61324291480367,1.4484146389543704
1,0.30000000000000004,16.392175747597985,0.9256554344502667
2,0.5000000000000001,17.31948421578772,2.656901921791311
3,0.7000000000000001,14.64467402018498,2.8137482988378775
4,0.9000000000000001,15.499955084448507,5.250596941408065
