,discretized_reward_proportion,interconnectivity_strength_mean,interconnectivity_strength_err
0,0.1,7.298117464481035,0.2787572908775459
1,0.30000000000000004,6.3642184470896686,0.2009952381715849
2,0.5000000000000001,5.435143231196877,0.2630169764477253
3,0.7000000000000001,4.369882404091702,0.120027477776599
4,0.9000000000000001,4.135092511553179,0.0751260410345376
