,discretized_reward_proportion,interconnectivity_strength_mean,interconnectivity_strength_err
0,0.1,17.868991022695777,4.800850264783887
1,0.30000000000000004,47.55998652300969,6.1621815910621835
2,0.5000000000000001,41.53738130283419,4.929858234150254
3,0.7000000000000001,36.22227674441635,6.141884998831539
4,0.9000000000000001,44.92615159653489,9.738853952158431
