,discretized_reward_proportion,interconnectivity_strength_mean,interconnectivity_strength_err
0,0.1,22.188177926094575,3.2007334737096853
1,0.30000000000000004,45.92508379120972,6.428719220733704
2,0.5000000000000001,59.694156346251866,4.456145677594265
3,0.7000000000000001,48.2300691901861,4.6964919783970815
4,0.9000000000000001,26.836372288115452,3.321809462488035
