,discretized_reward_proportion,interconnectivity_strength_mean,interconnectivity_strength_err
0,0.1,23.98091883845411,3.1482151575023365
1,0.30000000000000004,28.489395856827645,3.386689550011365
2,0.5000000000000001,30.196042861431444,2.2485585606890837
3,0.7000000000000001,25.37558405330364,1.7676195787516753
4,0.9000000000000001,27.039529168731757,2.316801410703526
