,discretized_reward_proportion,interconnectivity_strength_mean,interconnectivity_strength_err
0,0.1,100.0649129988342,24.05208216522659
1,0.30000000000000004,27.287293971839357,10.39880160972759
2,0.5000000000000001,19.97825317983674,3.3908047750092916
3,0.7000000000000001,58.16187417090953,9.08439970366467
4,0.9000000000000001,42.8278799900397,4.628894269461458
