,discretized_reward_proportion,interconnectivity_strength_mean,interconnectivity_strength_err
0,0.1,16.862634121953477,1.3014869224172112
1,0.30000000000000004,20.309136391035103,1.3060890557375409
2,0.5000000000000001,18.909599401609885,2.1971719497304463
3,0.7000000000000001,17.448868826158307,1.0261714742652353
4,0.9000000000000001,16.042751526240178,1.0922776311681566
