,discretized_reward_proportion,interconnectivity_strength_mean,interconnectivity_strength_err
0,0.1,36.732011286044376,3.461256430357733
1,0.30000000000000004,53.02766427844612,8.619125908087502
2,0.5000000000000001,22.46941533583261,3.2399766794600073
3,0.7000000000000001,11.637952584139697,1.9806254309069231
4,0.9000000000000001,42.37756312323345,12.183164401516477
