,discretized_reward_proportion,interconnectivity_strength_mean,interconnectivity_strength_err
0,0.1,121.87170931787601,15.824218348259702
1,0.30000000000000004,57.598654194396794,9.072857926289789
2,0.5000000000000001,94.30727997715881,16.87352774863957
3,0.7000000000000001,67.71937326841855,13.816178539392912
4,0.9000000000000001,89.74583978002197,31.39113960509757
