,discretized_reward_proportion,interconnectivity_strength_mean,interconnectivity_strength_err
0,0.1,0.0,0.0
1,0.30000000000000004,7.9411327372815235,3.21218812685809
2,0.5000000000000001,29.521252739741858,5.386674265620464
3,0.7000000000000001,21.121624676885638,2.459140045804713
4,0.9000000000000001,18.016656780138774,2.3510045516167755
