,discretized_reward_proportion,interconnectivity_strength_mean,interconnectivity_strength_err
0,0.1,5.029871794640602,1.2301066580266995
1,0.30000000000000004,2.7777686780552373,0.8395957932093362
2,0.5000000000000001,8.806830147271826,1.1643917762783038
3,0.7000000000000001,8.274542684592033,1.3897658327013955
4,0.9000000000000001,9.1759945124197,0.5559415476113311
