,discretized_reward_proportion,interconnectivity_strength_mean,interconnectivity_strength_err
0,0.1,7.452532031113058,1.0784279504903336
1,0.30000000000000004,15.121754135607793,2.1032145512951184
2,0.5000000000000001,11.643535075453569,1.8228792216547836
3,0.7000000000000001,9.647292790908036,1.775502109193731
4,0.9000000000000001,7.371341831222551,0.9207310284082723
