,discretized_reward_proportion,interconnectivity_strength_mean,interconnectivity_strength_err
0,0.1,45.294353269689374,7.377058834786754
1,0.30000000000000004,68.15213687742151,5.4029415499820335
2,0.5000000000000001,45.94931572508435,5.277841160235166
3,0.7000000000000001,74.88826613975246,6.893598255610953
4,0.9000000000000001,83.28326726994649,5.747136557088026
