,discretized_reward_proportion,interconnectivity_strength_mean,interconnectivity_strength_err
0,0.1,14.08012589014554,2.2081174853647902
1,0.30000000000000004,21.725089303207465,4.687344406392223
2,0.5000000000000001,15.030859887125372,3.8946393231098124
3,0.7000000000000001,13.99825635229882,0.45605319436279873
4,0.9000000000000001,16.063599305730786,2.0166030835432904
