,discretized_reward_proportion,interconnectivity_strength_mean,interconnectivity_strength_err
0,0.1,26.87139025014394,1.9739600433378157
1,0.30000000000000004,19.956532911036234,5.331113900602095
2,0.5000000000000001,44.43056473847158,11.744641671222258
3,0.7000000000000001,12.48902075705783,0.7701053418826679
4,0.9000000000000001,19.499051307340107,0.8771758022326847
