,discretized_reward_proportion,interconnectivity_strength_mean,interconnectivity_strength_err
0,0.1,247.70707115514307,32.12322953346224
1,0.30000000000000004,94.5357140893651,6.563403906847527
2,0.5000000000000001,58.140610693837026,10.9431518529446
3,0.7000000000000001,362.0728044242208,93.29418931292399
4,0.9000000000000001,68.87836405312272,65.14094141281299
