,discretized_reward_proportion,interconnectivity_strength_mean,interconnectivity_strength_err
0,0.1,35.384345918725316,1.5450100708879946
1,0.30000000000000004,32.66268052012095,2.8942129574026376
2,0.5000000000000001,30.780624966640612,3.6141140013563087
3,0.7000000000000001,25.919774620825162,6.168806737540439
4,0.9000000000000001,3.5509524585704453,2.492302033385806
