,discretized_reward_proportion,interconnectivity_strength_mean,interconnectivity_strength_err
0,0.1,36.504111061747984,2.6513202162689153
1,0.30000000000000004,20.245878723196984,2.456523612386684
2,0.5000000000000001,24.034043377443574,3.367526583946394
3,0.7000000000000001,27.2424604149136,9.314727001544162
4,0.9000000000000001,6.534726389325807,1.7491060971673265
