,discretized_reward_proportion,interconnectivity_strength_mean,interconnectivity_strength_err
0,0.1,92.27319974357474,29.50237215096276
1,0.30000000000000004,0.140625,0.04345428801032615
2,0.5000000000000001,0.0,0.0
3,0.7000000000000001,0.0,0.0
4,0.9000000000000001,0.0,0.0
