,discretized_reward_proportion,interconnectivity_strength_mean,interconnectivity_strength_err
0,0.1,16.26308028198856,0.9149489609448258
1,0.30000000000000004,8.665608418059659,0.6810588595436812
2,0.5000000000000001,8.296290985847827,0.5975886049324866
3,0.7000000000000001,7.765293020477734,0.9957734905162654
4,0.9000000000000001,13.87738921644084,0.7453000957565575
