,discretized_reward_proportion,interconnectivity_strength_mean,interconnectivity_strength_err
0,0.1,11.961121265438734,0.9217697340989751
1,0.30000000000000004,10.127514908241691,0.8281536440271456
2,0.5000000000000001,6.158746938781554,0.548336028283661
3,0.7000000000000001,5.998575671011443,0.23166404724969092
4,0.9000000000000001,8.209701393535543,0.4645139056584188
