,discretized_reward_proportion,interconnectivity_strength_mean,interconnectivity_strength_err
0,0.1,19.95947835620842,7.771086500646022
1,0.30000000000000004,30.910488975478195,9.47070442582812
2,0.5000000000000001,20.056347765120172,7.062981931205641
3,0.7000000000000001,4.713141668993604,3.0531205994389445
4,0.9000000000000001,25.681531381295347,5.508079673854118
