,discretized_reward_proportion,interconnectivity_strength_mean,interconnectivity_strength_err
0,0.1,10.091320760313485,0.4622505146904042
1,0.30000000000000004,10.632684664780635,0.8301000613662236
2,0.5000000000000001,8.304567344270872,0.33476939847661413
3,0.7000000000000001,9.326718534274915,0.8692036466298639
4,0.9000000000000001,7.474799604406121,0.34021957216253185
