,discretized_reward_proportion,interconnectivity_strength_mean,interconnectivity_strength_err
0,0.1,43.115728050860675,4.072372962878744
1,0.30000000000000004,16.623897406575573,1.0676521129165466
2,0.5000000000000001,12.450686768009318,1.350051253153615
3,0.7000000000000001,6.026833547544286,1.1079130649070468
4,0.9000000000000001,4.753873236484023,1.1450088034551575
