,discretized_reward_proportion,interconnectivity_strength_mean,interconnectivity_strength_err
0,0.1,8.55893282628693,0.4063166016746936
1,0.30000000000000004,7.753292770941526,0.318514153280313
2,0.5000000000000001,6.882124327261621,0.2717095923407788
3,0.7000000000000001,5.973136851263127,0.22435201111715683
4,0.9000000000000001,5.419780285389844,0.1876049399604763
