,discretized_reward_proportion,interconnectivity_strength_mean,interconnectivity_strength_err
0,0.1,29.31443587774965,3.5915081215913873
1,0.30000000000000004,22.065899020401528,2.838481351645067
2,0.5000000000000001,31.16005378801936,4.794473471612269
3,0.7000000000000001,22.503750100896426,2.6864529988387797
4,0.9000000000000001,15.870253579367898,1.2978964418504473
