,discretized_reward_proportion,interconnectivity_strength_mean,interconnectivity_strength_err
0,0.1,12.495180920928778,1.0327096853139976
1,0.30000000000000004,11.64111413978463,0.8793110219835867
2,0.5000000000000001,15.999574571837542,1.342216203388706
3,0.7000000000000001,12.569275150763726,0.4121655978771884
4,0.9000000000000001,18.51020259885577,1.234571204301521
