,discretized_reward_proportion,interconnectivity_strength_mean,interconnectivity_strength_err
0,0.1,15.18952243148179,5.143627257028847
1,0.30000000000000004,15.744610066541046,1.7243167325254516
2,0.5000000000000001,9.494849124490534,1.086946797825243
3,0.7000000000000001,9.598469527157306,1.042469014823365
4,0.9000000000000001,26.562515277455617,3.6602564292837356
