,discretized_reward_proportion,interconnectivity_strength_mean,interconnectivity_strength_err
0,0.1,6.865980440632785,0.39536223269600784
1,0.30000000000000004,7.371211242028696,0.3250294995150867
2,0.5000000000000001,7.294757817665415,0.24300170971906354
3,0.7000000000000001,7.6250031740551005,0.1940109241531104
4,0.9000000000000001,7.686513712953532,0.21686417757190468
