,discretized_reward_proportion,interconnectivity_strength_mean,interconnectivity_strength_err
0,0.1,7.823870630335784,0.4528668643407647
1,0.30000000000000004,9.789791859778425,0.490831087822259
2,0.5000000000000001,9.74269664669697,0.35794419638210834
3,0.7000000000000001,10.321520842753042,0.34674183281739634
4,0.9000000000000001,10.71969472090271,0.45035849433235964
