,discretized_reward_proportion,interconnectivity_strength_mean,interconnectivity_strength_err
0,0.1,38.85917532722817,6.5389469705266725
1,0.30000000000000004,33.04740983718312,6.452523039053742
2,0.5000000000000001,20.15581314054539,5.467820427192736
3,0.7000000000000001,12.40188268198239,1.5666717795274963
4,0.9000000000000001,7.956349692966556,1.0420515034516964
