,discretized_reward_proportion,interconnectivity_strength_mean,interconnectivity_strength_err
0,0.1,17.34740924798903,3.037962370696884
1,0.30000000000000004,10.566096567714212,1.0038945184811845
2,0.5000000000000001,16.12342056931698,2.3147758079292338
3,0.7000000000000001,7.5627425250351905,0.5062641481923082
4,0.9000000000000001,11.504280169665781,1.0526685751822866
