,discretized_reward_proportion,interconnectivity_strength_mean,interconnectivity_strength_err
0,0.1,105.39481981465795,16.585061447289206
1,0.30000000000000004,37.54021172028797,8.327505753527594
2,0.5000000000000001,16.190952572227136,1.937150271306169
3,0.7000000000000001,25.271974556594586,6.663347288802906
4,0.9000000000000001,32.22711893974734,5.183973992500255
