,discretized_reward_proportion,interconnectivity_strength_mean,interconnectivity_strength_err
0,0.1,27.254383375401613,3.2143723342607715
1,0.30000000000000004,16.884241536375253,2.0083889178873653
2,0.5000000000000001,16.998931342838066,3.0795167793429465
3,0.7000000000000001,19.35218406390564,2.542803675856556
4,0.9000000000000001,21.692441742580307,3.3629964938294408
