,discretized_reward_proportion,interconnectivity_strength_mean,interconnectivity_strength_err
0,0.1,20.43726045979799,0.8931324702519069
1,0.30000000000000004,16.47147070205302,1.349174621293431
2,0.5000000000000001,19.885397955547255,1.3995987988850713
3,0.7000000000000001,19.541714549187766,0.9726870995202895
4,0.9000000000000001,12.842302865285882,0.9557783396775479
