,discretized_reward_proportion,interconnectivity_strength_mean,interconnectivity_strength_err
0,0.1,44.87116085409232,2.7383974624345386
1,0.30000000000000004,39.14808648498697,2.8753088606293673
2,0.5000000000000001,50.03950512736717,7.857294321444792
3,0.7000000000000001,81.02528177002385,23.378801250262427
4,0.9000000000000001,51.43936905104086,21.381139697465446
