,discretized_reward_proportion,interconnectivity_strength_mean,interconnectivity_strength_err
0,0.1,180.08473542088572,168.84270776414266
1,0.30000000000000004,297.7116105527845,190.17828131896272
2,0.5000000000000001,267.8176595095022,110.64776884216431
3,0.7000000000000001,58.988096528874266,26.184489127792116
4,0.9000000000000001,39.10588173931408,12.017794904076986
