,discretized_reward_proportion,interconnectivity_strength_mean,interconnectivity_strength_err
0,0.1,5.2844482580550265,0.3470556927587569
1,0.30000000000000004,3.7069290502100625,0.21153513102011717
2,0.5000000000000001,3.6931085657962948,0.23293938107483964
3,0.7000000000000001,3.257359926344462,0.12617189236466977
4,0.9000000000000001,3.780669817832616,0.15515498997871321
