,discretized_reward_proportion,interconnectivity_strength_mean,interconnectivity_strength_err
0,0.1,19.006042393364336,0.458172734016585
1,0.30000000000000004,14.38433309319907,0.7239138512809704
2,0.5000000000000001,15.105138768881368,1.0283719214309486
3,0.7000000000000001,13.607332380263136,1.2754400755848425
4,0.9000000000000001,10.604282442068941,1.0889146584487277
