,discretized_reward_proportion,interconnectivity_strength_mean,interconnectivity_strength_err
0,0.1,29.54708308275067,1.3158599081708482
1,0.30000000000000004,15.476815327582734,1.1616795975095158
2,0.5000000000000001,9.720696433431625,0.4981462437216486
3,0.7000000000000001,7.816342813451077,0.29478368858258097
4,0.9000000000000001,8.542258997884026,0.2927883834512903
