,discretized_reward_proportion,interconnectivity_strength_mean,interconnectivity_strength_err
0,0.1,61.80681788359521,3.82579660399867
1,0.30000000000000004,72.07599705129297,6.248162493345714
2,0.5000000000000001,80.81281037017638,8.466167505638147
3,0.7000000000000001,60.09951621035844,14.393709773628425
4,0.9000000000000001,,
