,discretized_reward_proportion,interconnectivity_strength_mean,interconnectivity_strength_err
0,0.1,49.91811636302252,9.152808649534208
1,0.30000000000000004,72.42588068026933,6.821247196703627
2,0.5000000000000001,50.63798770049171,7.204240481061858
3,0.7000000000000001,28.0229986408544,3.4546978776702937
4,0.9000000000000001,32.92110913740729,4.875757273511798
