,discretized_reward_proportion,interconnectivity_strength_mean,interconnectivity_strength_err
0,0.1,23.221361417529216,1.5549076165949107
1,0.30000000000000004,21.893363170545513,2.340864491584448
2,0.5000000000000001,60.79955583070274,10.653322388297331
3,0.7000000000000001,9.724002991931737,1.1589205273517948
4,0.9000000000000001,13.808252734539364,2.10772757082234
