,discretized_reward_proportion,interconnectivity_strength_mean,interconnectivity_strength_err
0,0.1,21.50321730860288,2.369640412004112
1,0.30000000000000004,10.898029561936017,0.9993197439056166
2,0.5000000000000001,12.493987920280206,0.9320496361753599
3,0.7000000000000001,12.032630095616668,0.6921530451291875
4,0.9000000000000001,10.877608530305983,0.6040557295589218
