,discretized_reward_proportion,interconnectivity_strength_mean,interconnectivity_strength_err
0,0.1,24.133907022209016,5.022566599996511
1,0.30000000000000004,16.846476600445264,4.028924244176283
2,0.5000000000000001,28.31214049432903,11.378834823253332
3,0.7000000000000001,72.32497824938943,12.886693522632388
4,0.9000000000000001,66.01130656638426,8.698090647084436
