,discretized_reward_proportion,interconnectivity_strength_mean,interconnectivity_strength_err
0,0.1,68.91434460579171,26.723286592074352
1,0.30000000000000004,177.20258292198412,70.30703445561434
2,0.5000000000000001,240.36660906334856,72.54975024143144
3,0.7000000000000001,17.45489868917726,4.441855339417487
4,0.9000000000000001,20.085361686843797,4.458737274362419
