,discretized_reward_proportion,interconnectivity_strength_mean,interconnectivity_strength_err
0,0.1,67.98963766294659,8.822907051748826
1,0.30000000000000004,56.763846962960734,11.02610621105478
2,0.5000000000000001,29.31877111091677,4.634914001523118
3,0.7000000000000001,29.210500347150944,4.134975805604068
4,0.9000000000000001,68.71966978020812,8.06912065294598
