,discretized_reward_proportion,interconnectivity_strength_mean,interconnectivity_strength_err
0,0.1,27.25007447278732,4.077113232673561
1,0.30000000000000004,28.058676860994876,5.020554960551542
2,0.5000000000000001,44.662396952895854,7.651321808905849
3,0.7000000000000001,17.997588047707957,4.423243198774589
4,0.9000000000000001,10.671331926819654,3.0084852027695583
