,discretized_reward_proportion,interconnectivity_strength_mean,interconnectivity_strength_err
0,0.1,17.955920731167968,0.7596672291797332
1,0.30000000000000004,18.45177929212967,2.0432764337063967
2,0.5000000000000001,27.64830991953516,5.075801064450205
3,0.7000000000000001,11.888486446789278,1.9926723016070655
4,0.9000000000000001,9.830230423310908,0.7860465782891658
