,discretized_reward_proportion,interconnectivity_strength_mean,interconnectivity_strength_err
0,0.1,2.9693957300238454,0.0682948003602982
1,0.30000000000000004,3.82737489457282,0.26439968239037986
2,0.5000000000000001,3.8923214047414976,0.2733841070263942
3,0.7000000000000001,3.139490029456589,0.11205014427574886
4,0.9000000000000001,3.3760945011530237,0.08064720175731421
