,discretized_reward_proportion,interconnectivity_strength_mean,interconnectivity_strength_err
0,0.1,7.949206001838946,1.1333635935154611
1,0.30000000000000004,9.770182608370586,1.593653958458962
2,0.5000000000000001,4.843003975423325,1.202942707963371
3,0.7000000000000001,3.2581294006240284,1.3215101652355083
4,0.9000000000000001,1.7994545810476863,1.213195035209625
