,discretized_reward_proportion,interconnectivity_strength_mean,interconnectivity_strength_err
0,0.1,10.32943046661912,0.5934282414134296
1,0.30000000000000004,8.338315330043152,0.8688268763330186
2,0.5000000000000001,14.697333216587076,1.8761332872869985
3,0.7000000000000001,879.2483247391385,182.31910812462206
4,0.9000000000000001,103.56182893760058,62.79599598748173
