,discretized_reward_proportion,interconnectivity_strength_mean,interconnectivity_strength_err
0,0.1,44.420205714193585,4.060695526274363
1,0.30000000000000004,48.771052802205176,5.8854683922113775
2,0.5000000000000001,42.45275616313155,4.525852141919895
3,0.7000000000000001,36.19674267798332,2.422498479303497
4,0.9000000000000001,38.07163867747085,3.1447198965761043
