,discretized_reward_proportion,interconnectivity_strength_mean,interconnectivity_strength_err
0,0.1,26.042231031922793,7.508998609194232
1,0.30000000000000004,9.50223684090036,4.780770208993787
2,0.5000000000000001,9.90851632992693,4.057478239316658
3,0.7000000000000001,3.7093104368782783,1.5187430121859926
4,0.9000000000000001,0.27102803738317754,0.04297052242557806
