,discretized_reward_proportion,interconnectivity_strength_mean,interconnectivity_strength_err
0,0.1,9.065815738105051,0.15002949436247087
1,0.30000000000000004,8.4981849922774,0.14961030916407808
2,0.5000000000000001,8.345754073107827,0.21330880337050656
3,0.7000000000000001,9.971179560882012,0.5246312994718305
4,0.9000000000000001,,
