,discretized_reward_proportion,interconnectivity_strength_mean,interconnectivity_strength_err
0,0.1,16.452056397131024,0.8586508981773303
1,0.30000000000000004,18.570918075814784,1.547439820361547
2,0.5000000000000001,16.02929530465612,1.4505740254017143
3,0.7000000000000001,9.298520396496784,0.33149928593858197
4,0.9000000000000001,9.036626136913931,0.2770193115772072
