,discretized_reward_proportion,interconnectivity_strength_mean,interconnectivity_strength_err
0,0.1,7.7965679593999475,1.5206094604366878
1,0.30000000000000004,20.994467982679964,2.7758933781637167
2,0.5000000000000001,9.830954411088461,2.9278527722935177
3,0.7000000000000001,6.295870125002277,1.5764826096151512
4,0.9000000000000001,16.409249525076838,1.956626821949084
