,discretized_reward_proportion,interconnectivity_strength_mean,interconnectivity_strength_err
0,0.1,0.0,0.0
1,0.30000000000000004,14.985886847168999,4.571837736563374
2,0.5000000000000001,8.39558093864223,2.4471408590477255
3,0.7000000000000001,6.457052213220105,1.5206096428020133
4,0.9000000000000001,5.821050763472562,1.4862985773138115
