,discretized_reward_proportion,interconnectivity_strength_mean,interconnectivity_strength_err
0,0.1,16.80281639310482,1.6322861273529004
1,0.30000000000000004,14.186585641778889,1.6328607840499707
2,0.5000000000000001,10.128711037002512,0.9228086307747492
3,0.7000000000000001,12.491271316095933,0.5754258542380194
4,0.9000000000000001,12.555411494754305,0.4242449915566166
