,discretized_reward_proportion,interconnectivity_strength_mean,interconnectivity_strength_err
0,0.1,28.960259245778584,1.5048998925536967
1,0.30000000000000004,14.767550863606848,1.2051066022573762
2,0.5000000000000001,11.121451068549618,0.5684408011453785
3,0.7000000000000001,10.895941707325433,0.7862004555149731
4,0.9000000000000001,9.771007563042538,0.5133665340233753
