,discretized_reward_proportion,interconnectivity_strength_mean,interconnectivity_strength_err
0,0.1,13.797694645049386,1.4245583320325288
1,0.30000000000000004,21.504511418761027,2.855451147863229
2,0.5000000000000001,26.138556803040395,2.2892629083098965
3,0.7000000000000001,17.970038694413955,1.182974945771049
4,0.9000000000000001,23.291481749511753,1.8270498054598463
