,discretized_reward_proportion,interconnectivity_strength_mean,interconnectivity_strength_err
0,0.1,25.968392788907092,2.9097497331500373
1,0.30000000000000004,20.80925813258924,1.0819413817512697
2,0.5000000000000001,13.594276135369634,0.8968824873592797
3,0.7000000000000001,11.217526065604996,0.4885506493023884
4,0.9000000000000001,14.294229123272224,0.6773108153006323
