,discretized_reward_proportion,interconnectivity_strength_mean,interconnectivity_strength_err
0,0.1,155.35070974807581,18.694186476946943
1,0.30000000000000004,105.67174310012363,18.729234560014334
2,0.5000000000000001,46.29587566446746,8.938963438220592
3,0.7000000000000001,41.2464455377506,8.829721793801452
4,0.9000000000000001,15.791985375069109,3.346374415784778
