,discretized_reward_proportion,interconnectivity_strength_mean,interconnectivity_strength_err
0,0.1,15.46603718853607,1.2925877136622324
1,0.30000000000000004,17.292071931190396,2.392599936082431
2,0.5000000000000001,7.845490177477191,0.7417343715447153
3,0.7000000000000001,6.542541655832681,0.9078127471182461
4,0.9000000000000001,7.563995724816841,0.4721366340535928
