,discretized_reward_proportion,interconnectivity_strength_mean,interconnectivity_strength_err
0,0.1,19.939171374344898,2.7209753489136643
1,0.30000000000000004,15.118804657294579,2.5781318395792816
2,0.5000000000000001,13.308376049611104,2.530424206838714
3,0.7000000000000001,12.93483721690385,1.540299720511506
4,0.9000000000000001,15.681722608948098,2.323676578729851
