,discretized_reward_proportion,interconnectivity_strength_mean,interconnectivity_strength_err
0,0.1,44.64319623597435,2.9802516730346484
1,0.30000000000000004,40.04625992789458,4.156872325331902
2,0.5000000000000001,18.75690276719619,3.7285690364083535
3,0.7000000000000001,14.173049881762232,5.381461117173322
4,0.9000000000000001,0.696969696969697,0.08000055652754638
