,discretized_reward_proportion,interconnectivity_strength_mean,interconnectivity_strength_err
0,0.1,34.982152378475064,5.452596646624819
1,0.30000000000000004,19.097910609498943,2.8056487882409007
2,0.5000000000000001,17.15316698795755,1.3213620678579525
3,0.7000000000000001,19.29596551544153,2.29724868103432
4,0.9000000000000001,12.534333941579634,1.819110095970194
