,discretized_reward_proportion,interconnectivity_strength_mean,interconnectivity_strength_err
0,0.1,19.508282759553815,0.9032762033217193
1,0.30000000000000004,24.197871563496882,1.0418311358544723
2,0.5000000000000001,27.154115206101228,2.4540269193652535
3,0.7000000000000001,34.6645640952522,2.9181184679164573
4,0.9000000000000001,24.05591423237185,1.9054911585141547
