,discretized_reward_proportion,interconnectivity_strength_mean,interconnectivity_strength_err
0,0.1,77.30641244917405,16.79125897171885
1,0.30000000000000004,26.81985220948364,8.224325062308626
2,0.5000000000000001,19.089999196106568,2.4277080690822626
3,0.7000000000000001,24.822873564502277,2.809874919317976
4,0.9000000000000001,23.52391970864948,2.573464238424783
