,discretized_reward_proportion,interconnectivity_strength_mean,interconnectivity_strength_err
0,0.1,10.213733543019035,2.2450599794595987
1,0.30000000000000004,1.5992830026546567,0.26835496731976083
2,0.5000000000000001,0.9691480830873114,0.16725381284278476
3,0.7000000000000001,3.9979688948978955,1.0522224734290662
4,0.9000000000000001,31.76055742355221,8.14110744576425
