,discretized_reward_proportion,interconnectivity_strength_mean,interconnectivity_strength_err
0,0.1,16.08389416201548,1.7308489738605803
1,0.30000000000000004,25.822017558611325,5.340254639487906
2,0.5000000000000001,352.4435744850335,91.5010730576267
3,0.7000000000000001,40.68614343390961,21.864190957257303
4,0.9000000000000001,28.514102634421562,8.71065893574581
