,discretized_reward_proportion,interconnectivity_strength_mean,interconnectivity_strength_err
0,0.1,6.824420180651282,0.4577095909100077
1,0.30000000000000004,6.946594672519137,0.6906836495163915
2,0.5000000000000001,18.70497582340798,4.174386500890334
3,0.7000000000000001,20.21366336077873,2.466886451204294
4,0.9000000000000001,16.27679665803863,1.9804034417509773
