,discretized_reward_proportion,interconnectivity_strength_mean,interconnectivity_strength_err
0,0.1,33.27535708748312,4.97100817590921
1,0.30000000000000004,23.16474514632071,3.0111460525244604
2,0.5000000000000001,15.704400056113489,2.544766650239338
3,0.7000000000000001,9.52168763651024,0.47029655836660145
4,0.9000000000000001,7.779033947537903,0.5396378223370311
