,discretized_reward_proportion,interconnectivity_strength_mean,interconnectivity_strength_err
0,0.1,17.86657211306055,1.56593445458976
1,0.30000000000000004,14.214233227624693,1.4704599341199467
2,0.5000000000000001,14.020757841200739,0.7576370339302908
3,0.7000000000000001,13.870220133619084,1.1793643500875097
4,0.9000000000000001,15.66559194409228,0.8785273166515624
