,discretized_reward_proportion,interconnectivity_strength_mean,interconnectivity_strength_err
0,0.1,49.730376470345576,7.694340866780163
1,0.30000000000000004,57.5640417823444,10.449885022779537
2,0.5000000000000001,38.66018965293033,7.422779162175105
3,0.7000000000000001,35.954346165479926,9.965353809479538
4,0.9000000000000001,76.74291872444198,17.68733508834609
