,discretized_reward_proportion,interconnectivity_strength_mean,interconnectivity_strength_err
0,0.1,3.8852515692031613,1.5786692499897275
1,0.30000000000000004,61.7864536756784,11.898950957678156
2,0.5000000000000001,36.03769327491899,10.833570810180163
3,0.7000000000000001,1.6015433137472495,1.5726843137136817
4,0.9000000000000001,0.0,0.0
