,discretized_reward_proportion,interconnectivity_strength_mean,interconnectivity_strength_err
0,0.1,14.697597829966327,1.1003252539152928
1,0.30000000000000004,14.447285531091389,1.1649235216344698
2,0.5000000000000001,13.906616780176133,1.0866334097902768
3,0.7000000000000001,10.98246507853891,0.37649621348198853
4,0.9000000000000001,10.212024336455718,0.34181884388767736
