,discretized_reward_proportion,interconnectivity_strength_mean,interconnectivity_strength_err
0,0.1,19.64890755704725,3.08519844419014
1,0.30000000000000004,6.112019454551062,2.3067431140813746
2,0.5000000000000001,0.03278688524590164,0.022800598712937818
3,0.7000000000000001,0.0,0.0
4,0.9000000000000001,0.0,0.0
