,discretized_reward_proportion,interconnectivity_strength_mean,interconnectivity_strength_err
0,0.1,15.999911177582494,1.5495925686404557
1,0.30000000000000004,91.71819716802806,40.457406981162215
2,0.5000000000000001,652.1071266190206,155.93927638558895
3,0.7000000000000001,136.84372532434108,119.78132502054858
4,0.9000000000000001,3.956308806699224,1.3695690670309393
