,discretized_reward_proportion,interconnectivity_strength_mean,interconnectivity_strength_err
0,0.1,127.79106222295067,11.92622000050799
1,0.30000000000000004,72.96970614895011,8.35867424808721
2,0.5000000000000001,43.211306092380255,9.311812230802222
3,0.7000000000000001,33.41068300625943,9.83617312030055
4,0.9000000000000001,3.058797336213111,2.736225210495669
