,discretized_reward_proportion,interconnectivity_strength_mean,interconnectivity_strength_err
0,0.1,35.66249015902859,4.655982616123401
1,0.30000000000000004,29.245433159090133,2.829207109902543
2,0.5000000000000001,15.796502779124722,2.8318204100791498
3,0.7000000000000001,21.43266946227989,2.4651012792929348
4,0.9000000000000001,14.485725191688312,1.3409137496820627
