,discretized_reward_proportion,interconnectivity_strength_mean,interconnectivity_strength_err
0,0.1,54.17024863125355,4.793726008175651
1,0.30000000000000004,77.62272300380104,7.065895047737243
2,0.5000000000000001,58.41722369426154,7.502182410536704
3,0.7000000000000001,64.41527906827086,8.017457827972796
4,0.9000000000000001,63.28523811419355,4.888427085574649
