,discretized_reward_proportion,interconnectivity_strength_mean,interconnectivity_strength_err
0,0.1,46.868372656438964,3.0416059948206122
1,0.30000000000000004,27.743009806856524,2.9264840256728326
2,0.5000000000000001,115.75929139783362,23.551172505249315
3,0.7000000000000001,55.72071180746717,24.72377988368089
4,0.9000000000000001,17.355407286000634,4.807886989392137
