,discretized_reward_proportion,interconnectivity_strength_mean,interconnectivity_strength_err
0,0.1,10.095746335287147,1.431471445226115
1,0.30000000000000004,22.640646139720978,2.915408949880863
2,0.5000000000000001,30.76950634811245,2.802200542508433
3,0.7000000000000001,34.02449215441161,3.584509270122195
4,0.9000000000000001,25.990692644157853,2.5687797560932224
