,discretized_reward_proportion,interconnectivity_strength_mean,interconnectivity_strength_err
0,0.1,6.440291081209491,0.4354718271812835
1,0.30000000000000004,6.57589669871426,0.6335039138711013
2,0.5000000000000001,32.18840507580628,11.60511906357329
3,0.7000000000000001,27.886007600544087,6.345920963703901
4,0.9000000000000001,31.19182450308302,5.432400813414699
