,discretized_reward_proportion,interconnectivity_strength_mean,interconnectivity_strength_err
0,0.1,46.529465928024806,2.687414278235346
1,0.30000000000000004,39.03363654449677,2.756953354229776
2,0.5000000000000001,56.01446317803097,4.764339778618849
3,0.7000000000000001,40.012007153695926,4.0655772393520095
4,0.9000000000000001,27.496005329070034,3.383029695609688
