,discretized_reward_proportion,interconnectivity_strength_mean,interconnectivity_strength_err
0,0.1,8.217600939267369,0.5872749265697585
1,0.30000000000000004,11.729819058810193,0.6532002072952415
2,0.5000000000000001,10.571042329727671,0.497284075367
3,0.7000000000000001,10.10040599446288,0.32779991235402506
4,0.9000000000000001,11.134750641491227,0.4432516806067569
