,discretized_reward_proportion,interconnectivity_strength_mean,interconnectivity_strength_err
0,0.1,9.964495285855172,0.5619520384460895
1,0.30000000000000004,7.8640613136855695,0.3776858413867708
2,0.5000000000000001,6.788996919457684,0.23183230941049776
3,0.7000000000000001,5.327573752119772,0.3181665346305761
4,0.9000000000000001,5.385567137938463,0.1430636901685726
