,discretized_reward_proportion,interconnectivity_strength_mean,interconnectivity_strength_err
0,0.1,39.01699337686965,3.6265732553149213
1,0.30000000000000004,10.752673280756778,2.7204355123014983
2,0.5000000000000001,25.56256961129886,5.202054142317002
3,0.7000000000000001,33.58201574505995,9.173566861755138
4,0.9000000000000001,16.990692916519563,6.531547196401819
