,discretized_reward_proportion,interconnectivity_strength_mean,interconnectivity_strength_err
0,0.1,77.60155032011843,8.082425351713828
1,0.30000000000000004,57.3888617492088,6.8517762621937885
2,0.5000000000000001,45.02834783804533,8.308115635667372
3,0.7000000000000001,103.57789392233379,18.805561540384886
4,0.9000000000000001,198.9616842982508,29.388404915194396
