,discretized_reward_proportion,interconnectivity_strength_mean,interconnectivity_strength_err
0,0.1,24.45528043956904,7.292668558798209
1,0.30000000000000004,12.604841281694197,2.2334864046510368
2,0.5000000000000001,12.750145028878682,1.1714412307979047
3,0.7000000000000001,10.552985418773583,1.0401046946453203
4,0.9000000000000001,16.331816421647346,1.1753637218318702
