,discretized_reward_proportion,interconnectivity_strength_mean,interconnectivity_strength_err
0,0.1,20.967585084521797,1.3772917816718242
1,0.30000000000000004,21.88184062359785,2.0607261109426487
2,0.5000000000000001,17.240009329116532,0.9616338929995684
3,0.7000000000000001,12.474020638748332,0.9168074161394586
4,0.9000000000000001,7.192921658945642,0.49092549544824554
