,discretized_reward_proportion,interconnectivity_strength_mean,interconnectivity_strength_err
0,0.1,48.442573714860494,3.361873967336576
1,0.30000000000000004,39.034488155732646,3.4503690292341624
2,0.5000000000000001,36.98733800123055,5.806573121023663
3,0.7000000000000001,23.999295772985775,6.89602086354942
4,0.9000000000000001,7.691135320937595,3.5670175442948535
