,discretized_reward_proportion,interconnectivity_strength_mean,interconnectivity_strength_err
0,0.1,10.147506503374847,0.8736493834952791
1,0.30000000000000004,11.017940628860403,1.3371152759102138
2,0.5000000000000001,4.125132367212481,0.30317600638485753
3,0.7000000000000001,3.487972392668419,0.3618933972822923
4,0.9000000000000001,4.211665111112147,0.17629555123635943
