,discretized_reward_proportion,interconnectivity_strength_mean,interconnectivity_strength_err
0,0.1,8.60645815669706,1.195514713814722
1,0.30000000000000004,11.51652434322042,0.7257749099926643
2,0.5000000000000001,12.096208634964034,1.4863727679663556
3,0.7000000000000001,9.122750153194788,0.6479812868237631
4,0.9000000000000001,11.375694461549331,0.8551681544537645
