,discretized_reward_proportion,interconnectivity_strength_mean,interconnectivity_strength_err
0,0.1,27.77691544063313,2.168103089596026
1,0.30000000000000004,21.527394815135526,1.9663053362206173
2,0.5000000000000001,17.879678318933937,1.3680977003944585
3,0.7000000000000001,13.892325001677474,0.8763528297957721
4,0.9000000000000001,14.999065523695636,0.6993887132580205
