,discretized_reward_proportion,interconnectivity_strength_mean,interconnectivity_strength_err
0,0.1,8.772445687628284,0.5974039036156055
1,0.30000000000000004,12.065943027339069,1.7300266249882288
2,0.5000000000000001,10.235617665129068,1.2087894980363554
3,0.7000000000000001,15.042749820677743,1.6931093574203844
4,0.9000000000000001,14.158687860324415,1.9696144212146338
