,discretized_reward_proportion,interconnectivity_strength_mean,interconnectivity_strength_err
0,0.1,23.025715725988857,3.6374860914924794
1,0.30000000000000004,15.127630527444804,3.047539773497338
2,0.5000000000000001,13.344818648853892,1.287505823210304
3,0.7000000000000001,11.653844249508294,0.46909676994351623
4,0.9000000000000001,13.355838249481838,0.6957754040965485
