,discretized_reward_proportion,interconnectivity_strength_mean,interconnectivity_strength_err
0,0.1,8.56844512331427,0.7391946898722335
1,0.30000000000000004,7.08720924678931,0.6772536522375031
2,0.5000000000000001,8.435548647353126,1.245515126325012
3,0.7000000000000001,5.765773325462221,1.5445463195241864
4,0.9000000000000001,5.077360553215199,0.5493617090086812
