,discretized_reward_proportion,interconnectivity_strength_mean,interconnectivity_strength_err
0,0.1,27.73340483817184,1.6239492710431134
1,0.30000000000000004,23.649790587612397,2.1181371932555324
2,0.5000000000000001,21.947195751728856,2.8914921197200747
3,0.7000000000000001,16.531187697157666,4.0094513212228815
4,0.9000000000000001,75.00851080054451,17.114717919991094
