,discretized_reward_proportion,interconnectivity_strength_mean,interconnectivity_strength_err
0,0.1,0.12,0.06499230723708768
1,0.30000000000000004,1.0016668667947433,0.8181297814945601
2,0.5000000000000001,5.129607270229826,2.211954014458104
3,0.7000000000000001,126.96684181790819,67.22743055160392
4,0.9000000000000001,26.63661348231461,4.00893450492208
