,discretized_reward_proportion,interconnectivity_strength_mean,interconnectivity_strength_err
0,0.1,10.620207702604874,0.7076422441769346
1,0.30000000000000004,11.00184973232542,0.9445576435246354
2,0.5000000000000001,8.731928860407827,0.6871491096297687
3,0.7000000000000001,6.733115611841906,0.18178922793967997
4,0.9000000000000001,6.672120585389263,0.12924065704784535
