,discretized_reward_proportion,interconnectivity_strength_mean,interconnectivity_strength_err
0,0.1,16.876499107591915,4.708557079774186
1,0.30000000000000004,29.212466348359747,5.922406494240901
2,0.5000000000000001,34.319152734961754,5.506288394454737
3,0.7000000000000001,28.598778539880957,2.5972229355338663
4,0.9000000000000001,11.037669392601149,1.8912126165132372
