,discretized_reward_proportion,interconnectivity_strength_mean,interconnectivity_strength_err
0,0.1,13.30498260672124,1.5703861896652518
1,0.30000000000000004,20.057527727539114,1.4543004801024357
2,0.5000000000000001,20.278370844251942,1.0168945697449934
3,0.7000000000000001,19.03638667578101,1.7091430582329978
4,0.9000000000000001,18.384355534115315,1.2274599173474594
