,discretized_reward_proportion,interconnectivity_strength_mean,interconnectivity_strength_err
0,0.1,91.73872419995698,9.680850194963911
1,0.30000000000000004,89.99854887960643,14.477399632006277
2,0.5000000000000001,77.85241355238212,16.073937179438705
3,0.7000000000000001,86.25329655661959,21.78326976386511
4,0.9000000000000001,110.53689887896384,21.600986428480773
