,discretized_reward_proportion,interconnectivity_strength_mean,interconnectivity_strength_err
0,0.1,13.754216785024475,1.0333869624556697
1,0.30000000000000004,21.66604381385364,2.0037427447138714
2,0.5000000000000001,19.96309477244926,1.032047889757094
3,0.7000000000000001,20.65283549880168,1.0586128768970482
4,0.9000000000000001,17.29085014812058,0.7946698644411947
