,discretized_reward_proportion,interconnectivity_strength_mean,interconnectivity_strength_err
0,0.1,40.83957366935409,7.147937796262777
1,0.30000000000000004,38.216367524300495,5.968577801218918
2,0.5000000000000001,39.045131312531346,8.795177519682325
3,0.7000000000000001,35.495203688346756,10.98052284195573
4,0.9000000000000001,48.41587437300236,14.52557863940694
