,discretized_reward_proportion,interconnectivity_strength_mean,interconnectivity_strength_err
0,0.1,1.3345154747140244,0.25955147677644097
1,0.30000000000000004,5.44314096562255,1.3334525335770895
2,0.5000000000000001,8.611943899718028,2.0583596999545173
3,0.7000000000000001,4.917497826602921,1.628767616033151
4,0.9000000000000001,8.137226007494675,1.1479684458272519
