,discretized_reward_proportion,interconnectivity_strength_mean,interconnectivity_strength_err
0,0.1,7.706586288598439,1.8176878752332395
1,0.30000000000000004,8.176542535245325,2.372767507835008
2,0.5000000000000001,24.950360468320337,7.466397021857912
3,0.7000000000000001,18.782448859863074,5.040331563008674
4,0.9000000000000001,13.116288389127543,3.759542597594666
