,discretized_reward_proportion,interconnectivity_strength_mean,interconnectivity_strength_err
0,0.1,47.717811391124116,1.913780833348894
1,0.30000000000000004,20.578101625717977,1.9812378313826973
2,0.5000000000000001,17.93594253774752,1.0280262374078422
3,0.7000000000000001,15.468173755262127,1.3760809941720924
4,0.9000000000000001,19.76245095078106,1.5702401621090782
