,discretized_reward_proportion,interconnectivity_strength_mean,interconnectivity_strength_err
0,0.1,4.370007839832538,0.7324445193828458
1,0.30000000000000004,5.795618411660463,0.7147565915697108
2,0.5000000000000001,5.870564826547305,0.6204241648367547
3,0.7000000000000001,8.241204816700096,3.2572284593469343
4,0.9000000000000001,0.0,0.0
