,discretized_reward_proportion,interconnectivity_strength_mean,interconnectivity_strength_err
0,0.1,35.06324841490318,5.5688707114426
1,0.30000000000000004,20.350378617454044,7.175569609419969
2,0.5000000000000001,62.11711450653357,9.884619885197358
3,0.7000000000000001,73.2868446837604,9.923298988275281
4,0.9000000000000001,98.73596575049818,15.914042326414593
