,discretized_reward_proportion,interconnectivity_strength_mean,interconnectivity_strength_err
0,0.1,89.27863188049412,2.923458618086203
1,0.30000000000000004,83.56795660055626,3.780104211314616
2,0.5000000000000001,111.6503495349447,14.722107399798293
3,0.7000000000000001,101.81129741221422,28.43189090462258
4,0.9000000000000001,480.276611269735,73.47338100513419
