,discretized_reward_proportion,interconnectivity_strength_mean,interconnectivity_strength_err
0,0.1,10.24124522040784,1.0790638401558608
1,0.30000000000000004,13.701570140955916,0.8477742564860524
2,0.5000000000000001,10.3125859343236,0.8490054113084797
3,0.7000000000000001,14.511523826504844,0.8309534627870253
4,0.9000000000000001,20.390742389162288,1.32651855595664
