,discretized_reward_proportion,interconnectivity_strength_mean,interconnectivity_strength_err
0,0.1,96.42646719899815,30.24823309700998
1,0.30000000000000004,118.04878724966187,29.241519591224577
2,0.5000000000000001,69.91316427657381,21.235536395197713
3,0.7000000000000001,21.219116986794937,1.5540359100102397
4,0.9000000000000001,21.43575860986718,1.9290789092088514
