,discretized_reward_proportion,interconnectivity_strength_mean,interconnectivity_strength_err
0,0.1,36.17743096353749,8.664465943441625
1,0.30000000000000004,24.24957257203325,2.3601906273989375
2,0.5000000000000001,7.625073894704239,0.6388778036970842
3,0.7000000000000001,6.1129162080946715,0.23684782367650206
4,0.9000000000000001,5.955082595238556,0.19127094321281782
