,discretized_reward_proportion,interconnectivity_strength_mean,interconnectivity_strength_err
0,0.1,19.592486001156328,2.6624302353511444
1,0.30000000000000004,13.266236698693787,4.077611929843682
2,0.5000000000000001,17.81299148095319,3.7483785090658035
3,0.7000000000000001,76.352905812312,14.950512375528287
4,0.9000000000000001,261.8957599402815,42.25784420268629
