,discretized_reward_proportion,interconnectivity_strength_mean,interconnectivity_strength_err
0,0.1,11.052819752430205,0.6169046101665723
1,0.30000000000000004,14.821447023292295,1.9813688927052249
2,0.5000000000000001,32.10135112426741,6.024047040227538
3,0.7000000000000001,12.185701381295564,1.733001601921127
4,0.9000000000000001,9.882936496651325,0.2600876937771824
