,discretized_reward_proportion,interconnectivity_strength_mean,interconnectivity_strength_err
0,0.1,38.370141692172844,3.0994942788122635
1,0.30000000000000004,20.605954840017947,2.741943521795436
2,0.5000000000000001,28.239731642407136,3.961050629788232
3,0.7000000000000001,14.734651782239235,1.7244405732250292
4,0.9000000000000001,8.099220957379059,0.2609485665985805
