,discretized_reward_proportion,interconnectivity_strength_mean,interconnectivity_strength_err
0,0.1,6.410757181567524,0.22275014349091066
1,0.30000000000000004,7.281677739721511,0.3747002985566865
2,0.5000000000000001,8.520303079032223,0.693024595060829
3,0.7000000000000001,7.150645527289264,0.2920159557297777
4,0.9000000000000001,7.377336826850367,0.24501381257611343
