,discretized_reward_proportion,interconnectivity_strength_mean,interconnectivity_strength_err
0,0.1,20.768826097539026,2.1135539080751924
1,0.30000000000000004,24.291294080994444,2.4806909389364993
2,0.5000000000000001,24.623145575081796,2.922352965045449
3,0.7000000000000001,18.288646816648438,4.9054783966571405
4,0.9000000000000001,4.209559378910829,1.4473563592245222
