,discretized_reward_proportion,interconnectivity_strength_mean,interconnectivity_strength_err
0,0.1,17.812699903826417,1.4286724252844323
1,0.30000000000000004,15.637494743392448,1.1693519076170587
2,0.5000000000000001,16.11207427489505,1.1017986811698044
3,0.7000000000000001,16.255946503193194,1.3521439871492442
4,0.9000000000000001,13.459390309437623,1.287020576158497
