,discretized_reward_proportion,interconnectivity_strength_mean,interconnectivity_strength_err
0,0.1,0.060240963855421686,0.026116511448339003
1,0.30000000000000004,0.09615384615384616,0.040881697057501415
2,0.5000000000000001,1.7939754617255506,0.8927059026054394
3,0.7000000000000001,5.050683066961648,1.7737357931572757
4,0.9000000000000001,11.474217435237518,1.8856188298898968
