,discretized_reward_proportion,interconnectivity_strength_mean,interconnectivity_strength_err
0,0.1,40.93976191233915,20.07948065022469
1,0.30000000000000004,68.82857119247959,22.50330542518955
2,0.5000000000000001,41.71627339696939,9.170175482560454
3,0.7000000000000001,60.15143299539475,8.596806775405884
4,0.9000000000000001,74.0654895906628,7.814975976472162
