,discretized_reward_proportion,interconnectivity_strength_mean,interconnectivity_strength_err
0,0.1,31.975465782245877,5.337351545199244
1,0.30000000000000004,39.64827526646997,6.744749885156528
2,0.5000000000000001,275.61725831280296,60.07546830721808
3,0.7000000000000001,60.69762140071214,24.584999348465924
4,0.9000000000000001,0.04568527918781726,0.014876502518211652
