,discretized_reward_proportion,interconnectivity_strength_mean,interconnectivity_strength_err
0,0.1,47.89287091215185,19.73329727026746
1,0.30000000000000004,46.10485879617426,11.023363397482653
2,0.5000000000000001,22.26129184311831,4.415857537488875
3,0.7000000000000001,25.50489146380272,3.032982733602996
4,0.9000000000000001,32.79970147574656,3.2297267477125473
