,discretized_reward_proportion,interconnectivity_strength_mean,interconnectivity_strength_err
0,0.1,55.104999346881876,6.651215448909938
1,0.30000000000000004,45.71886994743233,4.425901634332779
2,0.5000000000000001,54.57139065717263,10.50441499717681
3,0.7000000000000001,45.637149055716755,13.556943273198469
4,0.9000000000000001,40.039252894945776,8.450417133391795
