,discretized_reward_proportion,interconnectivity_strength_mean,interconnectivity_strength_err
0,0.1,0.018518518518518517,0.018346249485727373
1,0.30000000000000004,0.12903225806451613,0.03476231652131127
2,0.5000000000000001,0.25,0.049669963389939134
3,0.7000000000000001,29.917340063273826,16.753821592734496
4,0.9000000000000001,84.22002517964121,19.18008723413689
