,discretized_reward_proportion,interconnectivity_strength_mean,interconnectivity_strength_err
0,0.1,62.07973425636134,3.3605570094930943
1,0.30000000000000004,90.49325324167054,7.321813135660561
2,0.5000000000000001,58.4381803392105,8.289622279489919
3,0.7000000000000001,34.75685268619532,9.892322437691655
4,0.9000000000000001,46.24726292316776,10.16595251153463
