,discretized_reward_proportion,interconnectivity_strength_mean,interconnectivity_strength_err
0,0.1,24.878630473408556,7.286212668732135
1,0.30000000000000004,44.218198934007845,9.85038551478531
2,0.5000000000000001,25.284031843214766,6.414300014132008
3,0.7000000000000001,26.5733256538263,3.2132230564510884
4,0.9000000000000001,15.832650569345814,2.6433595533531484
