,discretized_reward_proportion,interconnectivity_strength_mean,interconnectivity_strength_err
0,0.1,14.691705595277188,0.48452571651840504
1,0.30000000000000004,9.459451273193187,0.779077474585408
2,0.5000000000000001,5.802451786225732,0.14525070392140926
3,0.7000000000000001,5.093437276287659,0.2048476775265207
4,0.9000000000000001,4.761289698343796,0.15689401389516977
