,discretized_reward_proportion,interconnectivity_strength_mean,interconnectivity_strength_err
0,0.1,24.645438134309693,3.605957957185115
1,0.30000000000000004,16.780049364672237,2.2084017581680997
2,0.5000000000000001,18.332063667511147,2.1293983794397646
3,0.7000000000000001,16.89510208546272,1.6912333132433501
4,0.9000000000000001,13.341887650018819,1.3240185280005619
