,discretized_reward_proportion,interconnectivity_strength_mean,interconnectivity_strength_err
0,0.1,23.284692510010423,1.7109941970538485
1,0.30000000000000004,18.176781317055916,1.858173128908142
2,0.5000000000000001,11.560054291465306,1.39899347407838
3,0.7000000000000001,6.889668574865081,1.3198075198407233
4,0.9000000000000001,7.058074542174718,1.1112283402831955
