,discretized_reward_proportion,interconnectivity_strength_mean,interconnectivity_strength_err
0,0.1,120.92136884869038,21.591052254009423
1,0.30000000000000004,97.09724745827248,24.15723752728661
2,0.5000000000000001,85.58094789634302,21.18160601361657
3,0.7000000000000001,5.880788611281059,1.8624757535314187
4,0.9000000000000001,13.600969347345625,3.088813774848972
