,discretized_reward_proportion,interconnectivity_strength_mean,interconnectivity_strength_err
0,0.1,15.996347654631707,2.0343242776165567
1,0.30000000000000004,11.211910496472653,1.314694840381016
2,0.5000000000000001,10.277335511322413,1.2657974895038566
3,0.7000000000000001,8.162261068419086,0.3234413417010364
4,0.9000000000000001,7.099447312586569,0.3266785484018161
