,discretized_reward_proportion,interconnectivity_strength_mean,interconnectivity_strength_err
0,0.1,13.776352354316872,1.665492171641347
1,0.30000000000000004,14.879937703195802,2.4308078003558737
2,0.5000000000000001,50.870858725298,10.371109720953516
3,0.7000000000000001,31.219725748405693,4.490841660268521
4,0.9000000000000001,49.65250485076524,9.449362191741589
