,discretized_reward_proportion,interconnectivity_strength_mean,interconnectivity_strength_err
0,0.1,13.828596050992509,0.9062817613024745
1,0.30000000000000004,15.912390731363082,1.5916582182889338
2,0.5000000000000001,22.73545472604528,3.0118540327391456
3,0.7000000000000001,17.38788721543525,2.7017123732894115
4,0.9000000000000001,21.79492628347339,2.081143873912786
