,discretized_reward_proportion,interconnectivity_strength_mean,interconnectivity_strength_err
0,0.1,1.9524922986484041,0.46101625769546617
1,0.30000000000000004,1.7385541567166918,0.5139624227066414
2,0.5000000000000001,5.172488322494059,0.42129633385890647
3,0.7000000000000001,4.671089502487195,0.7399123785233098
4,0.9000000000000001,5.15367808609538,0.2319612166124307
