,discretized_reward_proportion,interconnectivity_strength_mean,interconnectivity_strength_err
0,0.1,31.22294152691681,4.004699373106927
1,0.30000000000000004,59.301174562944816,5.958494306087883
2,0.5000000000000001,33.803682918187505,6.1067034694314435
3,0.7000000000000001,31.813999774577074,7.623817439648337
4,0.9000000000000001,37.16949575876485,9.274644459012935
