,discretized_reward_proportion,interconnectivity_strength_mean,interconnectivity_strength_err
0,0.1,27.13832630218464,0.8598770815558116
1,0.30000000000000004,30.479497110656638,1.9573525421723394
2,0.5000000000000001,25.9476169256403,1.9721942182727008
3,0.7000000000000001,27.968807098556763,3.0244582649548106
4,0.9000000000000001,35.20174903521099,3.611136996380713
