,discretized_reward_proportion,interconnectivity_strength_mean,interconnectivity_strength_err
0,0.1,47.08373194002067,10.647782977844297
1,0.30000000000000004,45.80861816307299,10.158231000955634
2,0.5000000000000001,51.82812445616547,14.947089715067067
3,0.7000000000000001,32.80696747360201,5.578873549049186
4,0.9000000000000001,71.02295127542017,9.666052558067237
