,discretized_reward_proportion,interconnectivity_strength_mean,interconnectivity_strength_err
0,0.1,14.996162807315097,0.8681663572942534
1,0.30000000000000004,12.2572221748814,0.644010026257823
2,0.5000000000000001,9.378157323573067,0.412926532460892
3,0.7000000000000001,8.479029145884557,0.3581325379599324
4,0.9000000000000001,7.202942000822594,0.2527460558554917
