,discretized_reward_proportion,interconnectivity_strength_mean,interconnectivity_strength_err
0,0.1,8.17246353811645,0.5360969449002922
1,0.30000000000000004,8.961935418500147,0.3621793302658793
2,0.5000000000000001,10.220741932802383,0.32435790384745283
3,0.7000000000000001,9.935140842916175,0.310832270240893
4,0.9000000000000001,9.547606887724733,0.31489047482237953
