,discretized_reward_proportion,interconnectivity_strength_mean,interconnectivity_strength_err
0,0.1,12.30610555534077,0.41270497204662
1,0.30000000000000004,11.811910613460228,0.7179390026671728
2,0.5000000000000001,12.883887128923938,1.3023907380422
3,0.7000000000000001,8.82546133183683,0.4131766290762771
4,0.9000000000000001,6.372699259896614,0.27818624933809655
