,discretized_reward_proportion,interconnectivity_strength_mean,interconnectivity_strength_err
0,0.1,20.806465208943905,5.039517730282719
1,0.30000000000000004,23.49733777312636,6.634208705656796
2,0.5000000000000001,11.826645824740073,5.081088052007119
3,0.7000000000000001,0.0,0.0
4,0.9000000000000001,0.0,0.0
