,discretized_reward_proportion,interconnectivity_strength_mean,interconnectivity_strength_err
0,0.1,55.56350547358207,13.888314178603487
1,0.30000000000000004,34.7595617964856,7.593128609645888
2,0.5000000000000001,21.49998755050959,2.622650517206946
3,0.7000000000000001,19.30036013032164,2.068506691929887
4,0.9000000000000001,13.891283827811497,1.6641022609913545
