,discretized_reward_proportion,interconnectivity_strength_mean,interconnectivity_strength_err
0,0.1,546.192020226084,134.7448673152482
1,0.30000000000000004,9.914120732403784,1.4686425243481807
2,0.5000000000000001,10.560248116805198,1.3752192655675894
3,0.7000000000000001,8.67252365921643,1.7341921654454526
4,0.9000000000000001,18.003502056802628,3.514018965342322
