,discretized_reward_proportion,interconnectivity_strength_mean,interconnectivity_strength_err
0,0.1,13.661695479375844,0.6740447242181508
1,0.30000000000000004,12.05466341695579,1.2985353533627488
2,0.5000000000000001,13.351826879134089,1.7885494542837557
3,0.7000000000000001,7.623492702610934,0.3357079404350051
4,0.9000000000000001,5.731804146052999,0.1855359214040285
