,discretized_reward_proportion,interconnectivity_strength_mean,interconnectivity_strength_err
0,0.1,78.18030286235717,11.30972583038844
1,0.30000000000000004,106.35869207540358,22.567206994879427
2,0.5000000000000001,203.1027704804945,28.576326465587496
3,0.7000000000000001,38.882022636437206,19.804451843240166
4,0.9000000000000001,3.4421029673067802,1.3659627701349297
