,discretized_reward_proportion,interconnectivity_strength_mean,interconnectivity_strength_err
0,0.1,15.831829117873452,2.5223431759121713
1,0.30000000000000004,11.054317378486342,1.7158009101036256
2,0.5000000000000001,11.907883062797037,1.740167190640461
3,0.7000000000000001,18.20969703140232,2.1787488450138306
4,0.9000000000000001,19.062192785621466,2.064909673440968
