,discretized_reward_proportion,interconnectivity_strength_mean,interconnectivity_strength_err
0,0.1,27.89368217752173,2.5507699431165998
1,0.30000000000000004,24.41044915531355,3.5632719526947785
2,0.5000000000000001,19.294026900672943,2.59199039371338
3,0.7000000000000001,47.460896707209855,6.819849202879367
4,0.9000000000000001,18.036512913957928,3.954464690579931
