,discretized_reward_proportion,interconnectivity_strength_mean,interconnectivity_strength_err
0,0.1,3.929358734193196,0.15690111194232167
1,0.30000000000000004,4.675235006142823,0.3353710011728242
2,0.5000000000000001,7.46486441600385,1.2457184795272944
3,0.7000000000000001,11.737396362356371,2.287496058938447
4,0.9000000000000001,10.188821054724105,1.736529305601018
