,discretized_reward_proportion,interconnectivity_strength_mean,interconnectivity_strength_err
0,0.1,122.31372554157382,13.137291983397859
1,0.30000000000000004,186.58081744000165,17.196130791774415
2,0.5000000000000001,124.8982161084336,25.925140202073166
3,0.7000000000000001,8.071074808456016,4.3750307139140805
4,0.9000000000000001,0.3939393939393939,0.08505811700208935
