,discretized_reward_proportion,interconnectivity_strength_mean,interconnectivity_strength_err
0,0.1,27.62271825635231,4.209154909105451
1,0.30000000000000004,18.562457021044494,4.495440284511241
2,0.5000000000000001,24.978173136460764,5.854687364064214
3,0.7000000000000001,20.341487296308173,11.683011250578595
4,0.9000000000000001,0.1276595744680851,0.04867665951114657
