,discretized_reward_proportion,interconnectivity_strength_mean,interconnectivity_strength_err
0,0.1,43.11065434770854,3.7223271237123714
1,0.30000000000000004,68.93449327442029,11.076545917106774
2,0.5000000000000001,35.99210449799764,7.240895442760011
3,0.7000000000000001,31.073091862329008,7.367081559629997
4,0.9000000000000001,21.75511876025243,5.535923248195192
