,discretized_reward_proportion,interconnectivity_strength_mean,interconnectivity_strength_err
0,0.1,141.92884872378767,27.090746520307377
1,0.30000000000000004,114.29933874676945,40.286662016259434
2,0.5000000000000001,104.26148684884902,13.897034477397058
3,0.7000000000000001,61.1458409665652,14.182445585802533
4,0.9000000000000001,39.84593139820643,10.371341678394144
