,discretized_reward_proportion,interconnectivity_strength_mean,interconnectivity_strength_err
0,0.1,47.64648368960619,4.282941379229781
1,0.30000000000000004,18.606157449309435,1.3582684654444948
2,0.5000000000000001,13.981740484424007,0.7332963035405883
3,0.7000000000000001,10.566626538804226,0.7572434655697661
4,0.9000000000000001,12.106151291476385,0.7521075667662876
