,discretized_reward_proportion,interconnectivity_strength_mean,interconnectivity_strength_err
0,0.1,0.885995915531529,0.8659451168837942
1,0.30000000000000004,4.934578937470767,1.7157063337070417
2,0.5000000000000001,4.035520466303584,1.8557736127584263
3,0.7000000000000001,71.749397596028,15.507897375538331
4,0.9000000000000001,72.75537993940961,9.242557048481006
