,discretized_reward_proportion,interconnectivity_strength_mean,interconnectivity_strength_err
0,0.1,1.0,0.0
1,0.30000000000000004,16.123741921610904,3.0920779579554933
2,0.5000000000000001,23.08201265414091,2.52296468750137
3,0.7000000000000001,17.957946203888568,2.242864643171004
4,0.9000000000000001,16.04488095979611,2.658684580920274
