,discretized_reward_proportion,interconnectivity_strength_mean,interconnectivity_strength_err
0,0.1,8.570938227262813,0.9316884200142003
1,0.30000000000000004,7.689245670305648,1.000276577343326
2,0.5000000000000001,3.023261763625181,0.21505926759119406
3,0.7000000000000001,2.690265994185603,0.2637739689502474
4,0.9000000000000001,3.2395814049705356,0.13047093646993282
