,discretized_reward_proportion,interconnectivity_strength_mean,interconnectivity_strength_err
0,0.1,20.995683091832742,3.8937027680117295
1,0.30000000000000004,21.65634659357367,2.418304377583929
2,0.5000000000000001,20.193033629924464,3.6332941774839154
3,0.7000000000000001,11.757515161797677,1.245520856769452
4,0.9000000000000001,13.077111715936182,1.9404325677476146
