,discretized_reward_proportion,interconnectivity_strength_mean,interconnectivity_strength_err
0,0.1,11.40763144743284,0.7538912296229607
1,0.30000000000000004,9.515057353966334,0.5865105514762099
2,0.5000000000000001,7.55847120080789,0.3248378964209637
3,0.7000000000000001,6.699731407929845,0.17605148319065902
4,0.9000000000000001,5.805505538888707,0.1280248158965574
