,discretized_reward_proportion,interconnectivity_strength_mean,interconnectivity_strength_err
0,0.1,29.760721312553194,5.865642301609154
1,0.30000000000000004,14.39958838464279,4.115399281686612
2,0.5000000000000001,8.58956527401671,3.2581662536892932
3,0.7000000000000001,7.484527213262494,4.969488391498522
4,0.9000000000000001,186.33899236030504,19.107604792424052
