,discretized_reward_proportion,interconnectivity_strength_mean,interconnectivity_strength_err
0,0.1,24.37746169463161,0.8164540810137446
1,0.30000000000000004,20.330257658271766,0.9329463390657435
2,0.5000000000000001,17.06043696815072,0.8830680985748294
3,0.7000000000000001,11.464231201084388,0.6367002764290096
4,0.9000000000000001,15.125774939652773,1.0600215197071607
