,discretized_reward_proportion,interconnectivity_strength_mean,interconnectivity_strength_err
0,0.1,16.797098067553694,1.4814120907087684
1,0.30000000000000004,13.656419006426182,1.0426235329660676
2,0.5000000000000001,11.606668950403469,0.7689932080823908
3,0.7000000000000001,8.31630213835345,0.42540834404980227
4,0.9000000000000001,7.609943613724383,0.18633091688037437
