,discretized_reward_proportion,interconnectivity_strength_mean,interconnectivity_strength_err
0,0.1,48.73590706083503,5.016060693477046
1,0.30000000000000004,52.60555309222761,8.159946754746334
2,0.5000000000000001,20.416296466274936,0.9441467015006463
3,0.7000000000000001,20.42349794693822,1.507866507435002
4,0.9000000000000001,21.883997811935355,0.8456942741282728
