,discretized_reward_proportion,interconnectivity_strength_mean,interconnectivity_strength_err
0,0.1,18.133808786352017,0.8948354172396746
1,0.30000000000000004,17.311977275247656,0.8573945109323277
2,0.5000000000000001,12.306717981083047,0.9936803593629374
3,0.7000000000000001,8.54777038813812,0.5702883745632774
4,0.9000000000000001,7.95812366078435,0.28657361684838567
