,discretized_reward_proportion,interconnectivity_strength_mean,interconnectivity_strength_err
0,0.1,14.716311112902963,2.784743918013642
1,0.30000000000000004,14.323064548171395,3.6918153134496636
2,0.5000000000000001,15.967626123580741,4.335997968878597
3,0.7000000000000001,9.320030677868438,1.5169100383710161
4,0.9000000000000001,12.625581679242355,2.2811073713300347
