,discretized_reward_proportion,interconnectivity_strength_mean,interconnectivity_strength_err
0,0.1,24.804378297798177,3.046225698163399
1,0.30000000000000004,18.39766922658328,2.5467501980367278
2,0.5000000000000001,14.823788063916162,1.3018606918412428
3,0.7000000000000001,13.006413871199804,0.9555213182151902
4,0.9000000000000001,11.61911202429404,0.8798589962592893
