,discretized_reward_proportion,interconnectivity_strength_mean,interconnectivity_strength_err
0,0.1,15.890182939236693,1.5970943808276463
1,0.30000000000000004,17.90938359719418,3.2338700388280417
2,0.5000000000000001,20.882625359856984,2.8492546615399372
3,0.7000000000000001,21.575447733921724,1.4253262186955806
4,0.9000000000000001,15.159055075929961,1.9115765779806015
