,discretized_reward_proportion,interconnectivity_strength_mean,interconnectivity_strength_err
0,0.1,13.892348487621948,0.9940737743453578
1,0.30000000000000004,13.988225392842377,0.7816510620710005
2,0.5000000000000001,17.940214205576396,1.5310823791725436
3,0.7000000000000001,21.34580004996927,2.765030308334226
4,0.9000000000000001,19.168791862735066,1.2742144742160673
