,discretized_reward_proportion,interconnectivity_strength_mean,interconnectivity_strength_err
0,0.1,6.121183274124397,0.3060930517278488
1,0.30000000000000004,8.4357463535093,0.572866481542362
2,0.5000000000000001,11.571988053863622,0.49649915835428965
3,0.7000000000000001,12.828339574464794,0.5472269580167527
4,0.9000000000000001,11.355091016389729,0.6338380122251335
