,discretized_reward_proportion,interconnectivity_strength_mean,interconnectivity_strength_err
0,0.1,11.165407327875972,0.5504627071425588
1,0.30000000000000004,11.867680428710853,1.020906690218621
2,0.5000000000000001,11.33962917909575,1.0270857663388717
3,0.7000000000000001,5.447646820160253,0.8014328031775143
4,0.9000000000000001,2.9671110627052193,0.6982270516444518
