,discretized_reward_proportion,interconnectivity_strength_mean,interconnectivity_strength_err
0,0.1,0.09090909090909091,0.06129089658756746
1,0.30000000000000004,1.7648606231312123,1.5356301521296534
2,0.5000000000000001,16.592581944912535,3.819001276102481
3,0.7000000000000001,46.95667527850479,20.109871279438455
4,0.9000000000000001,87.48705107291276,21.81646437994842
