,discretized_reward_proportion,interconnectivity_strength_mean,interconnectivity_strength_err
0,0.1,36.970342709855395,4.022658036261478
1,0.30000000000000004,36.88484077654408,6.36933943349136
2,0.5000000000000001,10.019178525265842,2.336353312452341
3,0.7000000000000001,3.2567838652941155,1.4720926144442081
4,0.9000000000000001,0.0,0.0
