,discretized_reward_proportion,interconnectivity_strength_mean,interconnectivity_strength_err
0,0.1,8.951804229996489,0.2523832207899859
1,0.30000000000000004,8.623375702194934,0.40216201249911154
2,0.5000000000000001,7.9902531229004845,0.3882093620301001
3,0.7000000000000001,12.087826368068047,1.5823038498503097
4,0.9000000000000001,8.126590659194312,0.9315109741295837
