,discretized_reward_proportion,interconnectivity_strength_mean,interconnectivity_strength_err
0,0.1,37.580091784824745,12.922514795062984
1,0.30000000000000004,60.55813942005477,31.94990358074336
2,0.5000000000000001,114.78886099612404,40.20470828542361
3,0.7000000000000001,84.0791368937761,33.01897324706569
4,0.9000000000000001,27.050296287953817,24.971966345340004
