,discretized_reward_proportion,interconnectivity_strength_mean,interconnectivity_strength_err
0,0.1,63.16787028041284,4.713125044699934
1,0.30000000000000004,55.03485296483777,5.934635574500303
2,0.5000000000000001,40.641222464284546,4.592311330829092
3,0.7000000000000001,28.39212697384233,2.8079181742439165
4,0.9000000000000001,31.363878584072236,1.8312428481554988
