,discretized_reward_proportion,interconnectivity_strength_mean,interconnectivity_strength_err
0,0.1,11.910937340833899,0.8785499688606891
1,0.30000000000000004,11.188559010512865,1.0329591733430816
2,0.5000000000000001,10.4058948543959,0.7220113891666881
3,0.7000000000000001,8.863384168815632,0.3593483800205433
4,0.9000000000000001,8.751575768393463,0.34539369467720016
