,discretized_reward_proportion,interconnectivity_strength_mean,interconnectivity_strength_err
0,0.1,44.44966232304172,11.550579289789955
1,0.30000000000000004,27.488727140962595,2.8066894992820965
2,0.5000000000000001,13.431294560337975,1.2146933885247195
3,0.7000000000000001,10.103190433469,1.0725683138239164
4,0.9000000000000001,13.736806711339986,1.7000491737781478
