,discretized_reward_proportion,interconnectivity_strength_mean,interconnectivity_strength_err
0,0.1,21.701375957618577,1.7728822918118685
1,0.30000000000000004,21.830738909078985,1.2836268766331493
2,0.5000000000000001,15.902445018025272,1.2122677336609229
3,0.7000000000000001,10.986174380729398,0.5962010245156951
4,0.9000000000000001,10.662012712599868,0.4271179414449087
