,discretized_reward_proportion,interconnectivity_strength_mean,interconnectivity_strength_err
0,0.1,11.317507195036224,0.2409900796468352
1,0.30000000000000004,10.461174830937868,0.2230027902451553
2,0.5000000000000001,10.872280332531819,0.3826119082615376
3,0.7000000000000001,11.344910473541312,0.38351321353114654
4,0.9000000000000001,10.967218949991567,0.47828843282195205
