,discretized_reward_proportion,interconnectivity_strength_mean,interconnectivity_strength_err
0,0.1,28.53498175425043,2.29292019745385
1,0.30000000000000004,29.030873623700398,2.4221282442366703
2,0.5000000000000001,25.243421524016853,3.4108387970669316
3,0.7000000000000001,16.920745447444375,1.031384661110264
4,0.9000000000000001,,
