,discretized_reward_proportion,interconnectivity_strength_mean,interconnectivity_strength_err
0,0.1,6.1416087993840245,0.36924299123204046
1,0.30000000000000004,5.644120610254367,0.2553030949113491
2,0.5000000000000001,4.769892897732864,0.4666381247978376
3,0.7000000000000001,3.736294456534713,0.17067098020462934
4,0.9000000000000001,4.373696081314892,0.2594310501723932
