,discretized_reward_proportion,interconnectivity_strength_mean,interconnectivity_strength_err
0,0.1,36.75455150542542,11.213864194776235
1,0.30000000000000004,95.09093311713224,13.742906608247896
2,0.5000000000000001,87.72111119073288,16.49996588466348
3,0.7000000000000001,83.300804457013,22.153949946447586
4,0.9000000000000001,61.34176763019526,10.956656504690192
