,discretized_reward_proportion,interconnectivity_strength_mean,interconnectivity_strength_err
0,0.1,23.877165971134716,1.3382639170693762
1,0.30000000000000004,13.966654318605686,1.3554251570422862
2,0.5000000000000001,11.4828784321946,0.716143654533505
3,0.7000000000000001,7.480040293384778,0.40981788702168476
4,0.9000000000000001,6.7155037740328245,0.2042325147747492
