,discretized_reward_proportion,interconnectivity_strength_mean,interconnectivity_strength_err
0,0.1,15.635507728624829,2.593339705316798
1,0.30000000000000004,19.483028491522056,5.795970905386465
2,0.5000000000000001,13.263449945932022,2.5893574906230947
3,0.7000000000000001,5.243885724721504,0.23695893888147512
4,0.9000000000000001,4.157623858997447,0.1106820853935589
