,discretized_reward_proportion,interconnectivity_strength_mean,interconnectivity_strength_err
0,0.1,446.7786894874725,100.34319121100606
1,0.30000000000000004,303.1419274060555,89.06895802265805
2,0.5000000000000001,207.37113008333907,93.45400227776126
3,0.7000000000000001,146.7777497040985,87.94215644532939
4,0.9000000000000001,0.06451612903225806,0.031200133924172632
