,discretized_reward_proportion,interconnectivity_strength_mean,interconnectivity_strength_err
0,0.1,21.883828096539087,1.196274125376798
1,0.30000000000000004,19.772957685579318,2.1636566155613126
2,0.5000000000000001,13.375590721607951,0.9079280833606417
3,0.7000000000000001,16.83351340390362,2.269276958067034
4,0.9000000000000001,17.392808541635034,1.419214891294167
