,discretized_reward_proportion,interconnectivity_strength_mean,interconnectivity_strength_err
0,0.1,22.1983503662224,1.1013878719107002
1,0.30000000000000004,18.291158802198765,1.270580924992172
2,0.5000000000000001,18.742056505461203,1.1383304693708163
3,0.7000000000000001,13.010924681736286,0.6598703620123453
4,0.9000000000000001,15.54656091009042,1.129140624195274
