,discretized_reward_proportion,interconnectivity_strength_mean,interconnectivity_strength_err
0,0.1,5.181685189375407,0.8062565198052524
1,0.30000000000000004,6.41764587374649,0.4050480031625688
2,0.5000000000000001,6.67345476862242,0.25655774268063053
3,0.7000000000000001,6.904165261546573,0.27555129462448225
4,0.9000000000000001,6.8457413951895845,0.2811692187395642
