,discretized_reward_proportion,interconnectivity_strength_mean,interconnectivity_strength_err
0,0.1,80.91649145385706,9.361328286926684
1,0.30000000000000004,35.17390332484265,8.033277911275084
2,0.5000000000000001,31.230130378725775,5.124417427139786
3,0.7000000000000001,19.02649089236442,4.2079722112720335
4,0.9000000000000001,9.735736026860502,2.1729497233853694
