,discretized_reward_proportion,interconnectivity_strength_mean,interconnectivity_strength_err
0,0.1,16.168694739990016,4.091206905125993
1,0.30000000000000004,8.900334184034211,1.7459705088440252
2,0.5000000000000001,22.4430504452404,12.433464110499846
3,0.7000000000000001,17.87377374807605,2.7329512387229338
4,0.9000000000000001,14.009950196962972,1.452496619478674
