,discretized_reward_proportion,interconnectivity_strength_mean,interconnectivity_strength_err
0,0.1,31.750950366081227,4.332397892614796
1,0.30000000000000004,54.79170598077663,5.714284118495771
2,0.5000000000000001,35.67655037664593,4.061216540813959
3,0.7000000000000001,17.4517201372921,3.700230806761732
4,0.9000000000000001,7.11151542472347,1.8240048727125828
