,discretized_reward_proportion,interconnectivity_strength_mean,interconnectivity_strength_err
0,0.1,5.268397238424787,0.4375720528318205
1,0.30000000000000004,4.33746181217753,0.17940500154767927
2,0.5000000000000001,4.6094889110345,0.17941410360720225
3,0.7000000000000001,4.505265545957768,0.17781512864698387
4,0.9000000000000001,4.957225248126345,0.1885933383482039
