,discretized_reward_proportion,interconnectivity_strength_mean,interconnectivity_strength_err
0,0.1,0.0,0.0
1,0.30000000000000004,0.904508415154088,0.8928368498451248
2,0.5000000000000001,8.845386361014647,2.769506543366293
3,0.7000000000000001,0.0,0.0
4,0.9000000000000001,0.27561327426726373,0.2746612393870243
