,discretized_reward_proportion,interconnectivity_strength_mean,interconnectivity_strength_err
0,0.1,45.98698234681888,14.52389032060492
1,0.30000000000000004,33.51346233409716,7.380150486468334
2,0.5000000000000001,14.616969783615612,2.012247073314557
3,0.7000000000000001,15.357641338049907,1.1842004697312138
4,0.9000000000000001,12.234836970946962,0.8182516689199981
