,discretized_reward_proportion,interconnectivity_strength_mean,interconnectivity_strength_err
0,0.1,116.70477910557867,34.85967030545654
1,0.30000000000000004,37.6822626148025,4.958900818500491
2,0.5000000000000001,86.21239736788664,19.46467598893355
3,0.7000000000000001,96.84200311989802,24.046961361841262
4,0.9000000000000001,104.10144156126785,15.984759312425803
