,discretized_reward_proportion,interconnectivity_strength_mean,interconnectivity_strength_err
0,0.1,15.885294664327578,1.5851514598442689
1,0.30000000000000004,9.898780865307353,0.810473301340532
2,0.5000000000000001,8.73074364903362,0.5043828101642303
3,0.7000000000000001,8.839116771751115,0.35541292192248103
4,0.9000000000000001,9.302355516132483,0.299023274594533
