,discretized_reward_proportion,interconnectivity_strength_mean,interconnectivity_strength_err
0,0.1,4.656582895301199,0.2570331791944762
1,0.30000000000000004,4.37062606767451,0.4055993463966767
2,0.5000000000000001,43.98343432774806,8.636017099549656
3,0.7000000000000001,22.858883080331083,3.4935863710725497
4,0.9000000000000001,23.880669398412195,3.2733768821718146
