,discretized_reward_proportion,interconnectivity_strength_mean,interconnectivity_strength_err
0,0.1,11.837865524847881,0.9066949710093934
1,0.30000000000000004,10.75435356815001,0.9408685998770108
2,0.5000000000000001,6.468103882206752,0.5850582729106174
3,0.7000000000000001,3.542337628386689,0.16226836471533143
4,0.9000000000000001,3.1513300996075664,0.0556853962041334
