,discretized_reward_proportion,interconnectivity_strength_mean,interconnectivity_strength_err
0,0.1,85.82368487077241,5.676456147326661
1,0.30000000000000004,49.98185810795688,7.096948954102855
2,0.5000000000000001,48.65919222037104,12.492759350276945
3,0.7000000000000001,24.82408325940556,12.532502871835955
4,0.9000000000000001,0.48484848484848486,0.08699885606851798
