,discretized_reward_proportion,interconnectivity_strength_mean,interconnectivity_strength_err
0,0.1,19.13894493613541,3.8789315154604123
1,0.30000000000000004,10.408867177340904,1.8044012866822512
2,0.5000000000000001,22.038022566793966,2.4797097029496937
3,0.7000000000000001,15.66984114975756,1.719441680437984
4,0.9000000000000001,11.539257250104596,0.9767995624886459
