,discretized_reward_proportion,interconnectivity_strength_mean,interconnectivity_strength_err
0,0.1,15.200438424748567,3.2819666993480614
1,0.30000000000000004,190.71734874368286,32.721434043823315
2,0.5000000000000001,154.74772906148505,31.98596648397778
3,0.7000000000000001,71.57476599694095,33.05500801262479
4,0.9000000000000001,20.310641239919878,19.518245049996857
