,discretized_reward_proportion,interconnectivity_strength_mean,interconnectivity_strength_err
0,0.1,175.71036029107705,46.29647064936987
1,0.30000000000000004,164.36691095532873,44.17995705377352
2,0.5000000000000001,79.28046264656963,12.888694268432195
3,0.7000000000000001,16.682531438876037,3.5002350399753093
4,0.9000000000000001,11.795664591123453,1.0779941167547458
