,discretized_reward_proportion,interconnectivity_strength_mean,interconnectivity_strength_err
0,0.1,7.0158761486470045,0.3682922201424658
1,0.30000000000000004,18.08602837666209,2.508553060289724
2,0.5000000000000001,12.764956192762716,1.2669264965178477
3,0.7000000000000001,12.31551760976845,1.392843788455548
4,0.9000000000000001,22.90117322430539,3.326861340985475
