,discretized_reward_proportion,interconnectivity_strength_mean,interconnectivity_strength_err
0,0.1,10.503995273535955,0.1868052301285471
1,0.30000000000000004,7.304228835602613,0.40918727718460607
2,0.5000000000000001,6.771374374944558,0.40938524504460816
3,0.7000000000000001,4.7501332509210785,0.2739424829377939
4,0.9000000000000001,4.025022572932884,0.13297156869221258
