,discretized_reward_proportion,interconnectivity_strength_mean,interconnectivity_strength_err
0,0.1,0.3448275862068966,0.036033311695020075
1,0.30000000000000004,0.5,0.0625
2,0.5000000000000001,72.55495820216349,24.768224664766514
3,0.7000000000000001,86.29293087373956,30.518016135429612
4,0.9000000000000001,14.775413734338649,13.738162756479547
