,discretized_reward_proportion,interconnectivity_strength_mean,interconnectivity_strength_err
0,0.1,22.645099049420633,4.782660112004275
1,0.30000000000000004,20.989413776090483,4.494292735184626
2,0.5000000000000001,24.543255959856666,4.902018075013766
3,0.7000000000000001,13.081198530787796,1.1813402896510838
4,0.9000000000000001,13.589310774199708,0.5275705639356058
