,discretized_reward_proportion,interconnectivity_strength_mean,interconnectivity_strength_err
0,0.1,81.24237178645043,22.97577474085399
1,0.30000000000000004,244.4153197662371,51.995230404581974
2,0.5000000000000001,158.7773310198539,44.65240282724101
3,0.7000000000000001,0.14,0.04907137658554118
4,0.9000000000000001,0.10909090909090909,0.04203679830482468
