,discretized_reward_proportion,interconnectivity_strength_mean,interconnectivity_strength_err
0,0.1,32.451014648557745,6.387809950384943
1,0.30000000000000004,38.45551038890409,5.716956932234325
2,0.5000000000000001,16.341235428059452,2.388808496776444
3,0.7000000000000001,12.768508163587304,1.0469847005074855
4,0.9000000000000001,14.408416508592833,1.076414902934253
