,discretized_reward_proportion,interconnectivity_strength_mean,interconnectivity_strength_err
0,0.1,193.81378866693464,18.021423982040258
1,0.30000000000000004,101.8580987465533,10.863872199707519
2,0.5000000000000001,116.98894111080045,26.17976578872536
3,0.7000000000000001,84.5271767041032,24.060427679431253
4,0.9000000000000001,158.66868182209924,44.22550398316442
