,discretized_reward_proportion,interconnectivity_strength_mean,interconnectivity_strength_err
0,0.1,0.0,0.0
1,0.30000000000000004,6.2417866301946905,3.129878875350539
2,0.5000000000000001,10.913743881249083,2.394841852737082
3,0.7000000000000001,9.72567871373763,3.012250962479791
4,0.9000000000000001,13.618258922422296,2.7731230478654187
