,discretized_reward_proportion,interconnectivity_strength_mean,interconnectivity_strength_err
0,0.1,6.880097251418195,0.730065677126384
1,0.30000000000000004,6.327190021459653,0.40101091160431607
2,0.5000000000000001,3.5982815302103894,0.1655041946246199
3,0.7000000000000001,3.479496597618906,0.08886916542179699
4,0.9000000000000001,3.4219806347121406,0.09925078138834939
