,discretized_reward_proportion,interconnectivity_strength_mean,interconnectivity_strength_err
0,0.1,12.768996565947582,0.6159177301687009
1,0.30000000000000004,9.528073026609231,0.5959367536292702
2,0.5000000000000001,5.345881860842927,0.5250038444219504
3,0.7000000000000001,5.050257222017272,0.33175918018593215
4,0.9000000000000001,4.337770250530126,0.21582202999890363
