,discretized_reward_proportion,interconnectivity_strength_mean,interconnectivity_strength_err
0,0.1,8.49542456836903,1.2981625811180626
1,0.30000000000000004,14.72146752249343,2.5586215427971886
2,0.5000000000000001,28.783613016033726,3.757603751056502
3,0.7000000000000001,5.223599969482057,1.9876450278718734
4,0.9000000000000001,15.020446146969388,1.8494128408253905
