,discretized_reward_proportion,interconnectivity_strength_mean,interconnectivity_strength_err
0,0.1,0.3488372093023256,0.05139335432430331
1,0.30000000000000004,0.4891304347826087,0.05211628433566957
2,0.5000000000000001,14.369961702849581,13.675295399509604
3,0.7000000000000001,150.5258416362689,33.87052465829214
4,0.9000000000000001,24.967958273273045,12.033736957994293
