,discretized_reward_proportion,interconnectivity_strength_mean,interconnectivity_strength_err
0,0.1,14.069990695414896,2.896899811454879
1,0.30000000000000004,24.595515532866806,5.542445072583322
2,0.5000000000000001,10.510879286815237,3.7215271649005635
3,0.7000000000000001,0.1111111111111111,0.034918853391928274
4,0.9000000000000001,0.22388059701492538,0.03600974943597271
