,discretized_reward_proportion,interconnectivity_strength_mean,interconnectivity_strength_err
0,0.1,8.325060938736845,0.45191888915025036
1,0.30000000000000004,7.013631328947932,0.425001633016596
2,0.5000000000000001,7.877118845310932,0.5396511373207669
3,0.7000000000000001,9.52585862804607,0.44269312831365276
4,0.9000000000000001,8.733920736367699,0.3773731853024696
