,discretized_reward_proportion,interconnectivity_strength_mean,interconnectivity_strength_err
0,0.1,40.94256274714511,4.331865651706541
1,0.30000000000000004,33.742168067661986,4.930655372329505
2,0.5000000000000001,38.406722813766066,3.6383972169880963
3,0.7000000000000001,32.589626339783855,2.6039686381834173
4,0.9000000000000001,28.952375043470095,2.472307628078467
