,discretized_reward_proportion,interconnectivity_strength_mean,interconnectivity_strength_err
0,0.1,13.65912131177213,2.9931850441021135
1,0.30000000000000004,8.996160274013707,2.97973107995232
2,0.5000000000000001,5.383227349110811,3.047822294051844
3,0.7000000000000001,11.752692301009056,3.3495047269944527
4,0.9000000000000001,8.603867118324692,2.508508250520537
