,discretized_reward_proportion,interconnectivity_strength_mean,interconnectivity_strength_err
0,0.1,117.67095453696145,9.78065544450757
1,0.30000000000000004,94.27449039698541,10.253326522634039
2,0.5000000000000001,72.43527634979262,10.985584219296307
3,0.7000000000000001,171.30740195720486,36.16025185559266
4,0.9000000000000001,153.83294782399435,29.948321231542536
