,discretized_reward_proportion,interconnectivity_strength_mean,interconnectivity_strength_err
0,0.1,13.652409768536216,1.6581019861596116
1,0.30000000000000004,13.269358038573051,2.1769739758669124
2,0.5000000000000001,11.600079096821576,1.2074777027054628
3,0.7000000000000001,13.504817615716194,1.2284339121283356
4,0.9000000000000001,17.927329882779752,1.6685502616606822
