,discretized_reward_proportion,interconnectivity_strength_mean,interconnectivity_strength_err
0,0.1,45.59120698128216,3.9699621618375067
1,0.30000000000000004,53.7983881118084,4.364378294052979
2,0.5000000000000001,33.7962210249074,5.77427637360734
3,0.7000000000000001,21.600892400817095,4.923077953520695
4,0.9000000000000001,7.749007423712533,2.999221028106895
