,discretized_reward_proportion,interconnectivity_strength_mean,interconnectivity_strength_err
0,0.1,21.081223574394397,0.6502712295352088
1,0.30000000000000004,19.35368767324217,0.7881015458389011
2,0.5000000000000001,18.03380731039208,1.0037897776221603
3,0.7000000000000001,16.758557668003583,1.7973328535914468
4,0.9000000000000001,13.929934495438816,0.6496337605402842
