,discretized_reward_proportion,interconnectivity_strength_mean,interconnectivity_strength_err
0,0.1,26.569291819202913,3.3507595574632054
1,0.30000000000000004,22.644049315259963,4.891196280194256
2,0.5000000000000001,31.24792046810072,6.590552147427121
3,0.7000000000000001,10.30568435524042,1.6404186301708195
4,0.9000000000000001,8.244402685303793,1.0167192757296335
