,discretized_reward_proportion,interconnectivity_strength_mean,interconnectivity_strength_err
0,0.1,54.873623008212114,12.515822709601483
1,0.30000000000000004,0.4868421052631579,0.057334070632943414
2,0.5000000000000001,0.6935483870967742,0.05854954089958531
3,0.7000000000000001,0.4444444444444444,0.0956292184248745
4,0.9000000000000001,0.5531914893617021,0.07251862056689433
