,discretized_reward_proportion,interconnectivity_strength_mean,interconnectivity_strength_err
0,0.1,10.752315306906631,1.0488853949929517
1,0.30000000000000004,7.16252107148843,1.217508500501428
2,0.5000000000000001,9.604136393515903,2.368059596464923
3,0.7000000000000001,4.980347159562551,2.1631955222172565
4,0.9000000000000001,0.0,0.0
