,discretized_reward_proportion,interconnectivity_strength_mean,interconnectivity_strength_err
0,0.1,34.014992382672155,5.766703073723281
1,0.30000000000000004,15.163587724288146,3.505796469240042
2,0.5000000000000001,24.797485767963597,2.697681976813275
3,0.7000000000000001,45.276569472958926,4.9734702313237005
4,0.9000000000000001,69.20004680911782,5.50568323965819
