,discretized_reward_proportion,interconnectivity_strength_mean,interconnectivity_strength_err
0,0.1,10.357019030828889,1.7391229584708126
1,0.30000000000000004,8.285481449369378,1.8920266526337763
2,0.5000000000000001,5.83253466194986,1.9207929999941808
3,0.7000000000000001,41.21163539178829,7.886496601184718
4,0.9000000000000001,33.03950571847105,5.705918310124349
