,discretized_reward_proportion,interconnectivity_strength_mean,interconnectivity_strength_err
0,0.1,13.493152244019587,0.6796613443916124
1,0.30000000000000004,10.179610241781337,0.29441983708059377
2,0.5000000000000001,9.569361246732653,0.26064254853757396
3,0.7000000000000001,8.249750472477533,0.28148674304364546
4,0.9000000000000001,8.110277005378029,0.21392396299532168
