,discretized_reward_proportion,interconnectivity_strength_mean,interconnectivity_strength_err
0,0.1,15.630779201584868,1.647428382613906
1,0.30000000000000004,12.416206704000711,2.0082682326460657
2,0.5000000000000001,13.582490127401686,1.6602288793743836
3,0.7000000000000001,22.535453936664112,2.423581470698732
4,0.9000000000000001,16.628649883450816,2.6372773122363364
