,discretized_reward_proportion,interconnectivity_strength_mean,interconnectivity_strength_err
0,0.1,11.191910626054774,1.4889773083685807
1,0.30000000000000004,3.8399511958154013,1.33950056920089
2,0.5000000000000001,24.95528416905404,3.4480140903892953
3,0.7000000000000001,12.215007058116845,1.9492661681797883
4,0.9000000000000001,8.390300376847879,3.001176297870329
