,discretized_reward_proportion,interconnectivity_strength_mean,interconnectivity_strength_err
0,0.1,15.783631365755083,1.686930831319873
1,0.30000000000000004,13.43928935253244,1.242339657316366
2,0.5000000000000001,12.130939475206725,1.0560048432339908
3,0.7000000000000001,11.921174075991319,0.623889085212474
4,0.9000000000000001,10.029231541665464,0.5123649386271997
