,discretized_reward_proportion,interconnectivity_strength_mean,interconnectivity_strength_err
0,0.1,17.14886180146019,1.1523470250070151
1,0.30000000000000004,17.344622816345314,1.017567757719083
2,0.5000000000000001,18.739290548961613,2.7720625021345815
3,0.7000000000000001,22.507470387601042,1.6322107085332596
4,0.9000000000000001,28.857550018293423,1.9193623558004587
