,discretized_reward_proportion,interconnectivity_strength_mean,interconnectivity_strength_err
0,0.1,44.7825712317849,12.342005767220853
1,0.30000000000000004,128.1944294382973,27.79032621735723
2,0.5000000000000001,20.403055042646447,4.836124334965348
3,0.7000000000000001,1.2965471409026945,1.2731840175568225
4,0.9000000000000001,0.0,0.0
