,discretized_reward_proportion,interconnectivity_strength_mean,interconnectivity_strength_err
0,0.1,5.87115270054453,0.41366378271457577
1,0.30000000000000004,4.0882204542721,0.5319919670641368
2,0.5000000000000001,10.60283819279611,1.4744163375817654
3,0.7000000000000001,10.93534231692632,1.0845987283277523
4,0.9000000000000001,10.023277224531972,0.8473430997780561
