,discretized_reward_proportion,interconnectivity_strength_mean,interconnectivity_strength_err
0,0.1,26.961314976787367,2.474929968675645
1,0.30000000000000004,13.838107233003356,2.239643045120006
2,0.5000000000000001,11.289607720786261,0.48426486328766827
3,0.7000000000000001,8.24101317818742,0.33150623825377723
4,0.9000000000000001,7.055354093375715,0.24530727941553576
