,discretized_reward_proportion,interconnectivity_strength_mean,interconnectivity_strength_err
0,0.1,9.141069800623718,0.9533537081633385
1,0.30000000000000004,13.85372776092423,1.7942862850629486
2,0.5000000000000001,13.102730677159457,1.117036305243453
3,0.7000000000000001,14.679033617001245,1.9681247638807446
4,0.9000000000000001,23.203079297436727,3.984087370284854
