,discretized_reward_proportion,interconnectivity_strength_mean,interconnectivity_strength_err
0,0.1,34.14179554817813,3.1807451982324464
1,0.30000000000000004,23.535720521277018,3.4101706361755633
2,0.5000000000000001,37.158977470309814,4.2485616371330925
3,0.7000000000000001,25.533511402155188,5.62163093825044
4,0.9000000000000001,5.957348590701517,2.4311721063696474
