,discretized_reward_proportion,interconnectivity_strength_mean,interconnectivity_strength_err
0,0.1,14.244484837580881,1.894281577076958
1,0.30000000000000004,9.595133815357668,0.4908043383331638
2,0.5000000000000001,10.025794157994486,0.3797807355065318
3,0.7000000000000001,8.734196531464613,0.3121418663519335
4,0.9000000000000001,9.537107340989646,0.4302160161613232
