,discretized_reward_proportion,interconnectivity_strength_mean,interconnectivity_strength_err
0,0.1,11.780915811971234,1.7442426778747222
1,0.30000000000000004,13.70729437945942,1.5649289254781196
2,0.5000000000000001,9.117898977850954,0.753630029290567
3,0.7000000000000001,8.47882185238428,0.3078705651954027
4,0.9000000000000001,8.78764105809891,0.38214750362377287
