,discretized_reward_proportion,interconnectivity_strength_mean,interconnectivity_strength_err
0,0.1,6.75866463337719,0.4958655763931367
1,0.30000000000000004,6.8510271265608615,0.8770168847959116
2,0.5000000000000001,6.816024575223999,0.5328816440364238
3,0.7000000000000001,7.524158596824124,0.34459085211544394
4,0.9000000000000001,7.600436540236849,0.40238008031762446
