,discretized_reward_proportion,interconnectivity_strength_mean,interconnectivity_strength_err
0,0.1,14.49758776755101,0.6942964319690331
1,0.30000000000000004,14.929158669031953,1.1438085754271452
2,0.5000000000000001,15.327851045885868,1.4023981475705807
3,0.7000000000000001,10.638973340168386,0.6857719952054752
4,0.9000000000000001,11.079743542415894,0.6899284249003022
