,discretized_reward_proportion,interconnectivity_strength_mean,interconnectivity_strength_err
0,0.1,20.651015967451293,2.613522538757585
1,0.30000000000000004,43.89765698650387,4.984513527352078
2,0.5000000000000001,30.22762222115847,3.119107179113109
3,0.7000000000000001,23.7290989617449,5.393078576336476
4,0.9000000000000001,0.045454545454545456,0.044409473678108845
