,discretized_reward_proportion,interconnectivity_strength_mean,interconnectivity_strength_err
0,0.1,49.31275387646235,15.340043567456455
1,0.30000000000000004,51.014926850233046,19.202431017738437
2,0.5000000000000001,37.37574236470968,22.58970844320398
3,0.7000000000000001,46.146984619179385,15.430571927239152
4,0.9000000000000001,47.22917432907613,11.306507020067734
