,discretized_reward_proportion,interconnectivity_strength_mean,interconnectivity_strength_err
0,0.1,13.356225139803668,0.9350229625643791
1,0.30000000000000004,12.455199843729677,0.4746013195205971
2,0.5000000000000001,11.050146256452997,0.3978243310103806
3,0.7000000000000001,13.219914982722829,0.7889428234516143
4,0.9000000000000001,14.00524126609414,0.8950457928347573
