,discretized_reward_proportion,interconnectivity_strength_mean,interconnectivity_strength_err
0,0.1,12.981889946529662,1.495498429338949
1,0.30000000000000004,10.928646389226316,1.7140972624628716
2,0.5000000000000001,17.62448541348812,2.506166929671347
3,0.7000000000000001,29.755955151057393,3.0473462313041786
4,0.9000000000000001,23.262387947990177,3.221441836153792
