,discretized_reward_proportion,interconnectivity_strength_mean,interconnectivity_strength_err
0,0.1,6.4644460181119605,1.4817831452155104
1,0.30000000000000004,8.784304278831543,2.8185058321348517
2,0.5000000000000001,10.50581671514701,3.330150651604873
3,0.7000000000000001,0.12,0.03752332607858744
4,0.9000000000000001,0.0641025641025641,0.027733490209594078
