,discretized_reward_proportion,interconnectivity_strength_mean,interconnectivity_strength_err
0,0.1,13.559034402858943,1.018197008025773
1,0.30000000000000004,12.888722744433899,2.2159368488445277
2,0.5000000000000001,10.345936085225546,0.9825654586404748
3,0.7000000000000001,11.3552636746685,0.3915570890732912
4,0.9000000000000001,10.726693421296131,0.3216577310728305
