,discretized_reward_proportion,interconnectivity_strength_mean,interconnectivity_strength_err
0,0.1,10.107131366193613,1.2276347918056152
1,0.30000000000000004,10.46455896463633,0.7357665873046013
2,0.5000000000000001,8.618554673367063,0.23931173165622044
3,0.7000000000000001,7.539835274130926,0.17499973137186475
4,0.9000000000000001,7.198646936742146,0.15875490698743397
