,discretized_reward_proportion,interconnectivity_strength_mean,interconnectivity_strength_err
0,0.1,38.26450643435051,2.2178259300548464
1,0.30000000000000004,30.635710239847867,2.0831903355577035
2,0.5000000000000001,28.062124945472803,1.8060755168876759
3,0.7000000000000001,34.15634195972553,3.1623286027151143
4,0.9000000000000001,38.26851494392958,5.5908865974974224
