,discretized_reward_proportion,interconnectivity_strength_mean,interconnectivity_strength_err
0,0.1,27.133642419835965,1.7483053993749254
1,0.30000000000000004,31.768137910269058,2.6693041067476297
2,0.5000000000000001,18.701883246489917,1.6750144703012304
3,0.7000000000000001,11.980860149456735,2.2032488532121195
4,0.9000000000000001,5.537853714853708,1.2534851750986786
