,discretized_reward_proportion,interconnectivity_strength_mean,interconnectivity_strength_err
0,0.1,0.7272727272727273,0.09495144870310791
1,0.30000000000000004,4.427638969477615,2.568029362986248
2,0.5000000000000001,17.116289707544745,3.6683429076243934
3,0.7000000000000001,126.02665155187049,28.783053783676465
4,0.9000000000000001,190.5859573834121,38.16136692464141
