,discretized_reward_proportion,interconnectivity_strength_mean,interconnectivity_strength_err
0,0.1,46.9256180434129,7.47321416270817
1,0.30000000000000004,30.499741578969644,4.119828274093273
2,0.5000000000000001,29.577503046838157,2.2050767037131065
3,0.7000000000000001,37.768532010524574,2.992891087809109
4,0.9000000000000001,31.9010016160369,6.978223401055413
