,discretized_reward_proportion,interconnectivity_strength_mean,interconnectivity_strength_err
0,0.1,39.90894830706644,14.899118786379875
1,0.30000000000000004,44.70770419239273,17.844225553531988
2,0.5000000000000001,30.412573060400035,11.17189297387044
3,0.7000000000000001,73.22404139851795,14.592976231777168
4,0.9000000000000001,102.19713016484462,13.18727377166685
