,discretized_reward_proportion,interconnectivity_strength_mean,interconnectivity_strength_err
0,0.1,36.55513789871178,5.809192559681951
1,0.30000000000000004,23.866833630717256,4.406754240960896
2,0.5000000000000001,21.29955296820274,3.5410806156201358
3,0.7000000000000001,22.19469266816359,2.4242648731950545
4,0.9000000000000001,15.650075465723996,1.8834589066890335
