,discretized_reward_proportion,interconnectivity_strength_mean,interconnectivity_strength_err
0,0.1,789.8177727726,163.04381931147347
1,0.30000000000000004,31.40756493454854,17.171799059471724
2,0.5000000000000001,21.044774682470816,3.3572264037488595
3,0.7000000000000001,28.256722808153924,2.9228283182109513
4,0.9000000000000001,29.11900166961343,2.5327039541689644
