,discretized_reward_proportion,interconnectivity_strength_mean,interconnectivity_strength_err
0,0.1,37.70874357248245,9.149761635386565
1,0.30000000000000004,151.11210911645753,36.479095818547584
2,0.5000000000000001,272.8657209056739,61.09873261072783
3,0.7000000000000001,479.13009322594814,148.53386340377423
4,0.9000000000000001,0.045454545454545456,0.044409473678108845
