,discretized_reward_proportion,interconnectivity_strength_mean,interconnectivity_strength_err
0,0.1,46.473016471997354,4.28274524842136
1,0.30000000000000004,25.18649337052486,3.5216656411540326
2,0.5000000000000001,28.65899382602483,5.768516171124148
3,0.7000000000000001,42.72761663859687,4.796719284980025
4,0.9000000000000001,29.19348379084708,4.3789665157453195
