,discretized_reward_proportion,interconnectivity_strength_mean,interconnectivity_strength_err
0,0.1,11.308949689791051,1.0222435702284423
1,0.30000000000000004,23.68288165386235,2.5640270470278477
2,0.5000000000000001,22.81263127329102,2.3837949393508975
3,0.7000000000000001,27.096320689665625,5.517070993470855
4,0.9000000000000001,17.638912216727633,4.179268914853918
