,discretized_reward_proportion,interconnectivity_strength_mean,interconnectivity_strength_err
0,0.1,19.92552238254639,10.067241676080378
1,0.30000000000000004,44.91809750436677,9.125659138779682
2,0.5000000000000001,14.313317335200807,4.266094497783156
3,0.7000000000000001,9.575181768599132,3.434788517560761
4,0.9000000000000001,0.016129032258064516,0.01599843065715068
