,discretized_reward_proportion,interconnectivity_strength_mean,interconnectivity_strength_err
0,0.1,201.2457232636729,33.18641045882946
1,0.30000000000000004,58.03339591410627,12.820976245967875
2,0.5000000000000001,125.94256769377722,30.93998154706221
3,0.7000000000000001,73.22511741860929,29.619900683257473
4,0.9000000000000001,10.967448367063403,3.569441760419404
