,discretized_reward_proportion,interconnectivity_strength_mean,interconnectivity_strength_err
0,0.1,31.168719758928386,16.268240708477908
1,0.30000000000000004,25.484778133610327,4.929472586866309
2,0.5000000000000001,30.142527061778022,3.21966898105942
3,0.7000000000000001,22.118605066987744,2.7065979618532023
4,0.9000000000000001,16.837392632434963,2.41791873019466
