,discretized_reward_proportion,interconnectivity_strength_mean,interconnectivity_strength_err
0,0.1,17.94677785666851,10.4349962112118
1,0.30000000000000004,15.91585688333959,5.670680534535788
2,0.5000000000000001,53.741857428162994,15.145466858623886
3,0.7000000000000001,186.7718423794104,28.684843061649993
4,0.9000000000000001,186.48533444551558,22.615310064550027
