,discretized_reward_proportion,interconnectivity_strength_mean,interconnectivity_strength_err
0,0.1,15.967305416760498,2.7918714763557797
1,0.30000000000000004,12.484797851802474,0.9076937533090699
2,0.5000000000000001,9.792190057721367,1.4484102164772508
3,0.7000000000000001,7.388468366262894,0.4913456096645848
4,0.9000000000000001,6.343142904348639,0.26147994877821334
