,discretized_reward_proportion,interconnectivity_strength_mean,interconnectivity_strength_err
0,0.1,18.930535996636372,3.4225297858861086
1,0.30000000000000004,17.983590920125355,3.3969383486526223
2,0.5000000000000001,15.21365148044614,2.198995708206876
3,0.7000000000000001,12.274946493201835,0.7873334758342683
4,0.9000000000000001,9.743500895417723,0.5516701514743511
