,discretized_reward_proportion,interconnectivity_strength_mean,interconnectivity_strength_err
0,0.1,52.0978561574925,13.818968174517929
1,0.30000000000000004,53.56330071360862,16.348058826844962
2,0.5000000000000001,11.709704688125248,2.1203474508885845
3,0.7000000000000001,32.134418469644686,5.625210301573508
4,0.9000000000000001,24.32996985836589,2.6255964935349367
