,discretized_reward_proportion,interconnectivity_strength_mean,interconnectivity_strength_err
0,0.1,16.56903956330401,1.367377516105738
1,0.30000000000000004,24.415890761234486,3.748460961103067
2,0.5000000000000001,56.46042056466141,7.000613383634018
3,0.7000000000000001,34.019496221912185,3.988918586190686
4,0.9000000000000001,40.41481066322041,5.314315728646561
