,discretized_reward_proportion,interconnectivity_strength_mean,interconnectivity_strength_err
0,0.1,17.775920022179726,1.366269794333302
1,0.30000000000000004,17.24912521633059,1.9998934473433385
2,0.5000000000000001,20.457644605417098,3.9912897836475247
3,0.7000000000000001,21.716963058030732,2.4946512323858454
4,0.9000000000000001,13.658607937486119,1.6645780167636395
