,discretized_reward_proportion,interconnectivity_strength_mean,interconnectivity_strength_err
0,0.1,148.59160362076872,28.97824805513546
1,0.30000000000000004,70.15029286109156,33.30020680661006
2,0.5000000000000001,33.554778189136705,7.488507413802389
3,0.7000000000000001,26.681403197730948,5.438171442375373
4,0.9000000000000001,25.955283653614043,3.1236712202001513
