,discretized_reward_proportion,interconnectivity_strength_mean,interconnectivity_strength_err
0,0.1,15.788925282099758,0.34619166324800177
1,0.30000000000000004,12.305168004722663,0.5372689587302018
2,0.5000000000000001,10.850663728511824,0.39127994370980507
3,0.7000000000000001,10.008032790474942,0.4503948012910435
4,0.9000000000000001,7.022067925787433,0.25924162609201246
