,discretized_reward_proportion,interconnectivity_strength_mean,interconnectivity_strength_err
0,0.1,29.22994958932404,5.0396854582556765
1,0.30000000000000004,29.050088788429385,3.0804383922401217
2,0.5000000000000001,15.733591789158663,1.6246945039650436
3,0.7000000000000001,18.237803279878285,1.783578751030563
4,0.9000000000000001,18.66318944512543,1.545962195968163
