,discretized_reward_proportion,interconnectivity_strength_mean,interconnectivity_strength_err
0,0.1,13.905494911112525,1.60522520374217
1,0.30000000000000004,30.327004062778865,4.701897373253286
2,0.5000000000000001,13.66490285096117,1.3874090511368253
3,0.7000000000000001,13.761650062833441,1.0751872764813386
4,0.9000000000000001,6.1028338518511,0.9149759609234582
