,discretized_reward_proportion,interconnectivity_strength_mean,interconnectivity_strength_err
0,0.1,72.92619020921133,9.077163483060387
1,0.30000000000000004,55.38899060826389,17.637958550908603
2,0.5000000000000001,18.441805442852345,4.788521046403382
3,0.7000000000000001,36.08646791414133,9.90934783015841
4,0.9000000000000001,50.20493766761394,10.748052197201382
