,discretized_reward_proportion,interconnectivity_strength_mean,interconnectivity_strength_err
0,0.1,197.15271393666976,43.85792521661937
1,0.30000000000000004,257.7974015543432,70.7021349106052
2,0.5000000000000001,108.54992094578449,42.177078183646856
3,0.7000000000000001,23.05901508021377,5.489269442240758
4,0.9000000000000001,19.9172166552488,3.3223526731408746
