,discretized_reward_proportion,interconnectivity_strength_mean,interconnectivity_strength_err
0,0.1,35.23869138371601,5.998062986334082
1,0.30000000000000004,30.686557663865504,5.235475162283048
2,0.5000000000000001,6.495555775550568,2.054685538603591
3,0.7000000000000001,0.59375,0.06139153767774106
4,0.9000000000000001,0.3225806451612903,0.05936795765076342
