,discretized_reward_proportion,interconnectivity_strength_mean,interconnectivity_strength_err
0,0.1,29.339676410129993,4.437627486607771
1,0.30000000000000004,36.71544633496105,5.33437635409072
2,0.5000000000000001,28.814798824570534,4.661909088968747
3,0.7000000000000001,13.392626516797916,2.492050586602848
4,0.9000000000000001,27.745864870094156,2.9577485639281043
