,discretized_reward_proportion,interconnectivity_strength_mean,interconnectivity_strength_err
0,0.1,16.259060127398683,1.9990083746718155
1,0.30000000000000004,11.169819692102717,2.0025142269498426
2,0.5000000000000001,4.126591641282598,0.19563197885555259
3,0.7000000000000001,3.3601590055745794,0.08089438842076595
4,0.9000000000000001,3.082064320943373,0.11839535531751089
