,discretized_reward_proportion,interconnectivity_strength_mean,interconnectivity_strength_err
0,0.1,11.148392784724406,2.3386253059711057
1,0.30000000000000004,10.220578693734993,1.5984986979137188
2,0.5000000000000001,103.52961337185235,23.254676406922332
3,0.7000000000000001,41.45204336954807,8.972873069360693
4,0.9000000000000001,21.948493164604784,1.9924677851400443
