,discretized_reward_proportion,interconnectivity_strength_mean,interconnectivity_strength_err
0,0.1,4.331948717749537,0.34797602602751604
1,0.30000000000000004,14.256536170817418,3.3157787033616315
2,0.5000000000000001,72.8787081131341,15.059685079252105
3,0.7000000000000001,28.809970625257446,4.261675726250356
4,0.9000000000000001,21.192972711029647,2.2745140168330575
