,discretized_reward_proportion,interconnectivity_strength_mean,interconnectivity_strength_err
0,0.1,22.19027051612137,1.4276956563089345
1,0.30000000000000004,10.53109768304251,1.091000472690716
2,0.5000000000000001,4.399696655744809,0.30217112440222405
3,0.7000000000000001,8.351575542541811,1.0594520389146813
4,0.9000000000000001,6.9695167351881,0.5859576057453713
