,discretized_reward_proportion,interconnectivity_strength_mean,interconnectivity_strength_err
0,0.1,14.279168548070707,0.2899484881838985
1,0.30000000000000004,12.324920420518623,0.3736972849183433
2,0.5000000000000001,11.334197383348169,0.3125868671157572
3,0.7000000000000001,10.49522386979085,0.3946709638267889
4,0.9000000000000001,11.893948720679209,0.4213181436457424
