,discretized_reward_proportion,interconnectivity_strength_mean,interconnectivity_strength_err
0,0.1,16.44250750026174,1.0639850128438342
1,0.30000000000000004,16.754020174106582,0.8358763381323893
2,0.5000000000000001,10.384812360025549,1.0398625875434728
3,0.7000000000000001,9.299818354735633,0.6984184497246694
4,0.9000000000000001,9.542848688740154,0.7954372150781933
