,discretized_reward_proportion,interconnectivity_strength_mean,interconnectivity_strength_err
0,0.1,10.383577738259984,1.6795680827032407
1,0.30000000000000004,20.26145709172808,2.629076861012322
2,0.5000000000000001,19.756347003033156,3.0648672277203066
3,0.7000000000000001,22.039737637318954,1.9827636485385627
4,0.9000000000000001,20.471800327971057,1.534907267708539
