,discretized_reward_proportion,interconnectivity_strength_mean,interconnectivity_strength_err
0,0.1,7.828074604981189,3.3181603939385127
1,0.30000000000000004,46.86640877499583,5.548279178576645
2,0.5000000000000001,20.95322113721734,4.634767674737639
3,0.7000000000000001,19.70052060554492,2.673641452267254
4,0.9000000000000001,45.066136617761124,4.650646957486364
