,discretized_reward_proportion,interconnectivity_strength_mean,interconnectivity_strength_err
0,0.1,13.946128575186531,0.6991125433186642
1,0.30000000000000004,9.783287920722852,0.48199313968683183
2,0.5000000000000001,7.4830451662117135,0.6248961194339587
3,0.7000000000000001,4.65873958139578,0.21005646032330313
4,0.9000000000000001,4.491933501031778,0.09878599546435933
