,discretized_reward_proportion,interconnectivity_strength_mean,interconnectivity_strength_err
0,0.1,0.38372093023255816,0.052438133862235246
1,0.30000000000000004,0.1956521739130435,0.04135903254956945
2,0.5000000000000001,245.59562623067328,80.55988745098102
3,0.7000000000000001,77.38589547236528,25.07711888814013
4,0.9000000000000001,28.791777303293074,14.064811008273352
