,discretized_reward_proportion,interconnectivity_strength_mean,interconnectivity_strength_err
0,0.1,20.10195751213531,0.8162469332319956
1,0.30000000000000004,16.917253043556826,0.9124966701570858
2,0.5000000000000001,16.152116831898176,0.7615984818524448
3,0.7000000000000001,10.571035905530032,1.0914194961649664
4,0.9000000000000001,7.020789975351885,0.513397925430607
