,discretized_reward_proportion,interconnectivity_strength_mean,interconnectivity_strength_err
0,0.1,5.203521225495293,0.4030353026899798
1,0.30000000000000004,4.811743858328048,0.5368825232005263
2,0.5000000000000001,5.280484718602545,0.5286512816266961
3,0.7000000000000001,6.4461237218651934,0.4485197414289328
4,0.9000000000000001,8.92644130547384,0.5797049403168567
