,discretized_reward_proportion,interconnectivity_strength_mean,interconnectivity_strength_err
0,0.1,5.563384790925292,0.15423196078155801
1,0.30000000000000004,6.1902045708310265,0.21216696720514874
2,0.5000000000000001,6.892120050525713,0.26055897508440123
3,0.7000000000000001,6.5139420142377,0.27968323485836094
4,0.9000000000000001,5.5294998434869616,0.23480188817046582
