,discretized_reward_proportion,interconnectivity_strength_mean,interconnectivity_strength_err
0,0.1,20.89634591580823,2.7336327598659276
1,0.30000000000000004,29.787222689451294,3.355340364668334
2,0.5000000000000001,46.62589932368735,8.941157071495132
3,0.7000000000000001,23.07668558541474,3.2646246660726326
4,0.9000000000000001,32.294918933856216,2.7270108792640984
