,discretized_reward_proportion,interconnectivity_strength_mean,interconnectivity_strength_err
0,0.1,46.426016228444595,11.8296574825249
1,0.30000000000000004,10.43904981460222,2.4304191204401424
2,0.5000000000000001,8.593722276433532,2.644459437746798
3,0.7000000000000001,0.453125,0.062224735633101526
4,0.9000000000000001,0.06451612903225806,0.031200133924172632
