,discretized_reward_proportion,interconnectivity_strength_mean,interconnectivity_strength_err
0,0.1,10.618596750165155,0.8493983805796897
1,0.30000000000000004,22.870288103895916,6.05199964671572
2,0.5000000000000001,11.340663562865174,1.9189099233544948
3,0.7000000000000001,24.17791967802776,4.889536710879774
4,0.9000000000000001,38.89050513214584,8.071488175271973
