,discretized_reward_proportion,interconnectivity_strength_mean,interconnectivity_strength_err
0,0.1,10.321604801092745,1.1403151213624139
1,0.30000000000000004,19.18188189534941,1.8615886965212407
2,0.5000000000000001,12.745920585897945,0.9915811761776158
3,0.7000000000000001,16.95375541378822,7.835539126763733
4,0.9000000000000001,38.57014541828322,7.104447208451702
