,discretized_reward_proportion,interconnectivity_strength_mean,interconnectivity_strength_err
0,0.1,37.451969117830025,2.6480364414921036
1,0.30000000000000004,10.907458763317226,2.61358900459345
2,0.5000000000000001,0.8524590163934426,0.04540756089329339
3,0.7000000000000001,0.6428571428571429,0.09055224157805535
4,0.9000000000000001,0.5454545454545454,0.10615894693111676
