,discretized_reward_proportion,interconnectivity_strength_mean,interconnectivity_strength_err
0,0.1,15.405111717268287,0.3815846434466431
1,0.30000000000000004,16.42901066772443,0.5536843236946642
2,0.5000000000000001,19.899713862201306,1.2559221638864875
3,0.7000000000000001,12.963333868740053,0.820949365841529
4,0.9000000000000001,13.157826083487041,1.1165161656633384
