,discretized_reward_proportion,interconnectivity_strength_mean,interconnectivity_strength_err
0,0.1,18.250098456007084,1.7233085739610992
1,0.30000000000000004,14.974029636612102,1.6209096308711983
2,0.5000000000000001,15.007584014158322,1.1109977631093224
3,0.7000000000000001,16.426819000513305,1.3901035156340367
4,0.9000000000000001,15.254427788380005,0.9161307259054061
