,discretized_reward_proportion,interconnectivity_strength_mean,interconnectivity_strength_err
0,0.1,19.292830037506913,1.7482964195221995
1,0.30000000000000004,21.251882668369042,3.1736600288438868
2,0.5000000000000001,24.005968399369067,3.280503382190039
3,0.7000000000000001,53.67629405399903,7.974192475612436
4,0.9000000000000001,70.56575788444769,9.4976365809034
