,discretized_reward_proportion,interconnectivity_strength_mean,interconnectivity_strength_err
0,0.1,40.323398000034075,5.629528600881614
1,0.30000000000000004,38.85842521058134,6.9006666189242
2,0.5000000000000001,20.488259044702566,5.031103471536569
3,0.7000000000000001,10.380534113321284,1.0674689840317406
4,0.9000000000000001,5.03439485138975,0.4710518491865996
