,discretized_reward_proportion,interconnectivity_strength_mean,interconnectivity_strength_err
0,0.1,12.95703489887134,1.3577382025632867
1,0.30000000000000004,12.28423137919588,1.4758486474558872
2,0.5000000000000001,8.358580874014393,1.070526106900511
3,0.7000000000000001,9.270928052688491,0.6857259427389455
4,0.9000000000000001,7.279524434839602,0.5959415169122494
