,discretized_reward_proportion,interconnectivity_strength_mean,interconnectivity_strength_err
0,0.1,13.978054419152478,2.9925086012733666
1,0.30000000000000004,8.720558042528163,0.8402696012571885
2,0.5000000000000001,7.661873644010822,0.2336556159331095
3,0.7000000000000001,8.193775145001519,0.22481034565363975
4,0.9000000000000001,9.04899626283032,0.32587720344605847
