,discretized_reward_proportion,interconnectivity_strength_mean,interconnectivity_strength_err
0,0.1,145.9132840084847,31.552408689823086
1,0.30000000000000004,63.73771354593828,19.63994921601158
2,0.5000000000000001,137.70527906802045,70.46821399938382
3,0.7000000000000001,298.4376570283101,123.11592999293076
4,0.9000000000000001,692.4090971675905,191.2948944860043
