,discretized_reward_proportion,interconnectivity_strength_mean,interconnectivity_strength_err
0,0.1,47.65622311857385,2.8128773760364583
1,0.30000000000000004,34.95394800460913,3.4080974780349536
2,0.5000000000000001,26.922131496154442,2.303185945611909
3,0.7000000000000001,25.560213547875424,4.698074145336023
4,0.9000000000000001,8.596024748324867,3.4936495180311065
