,discretized_reward_proportion,interconnectivity_strength_mean,interconnectivity_strength_err
0,0.1,138.9299625964559,8.81703123761939
1,0.30000000000000004,112.65448361404566,11.790943031862447
2,0.5000000000000001,70.67310793059946,12.083916266782014
3,0.7000000000000001,65.18564603775006,13.209348524053148
4,0.9000000000000001,13.302943634934195,7.0774225181535595
