,discretized_reward_proportion,interconnectivity_strength_mean,interconnectivity_strength_err
0,0.1,85.7703252530747,27.18919229033622
1,0.30000000000000004,22.68872403482614,6.144432672367771
2,0.5000000000000001,8.688751397596729,0.46952737236963643
3,0.7000000000000001,9.341356067528238,0.6940465716031092
4,0.9000000000000001,14.261557519654087,1.1819142493687438
