,discretized_reward_proportion,interconnectivity_strength_mean,interconnectivity_strength_err
0,0.1,4.114939958559573,1.127617057522363
1,0.30000000000000004,10.620707915359874,2.509458033118614
2,0.5000000000000001,11.277470954222341,2.514391831966012
3,0.7000000000000001,8.017561717805888,2.7025177098638538
4,0.9000000000000001,20.23281927026411,4.145725874784545
