,discretized_reward_proportion,interconnectivity_strength_mean,interconnectivity_strength_err
0,0.1,77.27366438658864,7.161856180721022
1,0.30000000000000004,108.95256835070768,29.797014576835167
2,0.5000000000000001,87.99871795146937,34.90514199149556
3,0.7000000000000001,29.998207555429204,4.004658858159592
4,0.9000000000000001,88.65150851342973,15.95701119385273
