,discretized_reward_proportion,interconnectivity_strength_mean,interconnectivity_strength_err
0,0.1,18.604154218968404,3.0369074266399774
1,0.30000000000000004,17.52387697332371,1.770747685810125
2,0.5000000000000001,19.452724220937117,0.9610266420060568
3,0.7000000000000001,24.101627953951382,1.1301123109692846
4,0.9000000000000001,21.94600964231153,0.8835179515878478
