,discretized_reward_proportion,interconnectivity_strength_mean,interconnectivity_strength_err
0,0.1,9.967225806871403,0.8655149487108645
1,0.30000000000000004,8.446661684197174,1.0335479315016725
2,0.5000000000000001,6.253091164451801,0.7082416594522497
3,0.7000000000000001,6.033243230141113,0.4036984688972153
4,0.9000000000000001,6.056780016100738,0.39706133620530987
