,discretized_reward_proportion,interconnectivity_strength_mean,interconnectivity_strength_err
0,0.1,22.068487979784162,1.2700438214898528
1,0.30000000000000004,27.889041879652908,2.0809734435130127
2,0.5000000000000001,22.622344205997678,2.278149177066807
3,0.7000000000000001,16.459555875891102,1.744765284377179
4,0.9000000000000001,14.304100230831818,1.2120236565447062
