,discretized_reward_proportion,interconnectivity_strength_mean,interconnectivity_strength_err
0,0.1,23.548069402503874,3.809731624503258
1,0.30000000000000004,12.983202069866557,2.050941423112755
2,0.5000000000000001,27.3786027767363,2.8276896690073556
3,0.7000000000000001,6.933221332285063,1.696187239073497
4,0.9000000000000001,10.499822349460675,1.2896865932533204
