,discretized_reward_proportion,interconnectivity_strength_mean,interconnectivity_strength_err
0,0.1,41.13140697609834,25.78377808355843
1,0.30000000000000004,97.07085757446423,27.37946506384491
2,0.5000000000000001,72.41632445740495,13.429694816947215
3,0.7000000000000001,76.32526824917942,8.533831592060977
4,0.9000000000000001,79.03286614486045,10.401272745656778
