,discretized_reward_proportion,interconnectivity_strength_mean,interconnectivity_strength_err
0,0.1,5.30729572148735,0.3927512656135148
1,0.30000000000000004,6.24529030309285,1.210569878274257
2,0.5000000000000001,9.289203919886612,1.643475866592598
3,0.7000000000000001,6.752844282202367,0.46037046795932984
4,0.9000000000000001,7.300693640180145,0.3748304274125395
