,discretized_reward_proportion,interconnectivity_strength_mean,interconnectivity_strength_err
0,0.1,41.59942861376764,2.7231415683066262
1,0.30000000000000004,54.15945741582216,11.075271108465353
2,0.5000000000000001,64.26565875985042,15.231392951101764
3,0.7000000000000001,11.563940854099188,1.2459424306666065
4,0.9000000000000001,15.282857760355602,0.874454506249443
