,discretized_reward_proportion,interconnectivity_strength_mean,interconnectivity_strength_err
0,0.1,13.960205081794367,2.11115041857746
1,0.30000000000000004,22.34416088460874,3.3448582078105655
2,0.5000000000000001,28.483015011179564,2.1106932073079565
3,0.7000000000000001,32.33043375301921,2.056089477962798
4,0.9000000000000001,28.907287304749445,2.3948802453998113
