,discretized_reward_proportion,interconnectivity_strength_mean,interconnectivity_strength_err
0,0.1,13.360959968065721,7.275007488958375
1,0.30000000000000004,22.015588024195534,8.1674651216057
2,0.5000000000000001,74.25810545675712,13.77485585686746
3,0.7000000000000001,10.420297856241923,2.896144210831135
4,0.9000000000000001,5.7858690130847545,1.3591553328392956
