,discretized_reward_proportion,interconnectivity_strength_mean,interconnectivity_strength_err
0,0.1,26.68051373076514,1.7794613791230955
1,0.30000000000000004,24.923315229873676,1.4556176287622093
2,0.5000000000000001,24.040935333045784,3.481657402801362
3,0.7000000000000001,26.674548660299077,5.49348404308824
4,0.9000000000000001,,
