,discretized_reward_proportion,interconnectivity_strength_mean,interconnectivity_strength_err
0,0.1,44.63535749787862,13.925263795981978
1,0.30000000000000004,108.47274978915712,33.5612616388999
2,0.5000000000000001,119.36018862240606,27.409325078265727
3,0.7000000000000001,47.078609503541294,6.315692055218008
4,0.9000000000000001,33.911806392012345,9.240927997863212
