,discretized_reward_proportion,interconnectivity_strength_mean,interconnectivity_strength_err
0,0.1,17.838680922952395,0.5963837010482046
1,0.30000000000000004,17.344821293078915,0.6291975123355079
2,0.5000000000000001,19.001319049562078,1.4103144889103558
3,0.7000000000000001,16.958624400994207,1.1290380740501749
4,0.9000000000000001,25.224597845876065,2.6142972450534416
