,discretized_reward_proportion,interconnectivity_strength_mean,interconnectivity_strength_err
0,0.1,30.419308872851943,4.553442659201394
1,0.30000000000000004,28.087245663308554,3.6347284390461945
2,0.5000000000000001,42.80586504076137,8.70008837537694
3,0.7000000000000001,24.77082771636628,3.132810926751991
4,0.9000000000000001,16.638482672134362,1.9599659682772912
