,discretized_reward_proportion,interconnectivity_strength_mean,interconnectivity_strength_err
0,0.1,4.5229548876438574,0.2351789198657843
1,0.30000000000000004,4.319907778362552,0.18132112284064447
2,0.5000000000000001,4.742946808158311,0.19381690352251993
3,0.7000000000000001,4.08901443410775,0.08856707878076638
4,0.9000000000000001,4.047044689512977,0.07976692611980583
