,discretized_reward_proportion,interconnectivity_strength_mean,interconnectivity_strength_err
0,0.1,88.34492844911311,21.565700630762763
1,0.30000000000000004,50.09280174889041,8.579564096063008
2,0.5000000000000001,7.563000450517564,0.6492357523163588
3,0.7000000000000001,5.96853860933599,0.2934638426110324
4,0.9000000000000001,5.385912470941143,0.12894445610269864
