,discretized_reward_proportion,interconnectivity_strength_mean,interconnectivity_strength_err
0,0.1,159.43066393803974,17.495704583219982
1,0.30000000000000004,351.5513890608632,69.5690260864813
2,0.5000000000000001,283.02852146937516,55.64283817400644
3,0.7000000000000001,137.1222448972029,43.31459475780722
4,0.9000000000000001,22.51489443255146,9.924734106365237
