,discretized_reward_proportion,interconnectivity_strength_mean,interconnectivity_strength_err
0,0.1,60.16256718673467,4.956772107543195
1,0.30000000000000004,62.163123044468016,5.351580802330507
2,0.5000000000000001,79.49790388296574,11.095878999888448
3,0.7000000000000001,91.72385837532754,13.106623606319705
4,0.9000000000000001,109.94625970190626,24.01626235193338
