,discretized_reward_proportion,interconnectivity_strength_mean,interconnectivity_strength_err
0,0.1,11.506436063295485,0.7820621135659855
1,0.30000000000000004,8.89567904455199,0.5539688931374195
2,0.5000000000000001,8.12109167081471,0.5816172826905747
3,0.7000000000000001,8.10955531964628,0.5961663231886971
4,0.9000000000000001,9.014644441052132,0.4382278404034297
