,discretized_reward_proportion,interconnectivity_strength_mean,interconnectivity_strength_err
0,0.1,52.38060509334787,7.361545094889641
1,0.30000000000000004,12.650878409606653,3.775234088205133
2,0.5000000000000001,24.17003805372199,4.872339353867389
3,0.7000000000000001,9.875165323096477,2.987907603284209
4,0.9000000000000001,2.5031350016953415,2.4455839753519277
