,discretized_reward_proportion,interconnectivity_strength_mean,interconnectivity_strength_err
0,0.1,59.96686632801001,11.747043950775828
1,0.30000000000000004,20.194500889105306,8.472773684982348
2,0.5000000000000001,18.442647044080857,9.348885501520865
3,0.7000000000000001,68.13036898573893,16.719499273547132
4,0.9000000000000001,65.11928947703603,12.038844890657337
