,discretized_reward_proportion,interconnectivity_strength_mean,interconnectivity_strength_err
0,0.1,6.538199729708368,0.6174508553970774
1,0.30000000000000004,5.321798196950535,0.30487971943135467
2,0.5000000000000001,5.901520702664549,0.21417293757126904
3,0.7000000000000001,5.679199973857555,0.24658154390478823
4,0.9000000000000001,8.111143071532766,0.5495957280277148
