,discretized_reward_proportion,interconnectivity_strength_mean,interconnectivity_strength_err
0,0.1,20.808590960212936,5.0780722187419025
1,0.30000000000000004,19.190888944873173,7.388833838761258
2,0.5000000000000001,0.03278688524590164,0.022800598712937818
3,0.7000000000000001,0.0,0.0
4,0.9000000000000001,0.0,0.0
