,discretized_reward_proportion,interconnectivity_strength_mean,interconnectivity_strength_err
0,0.1,15.279049398679986,3.6918396113877847
1,0.30000000000000004,10.727664933625208,2.5111690763185908
2,0.5000000000000001,10.444531873465987,2.6349353042665316
3,0.7000000000000001,11.00789636795243,1.548329873964666
4,0.9000000000000001,8.459651515919845,0.7764642691187299
