,discretized_reward_proportion,interconnectivity_strength_mean,interconnectivity_strength_err
0,0.1,25.669742276027247,0.7472351017581772
1,0.30000000000000004,23.814594732876515,1.157742262544772
2,0.5000000000000001,28.048958198628274,2.179369932057892
3,0.7000000000000001,21.579787947952777,2.50158323092821
4,0.9000000000000001,14.81519830096271,1.2241281431158557
