,discretized_reward_proportion,interconnectivity_strength_mean,interconnectivity_strength_err
0,0.1,10.030739821797207,0.6345633090955124
1,0.30000000000000004,9.515669291959208,0.615046821765007
2,0.5000000000000001,10.331537392599277,0.4883657267596601
3,0.7000000000000001,11.425167829940177,0.5626489755023278
4,0.9000000000000001,16.911241998976582,1.1223459966867886
