,discretized_reward_proportion,interconnectivity_strength_mean,interconnectivity_strength_err
0,0.1,25.513445375114557,3.3636867906565966
1,0.30000000000000004,14.822128599803326,1.3408024447921585
2,0.5000000000000001,14.509681496120992,0.9693398749038725
3,0.7000000000000001,10.93997730268446,0.7947887297565
4,0.9000000000000001,12.650317991724293,0.6915446942870187
