,discretized_reward_proportion,interconnectivity_strength_mean,interconnectivity_strength_err
0,0.1,10.837460492573872,1.586971599023886
1,0.30000000000000004,17.428834378391983,2.730198451277046
2,0.5000000000000001,43.47816054505141,8.04642924428125
3,0.7000000000000001,70.05247663883208,13.148040798301068
4,0.9000000000000001,72.85733617962242,13.489864724475394
