,discretized_reward_proportion,interconnectivity_strength_mean,interconnectivity_strength_err
0,0.1,14.629586814899817,9.468990479518173
1,0.30000000000000004,61.067131813478156,11.434554568584247
2,0.5000000000000001,37.183174027489095,7.201647375654299
3,0.7000000000000001,27.390980723264875,5.563944140521262
4,0.9000000000000001,1.2220047033869783,1.2121097656106101
