,discretized_reward_proportion,interconnectivity_strength_mean,interconnectivity_strength_err
0,0.1,21.023776470812162,3.6979690607922535
1,0.30000000000000004,26.14729499007379,3.4244979095387404
2,0.5000000000000001,16.02445333239873,4.403101295877337
3,0.7000000000000001,0.09259259259259259,0.03944504014954899
4,0.9000000000000001,0.0,0.0
