,discretized_reward_proportion,interconnectivity_strength_mean,interconnectivity_strength_err
0,0.1,3.244255884906237,0.6749941377645471
1,0.30000000000000004,5.734937745833489,2.8172278609420074
2,0.5000000000000001,38.34927529230545,7.2722968501251115
3,0.7000000000000001,21.382305089390005,3.6761163637881804
4,0.9000000000000001,29.68627587871516,4.55125062987113
