,discretized_reward_proportion,interconnectivity_strength_mean,interconnectivity_strength_err
0,0.1,9.362780390776969,0.8386013563504471
1,0.30000000000000004,7.066955024557318,1.0570239775815462
2,0.5000000000000001,9.859704921689119,1.1365934375077587
3,0.7000000000000001,15.081803878915764,1.541899788719788
4,0.9000000000000001,23.21755672432173,2.1620359482585556
