,discretized_reward_proportion,interconnectivity_strength_mean,interconnectivity_strength_err
0,0.1,12.941668746787386,0.5574315325296605
1,0.30000000000000004,20.074830807982668,1.5886805002583653
2,0.5000000000000001,20.830230587055997,1.4040308785556672
3,0.7000000000000001,20.930004057292255,1.0900321419297745
4,0.9000000000000001,20.395672240670617,0.9644797625261949
