,discretized_reward_proportion,interconnectivity_strength_mean,interconnectivity_strength_err
0,0.1,50.643758816592836,6.987739539285134
1,0.30000000000000004,46.287155592048514,5.058756360258985
2,0.5000000000000001,37.265326704609315,3.6320830792840884
3,0.7000000000000001,34.24438590713627,4.208005924537192
4,0.9000000000000001,37.27397585518498,3.7238871665120548
