,discretized_reward_proportion,interconnectivity_strength_mean,interconnectivity_strength_err
0,0.1,3.7604310591774164,0.918585502152885
1,0.30000000000000004,24.10319178669166,4.604673478067568
2,0.5000000000000001,34.64643603353758,8.18111177530423
3,0.7000000000000001,42.93024502019954,22.33127278852813
4,0.9000000000000001,1.2052880570096727,0.9033457893436546
