,discretized_reward_proportion,interconnectivity_strength_mean,interconnectivity_strength_err
0,0.1,9.228724727303481,0.1997969846966637
1,0.30000000000000004,8.896132081644023,0.18174599006035025
2,0.5000000000000001,8.331701007738301,0.325605384357064
3,0.7000000000000001,7.868741513054829,0.3650635177534252
4,0.9000000000000001,7.199224694068742,0.21372269680709272
