,discretized_reward_proportion,interconnectivity_strength_mean,interconnectivity_strength_err
0,0.1,16.70872848349205,14.810331245993998
1,0.30000000000000004,63.73009214913162,11.891781593578754
2,0.5000000000000001,37.94386160792003,6.962802573383488
3,0.7000000000000001,80.07333069671856,11.84645230499395
4,0.9000000000000001,41.713387157390464,7.549658913722157
