,discretized_reward_proportion,interconnectivity_strength_mean,interconnectivity_strength_err
0,0.1,32.54400997769656,1.9051220200577945
1,0.30000000000000004,22.70088252751429,2.0509877702989274
2,0.5000000000000001,16.24558431219217,1.0448693981335333
3,0.7000000000000001,32.607187773991136,4.765556766589296
4,0.9000000000000001,55.1683150727636,5.899577600989203
