,discretized_reward_proportion,interconnectivity_strength_mean,interconnectivity_strength_err
0,0.1,4.100182798817232,0.19785435690631556
1,0.30000000000000004,4.974557527743334,0.22012634707924467
2,0.5000000000000001,6.084621269747199,0.35193250516453917
3,0.7000000000000001,5.098379152323662,0.1448806163565495
4,0.9000000000000001,5.263679495637986,0.23370450963344164
