,discretized_reward_proportion,interconnectivity_strength_mean,interconnectivity_strength_err
0,0.1,56.42688658250973,11.373734872212193
1,0.30000000000000004,59.03951667158846,23.755010272094168
2,0.5000000000000001,67.76643788721375,20.90845952387361
3,0.7000000000000001,143.0998082753414,45.39719752460713
4,0.9000000000000001,36.7038450271508,22.303426672413927
