,discretized_reward_proportion,interconnectivity_strength_mean,interconnectivity_strength_err
0,0.1,19.49861276687626,2.6843002532918536
1,0.30000000000000004,15.329797129637338,2.420206785544846
2,0.5000000000000001,8.196863412084058,2.0187194791119243
3,0.7000000000000001,7.257726287441711,2.942640219520284
4,0.9000000000000001,3.6908555835529087,2.4884809223329714
