,discretized_reward_proportion,interconnectivity_strength_mean,interconnectivity_strength_err
0,0.1,83.63272576464433,9.503522933579895
1,0.30000000000000004,57.53860557694861,10.95274549416809
2,0.5000000000000001,77.43726004768598,14.453316446459214
3,0.7000000000000001,168.16212075959044,33.01767108653207
4,0.9000000000000001,138.61663714307556,32.52375059630664
