,discretized_reward_proportion,interconnectivity_strength_mean,interconnectivity_strength_err
0,0.1,40.782187941219995,7.896032525552869
1,0.30000000000000004,41.6831777893954,5.58538948933437
2,0.5000000000000001,2.1798845578566435,1.2245743180282707
3,0.7000000000000001,4.136143491074973,2.7280320968853613
4,0.9000000000000001,9.661253897424654,2.742723398178452
