,discretized_reward_proportion,interconnectivity_strength_mean,interconnectivity_strength_err
0,0.1,42.54639399875821,3.1200228160648766
1,0.30000000000000004,36.760906542299836,4.720098847827704
2,0.5000000000000001,39.34026339289703,2.851546065264266
3,0.7000000000000001,34.4462200809137,1.5362623385021452
4,0.9000000000000001,29.482583096241264,1.5291833637188954
