,discretized_reward_proportion,interconnectivity_strength_mean,interconnectivity_strength_err
0,0.1,23.95955934855041,1.4421769259879382
1,0.30000000000000004,25.59133133249591,2.267708495314947
2,0.5000000000000001,23.57152660473718,1.6883259897204184
3,0.7000000000000001,37.857601492360025,3.1733880139680517
4,0.9000000000000001,28.370238292237847,2.802267252791119
