,discretized_reward_proportion,interconnectivity_strength_mean,interconnectivity_strength_err
0,0.1,16.35395935600696,1.9551504295375346
1,0.30000000000000004,20.141485486706554,2.5573931336714875
2,0.5000000000000001,18.253372604189263,1.9841178481795483
3,0.7000000000000001,18.71483226802307,1.4231937816037266
4,0.9000000000000001,7.705176960236256,1.2724755133200094
