,discretized_reward_proportion,interconnectivity_strength_mean,interconnectivity_strength_err
0,0.1,49.009356036604785,2.8790848134902176
1,0.30000000000000004,64.36361947717803,3.146195892852908
2,0.5000000000000001,51.24093376271346,5.122800208989319
3,0.7000000000000001,43.97823583934245,5.649118783809447
4,0.9000000000000001,37.7960993712805,5.719511581871877
