,discretized_reward_proportion,interconnectivity_strength_mean,interconnectivity_strength_err
0,0.1,21.978491410051458,7.845938710717008
1,0.30000000000000004,241.77677135213727,69.4340364510939
2,0.5000000000000001,144.12073326773955,45.1232040545064
3,0.7000000000000001,34.11787931349562,9.261118711616957
4,0.9000000000000001,39.27494826048295,6.04699907356612
