,discretized_reward_proportion,interconnectivity_strength_mean,interconnectivity_strength_err
0,0.1,47.28784269643338,16.665293902053147
1,0.30000000000000004,43.241373171234564,13.075083713650208
2,0.5000000000000001,67.91597100888856,17.948974075174252
3,0.7000000000000001,94.31944243119617,10.410577261824306
4,0.9000000000000001,76.14123023630324,5.781499396310893
