,discretized_reward_proportion,interconnectivity_strength_mean,interconnectivity_strength_err
0,0.1,33.42987982391089,3.0828777045347566
1,0.30000000000000004,38.70770386584384,6.074102860255552
2,0.5000000000000001,18.603627231392736,5.353186717109578
3,0.7000000000000001,10.500536941135914,0.32697072618818046
4,0.9000000000000001,12.5138836696852,1.886811897177189
