,discretized_reward_proportion,interconnectivity_strength_mean,interconnectivity_strength_err
0,0.1,33.918357361947635,4.920830667768928
1,0.30000000000000004,29.864194104885197,4.933549660766619
2,0.5000000000000001,35.8848553647466,6.470143752969457
3,0.7000000000000001,29.449064146713084,3.33973720020999
4,0.9000000000000001,33.47728095744487,4.016036038204699
