,discretized_reward_proportion,interconnectivity_strength_mean,interconnectivity_strength_err
0,0.1,73.28852278367722,11.603296415017594
1,0.30000000000000004,53.082150353571365,6.592903955348324
2,0.5000000000000001,40.20988599574639,4.607865299044963
3,0.7000000000000001,31.30071388542799,2.561587808823963
4,0.9000000000000001,37.52599140863961,1.7885206588263505
