,discretized_reward_proportion,interconnectivity_strength_mean,interconnectivity_strength_err
0,0.1,76.11444684550892,20.365346359040334
1,0.30000000000000004,105.89986548109131,25.76219485374225
2,0.5000000000000001,58.551036106947464,22.19602777207897
3,0.7000000000000001,22.148703616637636,2.54961622023821
4,0.9000000000000001,35.20991894612733,7.341065000263752
