,discretized_reward_proportion,interconnectivity_strength_mean,interconnectivity_strength_err
0,0.1,47.160854084037865,2.75398326585139
1,0.30000000000000004,30.82395100258184,1.4203799928994467
2,0.5000000000000001,19.168411834587,2.2117909353485787
3,0.7000000000000001,10.009871954882883,2.008066636228772
4,0.9000000000000001,4.722965167168168,1.3124926210138927
