,discretized_reward_proportion,interconnectivity_strength_mean,interconnectivity_strength_err
0,0.1,22.813677828406608,4.056416580975442
1,0.30000000000000004,10.076190553793452,1.1704497771581002
2,0.5000000000000001,11.279716587489704,1.2871216162258807
3,0.7000000000000001,8.525073243496646,0.6767071664464864
4,0.9000000000000001,9.560710223149101,0.8488369933351612
