,discretized_reward_proportion,interconnectivity_strength_mean,interconnectivity_strength_err
0,0.1,7.768902184528269,0.8137952341975465
1,0.30000000000000004,8.15533751631275,1.3630291176005085
2,0.5000000000000001,3.8409010474748584,0.30430178233468025
3,0.7000000000000001,3.5275914188047364,0.12152843422525939
4,0.9000000000000001,3.5143253517415753,0.0532963413047072
