,discretized_reward_proportion,interconnectivity_strength_mean,interconnectivity_strength_err
0,0.1,12.157124856241797,2.4775482235211386
1,0.30000000000000004,28.112107198942105,8.354331039424753
2,0.5000000000000001,39.57217120610889,16.61945302810987
3,0.7000000000000001,4.925126413420259,0.8623755362131508
4,0.9000000000000001,2.926723495638424,0.5991008345192411
