,discretized_reward_proportion,interconnectivity_strength_mean,interconnectivity_strength_err
0,0.1,37.14863013604798,3.7004194982231913
1,0.30000000000000004,25.409622260239317,4.034846754805003
2,0.5000000000000001,23.49563475371684,3.3474249173268484
3,0.7000000000000001,14.395861783608748,4.241973933057034
4,0.9000000000000001,1.819597943811264,1.7777625137893998
