,discretized_reward_proportion,interconnectivity_strength_mean,interconnectivity_strength_err
0,0.1,32.319496725927706,3.8473666679387617
1,0.30000000000000004,35.801545870934234,2.4139739669864566
2,0.5000000000000001,39.61250062165973,1.9631738546615913
3,0.7000000000000001,28.375091629949765,1.2903867603419426
4,0.9000000000000001,26.203491327635913,1.6613493973060203
