,discretized_reward_proportion,interconnectivity_strength_mean,interconnectivity_strength_err
0,0.1,7.820841559107275,0.47675266533422095
1,0.30000000000000004,10.801633249863782,0.5727591113386382
2,0.5000000000000001,17.173035902397764,2.246791963380814
3,0.7000000000000001,15.404407124097414,1.5039363894877917
4,0.9000000000000001,14.433177370642456,1.4895228287352027
