,discretized_reward_proportion,interconnectivity_strength_mean,interconnectivity_strength_err
0,0.1,22.686939943004845,0.9049582560743843
1,0.30000000000000004,47.488851501393064,30.51839877443454
2,0.5000000000000001,231.53043670935418,102.11973378522435
3,0.7000000000000001,57.07847189616915,28.702256893703975
4,0.9000000000000001,23.44987240477539,3.1124334097147743
