,discretized_reward_proportion,interconnectivity_strength_mean,interconnectivity_strength_err
0,0.1,31.271921279739903,6.860286366028873
1,0.30000000000000004,34.49427957092131,9.847312083658794
2,0.5000000000000001,20.63258252970367,5.5658649064608925
3,0.7000000000000001,66.75996651150614,16.74911347454526
4,0.9000000000000001,104.9684063065461,28.448735418036183
