,discretized_reward_proportion,interconnectivity_strength_mean,interconnectivity_strength_err
0,0.1,33.41107305062495,1.6928234158528297
1,0.30000000000000004,20.65825438168077,2.4760648422724145
2,0.5000000000000001,10.919663302688907,0.7461673792444445
3,0.7000000000000001,11.988466567449873,1.418859275501401
4,0.9000000000000001,7.3092719834385464,0.4535183817767832
