,discretized_reward_proportion,interconnectivity_strength_mean,interconnectivity_strength_err
0,0.1,275.539052183208,58.81722280891067
1,0.30000000000000004,142.15678302548017,33.74641670544705
2,0.5000000000000001,169.46362093557937,93.42237918884983
3,0.7000000000000001,23.629697854789843,8.83604482085068
4,0.9000000000000001,57.09203202481661,8.238522950024878
