,discretized_reward_proportion,interconnectivity_strength_mean,interconnectivity_strength_err
0,0.1,52.879080384920016,12.922491549845061
1,0.30000000000000004,65.36286852694637,14.76129297240675
2,0.5000000000000001,37.139015155589945,8.894939104797324
3,0.7000000000000001,15.579111080708648,0.9190208345689233
4,0.9000000000000001,18.656819368527444,1.5683644495973807
