,discretized_reward_proportion,interconnectivity_strength_mean,interconnectivity_strength_err
0,0.1,121.3578089067992,14.243879619049606
1,0.30000000000000004,93.6829514671357,14.803429630848575
2,0.5000000000000001,31.68174466452278,13.81352501488963
3,0.7000000000000001,15.373144310409176,4.059884852975623
4,0.9000000000000001,10.725312139940527,4.9806023165719715
