,discretized_reward_proportion,interconnectivity_strength_mean,interconnectivity_strength_err
0,0.1,32.02411607346978,5.5302539535617194
1,0.30000000000000004,48.93982731470322,10.701781403335097
2,0.5000000000000001,36.63686934338609,7.613314832721586
3,0.7000000000000001,38.638718939933064,8.476665302112306
4,0.9000000000000001,18.948533101602017,1.0557759964226767
