,discretized_reward_proportion,interconnectivity_strength_mean,interconnectivity_strength_err
0,0.1,90.14253191809237,22.51105837294799
1,0.30000000000000004,140.094097040773,35.82941257929062
2,0.5000000000000001,114.20040908155885,33.45365348748307
3,0.7000000000000001,71.13588194400002,27.208407779357746
4,0.9000000000000001,44.21857373750193,8.9427655022432
