,discretized_reward_proportion,interconnectivity_strength_mean,interconnectivity_strength_err
0,0.1,14.42897269867623,0.9329516181677313
1,0.30000000000000004,13.837330691156547,1.8790250992215713
2,0.5000000000000001,13.211291221300018,1.5703930547481344
3,0.7000000000000001,34.79604371370138,9.987612983742334
4,0.9000000000000001,28.188393040250286,11.76540003229836
