,discretized_reward_proportion,interconnectivity_strength_mean,interconnectivity_strength_err
0,0.1,0.30434782608695654,0.0959438755421514
1,0.30000000000000004,33.438252253258824,7.879763301610992
2,0.5000000000000001,9.692880987468776,5.5655823906776645
3,0.7000000000000001,1.832393802658455,1.7643638922638605
4,0.9000000000000001,5.172855129996251,3.5924511221166666
