,discretized_reward_proportion,interconnectivity_strength_mean,interconnectivity_strength_err
0,0.1,2.201842335722337,0.13989186828601793
1,0.30000000000000004,2.7753654166122517,0.22527351842291038
2,0.5000000000000001,6.419204165031895,0.5958322952542334
3,0.7000000000000001,5.6989133971487105,0.27566109581216763
4,0.9000000000000001,5.615356967670097,0.4852806876484653
