,discretized_reward_proportion,interconnectivity_strength_mean,interconnectivity_strength_err
0,0.1,20.5837688194609,3.520271066580671
1,0.30000000000000004,32.424376807582846,3.6340450974440337
2,0.5000000000000001,20.03575564529098,2.622649057828621
3,0.7000000000000001,13.069820765823437,1.0619449329845216
4,0.9000000000000001,14.246670258336053,0.589676122722538
