,discretized_reward_proportion,interconnectivity_strength_mean,interconnectivity_strength_err
0,0.1,19.77671423789167,4.403257115367411
1,0.30000000000000004,12.472422593557244,2.7073002187570196
2,0.5000000000000001,10.683204692553115,2.379529386711735
3,0.7000000000000001,25.84023827375153,3.95559681978975
4,0.9000000000000001,19.28587070053566,3.344698212224551
