,discretized_reward_proportion,interconnectivity_strength_mean,interconnectivity_strength_err
0,0.1,8.2321655875149,0.24277804191373997
1,0.30000000000000004,6.155280466203896,0.1658006057117561
2,0.5000000000000001,6.290211994160269,0.13212087118630683
3,0.7000000000000001,5.502598376740107,0.15114909380583957
4,0.9000000000000001,5.203135584148185,0.10705782859248324
