,discretized_reward_proportion,interconnectivity_strength_mean,interconnectivity_strength_err
0,0.1,16.827376832343607,2.952851901295742
1,0.30000000000000004,22.92975995614206,2.7015270743895368
2,0.5000000000000001,23.9057182964724,4.217458105867233
3,0.7000000000000001,12.062644981600105,4.813291024228731
4,0.9000000000000001,13.757193522285263,5.565422484118903
