,discretized_reward_proportion,interconnectivity_strength_mean,interconnectivity_strength_err
0,0.1,79.83994723660209,12.783611291000586
1,0.30000000000000004,70.41257227971514,15.034183838085015
2,0.5000000000000001,34.05973307333608,9.35035398722435
3,0.7000000000000001,9.185767802406021,1.8431923568659903
4,0.9000000000000001,7.929314954186971,1.5909653827715844
