,discretized_reward_proportion,interconnectivity_strength_mean,interconnectivity_strength_err
0,0.1,79.05593657459183,15.211004729328007
1,0.30000000000000004,13.22705917124399,3.533502248296889
2,0.5000000000000001,6.502088633730876,2.558026244520852
3,0.7000000000000001,23.377433126634376,3.671644160826589
4,0.9000000000000001,21.330830870147185,2.536137358047753
