,discretized_reward_proportion,interconnectivity_strength_mean,interconnectivity_strength_err
0,0.1,33.41357597930934,2.993410784524235
1,0.30000000000000004,17.776282624021178,2.81416104411812
2,0.5000000000000001,14.053103181919996,2.444177228604286
3,0.7000000000000001,92.06291789704963,20.221137214901688
4,0.9000000000000001,92.83748872742167,16.62641484305951
