,discretized_reward_proportion,interconnectivity_strength_mean,interconnectivity_strength_err
0,0.1,42.39118503283961,3.065896722026796
1,0.30000000000000004,41.50870615093898,5.566916355001867
2,0.5000000000000001,45.013198056303935,7.894171909771436
3,0.7000000000000001,18.804376337691902,1.3002884888053348
4,0.9000000000000001,22.1184138832374,1.0529046069054508
