,discretized_reward_proportion,interconnectivity_strength_mean,interconnectivity_strength_err
0,0.1,6.628748017965738,2.105629358897731
1,0.30000000000000004,62.110208974196176,8.172705164091937
2,0.5000000000000001,30.459228038354524,9.880564529016617
3,0.7000000000000001,33.70201529527444,16.215222123872934
4,0.9000000000000001,0.0,0.0
