,discretized_reward_proportion,interconnectivity_strength_mean,interconnectivity_strength_err
0,0.1,35.509521262761346,2.5740799842494084
1,0.30000000000000004,15.140570776935862,0.8557126238267289
2,0.5000000000000001,19.674255067700717,1.5814012531167507
3,0.7000000000000001,9.675974334515818,0.6631417797440218
4,0.9000000000000001,5.766810328603043,0.32371324874165996
