,discretized_reward_proportion,interconnectivity_strength_mean,interconnectivity_strength_err
0,0.1,21.434977204739273,3.1575595261937752
1,0.30000000000000004,146.8751496474254,71.06420184191626
2,0.5000000000000001,269.20800592496624,56.19350652298886
3,0.7000000000000001,81.03841640331437,22.677343417236724
4,0.9000000000000001,48.02415593413487,6.645057865927821
