,discretized_reward_proportion,interconnectivity_strength_mean,interconnectivity_strength_err
0,0.1,9.466693771302774,0.5721516406221953
1,0.30000000000000004,15.043599301259214,1.352418562420085
2,0.5000000000000001,11.951546934297962,0.44447204956526226
3,0.7000000000000001,11.769606275608052,0.4887627693380967
4,0.9000000000000001,11.196985478021894,0.3804290433236309
