,discretized_reward_proportion,interconnectivity_strength_mean,interconnectivity_strength_err
0,0.1,8.595643840674267,0.508432818063009
1,0.30000000000000004,12.237103027270633,1.294842311975496
2,0.5000000000000001,13.273604802339635,0.9126918302201523
3,0.7000000000000001,13.652105448536732,0.7948083104091821
4,0.9000000000000001,11.345990919297098,0.5703385960857511
