,discretized_reward_proportion,interconnectivity_strength_mean,interconnectivity_strength_err
0,0.1,2.976026101291418,0.11773866084551045
1,0.30000000000000004,3.0974675916593757,0.3918246228522955
2,0.5000000000000001,15.799563990258173,9.284542901165036
3,0.7000000000000001,8.306576114925015,2.4281970840905442
4,0.9000000000000001,4.301488384144273,0.43349654952722266
