,discretized_reward_proportion,interconnectivity_strength_mean,interconnectivity_strength_err
0,0.1,0.22950819672131148,0.053841629387178486
1,0.30000000000000004,0.17307692307692307,0.05246267936776726
2,0.5000000000000001,0.0975609756097561,0.04633989790398679
3,0.7000000000000001,3.24570399911944,1.1839425026093144
4,0.9000000000000001,11.41889198959281,1.7879358806611951
