,discretized_reward_proportion,interconnectivity_strength_mean,interconnectivity_strength_err
0,0.1,8.468622500729854,0.537049312053247
1,0.30000000000000004,9.782125382833122,1.1054873715654572
2,0.5000000000000001,17.17968586203908,2.7399429537378506
3,0.7000000000000001,19.085474922588293,3.183245011939517
4,0.9000000000000001,9.56168602686966,1.039226457324116
