,discretized_reward_proportion,interconnectivity_strength_mean,interconnectivity_strength_err
0,0.1,2.3546577577740573,0.39101034543286556
1,0.30000000000000004,4.03382234298512,0.6858133778330776
2,0.5000000000000001,7.194278245969168,1.23951061771176
3,0.7000000000000001,8.925793459751883,1.0842021350012885
4,0.9000000000000001,12.017990554987268,0.912726492345751
