,discretized_reward_proportion,interconnectivity_strength_mean,interconnectivity_strength_err
0,0.1,20.06304558281576,7.572333671868133
1,0.30000000000000004,21.668959340911282,7.213868545957388
2,0.5000000000000001,1.8880705520172825,1.280785496689645
3,0.7000000000000001,0.296875,0.05711012311411502
4,0.9000000000000001,0.14516129032258066,0.044737494218417835
