,discretized_reward_proportion,interconnectivity_strength_mean,interconnectivity_strength_err
0,0.1,9.315074650331354,0.9080180616560097
1,0.30000000000000004,8.643946837060202,0.6367128681474497
2,0.5000000000000001,7.182980123206286,0.4475855431435796
3,0.7000000000000001,6.34584040181574,0.33895991172653356
4,0.9000000000000001,6.8131955347531346,0.27854154684240856
