,discretized_reward_proportion,interconnectivity_strength_mean,interconnectivity_strength_err
0,0.1,33.17493691855183,2.839644544564925
1,0.30000000000000004,18.0094587397932,1.1072135703262318
2,0.5000000000000001,10.418725227482785,1.235976953842494
3,0.7000000000000001,7.2858987036496385,1.7246156597467557
4,0.9000000000000001,4.0592897618881345,1.111657590389478
