,discretized_reward_proportion,interconnectivity_strength_mean,interconnectivity_strength_err
0,0.1,180.2661473523762,13.283743850175902
1,0.30000000000000004,118.71566280701154,11.03813816935024
2,0.5000000000000001,68.91993479261892,13.016564787500046
3,0.7000000000000001,73.60261629504072,36.34878583038076
4,0.9000000000000001,311.8723894677746,90.27167521395573
