,discretized_reward_proportion,interconnectivity_strength_mean,interconnectivity_strength_err
0,0.1,15.233728272595053,1.0847263125690834
1,0.30000000000000004,12.250234427511941,0.6459939974467165
2,0.5000000000000001,10.04605576634713,0.6279942300211856
3,0.7000000000000001,9.194714825379583,0.45400750172794896
4,0.9000000000000001,9.899929448267326,0.36908563963992125
