,discretized_reward_proportion,interconnectivity_strength_mean,interconnectivity_strength_err
0,0.1,8.22614333387944,2.089653713399732
1,0.30000000000000004,13.303367087481648,4.34477197959407
2,0.5000000000000001,30.125358616741913,7.020389263490456
3,0.7000000000000001,13.56770242012064,3.6322272575385237
4,0.9000000000000001,1.9128587732928837,1.868879129534777
