,discretized_reward_proportion,interconnectivity_strength_mean,interconnectivity_strength_err
0,0.1,5.572108071561714,1.0081087337501125
1,0.30000000000000004,6.95366855322574,1.5810816788810291
2,0.5000000000000001,4.462233272519694,1.9503138833242362
3,0.7000000000000001,53.226713350494315,16.567761340894265
4,0.9000000000000001,47.87462148046915,22.37196777534767
