,discretized_reward_proportion,interconnectivity_strength_mean,interconnectivity_strength_err
0,0.1,7.686789217835621,1.4806941683226464
1,0.30000000000000004,4.49039869783252,0.9460351959918707
2,0.5000000000000001,16.87492076153698,4.1499173961350175
3,0.7000000000000001,64.48886119545975,12.852510496836736
4,0.9000000000000001,75.80417609617467,46.385579165835985
