,discretized_reward_proportion,interconnectivity_strength_mean,interconnectivity_strength_err
0,0.1,2.245254153409311,0.5986584601120633
1,0.30000000000000004,13.451095432961791,2.9327313442274012
2,0.5000000000000001,7.939044310616685,1.0086526565276026
3,0.7000000000000001,8.75774209995676,1.0393538656978005
4,0.9000000000000001,6.494884249074418,0.6130931933788788
