,discretized_reward_proportion,interconnectivity_strength_mean,interconnectivity_strength_err
0,0.1,28.613404424517714,0.6041199970873887
1,0.30000000000000004,22.346448117212724,0.8920702997767468
2,0.5000000000000001,19.443221825448678,0.8286700261664361
3,0.7000000000000001,15.384529907131139,1.1034559210427466
4,0.9000000000000001,19.132973278861858,1.2904650733961576
