,discretized_reward_proportion,interconnectivity_strength_mean,interconnectivity_strength_err
0,0.1,22.179809652161463,0.732715567262263
1,0.30000000000000004,24.765777625460412,1.154188355487787
2,0.5000000000000001,23.781774068501026,1.513597609417586
3,0.7000000000000001,37.1324095431163,4.706566453183311
4,0.9000000000000001,56.79944494812778,4.867252770115428
