,discretized_reward_proportion,interconnectivity_strength_mean,interconnectivity_strength_err
0,0.1,108.1430441899161,8.338256762307276
1,0.30000000000000004,33.260670480996474,8.306769015852893
2,0.5000000000000001,24.902575487678966,4.286740107390676
3,0.7000000000000001,11.007783364528484,1.8596582031480122
4,0.9000000000000001,24.31870556166095,4.167623265552235
