,discretized_reward_proportion,interconnectivity_strength_mean,interconnectivity_strength_err
0,0.1,76.02538874991835,10.821016052656068
1,0.30000000000000004,96.4097456239349,15.657147115605015
2,0.5000000000000001,75.08725512440512,12.37011303533179
3,0.7000000000000001,127.11504665339672,28.148374277541773
4,0.9000000000000001,154.65162059424335,45.88228637986194
