,discretized_reward_proportion,interconnectivity_strength_mean,interconnectivity_strength_err
0,0.1,8.082492776335307,0.5533002300743793
1,0.30000000000000004,6.356314352705491,0.782350573043522
2,0.5000000000000001,5.421939288886983,0.9779304878487566
3,0.7000000000000001,3.6501174502045637,0.4607773878716141
4,0.9000000000000001,4.205705603629867,0.5172597317981047
