,discretized_reward_proportion,interconnectivity_strength_mean,interconnectivity_strength_err
0,0.1,11.634539353416802,0.6416181210354134
1,0.30000000000000004,7.968896855571819,0.468873342966821
2,0.5000000000000001,4.887139500625289,0.4329654798157634
3,0.7000000000000001,5.699087442524783,0.42283026746117813
4,0.9000000000000001,4.87760662377726,0.3195656390640264
