,discretized_reward_proportion,interconnectivity_strength_mean,interconnectivity_strength_err
0,0.1,15.835177418880361,2.146743267162754
1,0.30000000000000004,20.016234301417168,3.459219595983568
2,0.5000000000000001,56.637385968262365,13.778170909218746
3,0.7000000000000001,58.67098055463364,11.380232028964294
4,0.9000000000000001,57.013773794390694,9.042446547653553
