,discretized_reward_proportion,interconnectivity_strength_mean,interconnectivity_strength_err
0,0.1,34.43194487632657,3.7612314283122803
1,0.30000000000000004,19.456863051571585,2.4267569156522777
2,0.5000000000000001,9.907103217840467,1.2454100147879674
3,0.7000000000000001,5.527820670857176,0.31006776695722493
4,0.9000000000000001,6.7512599066111445,0.421494179195363
