,discretized_reward_proportion,interconnectivity_strength_mean,interconnectivity_strength_err
0,0.1,3.0763794680215653,0.6994243204892847
1,0.30000000000000004,1.8480825607967266,0.5178330004895831
2,0.5000000000000001,5.573969535394093,0.42852963966706525
3,0.7000000000000001,5.617303063711123,1.2840553476401086
4,0.9000000000000001,5.155188353145598,0.24588890819449322
