,discretized_reward_proportion,interconnectivity_strength_mean,interconnectivity_strength_err
0,0.1,11.248917846820015,0.5887449836961771
1,0.30000000000000004,11.132547685078592,0.9660235991870519
2,0.5000000000000001,11.259339549738801,1.3121182175424426
3,0.7000000000000001,6.395784572116561,0.31562941212758117
4,0.9000000000000001,4.599503770273199,0.1629098950724916
