,discretized_reward_proportion,interconnectivity_strength_mean,interconnectivity_strength_err
0,0.1,20.059305819185273,1.6976462755190986
1,0.30000000000000004,31.241216114647894,3.0740918303495226
2,0.5000000000000001,22.89429874397142,1.5580358402021826
3,0.7000000000000001,36.00956076581435,3.1242886266140597
4,0.9000000000000001,36.31799233923467,2.4200150135317053
