,discretized_reward_proportion,interconnectivity_strength_mean,interconnectivity_strength_err
0,0.1,5.605779037531141,0.18320523901532473
1,0.30000000000000004,4.835381898991578,0.1638482048231486
2,0.5000000000000001,4.177743749341335,0.22483407018518273
3,0.7000000000000001,3.2479186269917237,0.09353257160955745
4,0.9000000000000001,2.9632471397115063,0.06805773900670582
