,discretized_reward_proportion,interconnectivity_strength_mean,interconnectivity_strength_err
0,0.1,26.886897760321528,2.7187168936099795
1,0.30000000000000004,23.174405953655487,4.67447707386444
2,0.5000000000000001,6.230627995535232,2.0705472535957368
3,0.7000000000000001,63.68410223677274,11.142351652659343
4,0.9000000000000001,29.893030984616697,8.888853366402545
