,discretized_reward_proportion,interconnectivity_strength_mean,interconnectivity_strength_err
0,0.1,15.706005044126742,2.1539197207868916
1,0.30000000000000004,27.33056762718668,2.905541454047013
2,0.5000000000000001,24.641007067504717,1.6174657484605843
3,0.7000000000000001,16.793443495988402,2.5359005025775616
4,0.9000000000000001,8.227091549467433,3.0080209377723577
