,discretized_reward_proportion,interconnectivity_strength_mean,interconnectivity_strength_err
0,0.1,10.878626199554498,0.6195117359403436
1,0.30000000000000004,7.775177534923602,0.7290897266151146
2,0.5000000000000001,9.029141296961074,1.3061057654394643
3,0.7000000000000001,6.912672166519937,2.3733513107170627
4,0.9000000000000001,7.455742165447256,0.8815852006599005
