,discretized_reward_proportion,interconnectivity_strength_mean,interconnectivity_strength_err
0,0.1,10.975308600676648,0.4342303260143848
1,0.30000000000000004,12.889520395094847,1.0593064205728309
2,0.5000000000000001,14.985729355510795,2.01695965167417
3,0.7000000000000001,17.51399817066923,1.666726763436854
4,0.9000000000000001,22.225531260972204,1.5887813091441025
