,discretized_reward_proportion,interconnectivity_strength_mean,interconnectivity_strength_err
0,0.1,38.750653885637256,11.03349165931642
1,0.30000000000000004,28.24815444025443,12.398303693232842
2,0.5000000000000001,21.83216053594628,12.647036507609405
3,0.7000000000000001,24.22392460393004,8.281139711566231
4,0.9000000000000001,22.212409508046072,6.566779372291164
