,discretized_reward_proportion,interconnectivity_strength_mean,interconnectivity_strength_err
0,0.1,30.78003446200507,4.502541571655161
1,0.30000000000000004,23.901506791922408,4.038516434464308
2,0.5000000000000001,23.38594435866296,4.256170538171232
3,0.7000000000000001,15.460597917728522,1.7676782504715056
4,0.9000000000000001,28.51792217683919,4.153061603057289
