,discretized_reward_proportion,interconnectivity_strength_mean,interconnectivity_strength_err
0,0.1,110.43804357741163,17.00284609871091
1,0.30000000000000004,53.37162055315475,11.61652256780531
2,0.5000000000000001,34.719176142353454,11.759800085875058
3,0.7000000000000001,61.617582935839316,29.573878619804162
4,0.9000000000000001,1.8827773523558144,0.8624809070476759
