,discretized_reward_proportion,interconnectivity_strength_mean,interconnectivity_strength_err
0,0.1,13.239649338765952,0.30811034500867235
1,0.30000000000000004,10.740245479596364,0.784697993650195
2,0.5000000000000001,10.770184938738675,1.0100875846786694
3,0.7000000000000001,7.610877889839792,0.4013405570981723
4,0.9000000000000001,6.30718724541895,0.2762451134323802
