,discretized_reward_proportion,interconnectivity_strength_mean,interconnectivity_strength_err
0,0.1,76.0759239932028,11.904465347517492
1,0.30000000000000004,54.20504005373756,11.961309628457128
2,0.5000000000000001,38.061826632338885,5.215389937810542
3,0.7000000000000001,15.42940620132098,2.4064748277803094
4,0.9000000000000001,18.903091255815287,3.801027259001478
