,discretized_reward_proportion,interconnectivity_strength_mean,interconnectivity_strength_err
0,0.1,85.09307322879017,7.548582054298821
1,0.30000000000000004,100.65369367266253,10.816685551953595
2,0.5000000000000001,48.62136287648381,2.149304250942779
3,0.7000000000000001,32.76579552723175,2.3130674958580606
4,0.9000000000000001,34.638066871760124,3.4231263757460857
