,discretized_reward_proportion,interconnectivity_strength_mean,interconnectivity_strength_err
0,0.1,7.938777541055931,0.3816894106934229
1,0.30000000000000004,6.985029075484894,0.298090317084155
2,0.5000000000000001,6.929248604928399,0.2966247641213917
3,0.7000000000000001,6.0466531487038555,0.2645742432278507
4,0.9000000000000001,5.389639681623572,0.19724793260140608
