,discretized_reward_proportion,interconnectivity_strength_mean,interconnectivity_strength_err
0,0.1,32.45385150976894,5.473574933938545
1,0.30000000000000004,24.00856886327331,3.206495867680533
2,0.5000000000000001,24.390289072555877,2.6837183325306126
3,0.7000000000000001,43.84350944328138,6.048665928283115
4,0.9000000000000001,52.15223647628842,5.235291127413045
