,discretized_reward_proportion,interconnectivity_strength_mean,interconnectivity_strength_err
0,0.1,8.439894335807558,0.4408925810755616
1,0.30000000000000004,7.109116001736864,0.3226113597254684
2,0.5000000000000001,6.489987459237765,0.26754547959372355
3,0.7000000000000001,5.630779411639024,0.10418620450170361
4,0.9000000000000001,5.603035427357558,0.1056910106438287
