,discretized_reward_proportion,interconnectivity_strength_mean,interconnectivity_strength_err
0,0.1,77.32258360845228,8.787108135980866
1,0.30000000000000004,61.55225041562984,14.29878640390001
2,0.5000000000000001,46.41833198152142,13.588713413530122
3,0.7000000000000001,115.45013316531904,35.090053843303245
4,0.9000000000000001,84.35741239067487,17.377703427862823
