,discretized_reward_proportion,interconnectivity_strength_mean,interconnectivity_strength_err
0,0.1,15.82791969919372,2.698728461930344
1,0.30000000000000004,10.814503014989748,1.2404390378672225
2,0.5000000000000001,5.82880930029804,0.4430774313301895
3,0.7000000000000001,5.1958662181735775,0.22621518305440536
4,0.9000000000000001,5.060798518417748,0.16339587440087777
