,discretized_reward_proportion,interconnectivity_strength_mean,interconnectivity_strength_err
0,0.1,16.467665886322163,2.206777676065946
1,0.30000000000000004,11.32889222396017,0.3963871757203157
2,0.5000000000000001,8.970701068377428,0.4663552535054015
3,0.7000000000000001,7.779027673480205,0.342201115630171
4,0.9000000000000001,7.263008066979989,0.25928118509668807
