,discretized_reward_proportion,interconnectivity_strength_mean,interconnectivity_strength_err
0,0.1,29.85096702718732,6.696416165958292
1,0.30000000000000004,21.259375867482664,2.9732582025905527
2,0.5000000000000001,28.306291662833974,2.838619330390873
3,0.7000000000000001,11.524083768127845,1.612719727887502
4,0.9000000000000001,11.321401726812958,1.304283792873121
