,discretized_reward_proportion,interconnectivity_strength_mean,interconnectivity_strength_err
0,0.1,19.395021494841274,2.5488826539063876
1,0.30000000000000004,17.875354981063598,1.4508011454255514
2,0.5000000000000001,7.9365345262769225,0.29986915807525133
3,0.7000000000000001,6.892061071481033,0.15910912889831916
4,0.9000000000000001,6.816186921441798,0.17746175403290299
