,discretized_reward_proportion,interconnectivity_strength_mean,interconnectivity_strength_err
0,0.1,11.278237154983874,0.8359130983349184
1,0.30000000000000004,11.26863588428423,1.254669008558563
2,0.5000000000000001,10.7493017663021,1.4023962493623234
3,0.7000000000000001,17.75625363491202,2.1082125920025074
4,0.9000000000000001,14.951874464184803,1.9015368407777202
