,discretized_reward_proportion,interconnectivity_strength_mean,interconnectivity_strength_err
0,0.1,27.14181501695864,1.8390462599511537
1,0.30000000000000004,18.409012801853287,1.6338955484035615
2,0.5000000000000001,13.101571039711414,0.9826362107285476
3,0.7000000000000001,12.642715804893157,0.817195247532385
4,0.9000000000000001,15.648927606840989,0.7791561611277747
