,discretized_reward_proportion,interconnectivity_strength_mean,interconnectivity_strength_err
0,0.1,16.42528603644886,0.9496801018169645
1,0.30000000000000004,13.958626469129058,1.008391216850626
2,0.5000000000000001,35.187268576209455,6.1082838239703765
3,0.7000000000000001,68.20523207580484,9.583630664847101
4,0.9000000000000001,38.160796467512625,4.265918120037143
