,discretized_reward_proportion,interconnectivity_strength_mean,interconnectivity_strength_err
0,0.1,3.7683705210097256,0.196458515914363
1,0.30000000000000004,6.233640584709515,0.7439426903959232
2,0.5000000000000001,16.933437935793595,1.8210081510828877
3,0.7000000000000001,14.470487956356541,0.9502085828102637
4,0.9000000000000001,12.43163171546783,0.7947082569757546
