,discretized_reward_proportion,interconnectivity_strength_mean,interconnectivity_strength_err
0,0.1,15.712111312968522,0.7454341354917181
1,0.30000000000000004,9.678905705000346,0.5067599914799809
2,0.5000000000000001,7.342069128246239,0.20102285998586367
3,0.7000000000000001,6.104866573417318,0.3048269470627728
4,0.9000000000000001,5.117608411446284,0.17576303681314792
