,discretized_reward_proportion,interconnectivity_strength_mean,interconnectivity_strength_err
0,0.1,8.57075428317537,0.2876985384964151
1,0.30000000000000004,8.4878942505809,0.4935678889331238
2,0.5000000000000001,10.22277333358051,0.3644079257165611
3,0.7000000000000001,9.44410739936697,0.26735242578811014
4,0.9000000000000001,8.911715222294344,0.26307367887981226
