,discretized_reward_proportion,interconnectivity_strength_mean,interconnectivity_strength_err
0,0.1,8.986664309295078,0.7255954980061464
1,0.30000000000000004,8.015228368281017,0.9481490558942793
2,0.5000000000000001,6.5511337268334335,0.6638995318516525
3,0.7000000000000001,8.351916101344392,0.5862107836912135
4,0.9000000000000001,21.395307855461873,4.029191757587735
