,discretized_reward_proportion,interconnectivity_strength_mean,interconnectivity_strength_err
0,0.1,23.271210313269453,3.216326589463376
1,0.30000000000000004,32.64486288018548,4.707096413037656
2,0.5000000000000001,39.89499800471169,5.60259417463168
3,0.7000000000000001,27.36607780457801,2.3191503292471904
4,0.9000000000000001,24.5145992955443,2.146202628753917
