,discretized_reward_proportion,interconnectivity_strength_mean,interconnectivity_strength_err
0,0.1,108.47605880650602,17.67056707737162
1,0.30000000000000004,93.6502260267462,18.06989727982273
2,0.5000000000000001,92.72266383910805,35.81759673877282
3,0.7000000000000001,20.718402764645923,2.1751524631113783
4,0.9000000000000001,22.539781885434756,1.838968411200509
