,discretized_reward_proportion,interconnectivity_strength_mean,interconnectivity_strength_err
0,0.1,22.748857404340704,1.1975527648814277
1,0.30000000000000004,16.226046159158134,0.6591610812776495
2,0.5000000000000001,15.69273885229991,0.6371272551894812
3,0.7000000000000001,12.687895348414207,0.5960563451713311
4,0.9000000000000001,9.459353660358659,0.37257381800748707
