,discretized_reward_proportion,interconnectivity_strength_mean,interconnectivity_strength_err
0,0.1,6.36453662120322,0.9484214988021109
1,0.30000000000000004,11.888617192637556,1.6987356870776615
2,0.5000000000000001,8.532925802180971,1.090365178480199
3,0.7000000000000001,13.747752397672205,4.589145428181247
4,0.9000000000000001,6.607550479444713,2.9500013269869654
