,discretized_reward_proportion,interconnectivity_strength_mean,interconnectivity_strength_err
0,0.1,15.618729528193299,2.141210988036094
1,0.30000000000000004,12.609894313045439,2.4419810635501378
2,0.5000000000000001,19.129145248151325,2.798704693345513
3,0.7000000000000001,23.314806382564985,1.6774588393856413
4,0.9000000000000001,25.678616365539362,1.2981136468385979
