,discretized_reward_proportion,interconnectivity_strength_mean,interconnectivity_strength_err
0,0.1,3.6250325509562478,3.417713465070842
1,0.30000000000000004,12.725982765836335,5.861060487289469
2,0.5000000000000001,9.848654561620053,3.4448325693295474
3,0.7000000000000001,4.761418008322056,1.8416320373985207
4,0.9000000000000001,17.575666123328826,3.963887151337218
