,discretized_reward_proportion,interconnectivity_strength_mean,interconnectivity_strength_err
0,0.1,36.18384933512933,3.4801885832688035
1,0.30000000000000004,12.833630679492545,1.3792040508803454
2,0.5000000000000001,15.827611762461988,0.8121016441978371
3,0.7000000000000001,12.988127045576809,1.1931237988251062
4,0.9000000000000001,6.066950128245559,0.36489013461762604
