,discretized_reward_proportion,interconnectivity_strength_mean,interconnectivity_strength_err
0,0.1,24.983249744090056,4.9392702748591955
1,0.30000000000000004,14.920174792908679,2.079174666597949
2,0.5000000000000001,15.181378484328416,2.3681970476029868
3,0.7000000000000001,7.218700367206695,0.5189233275708263
4,0.9000000000000001,7.925577359218823,0.5961062572409361
