,discretized_reward_proportion,interconnectivity_strength_mean,interconnectivity_strength_err
0,0.1,210.81048817121638,30.516539430441398
1,0.30000000000000004,31.42063674693682,5.48825766329636
2,0.5000000000000001,20.26843404673176,4.433600121299294
3,0.7000000000000001,55.18210839848917,11.155158082646505
4,0.9000000000000001,51.312681955302686,5.713232451100577
