,discretized_reward_proportion,interconnectivity_strength_mean,interconnectivity_strength_err
0,0.1,69.77012495242184,3.5919739684129004
1,0.30000000000000004,70.75105603691439,4.424468412600381
2,0.5000000000000001,45.919411465180886,3.9212810704115
3,0.7000000000000001,28.368796732881297,2.1862562238100822
4,0.9000000000000001,,
