,discretized_reward_proportion,interconnectivity_strength_mean,interconnectivity_strength_err
0,0.1,6.4632201632250785,0.6564372784408131
1,0.30000000000000004,10.418378941916847,0.8630978998097957
2,0.5000000000000001,8.626449553546008,0.6290546631331868
3,0.7000000000000001,7.634560935259563,0.4673828048572293
4,0.9000000000000001,10.725937480855816,0.6983750351425666
