,discretized_reward_proportion,interconnectivity_strength_mean,interconnectivity_strength_err
0,0.1,33.22160001901636,3.289290162772625
1,0.30000000000000004,29.950900707660377,3.22286063511749
2,0.5000000000000001,26.93766869992803,3.3808343961876273
3,0.7000000000000001,62.43575859688379,10.630917298155447
4,0.9000000000000001,60.657349894420136,3.7319920436792295
