,discretized_reward_proportion,interconnectivity_strength_mean,interconnectivity_strength_err
0,0.1,26.819902364853466,3.285956347989167
1,0.30000000000000004,25.364293324574728,2.969177535607629
2,0.5000000000000001,20.982113147352408,2.087790276358931
3,0.7000000000000001,16.93558291207009,0.993329079773257
4,0.9000000000000001,14.598533124785869,1.0779175224623978
