,discretized_reward_proportion,interconnectivity_strength_mean,interconnectivity_strength_err
0,0.1,50.15256346037343,7.6797653527929
1,0.30000000000000004,27.00814040442578,2.233117427311625
2,0.5000000000000001,19.08804329510117,2.555581606134798
3,0.7000000000000001,17.951532494013975,1.8181226219645055
4,0.9000000000000001,21.242890731046256,2.458037635843781
