,discretized_reward_proportion,interconnectivity_strength_mean,interconnectivity_strength_err
0,0.1,45.17694633889747,8.16710663548344
1,0.30000000000000004,60.441653680482496,10.472670442510596
2,0.5000000000000001,46.571796506271795,9.771629456677166
3,0.7000000000000001,58.464419422378306,13.284780113925628
4,0.9000000000000001,49.69217920933507,6.99983494252106
