,discretized_reward_proportion,interconnectivity_strength_mean,interconnectivity_strength_err
0,0.1,8.1996361315665,0.09376298052333396
1,0.30000000000000004,5.96473642025577,0.22924005946936296
2,0.5000000000000001,5.112104348376345,0.17814448859367543
3,0.7000000000000001,4.565295613598993,0.1897397766954264
4,0.9000000000000001,3.8036870351520182,0.11024390293715931
