,discretized_reward_proportion,interconnectivity_strength_mean,interconnectivity_strength_err
0,0.1,7.363415270443509,0.4049358140300885
1,0.30000000000000004,7.3134248464645415,0.2535576752736644
2,0.5000000000000001,6.7635941838782605,0.18809289165619975
3,0.7000000000000001,6.411777379691072,0.174756990739149
4,0.9000000000000001,6.83814280012708,0.16785275078600853
