,discretized_reward_proportion,interconnectivity_strength_mean,interconnectivity_strength_err
0,0.1,6.075746828598427,0.2504579014278931
1,0.30000000000000004,5.588744770615685,0.5205212211963404
2,0.5000000000000001,4.002801921586599,0.2828653957318321
3,0.7000000000000001,3.239923749072846,0.12242738595131855
4,0.9000000000000001,4.3545322693692246,0.2528239496714297
