,discretized_reward_proportion,interconnectivity_strength_mean,interconnectivity_strength_err
0,0.1,56.63420560943922,7.9784915683932205
1,0.30000000000000004,57.70547545638614,7.169516716785431
2,0.5000000000000001,38.26721457086102,6.605427788675999
3,0.7000000000000001,41.39122690681216,8.758867579330925
4,0.9000000000000001,66.42363142847991,10.608882479717247
