,discretized_reward_proportion,interconnectivity_strength_mean,interconnectivity_strength_err
0,0.1,4.214143977383875,0.2230621893022963
1,0.30000000000000004,7.667799234568932,0.5118164122921126
2,0.5000000000000001,11.566884026159844,0.8158450452585019
3,0.7000000000000001,16.130921401325853,1.3517437072104808
4,0.9000000000000001,14.80942983610298,1.3552638525777754
