,discretized_reward_proportion,interconnectivity_strength_mean,interconnectivity_strength_err
0,0.1,29.799281775553556,3.8854280351852513
1,0.30000000000000004,24.560755790336767,2.9017732228081585
2,0.5000000000000001,11.901343331189482,2.9809413828207942
3,0.7000000000000001,22.074606420872534,3.3366106133264393
4,0.9000000000000001,19.225259933722132,2.436787858163406
