,discretized_reward_proportion,interconnectivity_strength_mean,interconnectivity_strength_err
0,0.1,37.95476854889971,4.146300357211017
1,0.30000000000000004,31.051751203006585,7.238736968276868
2,0.5000000000000001,69.16997973095381,16.790615483949225
3,0.7000000000000001,37.99250336894916,4.85489352584989
4,0.9000000000000001,38.327625089792924,9.096391123374138
