,discretized_reward_proportion,interconnectivity_strength_mean,interconnectivity_strength_err
0,0.1,3.0656812252532584,0.4057319182272661
1,0.30000000000000004,44.926797993596395,22.00113844251441
2,0.5000000000000001,18.69592409439631,7.299867278744804
3,0.7000000000000001,9.796883149108332,1.8948528094666475
4,0.9000000000000001,5.83508595280362,1.0046508103847969
