,discretized_reward_proportion,interconnectivity_strength_mean,interconnectivity_strength_err
0,0.1,2.8297281676384345,1.5368520137303747
1,0.30000000000000004,4.143025481202586,1.6199891091911143
2,0.5000000000000001,12.426715398154634,2.4441047184781213
3,0.7000000000000001,9.998435168635332,1.6696692575499041
4,0.9000000000000001,16.401794675329295,2.165120690676597
