,discretized_reward_proportion,interconnectivity_strength_mean,interconnectivity_strength_err
0,0.1,7.508508010049915,2.880497087066407
1,0.30000000000000004,8.440565827476938,3.891967518793391
2,0.5000000000000001,21.733095813039366,8.384880681051426
3,0.7000000000000001,21.922357297884297,9.347230519091184
4,0.9000000000000001,0.0,0.0
