,discretized_reward_proportion,interconnectivity_strength_mean,interconnectivity_strength_err
0,0.1,9.472548305370422,0.2520930791708181
1,0.30000000000000004,9.30131773663769,0.2433026038962982
2,0.5000000000000001,8.31111374524975,0.3234590165657024
3,0.7000000000000001,7.146354903059916,0.1888051107716957
4,0.9000000000000001,7.6329918917625905,0.19363981302136687
