,discretized_reward_proportion,interconnectivity_strength_mean,interconnectivity_strength_err
0,0.1,0.18029139299436575,0.1763284608624379
1,0.30000000000000004,0.9844706216726286,0.19381590384441472
2,0.5000000000000001,3.4055105097723133,0.438964631164026
3,0.7000000000000001,4.988866465740423,0.41259752406703076
4,0.9000000000000001,5.48987169382964,0.5126916090619346
