,discretized_reward_proportion,interconnectivity_strength_mean,interconnectivity_strength_err
0,0.1,25.85918295976439,1.191169078106087
1,0.30000000000000004,18.779259269565685,1.2111278980889055
2,0.5000000000000001,35.38285883109632,5.047747734781968
3,0.7000000000000001,19.082118542704226,2.8924037101459743
4,0.9000000000000001,22.678754169288,1.7104450452513162
