,discretized_reward_proportion,interconnectivity_strength_mean,interconnectivity_strength_err
0,0.1,22.01916983643836,2.0995143120944526
1,0.30000000000000004,20.16965488977197,2.0753156933285513
2,0.5000000000000001,13.810225057395009,2.581357719379112
3,0.7000000000000001,23.15563080724809,2.0278279066185654
4,0.9000000000000001,18.867063579992088,1.6534469893445884
