,discretized_reward_proportion,interconnectivity_strength_mean,interconnectivity_strength_err
0,0.1,46.189006262144105,6.935485987961521
1,0.30000000000000004,83.985017079497,12.826768602781637
2,0.5000000000000001,49.402325306606436,10.301783811893383
3,0.7000000000000001,16.55228730908109,3.131992282429925
4,0.9000000000000001,24.254035084705034,2.1756565964157857
