,discretized_reward_proportion,interconnectivity_strength_mean,interconnectivity_strength_err
0,0.1,58.585778125324715,10.637878648250634
1,0.30000000000000004,38.307410840195665,5.242792417656664
2,0.5000000000000001,40.93018591209776,3.737381146000308
3,0.7000000000000001,25.214894625678717,1.734478355792887
4,0.9000000000000001,29.54647336899573,1.4864444991880976
