,discretized_reward_proportion,interconnectivity_strength_mean,interconnectivity_strength_err
0,0.1,103.25283114020898,16.545352404372732
1,0.30000000000000004,60.5437709510508,15.51985983727375
2,0.5000000000000001,54.5422635963055,16.253120376876428
3,0.7000000000000001,142.6630241704175,35.73787469565067
4,0.9000000000000001,48.922767590921445,19.58395392728775
