,discretized_reward_proportion,interconnectivity_strength_mean,interconnectivity_strength_err
0,0.1,5.39244316064994,0.41267195834737586
1,0.30000000000000004,6.384325686394276,1.127130705856613
2,0.5000000000000001,7.831490128802571,1.4557370896813977
3,0.7000000000000001,5.894014075910149,0.38701485207397246
4,0.9000000000000001,6.5001683302197995,0.28547515142944735
