,discretized_reward_proportion,interconnectivity_strength_mean,interconnectivity_strength_err
0,0.1,11.165976351570851,0.1538335800721241
1,0.30000000000000004,9.324791069477829,0.32215159949077576
2,0.5000000000000001,8.673916488480714,0.3210308800838225
3,0.7000000000000001,8.08868049469374,0.27333322184900477
4,0.9000000000000001,6.316179776393597,0.19698064503763346
