,discretized_reward_proportion,interconnectivity_strength_mean,interconnectivity_strength_err
0,0.1,8.488361822266652,0.20809919185939282
1,0.30000000000000004,7.3458355733194285,0.2266080952003023
2,0.5000000000000001,7.700793860075055,0.3061536881025664
3,0.7000000000000001,4.704036020206876,0.31098831955510264
4,0.9000000000000001,4.647848511346644,0.13854526861330968
