,discretized_reward_proportion,interconnectivity_strength_mean,interconnectivity_strength_err
0,0.1,157.16296228186752,31.991264115616804
1,0.30000000000000004,103.56869711547161,17.796089665527063
2,0.5000000000000001,67.2770926302513,12.879624057321552
3,0.7000000000000001,94.85341684358117,23.856291423088763
4,0.9000000000000001,13.06979189977604,10.721102157123624
