,discretized_reward_proportion,interconnectivity_strength_mean,interconnectivity_strength_err
0,0.1,28.287878975971804,3.2035269677646565
1,0.30000000000000004,15.589147436109885,1.892900953243429
2,0.5000000000000001,11.694332573506873,3.0627237048536
3,0.7000000000000001,2.251060083823025,1.1261701152833503
4,0.9000000000000001,4.365535864391521,0.8875198965151284
