,discretized_reward_proportion,interconnectivity_strength_mean,interconnectivity_strength_err
0,0.1,6.44928612746362,0.44376922594779533
1,0.30000000000000004,5.788233320611094,0.2968257052460916
2,0.5000000000000001,5.630201206860095,0.25150294069810003
3,0.7000000000000001,4.912761726313862,0.17491987288902358
4,0.9000000000000001,5.239318317702699,0.15355093546083606
