,discretized_reward_proportion,interconnectivity_strength_mean,interconnectivity_strength_err
0,0.1,69.97586727923276,7.000369706035316
1,0.30000000000000004,69.38365530742291,7.259462989936139
2,0.5000000000000001,100.01524645902286,25.444908755656435
3,0.7000000000000001,107.71327392098773,22.29103338509745
4,0.9000000000000001,148.96377645407455,25.94379864333493
