,discretized_reward_proportion,interconnectivity_strength_mean,interconnectivity_strength_err
0,0.1,136.9512845520933,36.11629706475398
1,0.30000000000000004,54.08520167810482,13.562747341067967
2,0.5000000000000001,47.05682317020562,7.816378151890356
3,0.7000000000000001,42.506661401159995,4.453203271185454
4,0.9000000000000001,47.53525052293522,4.439822562653385
