,discretized_reward_proportion,interconnectivity_strength_mean,interconnectivity_strength_err
0,0.1,10.652388798560269,0.2341962751090514
1,0.30000000000000004,8.759101311056586,0.4799590227532836
2,0.5000000000000001,8.280545278226134,0.5447971516826062
3,0.7000000000000001,6.636459108280766,0.2359854798253684
4,0.9000000000000001,5.436722324258439,0.18735531920946033
