,discretized_reward_proportion,interconnectivity_strength_mean,interconnectivity_strength_err
0,0.1,15.454534311910836,0.8228077618164562
1,0.30000000000000004,10.779394423257745,0.6254671569636406
2,0.5000000000000001,9.517088958288303,0.5496563775904335
3,0.7000000000000001,9.120692848919733,0.8215304795101556
4,0.9000000000000001,7.262147980838416,0.4661202243935598
