,discretized_reward_proportion,interconnectivity_strength_mean,interconnectivity_strength_err
0,0.1,13.935749404000877,0.5430259635749357
1,0.30000000000000004,13.808303115743541,0.5986850087180385
2,0.5000000000000001,13.657222754583207,0.6653775119734184
3,0.7000000000000001,11.979749819742892,0.5505644478432603
4,0.9000000000000001,10.826784260653051,0.45419665483307237
