,discretized_reward_proportion,interconnectivity_strength_mean,interconnectivity_strength_err
0,0.1,55.19351492709225,4.792879147451394
1,0.30000000000000004,72.77109126870221,12.490027658758462
2,0.5000000000000001,144.9968644940593,15.103784470457299
3,0.7000000000000001,78.91844919088774,13.341999948907535
4,0.9000000000000001,28.956313952088404,13.654589750915672
