,discretized_reward_proportion,interconnectivity_strength_mean,interconnectivity_strength_err
0,0.1,0.0963855421686747,0.03239354565890752
1,0.30000000000000004,0.1346153846153846,0.047331499277444254
2,0.5000000000000001,0.125,0.04419417382415922
3,0.7000000000000001,48.62748551695131,19.118201227455895
4,0.9000000000000001,79.14154744605624,19.384727896464376
