,discretized_reward_proportion,interconnectivity_strength_mean,interconnectivity_strength_err
0,0.1,1194.6378966781624,249.37687361660414
1,0.30000000000000004,114.21201386027587,61.72122948719386
2,0.5000000000000001,34.34971284031396,12.90272148948124
3,0.7000000000000001,0.18666666666666668,0.044992180390555594
4,0.9000000000000001,0.08974358974358974,0.03236206980550629
