,discretized_reward_proportion,interconnectivity_strength_mean,interconnectivity_strength_err
0,0.1,31.625695386317656,1.6864114637135177
1,0.30000000000000004,31.461460057568264,2.1096479877349585
2,0.5000000000000001,26.274195532537185,2.9708671307789936
3,0.7000000000000001,27.0908677045004,4.03756541115278
4,0.9000000000000001,13.679773893643603,1.8266191616244722
