,discretized_reward_proportion,interconnectivity_strength_mean,interconnectivity_strength_err
0,0.1,25.024809264860156,1.6601492511066243
1,0.30000000000000004,17.041263297372907,1.385887476821834
2,0.5000000000000001,19.818701057646678,1.3504746735208286
3,0.7000000000000001,27.32590607552247,2.9688624777054238
4,0.9000000000000001,44.841805203982204,9.634435077483325
