,discretized_reward_proportion,interconnectivity_strength_mean,interconnectivity_strength_err
0,0.1,8.993050598074143,1.5333997992929038
1,0.30000000000000004,21.434542362432765,4.080193789467088
2,0.5000000000000001,50.602045995307904,8.92516459299394
3,0.7000000000000001,20.41395923303672,6.2985128993563615
4,0.9000000000000001,7.14783043805733,3.0381755681051503
