,discretized_reward_proportion,interconnectivity_strength_mean,interconnectivity_strength_err
0,0.1,69.19990162536821,8.070677732667793
1,0.30000000000000004,59.99291037877528,9.255724669620632
2,0.5000000000000001,14.796304430442165,4.344227197659877
3,0.7000000000000001,19.130914544431768,4.256422605555693
4,0.9000000000000001,14.344395328890224,3.346210547902012
