,discretized_reward_proportion,interconnectivity_strength_mean,interconnectivity_strength_err
0,0.1,51.57468164279936,7.947584381672572
1,0.30000000000000004,34.51823145811301,10.091659402657585
2,0.5000000000000001,9.471081340907032,3.695967347255171
3,0.7000000000000001,24.51410047179989,7.267209288637118
4,0.9000000000000001,7.914758768379654,3.553308152630771
