,discretized_reward_proportion,interconnectivity_strength_mean,interconnectivity_strength_err
0,0.1,18.373707163958894,0.8511861398732157
1,0.30000000000000004,18.573428708309184,1.432309655653172
2,0.5000000000000001,17.50241336212364,1.4066914208670753
3,0.7000000000000001,16.991990524250916,2.4824644871578907
4,0.9000000000000001,14.896040068024792,1.6597334637609982
