,discretized_reward_proportion,interconnectivity_strength_mean,interconnectivity_strength_err
0,0.1,25.213740501331053,0.7150690464546148
1,0.30000000000000004,18.37442570607849,0.7137683970187234
2,0.5000000000000001,22.282273070834727,1.8482237097929402
3,0.7000000000000001,15.879968706658383,2.5181752116409952
4,0.9000000000000001,30.573481175791592,3.796089528730455
