,discretized_reward_proportion,interconnectivity_strength_mean,interconnectivity_strength_err
0,0.1,11.679006451190538,1.1606287742879242
1,0.30000000000000004,8.907001200707219,0.4969049895067439
2,0.5000000000000001,7.534848701739359,0.34918616510890554
3,0.7000000000000001,7.007815643204681,0.2515684437587808
4,0.9000000000000001,6.918913301821523,0.22421434495432854
