,discretized_reward_proportion,interconnectivity_strength_mean,interconnectivity_strength_err
0,0.1,16.290809272183193,1.0537957041240071
1,0.30000000000000004,16.40351917644005,0.8581334992524772
2,0.5000000000000001,9.32089311566203,0.5350637980278217
3,0.7000000000000001,7.879089798069075,0.40183884936754133
4,0.9000000000000001,7.856765370858331,0.457291134507717
