,discretized_reward_proportion,interconnectivity_strength_mean,interconnectivity_strength_err
0,0.1,17.4114984352645,3.3911226957678493
1,0.30000000000000004,28.79550163643672,6.9611766279804455
2,0.5000000000000001,42.52441026031109,11.637015362311342
3,0.7000000000000001,21.499128165283036,7.1315953960688026
4,0.9000000000000001,25.756339753497375,10.39320928821649
