,discretized_reward_proportion,interconnectivity_strength_mean,interconnectivity_strength_err
0,0.1,2.9289616824496574,0.8492844689647019
1,0.30000000000000004,8.62650352486552,1.7114734293376237
2,0.5000000000000001,17.824605135331538,2.513929494852397
3,0.7000000000000001,8.694312989811639,1.4090198098775693
4,0.9000000000000001,1.1137564893829006,1.0425693781718552
