,discretized_reward_proportion,interconnectivity_strength_mean,interconnectivity_strength_err
0,0.1,28.063720391497835,4.160737067684741
1,0.30000000000000004,7.833367325250493,1.6127205770575321
2,0.5000000000000001,7.8997835539365235,1.8370142400402942
3,0.7000000000000001,15.701274235994532,3.3823336119062324
4,0.9000000000000001,17.136415531200935,3.279203540606903
