,discretized_reward_proportion,interconnectivity_strength_mean,interconnectivity_strength_err
0,0.1,11.116068526066114,0.3535772346367525
1,0.30000000000000004,11.111357311243614,0.6013917369421847
2,0.5000000000000001,11.13243869982723,0.47490803309852675
3,0.7000000000000001,13.891791066659641,1.7031869427630637
4,0.9000000000000001,33.07105773103132,3.960528691861171
