,discretized_reward_proportion,interconnectivity_strength_mean,interconnectivity_strength_err
0,0.1,17.679751434864503,1.377782893319
1,0.30000000000000004,14.121147839693235,1.2180790090149782
2,0.5000000000000001,13.138301666946521,0.7416636733026573
3,0.7000000000000001,14.758603886895767,0.9650957532839081
4,0.9000000000000001,20.43654524666543,1.303533276507391
