,discretized_reward_proportion,interconnectivity_strength_mean,interconnectivity_strength_err
0,0.1,6.674944720652661,0.3889218966435309
1,0.30000000000000004,5.819480660722036,0.2708994453707669
2,0.5000000000000001,4.706830039008217,0.2690129626206242
3,0.7000000000000001,4.9721987828055045,0.19489401392190872
4,0.9000000000000001,6.301672944516669,0.29305071281790407
