,discretized_reward_proportion,interconnectivity_strength_mean,interconnectivity_strength_err
0,0.1,11.904266669721197,0.9443292994935709
1,0.30000000000000004,16.69426821542836,1.0403886922456176
2,0.5000000000000001,13.244887867528895,1.3627817413423227
3,0.7000000000000001,9.184218440836107,1.5167956526278268
4,0.9000000000000001,8.144850881352918,0.8352260417915325
