,discretized_reward_proportion,interconnectivity_strength_mean,interconnectivity_strength_err
0,0.1,44.93736180000069,8.74366779181551
1,0.30000000000000004,23.78186174052883,3.6210453571873975
2,0.5000000000000001,27.303190384281752,5.705926071441512
3,0.7000000000000001,68.40766161713043,10.84779225062152
4,0.9000000000000001,66.63164993349675,12.086324222682377
