,discretized_reward_proportion,interconnectivity_strength_mean,interconnectivity_strength_err
0,0.1,37.13188396611158,3.488741889595362
1,0.30000000000000004,9.34958351263049,2.746634851298273
2,0.5000000000000001,23.306903735105305,4.593892741094366
3,0.7000000000000001,32.550875795336154,8.650586051806455
4,0.9000000000000001,18.21789164285187,6.633172121483655
