,discretized_reward_proportion,interconnectivity_strength_mean,interconnectivity_strength_err
0,0.1,9.767874816587081,0.11708756900709892
1,0.30000000000000004,7.69335503562395,0.30669932054415633
2,0.5000000000000001,6.5853251947594975,0.24499440382491597
3,0.7000000000000001,5.756554267311993,0.2772942352694515
4,0.9000000000000001,5.23179679581126,0.29014828239828266
