,discretized_reward_proportion,interconnectivity_strength_mean,interconnectivity_strength_err
0,0.1,17.834829154773786,5.327946337451734
1,0.30000000000000004,16.852088016213177,3.35605334594656
2,0.5000000000000001,22.232961680404493,4.477781282492693
3,0.7000000000000001,16.28304951839312,2.432771298754839
4,0.9000000000000001,26.74602013963009,3.5946207907839236
