,discretized_reward_proportion,interconnectivity_strength_mean,interconnectivity_strength_err
0,0.1,21.139665909446833,4.453911687073633
1,0.30000000000000004,29.390006143640182,7.305463679937268
2,0.5000000000000001,49.8651260069992,15.797215866462466
3,0.7000000000000001,87.24853019640562,21.633042245054128
4,0.9000000000000001,7.23412753819762,7.043968967784877
