,discretized_reward_proportion,interconnectivity_strength_mean,interconnectivity_strength_err
0,0.1,49.255672570735264,5.462943530444546
1,0.30000000000000004,46.803982410122956,6.049048257176411
2,0.5000000000000001,37.38126318589391,10.5704788215524
3,0.7000000000000001,16.422571078264355,2.061209663883566
4,0.9000000000000001,17.849435486548995,2.043404872207654
