,discretized_reward_proportion,interconnectivity_strength_mean,interconnectivity_strength_err
0,0.1,73.12870313012321,5.001995370656316
1,0.30000000000000004,71.0297842438627,10.305552356868258
2,0.5000000000000001,86.14455879608904,10.0115028933023
3,0.7000000000000001,27.106371076987557,5.82572567767451
4,0.9000000000000001,16.67934712648051,4.752878944987133
