,discretized_reward_proportion,interconnectivity_strength_mean,interconnectivity_strength_err
0,0.1,60.31028365286956,26.015919715577624
1,0.30000000000000004,113.0360129198263,30.722530119105684
2,0.5000000000000001,44.49631599736255,15.84986664642449
3,0.7000000000000001,15.217963665790414,2.672224585153857
4,0.9000000000000001,7.952557615932928,1.2057487179103599
