,discretized_reward_proportion,interconnectivity_strength_mean,interconnectivity_strength_err
0,0.1,12.953028145069462,1.7936445892149786
1,0.30000000000000004,8.610695499915582,1.555236356768915
2,0.5000000000000001,60.59453701552534,14.329351989253494
3,0.7000000000000001,90.10309319973535,13.81642386371306
4,0.9000000000000001,83.75238249350225,16.922780768473267
