,discretized_reward_proportion,interconnectivity_strength_mean,interconnectivity_strength_err
0,0.1,7.6263455095528245,0.3616418711785976
1,0.30000000000000004,8.225096940350449,0.5911602655895268
2,0.5000000000000001,7.755680526376587,0.3988319981148918
3,0.7000000000000001,8.015813898317985,0.2494525407690196
4,0.9000000000000001,8.117594730950046,0.28084323180547777
