,discretized_reward_proportion,interconnectivity_strength_mean,interconnectivity_strength_err
0,0.1,61.586153297292206,19.11036032222622
1,0.30000000000000004,104.39531471897568,17.317274906120044
2,0.5000000000000001,32.14745172343873,4.956775482436739
3,0.7000000000000001,28.12320296127687,3.2723779292712787
4,0.9000000000000001,38.38590375062654,3.247549958320504
