,discretized_reward_proportion,interconnectivity_strength_mean,interconnectivity_strength_err
0,0.1,2.16406324899475,0.5834292044896615
1,0.30000000000000004,12.484945646926288,1.7756159263553677
2,0.5000000000000001,7.143274427574494,2.230935390438504
3,0.7000000000000001,2.773094479025368,1.8534645984212657
4,0.9000000000000001,1.1908410499806306,0.8307513444091065
