,discretized_reward_proportion,interconnectivity_strength_mean,interconnectivity_strength_err
0,0.1,32.262414010086374,3.233821754060164
1,0.30000000000000004,35.42823176765905,3.398648230604902
2,0.5000000000000001,29.09453397277488,3.1883717449212896
3,0.7000000000000001,43.42568212848439,4.00997302246398
4,0.9000000000000001,49.868903316168435,3.7083790592155412
