,discretized_reward_proportion,interconnectivity_strength_mean,interconnectivity_strength_err
0,0.1,8.73897927975185,0.37317582073869354
1,0.30000000000000004,6.222744204625892,0.19328462903693125
2,0.5000000000000001,4.963372628090091,0.10866100936759962
3,0.7000000000000001,5.361875495078932,0.15616875003098876
4,0.9000000000000001,5.6348084203171345,0.1499847979509239
