,discretized_reward_proportion,interconnectivity_strength_mean,interconnectivity_strength_err
0,0.1,74.14178697655905,12.357536468068924
1,0.30000000000000004,71.41326482090575,11.023440928972812
2,0.5000000000000001,104.41975983205612,16.543872584222072
3,0.7000000000000001,67.91497756461159,7.624464397597437
4,0.9000000000000001,64.13218721394092,7.2671338972905755
