,discretized_reward_proportion,interconnectivity_strength_mean,interconnectivity_strength_err
0,0.1,12.649620063547452,0.4500133685285259
1,0.30000000000000004,14.63320750745423,0.8146015779061107
2,0.5000000000000001,14.782463636282376,0.8964146469291506
3,0.7000000000000001,9.04464641728707,1.809004010410961
4,0.9000000000000001,11.84162936815652,1.5762975378324213
