,discretized_reward_proportion,interconnectivity_strength_mean,interconnectivity_strength_err
0,0.1,160.17441923487942,40.23192002534183
1,0.30000000000000004,126.88047646057832,45.4148247993716
2,0.5000000000000001,69.79328617801166,23.653799092430038
3,0.7000000000000001,32.17844851580951,11.568082223848322
4,0.9000000000000001,14.085064528045692,4.042978081301541
