,discretized_reward_proportion,interconnectivity_strength_mean,interconnectivity_strength_err
0,0.1,12.77184328814465,0.26120687613319826
1,0.30000000000000004,10.126947960595837,0.44777587637918737
2,0.5000000000000001,9.37288364373108,0.5239039010527661
3,0.7000000000000001,6.650232823933536,0.49539242730234095
4,0.9000000000000001,5.442015420624814,0.2681645933202009
