,discretized_reward_proportion,interconnectivity_strength_mean,interconnectivity_strength_err
0,0.1,29.77834136478006,4.613756196714741
1,0.30000000000000004,35.90103757472986,5.095154354010315
2,0.5000000000000001,18.20695709400662,4.070048695919203
3,0.7000000000000001,14.429113921376114,2.039685927085568
4,0.9000000000000001,28.42327433205844,2.230875487214116
