,discretized_reward_proportion,interconnectivity_strength_mean,interconnectivity_strength_err
0,0.1,4.482378472154213,1.0496134166677367
1,0.30000000000000004,8.783790767105867,1.3384758645308235
2,0.5000000000000001,4.2194190846868995,0.41999972320442663
3,0.7000000000000001,4.809181118189593,0.2548297173452619
4,0.9000000000000001,4.819377442699264,0.21139753010333537
