,discretized_reward_proportion,interconnectivity_strength_mean,interconnectivity_strength_err
0,0.1,5.069409870963263,0.6379204712266519
1,0.30000000000000004,30.398047869470883,15.990596039404595
2,0.5000000000000001,38.99749406534371,15.37169096677182
3,0.7000000000000001,37.73159961987066,23.97392706600909
4,0.9000000000000001,109.2473474358508,24.85038628863237
