,discretized_reward_proportion,interconnectivity_strength_mean,interconnectivity_strength_err
0,0.1,17.615533208188616,2.846622101452089
1,0.30000000000000004,30.176779838361547,3.6024249752330046
2,0.5000000000000001,30.726591798047494,3.6658650219518547
3,0.7000000000000001,16.955359270470847,2.243307817132504
4,0.9000000000000001,36.09597824408503,5.846594502200408
