,discretized_reward_proportion,interconnectivity_strength_mean,interconnectivity_strength_err
0,0.1,16.21288066224647,1.5605132831267212
1,0.30000000000000004,12.315323759502203,1.8566541971979778
2,0.5000000000000001,14.66400911017018,2.5229116780241823
3,0.7000000000000001,12.16603325741074,1.5427409482392733
4,0.9000000000000001,10.85053030117611,1.559827640074789
