,discretized_reward_proportion,interconnectivity_strength_mean,interconnectivity_strength_err
0,0.1,12.133887501978354,0.986884836885547
1,0.30000000000000004,15.357789614309649,1.5610211569981498
2,0.5000000000000001,10.77614605939498,1.3011132748514085
3,0.7000000000000001,10.187671332779718,0.791664123179232
4,0.9000000000000001,6.966217746632421,0.4328583171970922
