,discretized_reward_proportion,interconnectivity_strength_mean,interconnectivity_strength_err
0,0.1,12.597950579354679,0.17982522120726935
1,0.30000000000000004,11.176521035778194,0.4489785333536968
2,0.5000000000000001,10.020641921131109,0.4216647993823851
3,0.7000000000000001,8.863575588567118,0.31534741300063185
4,0.9000000000000001,10.179682015058365,0.7369219015363662
