,discretized_reward_proportion,interconnectivity_strength_mean,interconnectivity_strength_err
0,0.1,12.900383731814834,0.5692133684530076
1,0.30000000000000004,12.27313805475226,0.6462141457002745
2,0.5000000000000001,9.297651745120953,0.6625792626390663
3,0.7000000000000001,8.990746579809818,0.4734266168020705
4,0.9000000000000001,8.140060771918614,0.45826652196301676
