,discretized_reward_proportion,interconnectivity_strength_mean,interconnectivity_strength_err
0,0.1,11.26819251781148,0.8382432007860945
1,0.30000000000000004,13.626144283845838,0.786842645653568
2,0.5000000000000001,9.301202628176382,0.5142032275420273
3,0.7000000000000001,9.505737916885062,0.45807156843543106
4,0.9000000000000001,9.834003494506655,0.39457113544748496
