,discretized_reward_proportion,interconnectivity_strength_mean,interconnectivity_strength_err
0,0.1,3.2840686748905097,0.2465033284199337
1,0.30000000000000004,7.466242620821845,1.4206430076357568
2,0.5000000000000001,11.87280733923926,1.1945110248575888
3,0.7000000000000001,12.890320286086993,1.3775318905768719
4,0.9000000000000001,10.393275957750365,1.0383050452247045
