,discretized_reward_proportion,interconnectivity_strength_mean,interconnectivity_strength_err
0,0.1,20.827144928889,0.8980901125420768
1,0.30000000000000004,17.96023018844136,1.1341849157329498
2,0.5000000000000001,38.87373348672603,4.44582526184874
3,0.7000000000000001,20.442714500322662,4.2474051219812905
4,0.9000000000000001,12.83310735888035,4.159059237974179
