,discretized_reward_proportion,interconnectivity_strength_mean,interconnectivity_strength_err
0,0.1,16.726412242186075,1.3227905008724765
1,0.30000000000000004,9.02559274134174,0.4893220631819557
2,0.5000000000000001,9.880694491323876,0.5755010891908015
3,0.7000000000000001,9.328337589450493,0.7527095444353539
4,0.9000000000000001,4.297558587957702,0.3166400653657583
