,discretized_reward_proportion,interconnectivity_strength_mean,interconnectivity_strength_err
0,0.1,5.398627424017899,0.38784769267525854
1,0.30000000000000004,6.655262823579505,0.5194786008195036
2,0.5000000000000001,9.342532441442804,0.6155697113380946
3,0.7000000000000001,10.976062243792741,0.5156598173892711
4,0.9000000000000001,9.518513045199182,0.4492089675467066
