,discretized_reward_proportion,interconnectivity_strength_mean,interconnectivity_strength_err
0,0.1,35.91373506560515,2.1145008910145453
1,0.30000000000000004,59.38798723103908,10.277752244467836
2,0.5000000000000001,41.53456651571587,9.34939756056172
3,0.7000000000000001,20.480745704031524,6.814252289666967
4,0.9000000000000001,3.5963381521159676,2.5835492957445996
