,discretized_reward_proportion,interconnectivity_strength_mean,interconnectivity_strength_err
0,0.1,8.649370133253237,1.6703839960363218
1,0.30000000000000004,9.212039213656285,2.0546821885801814
2,0.5000000000000001,9.798083997212776,2.536013605713051
3,0.7000000000000001,2.0097331094333977,1.0956103934163288
4,0.9000000000000001,5.6091529825491016,1.3354370556127948
