,discretized_reward_proportion,interconnectivity_strength_mean,interconnectivity_strength_err
0,0.1,20.079797752307574,2.1183498726021397
1,0.30000000000000004,21.680781825410484,2.2310807044562577
2,0.5000000000000001,17.323096731437786,2.3932646368430746
3,0.7000000000000001,12.91575340092382,1.353444154090039
4,0.9000000000000001,14.32893276058703,1.9612971668067232
