,discretized_reward_proportion,interconnectivity_strength_mean,interconnectivity_strength_err
0,0.1,8.187037884782635,0.22733691255237268
1,0.30000000000000004,6.78963796575204,0.42290632236585335
2,0.5000000000000001,7.654539818378468,0.7594734805932988
3,0.7000000000000001,5.091555614122749,0.23755902890788697
4,0.9000000000000001,3.8189347881311377,0.13782759482876072
