,discretized_reward_proportion,interconnectivity_strength_mean,interconnectivity_strength_err
0,0.1,9.519438467261292,0.4130547140814225
1,0.30000000000000004,9.337883649193556,0.8223145888241229
2,0.5000000000000001,7.462549482858553,1.152923406679993
3,0.7000000000000001,5.616706870748595,0.1073575600557081
4,0.9000000000000001,6.018985454976582,0.42021981724113977
