,discretized_reward_proportion,interconnectivity_strength_mean,interconnectivity_strength_err
0,0.1,0.2727272727272727,0.09495144870310791
1,0.30000000000000004,0.358974358974359,0.07681342173272795
2,0.5000000000000001,21.013523706305776,6.813258266704466
3,0.7000000000000001,23.337893631292605,4.90422871099799
4,0.9000000000000001,12.635026650797439,1.5943143761131449
