,discretized_reward_proportion,interconnectivity_strength_mean,interconnectivity_strength_err
0,0.1,25.11217764111136,2.3633274228856904
1,0.30000000000000004,15.6948904976188,1.9558022215012945
2,0.5000000000000001,18.641893281707002,1.5415014548073704
3,0.7000000000000001,22.703615788419075,1.3229008049154365
4,0.9000000000000001,21.67440661645712,1.285966030304052
