,discretized_reward_proportion,interconnectivity_strength_mean,interconnectivity_strength_err
0,0.1,48.04130391298235,24.32304320182726
1,0.30000000000000004,60.61856589120087,33.64069588435575
2,0.5000000000000001,36.72507312477918,24.889129631656132
3,0.7000000000000001,70.58834925258846,14.648417776875354
4,0.9000000000000001,52.98274856225985,7.434750186373682
