,discretized_reward_proportion,interconnectivity_strength_mean,interconnectivity_strength_err
0,0.1,13.567648484827775,2.381481783772314
1,0.30000000000000004,33.99390915964159,6.462770890034327
2,0.5000000000000001,56.315733227620385,5.836965404262377
3,0.7000000000000001,46.03850774528409,6.681168574645098
4,0.9000000000000001,19.396497595761172,2.642547345631789
