,discretized_reward_proportion,interconnectivity_strength_mean,interconnectivity_strength_err
0,0.1,45.650431261502064,5.203738435889021
1,0.30000000000000004,54.38131177343096,6.0140138555816165
2,0.5000000000000001,70.09305582054199,8.052081574277052
3,0.7000000000000001,69.30085020081528,10.405621908741988
4,0.9000000000000001,46.69119388268586,7.871620965012924
