,discretized_reward_proportion,interconnectivity_strength_mean,interconnectivity_strength_err
0,0.1,63.217424611641164,4.735134129074417
1,0.30000000000000004,67.13769188486064,7.5098818616806975
2,0.5000000000000001,59.20336906977338,7.605618356373318
3,0.7000000000000001,111.66301286321473,14.869068102211875
4,0.9000000000000001,170.24897800632053,32.03837582568368
