,discretized_reward_proportion,interconnectivity_strength_mean,interconnectivity_strength_err
0,0.1,18.09289957232959,0.4419385651446776
1,0.30000000000000004,14.367926087820464,0.41931452687581333
2,0.5000000000000001,15.200320328911165,0.6577143894096035
3,0.7000000000000001,15.078496379404944,1.3744142540544904
4,0.9000000000000001,11.353735524554217,0.6813570864891968
