,discretized_reward_proportion,interconnectivity_strength_mean,interconnectivity_strength_err
0,0.1,20.111787248862115,2.2965710609913255
1,0.30000000000000004,15.067524719658707,1.5457617064111215
2,0.5000000000000001,14.06167959398423,1.4003512129323943
3,0.7000000000000001,11.319496056038279,0.6556537176069432
4,0.9000000000000001,11.339611986228519,0.6580031295181745
