,discretized_reward_proportion,interconnectivity_strength_mean,interconnectivity_strength_err
0,0.1,12.26735937280049,0.8331457055210761
1,0.30000000000000004,13.181686113032457,1.1715451206449516
2,0.5000000000000001,13.943786018482996,1.7562670773360964
3,0.7000000000000001,13.122676361536989,1.3123097930918466
4,0.9000000000000001,16.04721063856808,1.1313542987426108
