,discretized_reward_proportion,interconnectivity_strength_mean,interconnectivity_strength_err
0,0.1,56.15008936902331,6.078813332010696
1,0.30000000000000004,80.55411661417867,7.942032665970942
2,0.5000000000000001,93.80098982372728,15.018348384029027
3,0.7000000000000001,90.37785888570689,21.701877988580396
4,0.9000000000000001,59.36427407709312,17.708875912952273
