,discretized_reward_proportion,interconnectivity_strength_mean,interconnectivity_strength_err
0,0.1,3.897504071345345,0.12671772148587457
1,0.30000000000000004,5.4509968793434185,0.32774643315430363
2,0.5000000000000001,4.892145913446091,0.23196979947745297
3,0.7000000000000001,4.989645576607118,0.21627205551580958
4,0.9000000000000001,4.856707345118965,0.17880587718679208
