,discretized_reward_proportion,interconnectivity_strength_mean,interconnectivity_strength_err
0,0.1,55.75654493488948,15.098237267400666
1,0.30000000000000004,108.31983481465869,24.176032199851377
2,0.5000000000000001,72.33495616566597,22.03403698926773
3,0.7000000000000001,26.72692120967491,2.615283083916221
4,0.9000000000000001,34.02000096209377,3.5937023632038287
