,discretized_reward_proportion,interconnectivity_strength_mean,interconnectivity_strength_err
0,0.1,12.421817184088718,0.5501505582381503
1,0.30000000000000004,14.475056001672293,1.2511756425029414
2,0.5000000000000001,9.7556189062314,0.30642318852336115
3,0.7000000000000001,6.538002231848079,0.3866981316938976
4,0.9000000000000001,6.599805310351301,0.2355968270695851
