,discretized_reward_proportion,interconnectivity_strength_mean,interconnectivity_strength_err
0,0.1,8.513000310365378,0.3520720824517518
1,0.30000000000000004,14.369373709354514,2.294072188395009
2,0.5000000000000001,32.217064522606066,3.5675636633389707
3,0.7000000000000001,28.657830431070817,2.393412030513697
4,0.9000000000000001,36.044615541317285,4.204564405278256
