,discretized_reward_proportion,interconnectivity_strength_mean,interconnectivity_strength_err
0,0.1,8.820128318859158,0.12731075110099704
1,0.30000000000000004,7.684007527090103,0.2930141813796454
2,0.5000000000000001,6.658494957903502,0.2637300868184309
3,0.7000000000000001,5.339985016078468,0.1671703937577453
4,0.9000000000000001,4.880701920535074,0.12378569273191563
