,discretized_reward_proportion,interconnectivity_strength_mean,interconnectivity_strength_err
0,0.1,7.531565266242065,0.2311440601156104
1,0.30000000000000004,6.882516634201092,0.2143504823293843
2,0.5000000000000001,5.389742109661636,0.3067546000299304
3,0.7000000000000001,4.252458704647531,0.17748547411026527
4,0.9000000000000001,3.8775410812831947,0.10338904357006128
