,discretized_reward_proportion,interconnectivity_strength_mean,interconnectivity_strength_err
0,0.1,25.46634955205335,2.3943025045280883
1,0.30000000000000004,18.380435439382655,2.2048756488442223
2,0.5000000000000001,47.96772764117255,6.081801126636224
3,0.7000000000000001,61.28123888794786,7.49366498387288
4,0.9000000000000001,74.0402892079922,12.18878227400896
