,discretized_reward_proportion,interconnectivity_strength_mean,interconnectivity_strength_err
0,0.1,11.060277086515,2.317111211915479
1,0.30000000000000004,11.249246614118665,1.5141524513961142
2,0.5000000000000001,12.605899548034737,0.8117917857871978
3,0.7000000000000001,13.537721763028365,1.4202648864980905
4,0.9000000000000001,18.170635103464292,2.004290784232417
