,discretized_reward_proportion,interconnectivity_strength_mean,interconnectivity_strength_err
0,0.1,46.29215530142273,9.272937713118182
1,0.30000000000000004,62.08018385623599,24.31977660973359
2,0.5000000000000001,93.62806138305278,17.296833669665325
3,0.7000000000000001,45.48423348957451,6.413543972627834
4,0.9000000000000001,20.36681181815285,1.7311842264509347
