,discretized_reward_proportion,interconnectivity_strength_mean,interconnectivity_strength_err
0,0.1,7.413448404035425,0.9472137986043209
1,0.30000000000000004,14.429938805613617,3.7523244499724417
2,0.5000000000000001,10.176570409260005,0.48137826954690427
3,0.7000000000000001,10.5809018699779,0.4877018866667826
4,0.9000000000000001,11.300118067475067,0.5550449305486004
