,discretized_reward_proportion,interconnectivity_strength_mean,interconnectivity_strength_err
0,0.1,44.31774822195135,4.154182934465751
1,0.30000000000000004,34.06574534378605,7.8693524845267
2,0.5000000000000001,34.07449808004776,7.221722042958888
3,0.7000000000000001,36.98157224339368,13.841047562991793
4,0.9000000000000001,215.5583083015649,21.149668027557222
