,discretized_reward_proportion,interconnectivity_strength_mean,interconnectivity_strength_err
0,0.1,58.36375296457435,12.886193622210131
1,0.30000000000000004,20.204001014421593,5.834571246887184
2,0.5000000000000001,50.2818718214164,20.333999465586974
3,0.7000000000000001,51.848100280731735,13.107739379766016
4,0.9000000000000001,150.0248121904373,28.905609384241842
