,discretized_reward_proportion,interconnectivity_strength_mean,interconnectivity_strength_err
0,0.1,18.29364522119715,3.6866888063667513
1,0.30000000000000004,9.107541374830864,1.6656209160593425
2,0.5000000000000001,9.30077917530301,0.8658414235020233
3,0.7000000000000001,7.760033450703949,0.7757454183596135
4,0.9000000000000001,6.836569062812138,0.20928522959002827
