,discretized_reward_proportion,interconnectivity_strength_mean,interconnectivity_strength_err
0,0.1,8.931157605727948,0.7685884045194002
1,0.30000000000000004,9.637740631233473,1.2762992666403583
2,0.5000000000000001,11.31440506593121,1.3833489618058468
3,0.7000000000000001,12.86610432895995,1.0056278030643313
4,0.9000000000000001,10.3421050554928,0.5093455812439238
