,discretized_reward_proportion,interconnectivity_strength_mean,interconnectivity_strength_err
0,0.1,53.12624878433202,9.20386387127878
1,0.30000000000000004,42.286505904669234,7.2391656629575944
2,0.5000000000000001,40.93928809437498,9.536195329151056
3,0.7000000000000001,55.286547517394226,4.6528222515048006
4,0.9000000000000001,40.46796573094586,5.751514099958575
