,discretized_reward_proportion,interconnectivity_strength_mean,interconnectivity_strength_err
0,0.1,26.531004969773818,1.5801859552132478
1,0.30000000000000004,17.907432594113036,1.232783971675626
2,0.5000000000000001,18.409357201923935,0.896801259745026
3,0.7000000000000001,12.206723947061604,1.3464014201676475
4,0.9000000000000001,9.314911712556915,0.685716227128548
