,discretized_reward_proportion,interconnectivity_strength_mean,interconnectivity_strength_err
0,0.1,50.72647306534181,8.246944954333406
1,0.30000000000000004,17.540081362927328,2.563880303121456
2,0.5000000000000001,23.318422289267804,1.9391653839308398
3,0.7000000000000001,26.3202738198631,3.0598997486884794
4,0.9000000000000001,9.265332448554695,0.48145935600853795
