,discretized_reward_proportion,interconnectivity_strength_mean,interconnectivity_strength_err
0,0.1,42.46348856282905,4.255098281724589
1,0.30000000000000004,41.68709127307614,6.92920701358824
2,0.5000000000000001,14.859180279771554,2.908606513851044
3,0.7000000000000001,82.08309908824616,10.848767599755732
4,0.9000000000000001,111.56080055873666,16.097808481429702
