,discretized_reward_proportion,interconnectivity_strength_mean,interconnectivity_strength_err
0,0.1,6.91912826440173,0.38380362102965715
1,0.30000000000000004,8.223124564416223,0.36376002262175494
2,0.5000000000000001,8.439151742318495,0.27254386675540665
3,0.7000000000000001,7.9555589761218455,0.2515929177604453
4,0.9000000000000001,7.778740337456845,0.16169194653774965
