,discretized_reward_proportion,interconnectivity_strength_mean,interconnectivity_strength_err
0,0.1,45.092974079942245,2.1369941609477534
1,0.30000000000000004,54.58326059795263,11.226072572096486
2,0.5000000000000001,73.17868123168519,10.058307574354078
3,0.7000000000000001,47.49352462421715,4.116070701526349
4,0.9000000000000001,21.012726960037057,1.9874665727455292
