,discretized_reward_proportion,interconnectivity_strength_mean,interconnectivity_strength_err
0,0.1,51.92035850445865,2.8112607090224437
1,0.30000000000000004,46.68051699045582,4.76501197136087
2,0.5000000000000001,34.719586443450936,4.186949805852811
3,0.7000000000000001,24.52990359769169,4.9394674685956055
4,0.9000000000000001,15.84526642276423,3.903147150103155
