,discretized_reward_proportion,interconnectivity_strength_mean,interconnectivity_strength_err
0,0.1,0.18518518518518517,0.05286103941837502
1,0.30000000000000004,60.57706108341486,44.052703376303626
2,0.5000000000000001,657.6229937124764,133.8277845763853
3,0.7000000000000001,14.001285758684116,3.7161812365428486
4,0.9000000000000001,8.019581007128103,2.0447524881216044
