,discretized_reward_proportion,interconnectivity_strength_mean,interconnectivity_strength_err
0,0.1,22.56176305451527,7.7771396811515405
1,0.30000000000000004,39.62175412088889,5.106289468244033
2,0.5000000000000001,13.059759720840244,2.0945644550601314
3,0.7000000000000001,14.441299799445291,1.5353110740434157
4,0.9000000000000001,11.273926138655439,0.7541072081841824
