,discretized_reward_proportion,interconnectivity_strength_mean,interconnectivity_strength_err
0,0.1,10.927363911583049,3.2914878563542107
1,0.30000000000000004,21.80544377267953,5.128563496198189
2,0.5000000000000001,27.79534301102837,5.852567341809229
3,0.7000000000000001,10.739277474600117,3.1663152200340963
4,0.9000000000000001,7.88981470187201,1.8620501329063213
