,discretized_reward_proportion,interconnectivity_strength_mean,interconnectivity_strength_err
0,0.1,13.04840456906973,0.30769973064143297
1,0.30000000000000004,9.205023960393191,0.5191557289646689
2,0.5000000000000001,7.534609285671589,0.2755172965787064
3,0.7000000000000001,7.399742540798136,0.3223814993322364
4,0.9000000000000001,11.11623631151587,0.7712949357418672
