,discretized_reward_proportion,interconnectivity_strength_mean,interconnectivity_strength_err
0,0.1,7.570949325346445,0.3678152703355058
1,0.30000000000000004,7.596521131828658,0.3189280171174194
2,0.5000000000000001,8.429904317724137,0.3778254138177616
3,0.7000000000000001,7.272957936706149,0.24403740397443272
4,0.9000000000000001,8.52066853465952,0.43317011157222135
