,discretized_reward_proportion,interconnectivity_strength_mean,interconnectivity_strength_err
0,0.1,80.59776066433294,15.594699671942113
1,0.30000000000000004,10.529708876911105,1.831760553732229
2,0.5000000000000001,20.07113008933033,2.018254195860918
3,0.7000000000000001,13.103851675326052,2.876862150296656
4,0.9000000000000001,2.66194856943285,2.100652455353779
