,discretized_reward_proportion,interconnectivity_strength_mean,interconnectivity_strength_err
0,0.1,14.359282395063943,2.580715513474999
1,0.30000000000000004,15.48007354842565,1.8456878214932912
2,0.5000000000000001,4.437403526230338,0.8251794566589674
3,0.7000000000000001,7.42662404366862,0.7060309301341124
4,0.9000000000000001,9.689277600284509,1.462731629006529
