,discretized_reward_proportion,interconnectivity_strength_mean,interconnectivity_strength_err
0,0.1,0.7777777777777778,0.1385799032138497
1,0.30000000000000004,10.658971311560913,3.5764774973694036
2,0.5000000000000001,5.621177055080561,1.6861178820471996
3,0.7000000000000001,2.1169333565706427,0.6424038299202093
4,0.9000000000000001,0.9990417781652919,0.3029468217015042
