,discretized_reward_proportion,interconnectivity_strength_mean,interconnectivity_strength_err
0,0.1,14.547078140372026,1.4159136021976881
1,0.30000000000000004,9.551938380817818,2.047197259019277
2,0.5000000000000001,5.01603163021408,1.1950498722947405
3,0.7000000000000001,37.833324457519126,7.263534315496718
4,0.9000000000000001,215.92636978841676,52.89047170924373
