,discretized_reward_proportion,interconnectivity_strength_mean,interconnectivity_strength_err
0,0.1,65.4458410042975,9.624633095555788
1,0.30000000000000004,37.37158549462683,3.4895484752251558
2,0.5000000000000001,24.6608346369364,1.1531122822860498
3,0.7000000000000001,30.022322290507,1.9682977086208127
4,0.9000000000000001,32.375856278823036,4.178604108354152
