,discretized_reward_proportion,interconnectivity_strength_mean,interconnectivity_strength_err
0,0.1,108.95460408496318,29.29831152380715
1,0.30000000000000004,194.68830595531765,31.02966893079581
2,0.5000000000000001,78.81715090141854,14.631273156121136
3,0.7000000000000001,52.25957668853641,6.89507727364338
4,0.9000000000000001,19.121949174857257,2.984899397066798
