,discretized_reward_proportion,interconnectivity_strength_mean,interconnectivity_strength_err
0,0.1,29.50624427934093,2.90119239690074
1,0.30000000000000004,45.3500949996298,8.15099204918262
2,0.5000000000000001,47.16013635388732,11.438815561624544
3,0.7000000000000001,21.156470878349936,4.07121771699652
4,0.9000000000000001,18.98120939087142,2.840797709952193
