,discretized_reward_proportion,interconnectivity_strength_mean,interconnectivity_strength_err
0,0.1,45.55305543127656,4.882370657861239
1,0.30000000000000004,37.2619407519647,4.387208899214088
2,0.5000000000000001,70.82084072363601,8.82835973601766
3,0.7000000000000001,57.40941220460782,6.8661866017231405
4,0.9000000000000001,65.65031424821535,11.44020029655734
