,discretized_reward_proportion,interconnectivity_strength_mean,interconnectivity_strength_err
0,0.1,36.959938754743526,3.1994776924811665
1,0.30000000000000004,40.513813374446954,5.732493195548456
2,0.5000000000000001,59.6354595946993,5.827898202484322
3,0.7000000000000001,27.026619066556762,6.807366593980971
4,0.9000000000000001,13.448787291864154,3.235165843995707
