,discretized_reward_proportion,interconnectivity_strength_mean,interconnectivity_strength_err
0,0.1,3.335580557967772,0.5437700698583404
1,0.30000000000000004,67.16577872305746,21.47655328217982
2,0.5000000000000001,47.59732518523628,20.89066174330425
3,0.7000000000000001,154.01369534505454,44.03884257861294
4,0.9000000000000001,0.28205128205128205,0.050952259750157936
