,discretized_reward_proportion,interconnectivity_strength_mean,interconnectivity_strength_err
0,0.1,47.41886660339182,3.810374908082483
1,0.30000000000000004,28.345975079735414,3.0544435896556608
2,0.5000000000000001,30.55352122947993,4.17423531212442
3,0.7000000000000001,38.25299122117946,4.752741685393214
4,0.9000000000000001,35.192554434166965,3.4082060430616967
