,discretized_reward_proportion,interconnectivity_strength_mean,interconnectivity_strength_err
0,0.1,53.02407116976527,3.729197045083804
1,0.30000000000000004,38.947777578642096,3.9034968281456535
2,0.5000000000000001,89.81379945999329,14.336552207248133
3,0.7000000000000001,70.55624391783216,10.535597456947173
4,0.9000000000000001,42.55237989706213,4.1865515908981
