,discretized_reward_proportion,interconnectivity_strength_mean,interconnectivity_strength_err
0,0.1,14.339405787159453,1.012481456036806
1,0.30000000000000004,14.227131649549445,1.0274095030501844
2,0.5000000000000001,13.352795544590641,1.8998836987096874
3,0.7000000000000001,13.043953872073201,1.066471498458821
4,0.9000000000000001,25.45722564347177,2.5569574987257586
