,discretized_reward_proportion,interconnectivity_strength_mean,interconnectivity_strength_err
0,0.1,0.7250558357093551,0.3333286350852955
1,0.30000000000000004,2.825089811181549,1.0215263714231182
2,0.5000000000000001,2.4291304940789775,0.9293549503142834
3,0.7000000000000001,31.539048270427507,5.166356532807086
4,0.9000000000000001,37.020946274698915,3.4331361192019467
