,discretized_reward_proportion,interconnectivity_strength_mean,interconnectivity_strength_err
0,0.1,201.19860663768736,25.95327548411537
1,0.30000000000000004,43.06265217333766,9.873075486829968
2,0.5000000000000001,20.083745093768254,1.8865933590094817
3,0.7000000000000001,13.027800444833534,3.7474247877810978
4,0.9000000000000001,18.524364461483994,5.029583002620606
