,discretized_reward_proportion,interconnectivity_strength_mean,interconnectivity_strength_err
0,0.1,12.361910977820855,0.790492796986854
1,0.30000000000000004,11.065778654995832,0.43500749546033657
2,0.5000000000000001,10.443629290441432,0.8502468952946013
3,0.7000000000000001,8.743856211382589,0.5159656323766054
4,0.9000000000000001,9.530014769629203,0.3407262782252465
