,discretized_reward_proportion,interconnectivity_strength_mean,interconnectivity_strength_err
0,0.1,5.110105704671867,0.1975887119223712
1,0.30000000000000004,6.969854404827356,0.4729581649007539
2,0.5000000000000001,6.346401352900649,0.3051678725398326
3,0.7000000000000001,5.2612702340043205,0.12471961060996609
4,0.9000000000000001,5.100464404332865,0.08487824705644571
