,discretized_reward_proportion,interconnectivity_strength_mean,interconnectivity_strength_err
0,0.1,85.31836134019873,22.096584483982536
1,0.30000000000000004,88.84151397187715,32.93076571590008
2,0.5000000000000001,18.744205097942963,17.531020574497223
3,0.7000000000000001,3.777942938130815,1.506611858195607
4,0.9000000000000001,2.4031026842135934,0.9260143115459697
