,discretized_reward_proportion,interconnectivity_strength_mean,interconnectivity_strength_err
0,0.1,12.371915808872629,2.088960745442504
1,0.30000000000000004,12.654623319204468,1.485198520615921
2,0.5000000000000001,37.32791812578949,10.093580523306331
3,0.7000000000000001,17.23551814804204,3.6704990798099995
4,0.9000000000000001,55.644710173139224,9.345029921962883
