,discretized_reward_proportion,interconnectivity_strength_mean,interconnectivity_strength_err
0,0.1,3.306035774519415,0.7267852752654507
1,0.30000000000000004,13.022857126838032,3.6818799324437097
2,0.5000000000000001,36.7529290795018,6.292924746942939
3,0.7000000000000001,17.902322267289232,2.770712757664619
4,0.9000000000000001,17.137707169531772,2.9556706240923023
