,discretized_reward_proportion,interconnectivity_strength_mean,interconnectivity_strength_err
0,0.1,30.21525666608269,3.78743336682425
1,0.30000000000000004,66.32311926994889,11.6857213190282
2,0.5000000000000001,26.337380809078596,8.24938874952989
3,0.7000000000000001,0.46,0.07048404074682439
4,0.9000000000000001,0.45454545454545453,0.06714081326145421
