,discretized_reward_proportion,interconnectivity_strength_mean,interconnectivity_strength_err
0,0.1,9.925831938732323,0.561901049686835
1,0.30000000000000004,11.623073843867616,1.5139601560235094
2,0.5000000000000001,14.682904124556389,0.9200893196048424
3,0.7000000000000001,19.194866654200876,0.9332512801098221
4,0.9000000000000001,17.212819423442234,0.8890317033397791
