,discretized_reward_proportion,interconnectivity_strength_mean,interconnectivity_strength_err
0,0.1,20.712817613216654,0.8827149931499068
1,0.30000000000000004,11.72431623936306,0.8745325070004476
2,0.5000000000000001,13.19883371207895,1.8873100611889086
3,0.7000000000000001,8.41579591683939,0.4380644630201159
4,0.9000000000000001,6.469333759922384,0.2091809426764169
