,discretized_reward_proportion,interconnectivity_strength_mean,interconnectivity_strength_err
0,0.1,5.034590888439391,1.0438900379130533
1,0.30000000000000004,6.715258667051096,0.8111300328894685
2,0.5000000000000001,13.943579485354572,1.4112023723289362
3,0.7000000000000001,19.393265740685198,1.2322669476073866
4,0.9000000000000001,23.60306897318342,1.584777834434844
