,discretized_reward_proportion,interconnectivity_strength_mean,interconnectivity_strength_err
0,0.1,0.05333333333333334,0.018346459947155815
1,0.30000000000000004,0.125,0.03242965760392318
2,0.5000000000000001,0.23595505617977527,0.04500689930169064
3,0.7000000000000001,0.12,0.03752332607858744
4,0.9000000000000001,0.0641025641025641,0.027733490209594078
