,discretized_reward_proportion,interconnectivity_strength_mean,interconnectivity_strength_err
0,0.1,31.07688574901041,3.3844387284506343
1,0.30000000000000004,14.396676762573373,3.005349964591627
2,0.5000000000000001,6.5117715268908976,1.8494836445942573
3,0.7000000000000001,16.198027277172997,3.6806749407536463
4,0.9000000000000001,3.6018778071737505,1.3912752257102958
