,discretized_reward_proportion,interconnectivity_strength_mean,interconnectivity_strength_err
0,0.1,107.91206652041139,25.53265688276414
1,0.30000000000000004,117.1331827190728,43.37691598960657
2,0.5000000000000001,403.7907379839217,83.32563877482387
3,0.7000000000000001,27.36770418139195,14.579271650812942
4,0.9000000000000001,0.3870967741935484,0.06185999561998688
