,discretized_reward_proportion,interconnectivity_strength_mean,interconnectivity_strength_err
0,0.1,7.1973593803683285,1.9574469370482774
1,0.30000000000000004,12.927040707190455,3.920282359425462
2,0.5000000000000001,13.095800748067482,4.008858971504996
3,0.7000000000000001,14.537058511295163,2.2106825104172763
4,0.9000000000000001,8.106560358767448,1.4020300084627446
