,discretized_reward_proportion,interconnectivity_strength_mean,interconnectivity_strength_err
0,0.1,9.334057051758903,1.1106637668581496
1,0.30000000000000004,6.068281160860141,1.1257322752951862
2,0.5000000000000001,4.869675309751763,1.3177287321473938
3,0.7000000000000001,7.344611279950736,1.5972634169085813
4,0.9000000000000001,2.067051881086725,0.7953954305355752
