,discretized_reward_proportion,interconnectivity_strength_mean,interconnectivity_strength_err
0,0.1,8.701491349463918,2.9993921246582214
1,0.30000000000000004,31.075385690762257,6.174425983120573
2,0.5000000000000001,24.644557236176,6.955462937065507
3,0.7000000000000001,21.979548218687693,2.2850099834292092
4,0.9000000000000001,14.768036958156028,1.3881504101925006
