,discretized_reward_proportion,interconnectivity_strength_mean,interconnectivity_strength_err
0,0.1,57.661180768662,11.110187125636381
1,0.30000000000000004,56.560792151119685,16.57996228043304
2,0.5000000000000001,50.91333937652942,8.447919574327432
3,0.7000000000000001,16.72264224908039,2.6846586491206987
4,0.9000000000000001,16.028762014169928,2.4899582433649177
