,discretized_reward_proportion,interconnectivity_strength_mean,interconnectivity_strength_err
0,0.1,13.788614663921647,2.0465352202562195
1,0.30000000000000004,7.587499232109384,1.108675767671049
2,0.5000000000000001,15.878638197915883,1.4995261985656017
3,0.7000000000000001,11.506254422195417,1.2918740021903858
4,0.9000000000000001,9.945811680560714,1.1801914700900142
