,discretized_reward_proportion,interconnectivity_strength_mean,interconnectivity_strength_err
0,0.1,9.764199306498858,0.8245595541040285
1,0.30000000000000004,10.273445127376052,1.1227780567745975
2,0.5000000000000001,7.5155365434219865,0.7326424826636398
3,0.7000000000000001,5.9703497176952185,0.1440557412808054
4,0.9000000000000001,5.709678112602835,0.2367600375822714
