,discretized_reward_proportion,interconnectivity_strength_mean,interconnectivity_strength_err
0,0.1,18.769802383448045,2.3080859033012184
1,0.30000000000000004,16.229589353296024,2.285418871523143
2,0.5000000000000001,20.15956731460729,2.561156527021295
3,0.7000000000000001,18.452865233047053,1.6675460038745997
4,0.9000000000000001,14.544585333750694,1.3968263594454553
