,discretized_reward_proportion,interconnectivity_strength_mean,interconnectivity_strength_err
0,0.1,40.03795850189649,4.811252055043066
1,0.30000000000000004,56.33730618167838,12.706293858951545
2,0.5000000000000001,54.22620093059996,12.505568099444838
3,0.7000000000000001,116.99985696412429,34.01104169081957
4,0.9000000000000001,42.136113759292215,13.724574675185105
