,discretized_reward_proportion,interconnectivity_strength_mean,interconnectivity_strength_err
0,0.1,7.261695451605153,0.47356762514558026
1,0.30000000000000004,9.260989775878816,0.6936335135025956
2,0.5000000000000001,6.890820008902571,0.5192585455816952
3,0.7000000000000001,5.064577482641914,0.25563714626556
4,0.9000000000000001,5.94952996063514,0.30829888753724055
