,discretized_reward_proportion,interconnectivity_strength_mean,interconnectivity_strength_err
0,0.1,15.746147526226121,0.7414502340361837
1,0.30000000000000004,16.731088192352576,1.6908556850766312
2,0.5000000000000001,12.503629900196492,0.5511863081731209
3,0.7000000000000001,12.601742960479031,0.7400633650419616
4,0.9000000000000001,,
