,discretized_reward_proportion,interconnectivity_strength_mean,interconnectivity_strength_err
0,0.1,10.399420214632855,0.7032487422580381
1,0.30000000000000004,12.361338287867175,1.388205109456544
2,0.5000000000000001,17.319187141279397,2.144733725460361
3,0.7000000000000001,15.572212328896198,0.9744687057650583
4,0.9000000000000001,11.900877751294262,0.8687856334009656
