,discretized_reward_proportion,interconnectivity_strength_mean,interconnectivity_strength_err
0,0.1,25.277078974320368,2.4486271835414906
1,0.30000000000000004,30.229648737876865,3.609312644548897
2,0.5000000000000001,26.175652332735304,2.5275184049473274
3,0.7000000000000001,16.95062543925959,1.2035298257724414
4,0.9000000000000001,21.123523860038933,1.6833913431736847
