,discretized_reward_proportion,interconnectivity_strength_mean,interconnectivity_strength_err
0,0.1,14.790352284539313,1.788012784347633
1,0.30000000000000004,12.419869754409332,1.622496405188916
2,0.5000000000000001,10.796721477740354,1.3546361189482579
3,0.7000000000000001,8.37584363810203,1.1049502346552078
4,0.9000000000000001,8.022468683095672,1.0677357592020609
