,discretized_reward_proportion,interconnectivity_strength_mean,interconnectivity_strength_err
0,0.1,0.5555555555555556,0.16563466499998444
1,0.30000000000000004,33.04433914490514,11.765551280852861
2,0.5000000000000001,14.61795130661633,4.474104297455897
3,0.7000000000000001,13.290258073374412,3.4255931141493727
4,0.9000000000000001,28.590313061039893,4.575287188304216
