,discretized_reward_proportion,interconnectivity_strength_mean,interconnectivity_strength_err
0,0.1,8.695217955652584,0.5098622538226598
1,0.30000000000000004,7.89159099472142,0.401039796224901
2,0.5000000000000001,8.63301419333269,0.5940667973679649
3,0.7000000000000001,11.705632585597744,0.5806793591504741
4,0.9000000000000001,10.594992987503055,0.41064019322879564
