,discretized_reward_proportion,interconnectivity_strength_mean,interconnectivity_strength_err
0,0.1,24.903393567328344,1.5975533510606643
1,0.30000000000000004,21.119785590581834,3.155617174524308
2,0.5000000000000001,14.597682819050528,1.251236108835147
3,0.7000000000000001,19.78950315123803,2.4572152442885002
4,0.9000000000000001,21.52563289728689,1.8477799477333123
