,discretized_reward_proportion,interconnectivity_strength_mean,interconnectivity_strength_err
0,0.1,3.1205109599456593,0.7434454804937568
1,0.30000000000000004,20.869106501630405,4.202614358597105
2,0.5000000000000001,21.23019901096472,3.3196674385070843
3,0.7000000000000001,37.14104493999807,5.0313460927267055
4,0.9000000000000001,31.94809133042599,2.9089291151875347
