,discretized_reward_proportion,interconnectivity_strength_mean,interconnectivity_strength_err
0,0.1,10.994675263415767,1.4057122855557092
1,0.30000000000000004,10.49132471899155,0.6396716370722516
2,0.5000000000000001,8.119378932951735,0.5901554281314727
3,0.7000000000000001,8.664675918088635,0.5852048940457779
4,0.9000000000000001,5.284877222465322,0.24096305230109338
