,discretized_reward_proportion,interconnectivity_strength_mean,interconnectivity_strength_err
0,0.1,18.336811586604796,3.5523763082968234
1,0.30000000000000004,41.921511035041846,5.580123396885616
2,0.5000000000000001,62.561188746815375,7.616479587843785
3,0.7000000000000001,7.284696001826622,3.826982922803973
4,0.9000000000000001,0.14893617021276595,0.05193166283277494
