,discretized_reward_proportion,interconnectivity_strength_mean,interconnectivity_strength_err
0,0.1,1.128943847199827,0.8653557621401822
1,0.30000000000000004,35.13229585441424,7.723632132049466
2,0.5000000000000001,12.37896923964333,2.5861779955994955
3,0.7000000000000001,16.100990650136122,1.880131878097072
4,0.9000000000000001,11.500560712048221,1.5777060016764801
