,discretized_reward_proportion,interconnectivity_strength_mean,interconnectivity_strength_err
0,0.1,229.3160913907527,36.388728804639676
1,0.30000000000000004,25.368382309656592,6.9354434775793194
2,0.5000000000000001,93.6061225001174,15.31782976088697
3,0.7000000000000001,48.30983728458692,15.109909205381959
4,0.9000000000000001,4.531170306965752,4.426991546520926
