,discretized_reward_proportion,interconnectivity_strength_mean,interconnectivity_strength_err
0,0.1,11.810314388468152,1.536038939347672
1,0.30000000000000004,20.420281501405704,3.1201365247429393
2,0.5000000000000001,8.643659932616442,2.3141402689960255
3,0.7000000000000001,0.3674279944875707,0.36080712796823783
4,0.9000000000000001,0.0,0.0
