,discretized_reward_proportion,interconnectivity_strength_mean,interconnectivity_strength_err
0,0.1,14.63371649214972,0.9289994062081742
1,0.30000000000000004,16.3686699890445,2.461963658219246
2,0.5000000000000001,13.82759902021533,2.055120155015514
3,0.7000000000000001,7.113697679820475,0.3948442927420618
4,0.9000000000000001,5.339592360385203,0.19423998944063744
