,discretized_reward_proportion,interconnectivity_strength_mean,interconnectivity_strength_err
0,0.1,13.016318298327374,2.7290625373267683
1,0.30000000000000004,29.683016853548104,3.8755186449136816
2,0.5000000000000001,34.019640299188254,7.2029982840840905
3,0.7000000000000001,26.952653054863166,5.544446757210363
4,0.9000000000000001,47.592740363784856,9.37983080959123
