,discretized_reward_proportion,interconnectivity_strength_mean,interconnectivity_strength_err
0,0.1,18.02963216487224,3.0197733056412286
1,0.30000000000000004,5.92842750670438,1.238548419501207
2,0.5000000000000001,4.346377936494076,1.2242970896954755
3,0.7000000000000001,9.124078881387955,2.2196357411480783
4,0.9000000000000001,3.057225218877223,1.2509225173785772
