,discretized_reward_proportion,interconnectivity_strength_mean,interconnectivity_strength_err
0,0.1,14.958707390410767,1.1826004093608964
1,0.30000000000000004,12.906860110276252,1.4773357935651794
2,0.5000000000000001,17.4172721973106,4.094596432986113
3,0.7000000000000001,35.62118686179582,4.700950001589065
4,0.9000000000000001,49.72374141235251,5.885345084474267
