,discretized_reward_proportion,interconnectivity_strength_mean,interconnectivity_strength_err
0,0.1,60.62149758004671,5.136332878378651
1,0.30000000000000004,27.168735318322266,2.7608522295497884
2,0.5000000000000001,18.519312595349977,1.9016808379681704
3,0.7000000000000001,23.756436208219956,3.1967832241205065
4,0.9000000000000001,13.02235430338506,1.6234436861067119
