,discretized_reward_proportion,interconnectivity_strength_mean,interconnectivity_strength_err
0,0.1,23.94056481749136,5.0522267439414685
1,0.30000000000000004,43.15574622682885,8.129081284911665
2,0.5000000000000001,50.61943912270478,8.795980148034575
3,0.7000000000000001,151.53000899288102,69.6966450644922
4,0.9000000000000001,329.40841351577905,68.18500570419401
