,discretized_reward_proportion,interconnectivity_strength_mean,interconnectivity_strength_err
0,0.1,22.512090711463333,2.0665475686552295
1,0.30000000000000004,52.072993361099,23.825532725711486
2,0.5000000000000001,21.808481731996075,1.7107353227276367
3,0.7000000000000001,17.954548565239975,1.9531268424313741
4,0.9000000000000001,26.228735952651064,3.3210043048067646
