,discretized_reward_proportion,interconnectivity_strength_mean,interconnectivity_strength_err
0,0.1,0.0,0.0
1,0.30000000000000004,7.325182102783768,3.1972550496028567
2,0.5000000000000001,14.3978666300932,1.9206432013604486
3,0.7000000000000001,13.05585543002369,1.2669438615655308
4,0.9000000000000001,11.315511621024122,1.341498649916409
