,discretized_reward_proportion,interconnectivity_strength_mean,interconnectivity_strength_err
0,0.1,29.01962823946501,2.2158221619408764
1,0.30000000000000004,19.15667656286473,1.1526819333979703
2,0.5000000000000001,14.941297835346315,1.3757240356941522
3,0.7000000000000001,11.100800392909937,0.7179529353043264
4,0.9000000000000001,11.596512945935093,0.5455254226797116
