,discretized_reward_proportion,interconnectivity_strength_mean,interconnectivity_strength_err
0,0.1,75.90229943491389,6.473423058726969
1,0.30000000000000004,39.523057534733496,3.610137951063811
2,0.5000000000000001,40.17396283756032,2.5698087086139925
3,0.7000000000000001,32.895515435942485,2.544021223996349
4,0.9000000000000001,35.127541092216596,1.9996841110760235
