,discretized_reward_proportion,interconnectivity_strength_mean,interconnectivity_strength_err
0,0.1,29.512362671067674,3.433949730936312
1,0.30000000000000004,23.318697548849055,2.1126281117662304
2,0.5000000000000001,15.079448897024948,1.5537679243067866
3,0.7000000000000001,17.008738797945167,1.5363311051890822
4,0.9000000000000001,12.589692330923185,0.8626877882022135
