,discretized_reward_proportion,interconnectivity_strength_mean,interconnectivity_strength_err
0,0.1,1.2072643856743208,0.6091565479920164
1,0.30000000000000004,10.875731124139898,4.68128341025328
2,0.5000000000000001,100.24337009216802,17.909415972495715
3,0.7000000000000001,108.66688209109785,20.510888113486324
4,0.9000000000000001,79.2559372049448,8.040349473175052
