,discretized_reward_proportion,interconnectivity_strength_mean,interconnectivity_strength_err
0,0.1,10.8216911406994,0.12612102504825604
1,0.30000000000000004,9.314221147822732,0.24594582809187895
2,0.5000000000000001,8.084123862861691,0.30172492829951864
3,0.7000000000000001,7.222316515902619,0.375367264498603
4,0.9000000000000001,10.10402042860481,0.4875285691834837
