,discretized_reward_proportion,interconnectivity_strength_mean,interconnectivity_strength_err
0,0.1,11.245841427055035,0.9109394486288078
1,0.30000000000000004,23.309887734390028,2.5198423897186193
2,0.5000000000000001,20.781616839308956,2.985864898335457
3,0.7000000000000001,19.044340575252395,1.7977283179330572
4,0.9000000000000001,24.56663426542806,4.100432871547593
