,discretized_reward_proportion,interconnectivity_strength_mean,interconnectivity_strength_err
0,0.1,22.844369795914982,3.0962480957797425
1,0.30000000000000004,28.892522848262367,2.3457953649797516
2,0.5000000000000001,30.09207230564249,1.4701272441334448
3,0.7000000000000001,25.262216618960437,1.4522449510280173
4,0.9000000000000001,25.008931902320825,1.8370779501623102
