,discretized_reward_proportion,interconnectivity_strength_mean,interconnectivity_strength_err
0,0.1,27.78674881677571,4.362395480927288
1,0.30000000000000004,31.51802150731818,2.2023658146911718
2,0.5000000000000001,20.031282459868237,1.4441304302131257
3,0.7000000000000001,26.914562510165087,1.4210821561299045
4,0.9000000000000001,21.589203541518028,1.4010775135552673
