,discretized_reward_proportion,interconnectivity_strength_mean,interconnectivity_strength_err
0,0.1,8.0164695312041,0.08943863379455852
1,0.30000000000000004,6.305377081775207,0.24729947209727862
2,0.5000000000000001,5.7114151534904325,0.2634242162522858
3,0.7000000000000001,4.829279819929725,0.1647669483408736
4,0.9000000000000001,4.243098664602929,0.14894194013032033
