,discretized_reward_proportion,interconnectivity_strength_mean,interconnectivity_strength_err
0,0.1,53.01686162112658,8.38970763257638
1,0.30000000000000004,83.45180598749157,13.187714466488808
2,0.5000000000000001,62.20184373062535,10.27880272141814
3,0.7000000000000001,27.35584020144481,8.377554568893819
4,0.9000000000000001,0.0,0.0
