,discretized_reward_proportion,interconnectivity_strength_mean,interconnectivity_strength_err
0,0.1,17.114959657844828,0.3812666816600291
1,0.30000000000000004,16.768464277534132,0.6795441456979433
2,0.5000000000000001,12.727582438964989,0.5706227070651002
3,0.7000000000000001,10.619347652498599,0.49962919529496075
4,0.9000000000000001,13.29053828688613,0.9849936824767128
