,discretized_reward_proportion,interconnectivity_strength_mean,interconnectivity_strength_err
0,0.1,18.81461017460856,1.878822801970471
1,0.30000000000000004,12.523677645927958,1.0345692809489593
2,0.5000000000000001,9.929138111386061,0.7322126963560139
3,0.7000000000000001,7.531896572610627,0.32014979478400096
4,0.9000000000000001,6.595155164100671,0.27825149615072753
