,discretized_reward_proportion,interconnectivity_strength_mean,interconnectivity_strength_err
0,0.1,83.14806282778225,9.253360352219387
1,0.30000000000000004,36.43973517904276,5.079374127627424
2,0.5000000000000001,38.84741555293273,5.703623417328566
3,0.7000000000000001,16.320963187052577,0.9110666805444047
4,0.9000000000000001,17.028324350715266,1.0641405886018613
