,discretized_reward_proportion,interconnectivity_strength_mean,interconnectivity_strength_err
0,0.1,35.22981759687396,2.922749118794001
1,0.30000000000000004,39.36876351330428,4.0324174942155215
2,0.5000000000000001,23.264948775182557,3.4022506520413804
3,0.7000000000000001,29.91308641348059,3.5936867145029843
4,0.9000000000000001,24.055714249518378,3.4170527093781145
