,discretized_reward_proportion,interconnectivity_strength_mean,interconnectivity_strength_err
0,0.1,33.83831596062409,4.6703624556622865
1,0.30000000000000004,33.91382530284731,5.306402610995109
2,0.5000000000000001,28.22736900656705,4.816079068994748
3,0.7000000000000001,18.918490066702308,5.177439455965292
4,0.9000000000000001,19.4678875246826,5.183925863464959
