,discretized_reward_proportion,interconnectivity_strength_mean,interconnectivity_strength_err
0,0.1,30.200071486603193,3.196984970808044
1,0.30000000000000004,19.335012685426896,2.6122057981659683
2,0.5000000000000001,29.19492870452894,3.9460877866691337
3,0.7000000000000001,29.11845859043175,1.777136634808516
4,0.9000000000000001,42.96710683988763,2.934516772435773
