,discretized_reward_proportion,interconnectivity_strength_mean,interconnectivity_strength_err
0,0.1,27.220545290777437,2.453355253184586
1,0.30000000000000004,28.340301270128037,3.1909481647538382
2,0.5000000000000001,27.647097685324223,1.871813352957255
3,0.7000000000000001,24.800311019896547,1.5002082070323939
4,0.9000000000000001,21.657254583214463,1.3335938217556127
