,discretized_reward_proportion,interconnectivity_strength_mean,interconnectivity_strength_err
0,0.1,113.65869608622978,53.823400999063026
1,0.30000000000000004,193.2849629037911,51.16927957538275
2,0.5000000000000001,128.92662025687565,29.17328195922579
3,0.7000000000000001,87.2042842310491,27.18808975544107
4,0.9000000000000001,4.063718517389791,3.9702872117318395
