,discretized_reward_proportion,interconnectivity_strength_mean,interconnectivity_strength_err
0,0.1,6.310128059846583,1.3308784890555407
1,0.30000000000000004,10.967436677878085,2.6062631459691885
2,0.5000000000000001,16.784419174165453,3.731001217617711
3,0.7000000000000001,13.456476916346297,2.165768402055251
4,0.9000000000000001,11.493887572155371,1.727016759869994
