,discretized_reward_proportion,interconnectivity_strength_mean,interconnectivity_strength_err
0,0.1,9.465280756409486,0.7044222513860053
1,0.30000000000000004,12.095648067285454,0.6767122231467753
2,0.5000000000000001,14.21659551158044,1.4544128837930441
3,0.7000000000000001,13.687125819646697,0.8345919369244548
4,0.9000000000000001,12.972926692749521,0.4841513817849654
