,discretized_reward_proportion,interconnectivity_strength_mean,interconnectivity_strength_err
0,0.1,49.07579899717567,8.79639798518911
1,0.30000000000000004,41.22710578393829,3.2049189824400797
2,0.5000000000000001,30.690936192245868,2.2979101501736654
3,0.7000000000000001,19.256240456456716,2.3027536834552156
4,0.9000000000000001,4.1133276099555625,1.031797533995809
