,discretized_reward_proportion,interconnectivity_strength_mean,interconnectivity_strength_err
0,0.1,18.733586569020904,2.8397151178682023
1,0.30000000000000004,31.768949033369285,8.286615596708794
2,0.5000000000000001,21.02170259068556,6.869646655467119
3,0.7000000000000001,10.235121373445697,1.1279124836321597
4,0.9000000000000001,19.478104363651806,3.7578491135742724
