,discretized_reward_proportion,interconnectivity_strength_mean,interconnectivity_strength_err
0,0.1,0.041666666666666664,0.023549756885851633
1,0.30000000000000004,0.3416123363158922,0.23167357650374704
2,0.5000000000000001,1.2769580200472495,0.752740717839113
3,0.7000000000000001,41.26912499540483,19.930486782657017
4,0.9000000000000001,130.13617579331662,31.058802325261013
