,discretized_reward_proportion,interconnectivity_strength_mean,interconnectivity_strength_err
0,0.1,9.389079659576492,0.5267229850797802
1,0.30000000000000004,7.1490239647205,0.3693349696471925
2,0.5000000000000001,5.866302771241505,0.29151301696669085
3,0.7000000000000001,4.769219962877661,0.13217428462779518
4,0.9000000000000001,4.330355128930728,0.10079619175966816
