,discretized_reward_proportion,interconnectivity_strength_mean,interconnectivity_strength_err
0,0.1,12.608466872375462,1.3880087104716363
1,0.30000000000000004,15.813171617721567,1.6740396459365645
2,0.5000000000000001,10.480320761972765,1.0474311867922812
3,0.7000000000000001,11.736042465868033,2.609022644339123
4,0.9000000000000001,7.95964691616276,1.249420716758525
