,discretized_reward_proportion,interconnectivity_strength_mean,interconnectivity_strength_err
0,0.1,22.933299865231675,3.2231438626687203
1,0.30000000000000004,11.526409662961393,2.401900373455688
2,0.5000000000000001,9.930053462958435,2.3692714977148395
3,0.7000000000000001,6.974862453162434,0.7445355347947058
4,0.9000000000000001,6.40748014286287,0.30305750708222645
