,discretized_reward_proportion,interconnectivity_strength_mean,interconnectivity_strength_err
0,0.1,74.66024626495003,10.964368677857577
1,0.30000000000000004,108.40997963218814,22.343835569992972
2,0.5000000000000001,145.78463197644052,33.68490228163393
3,0.7000000000000001,53.31073435487249,23.38516478255303
4,0.9000000000000001,11.286178159313303,2.495616701886067
