,discretized_reward_proportion,interconnectivity_strength_mean,interconnectivity_strength_err
0,0.1,2.959138476602021,0.08927445147616492
1,0.30000000000000004,4.886756383446992,0.27153737428741614
2,0.5000000000000001,5.627803761371586,0.197557780632869
3,0.7000000000000001,5.844180486675024,0.13770242322343987
4,0.9000000000000001,5.36157849678372,0.12407067027937595
