,discretized_reward_proportion,interconnectivity_strength_mean,interconnectivity_strength_err
0,0.1,2.7577086032499776,0.4750093380739556
1,0.30000000000000004,3.1743680999836057,0.6124415592976914
2,0.5000000000000001,1.9565933807093938,0.5425215749826416
3,0.7000000000000001,2.184865962423079,0.5364140248275333
4,0.9000000000000001,2.8171209734427203,0.41515799823529376
