,discretized_reward_proportion,interconnectivity_strength_mean,interconnectivity_strength_err
0,0.1,19.621630426812054,1.944425331140625
1,0.30000000000000004,13.392278120436421,1.1861834904018245
2,0.5000000000000001,8.201369521929957,0.4453471337105574
3,0.7000000000000001,11.789255202819803,0.9015438055966244
4,0.9000000000000001,15.683240266802592,1.3183321222972335
