,discretized_reward_proportion,interconnectivity_strength_mean,interconnectivity_strength_err
0,0.1,16.984287601949962,1.0211627804934862
1,0.30000000000000004,27.69293834118916,3.7807253302574524
2,0.5000000000000001,30.286547468473216,3.4088355249301725
3,0.7000000000000001,23.271406999623622,2.571811660810335
4,0.9000000000000001,26.27620412180271,2.1539872658048935
