,discretized_reward_proportion,interconnectivity_strength_mean,interconnectivity_strength_err
0,0.1,5.012197881916294,0.16871763869735762
1,0.30000000000000004,26.768831948227746,9.04225034767836
2,0.5000000000000001,22.268035021941014,6.892068842491344
3,0.7000000000000001,5.774995121326103,0.28804516554553355
4,0.9000000000000001,5.685382757541857,0.22908625127752968
