,discretized_reward_proportion,interconnectivity_strength_mean,interconnectivity_strength_err
0,0.1,9.22086982317088,1.5836707782143673
1,0.30000000000000004,4.975691623655909,0.8919235483203646
2,0.5000000000000001,4.716479797715555,0.5921776979789667
3,0.7000000000000001,5.098800597698938,0.3078271840393436
4,0.9000000000000001,3.7329733378141285,0.333132441085026
