,discretized_reward_proportion,interconnectivity_strength_mean,interconnectivity_strength_err
0,0.1,16.727126786497468,1.7307454010805365
1,0.30000000000000004,23.40797128971591,2.0896472056813673
2,0.5000000000000001,18.695753764613013,2.589693751397421
3,0.7000000000000001,21.790005809382354,2.946350285484843
4,0.9000000000000001,22.122002491255063,1.6911988496445833
