,discretized_reward_proportion,interconnectivity_strength_mean,interconnectivity_strength_err
0,0.1,71.414326928826,15.11676451188455
1,0.30000000000000004,91.65046988869665,35.33326766885435
2,0.5000000000000001,95.70701426574583,38.843550868881735
3,0.7000000000000001,32.311989748588566,5.007078517832618
4,0.9000000000000001,29.93882926032833,3.5168741512073276
