,discretized_reward_proportion,interconnectivity_strength_mean,interconnectivity_strength_err
0,0.1,84.30584178842861,5.785724111879985
1,0.30000000000000004,62.78204982056899,9.309392930752882
2,0.5000000000000001,55.4186831300507,6.12615647883558
3,0.7000000000000001,34.55306323995334,4.314649098081164
4,0.9000000000000001,29.363205284840134,2.8682752401056137
