,discretized_reward_proportion,interconnectivity_strength_mean,interconnectivity_strength_err
0,0.1,27.349083725289123,2.5489403084725586
1,0.30000000000000004,37.71743747654024,2.90685089102099
2,0.5000000000000001,33.3505777452079,2.883489961434029
3,0.7000000000000001,40.97045044906271,3.0504865171438706
4,0.9000000000000001,26.557875861599115,1.7821207794860014
