,discretized_reward_proportion,interconnectivity_strength_mean,interconnectivity_strength_err
0,0.1,13.845098292032603,4.159863452589802
1,0.30000000000000004,8.227114600366125,1.4516636506802156
2,0.5000000000000001,8.42343054422047,1.1408413737634693
3,0.7000000000000001,9.140874847496084,0.6161761118376992
4,0.9000000000000001,9.116668821021193,0.7376104797481868
