,discretized_reward_proportion,interconnectivity_strength_mean,interconnectivity_strength_err
0,0.1,29.16954481020328,2.1150875973299916
1,0.30000000000000004,23.333882398173657,1.7112514317116767
2,0.5000000000000001,21.05963551468752,2.1753418545992766
3,0.7000000000000001,16.266457080963765,1.1929063534010083
4,0.9000000000000001,15.557343201562743,0.8955081493992999
