,discretized_reward_proportion,interconnectivity_strength_mean,interconnectivity_strength_err
0,0.1,73.58539371333248,22.357957217642287
1,0.30000000000000004,158.0374219610313,37.70802098549847
2,0.5000000000000001,117.7563117194329,22.83797180787665
3,0.7000000000000001,38.044837764461555,20.9658736124093
4,0.9000000000000001,14.182459659920742,7.691712637381829
