,discretized_reward_proportion,interconnectivity_strength_mean,interconnectivity_strength_err
0,0.1,11.89935386527365,0.6319577816269079
1,0.30000000000000004,11.038976333703882,0.41140044089452654
2,0.5000000000000001,9.069746453298196,0.495471239187886
3,0.7000000000000001,7.556131506110347,0.256831657938643
4,0.9000000000000001,7.8607243414268835,0.35651609204703316
