,discretized_reward_proportion,interconnectivity_strength_mean,interconnectivity_strength_err
0,0.1,9.858096419757137,0.2764639622073389
1,0.30000000000000004,8.129702312584627,0.23432298233818263
2,0.5000000000000001,7.020398088911049,0.17379773468303591
3,0.7000000000000001,6.795708054644398,0.2183314515421492
4,0.9000000000000001,6.356276279000808,0.3464406968277186
