,discretized_reward_proportion,interconnectivity_strength_mean,interconnectivity_strength_err
0,0.1,3.0160526342598653,0.09725361151047451
1,0.30000000000000004,3.6526436862214227,0.20102616819000008
2,0.5000000000000001,4.305594253557322,0.12340815408137912
3,0.7000000000000001,4.636167543562116,0.0849286324262715
4,0.9000000000000001,4.280150536196169,0.08373067504351496
