,discretized_reward_proportion,interconnectivity_strength_mean,interconnectivity_strength_err
0,0.1,14.557025292580535,2.4236943344601474
1,0.30000000000000004,22.011199042766858,4.081039615033777
2,0.5000000000000001,13.870220446874603,1.995979329570396
3,0.7000000000000001,6.055528775241451,0.22970159998167133
4,0.9000000000000001,6.495549178760778,0.1512112475815319
