,discretized_reward_proportion,interconnectivity_strength_mean,interconnectivity_strength_err
0,0.1,37.026714537061814,3.3436377013153975
1,0.30000000000000004,18.563381023337094,1.4009241690651837
2,0.5000000000000001,10.760403809825846,0.8304200573923143
3,0.7000000000000001,9.114335506078913,1.0269319012827227
4,0.9000000000000001,9.890377875115254,1.001921059577536
