,discretized_reward_proportion,interconnectivity_strength_mean,interconnectivity_strength_err
0,0.1,29.248067897924027,2.508312130642634
1,0.30000000000000004,33.91820962172743,4.013595215164645
2,0.5000000000000001,21.59795139042262,5.28777411797658
3,0.7000000000000001,15.276681763324941,2.1308554095270336
4,0.9000000000000001,14.295875971464314,1.3816420485155936
