,discretized_reward_proportion,interconnectivity_strength_mean,interconnectivity_strength_err
0,0.1,3.8337646603252016,0.14758194008653214
1,0.30000000000000004,5.396521260336506,0.5346833372785667
2,0.5000000000000001,4.73401933332784,0.3278265255219519
3,0.7000000000000001,3.958979130102912,0.1296861160539439
4,0.9000000000000001,3.823524561954135,0.08495585645403855
