,discretized_reward_proportion,interconnectivity_strength_mean,interconnectivity_strength_err
0,0.1,13.819267712724779,2.8228853400714384
1,0.30000000000000004,39.51987060113215,12.88289988049372
2,0.5000000000000001,10.52390324216026,0.5035825805706938
3,0.7000000000000001,11.554319701087554,0.646775524126661
4,0.9000000000000001,15.420039209287678,1.1016396895661382
