,discretized_reward_proportion,interconnectivity_strength_mean,interconnectivity_strength_err
0,0.1,79.29970092638645,33.41276844161164
1,0.30000000000000004,143.88062340504064,55.75119826122839
2,0.5000000000000001,2.7316576621987543,1.936809043428257
3,0.7000000000000001,7.636474801245048,2.7096709870751208
4,0.9000000000000001,5.054107696145401,0.8287253274548252
