,discretized_reward_proportion,interconnectivity_strength_mean,interconnectivity_strength_err
0,0.1,90.02710059796715,10.037879670942356
1,0.30000000000000004,36.78513695836385,7.634087862680158
2,0.5000000000000001,8.946922902065792,0.3122700615737457
3,0.7000000000000001,9.69579048828644,0.5089613278499635
4,0.9000000000000001,7.746435460289121,0.26571568924615885
