,discretized_reward_proportion,interconnectivity_strength_mean,interconnectivity_strength_err
0,0.1,26.104824209675556,2.0000177914264423
1,0.30000000000000004,24.460861973958718,1.9462814486417244
2,0.5000000000000001,20.068832442903116,1.3069885301712056
3,0.7000000000000001,18.846962298153656,1.1264113593061875
4,0.9000000000000001,18.2152649936236,1.7806954248450133
