,discretized_reward_proportion,interconnectivity_strength_mean,interconnectivity_strength_err
0,0.1,19.391721604182635,0.5429425763950565
1,0.30000000000000004,18.223946821112328,1.2947608821888368
2,0.5000000000000001,24.011889748858657,1.7207227321817313
3,0.7000000000000001,27.099388008803707,3.4369552742408946
4,0.9000000000000001,14.579406023895894,0.7437613364970178
