,discretized_reward_proportion,interconnectivity_strength_mean,interconnectivity_strength_err
0,0.1,34.00975400309983,5.491338731086416
1,0.30000000000000004,32.48864938263825,3.952105979680884
2,0.5000000000000001,28.777519918594283,3.1054943733482276
3,0.7000000000000001,34.48788368885017,3.839415757447704
4,0.9000000000000001,40.31969196608011,4.524190107342975
