,discretized_reward_proportion,interconnectivity_strength_mean,interconnectivity_strength_err
0,0.1,15.658538645792646,2.859256962831501
1,0.30000000000000004,16.16557000551239,0.4528039648656583
2,0.5000000000000001,14.112850986537333,1.1311571582784716
3,0.7000000000000001,11.080384260830408,0.5294351508579459
4,0.9000000000000001,11.314630552856064,0.524531195287546
