,discretized_reward_proportion,interconnectivity_strength_mean,interconnectivity_strength_err
0,0.1,3.5291020135332136,0.8842188342019778
1,0.30000000000000004,24.41553072613785,8.721814432960297
2,0.5000000000000001,40.49108230431334,9.19773257008715
3,0.7000000000000001,31.357392977195953,7.935509076354253
4,0.9000000000000001,37.34729713663174,8.200372300591411
