,discretized_reward_proportion,interconnectivity_strength_mean,interconnectivity_strength_err
0,0.1,2.819973121758474,0.10026993341602565
1,0.30000000000000004,3.5096973906898117,0.24743422549788413
2,0.5000000000000001,5.773565176286481,0.346296374426319
3,0.7000000000000001,5.327196096824435,0.15819661359367324
4,0.9000000000000001,4.416598825604955,0.13628271577764467
