,discretized_reward_proportion,interconnectivity_strength_mean,interconnectivity_strength_err
0,0.1,9.16673083681737,0.48336787992579894
1,0.30000000000000004,10.914995131355246,0.6147231930186992
2,0.5000000000000001,13.464515779867751,1.5074624987860008
3,0.7000000000000001,15.18975063068725,0.9996669214699224
4,0.9000000000000001,13.522970945020138,0.6383715648829738
