,discretized_reward_proportion,interconnectivity_strength_mean,interconnectivity_strength_err
0,0.1,52.728526588610876,8.61359344917354
1,0.30000000000000004,69.17685898530922,10.17131726349532
2,0.5000000000000001,68.49619817116195,10.012036692667868
3,0.7000000000000001,78.48393469601096,10.145063471642407
4,0.9000000000000001,93.1888493712724,13.795496352730192
