,discretized_reward_proportion,interconnectivity_strength_mean,interconnectivity_strength_err
0,0.1,16.994813235168184,1.386954732294838
1,0.30000000000000004,10.419673228559484,1.0375460672234094
2,0.5000000000000001,7.40245714573919,0.5732063605164611
3,0.7000000000000001,6.641040729828877,0.25154983342954834
4,0.9000000000000001,7.210524597106601,0.28906889601186153
