,discretized_reward_proportion,interconnectivity_strength_mean,interconnectivity_strength_err
0,0.1,11.263697512229106,2.6211394012709888
1,0.30000000000000004,17.479986076385277,6.069746838263768
2,0.5000000000000001,31.094087658933947,13.120871949942005
3,0.7000000000000001,8.04307413477909,1.4451726890899277
4,0.9000000000000001,3.5482252016933358,0.7952790842986526
