,discretized_reward_proportion,interconnectivity_strength_mean,interconnectivity_strength_err
0,0.1,8.377424847644747,2.6206600744854813
1,0.30000000000000004,8.138568996384159,1.2240311122351977
2,0.5000000000000001,8.30395993421599,1.2328050509542112
3,0.7000000000000001,11.247291850036888,2.107796095064545
4,0.9000000000000001,16.377620264641497,1.8985571668696555
