,discretized_reward_proportion,interconnectivity_strength_mean,interconnectivity_strength_err
0,0.1,14.102735321527339,0.2683230705121195
1,0.30000000000000004,9.849121827959356,0.5785494798713443
2,0.5000000000000001,7.668958997468326,0.3943209603198645
3,0.7000000000000001,7.487870093477019,0.665340571306514
4,0.9000000000000001,5.601852046486354,0.4566468359298566
