,discretized_reward_proportion,interconnectivity_strength_mean,interconnectivity_strength_err
0,0.1,36.6274709691304,6.971660159188806
1,0.30000000000000004,27.773790522742864,2.929774665536756
2,0.5000000000000001,22.269731698110533,2.1396683233856004
3,0.7000000000000001,15.441754048278774,1.2853510359406597
4,0.9000000000000001,17.588950561227282,1.2369561315417774
