,discretized_reward_proportion,interconnectivity_strength_mean,interconnectivity_strength_err
0,0.1,3.7396211917374944,0.34369868608456733
1,0.30000000000000004,7.32890246628675,0.6042629167868694
2,0.5000000000000001,6.562845473967827,0.3874650674445593
3,0.7000000000000001,6.403012586905924,0.24099137456932543
4,0.9000000000000001,6.676050904792789,0.17387621120999538
