,discretized_reward_proportion,interconnectivity_strength_mean,interconnectivity_strength_err
0,0.1,5.285474426697542,0.27973008150701256
1,0.30000000000000004,6.379322553316846,0.5834250739121947
2,0.5000000000000001,7.326815559204998,0.32102088832406744
3,0.7000000000000001,7.605444206921807,0.19094205627813368
4,0.9000000000000001,7.044425373757286,0.18764635298625493
