,discretized_reward_proportion,interconnectivity_strength_mean,interconnectivity_strength_err
0,0.1,13.10809965005482,0.6261417097328467
1,0.30000000000000004,12.565608416146185,1.3217594081499813
2,0.5000000000000001,15.060872775852191,1.7677667700931625
3,0.7000000000000001,16.258921649793656,1.3707888826337533
4,0.9000000000000001,15.737746891363875,1.1681172690992063
