,discretized_reward_proportion,interconnectivity_strength_mean,interconnectivity_strength_err
0,0.1,32.004414813337284,1.851704155638995
1,0.30000000000000004,26.712538623399595,1.841333954561287
2,0.5000000000000001,21.009277712351004,1.4531080374956138
3,0.7000000000000001,22.191209300882594,1.0250655126180175
4,0.9000000000000001,22.264104716608188,1.7885604157168655
