,discretized_reward_proportion,interconnectivity_strength_mean,interconnectivity_strength_err
0,0.1,116.84119342898096,23.210654956691624
1,0.30000000000000004,88.9056137849401,19.300619170219612
2,0.5000000000000001,94.22388090721478,14.989765480672197
3,0.7000000000000001,79.79932501414662,10.074078869534334
4,0.9000000000000001,53.51720383444361,7.64875174051902
