,discretized_reward_proportion,interconnectivity_strength_mean,interconnectivity_strength_err
0,0.1,217.33417556074178,45.25969772269242
1,0.30000000000000004,57.916211900949186,15.56381678471576
2,0.5000000000000001,35.595069756354356,7.436900838793422
3,0.7000000000000001,29.95264439259135,3.208378289824099
4,0.9000000000000001,24.18241832377721,3.308991227572773
