,discretized_reward_proportion,interconnectivity_strength_mean,interconnectivity_strength_err
0,0.1,34.826052403510374,5.312091540651358
1,0.30000000000000004,29.803143037549052,7.870724717999394
2,0.5000000000000001,11.533657074029303,2.295747742096234
3,0.7000000000000001,7.065279032984608,0.45186814438386635
4,0.9000000000000001,9.53443342477536,0.6860432746404322
