,discretized_reward_proportion,interconnectivity_strength_mean,interconnectivity_strength_err
0,0.1,78.80216999265784,13.40037979917211
1,0.30000000000000004,148.24779570242586,19.193262245030812
2,0.5000000000000001,17.93533026128156,4.573116697126762
3,0.7000000000000001,22.569384435433033,2.142651925962388
4,0.9000000000000001,16.073224545042613,1.3897240123104653
