,discretized_reward_proportion,interconnectivity_strength_mean,interconnectivity_strength_err
0,0.1,30.691156926103314,3.9910605315025576
1,0.30000000000000004,21.8705159347028,2.5969612617748874
2,0.5000000000000001,34.616025857134645,4.604982360121601
3,0.7000000000000001,26.171554611275663,2.3759332739229104
4,0.9000000000000001,58.74713417800914,6.296361192097291
