,discretized_reward_proportion,interconnectivity_strength_mean,interconnectivity_strength_err
0,0.1,0.7272727272727273,0.09495144870310791
1,0.30000000000000004,6.361967204531002,3.4674989412724124
2,0.5000000000000001,26.860614148949406,4.5634012916767315
3,0.7000000000000001,41.96047464408834,6.420892664659576
4,0.9000000000000001,46.75581263732333,6.34445633860246
