,discretized_reward_proportion,interconnectivity_strength_mean,interconnectivity_strength_err
0,0.1,42.54333860476848,3.540926989503863
1,0.30000000000000004,27.90216875629115,4.094426188219457
2,0.5000000000000001,24.228590922833,6.26093485737434
3,0.7000000000000001,26.48580085608437,6.928334852804989
4,0.9000000000000001,27.079936961932788,7.630949657633614
