,discretized_reward_proportion,interconnectivity_strength_mean,interconnectivity_strength_err
0,0.1,22.519818656697378,1.6860906651493053
1,0.30000000000000004,20.456502029635104,2.5092920786408652
2,0.5000000000000001,21.087603024895753,3.898007450500809
3,0.7000000000000001,40.7512622651487,4.328857982375706
4,0.9000000000000001,37.541561078553514,4.573476679076812
