,discretized_reward_proportion,interconnectivity_strength_mean,interconnectivity_strength_err
0,0.1,95.40975010779519,15.680397970450986
1,0.30000000000000004,33.63641394953805,8.056451157586983
2,0.5000000000000001,30.28949967257411,4.459855539179505
3,0.7000000000000001,14.995830009691149,6.11648548183594
4,0.9000000000000001,1.626483426503439,1.5890880041780644
