,discretized_reward_proportion,interconnectivity_strength_mean,interconnectivity_strength_err
0,0.1,32.6106863852878,5.435093978480924
1,0.30000000000000004,11.525151810051673,1.6915891874195992
2,0.5000000000000001,14.163101932125828,1.6729308161664278
3,0.7000000000000001,20.997459990706385,2.412402217365008
4,0.9000000000000001,16.552856310986137,1.7474180786906799
