,discretized_reward_proportion,interconnectivity_strength_mean,interconnectivity_strength_err
0,0.1,13.668728975966042,1.083292702386746
1,0.30000000000000004,11.2575554187391,1.2507397223648413
2,0.5000000000000001,6.675012101212403,0.5096595280760183
3,0.7000000000000001,8.51767588703842,0.5866345340692081
4,0.9000000000000001,9.146737716426765,0.5945281666536626
