,discretized_reward_proportion,interconnectivity_strength_mean,interconnectivity_strength_err
0,0.1,87.07554943191577,14.77668273274071
1,0.30000000000000004,39.401188488666996,12.554544170035918
2,0.5000000000000001,70.26990715522913,35.50969161607131
3,0.7000000000000001,38.54867692536569,8.919185836683909
4,0.9000000000000001,13.489257787607318,5.261628842830254
