,discretized_reward_proportion,interconnectivity_strength_mean,interconnectivity_strength_err
0,0.1,31.382621694952984,3.3856765966230213
1,0.30000000000000004,13.578651330615196,2.7270573709988444
2,0.5000000000000001,20.925499072880314,2.261202380585555
3,0.7000000000000001,15.396345821283361,1.09087727147418
4,0.9000000000000001,13.000849093499165,0.7036790998734255
