,discretized_reward_proportion,interconnectivity_strength_mean,interconnectivity_strength_err
0,0.1,5.523366212240931,0.45817677343636776
1,0.30000000000000004,5.5624960386489795,0.538825757884822
2,0.5000000000000001,8.05991003724887,0.9720125139985211
3,0.7000000000000001,20.04929439391201,1.9316227835580564
4,0.9000000000000001,14.860159375722578,1.5034510710883047
