,discretized_reward_proportion,interconnectivity_strength_mean,interconnectivity_strength_err
0,0.1,9.736914434922337,0.21377085277508567
1,0.30000000000000004,8.463203058531995,0.3430663072530941
2,0.5000000000000001,7.085251077858152,0.14441008527671553
3,0.7000000000000001,7.0732334882686825,0.29511969413039035
4,0.9000000000000001,8.406585593095107,0.2346262567757751
