,discretized_reward_proportion,interconnectivity_strength_mean,interconnectivity_strength_err
0,0.1,37.05786877444683,1.9045738080516856
1,0.30000000000000004,29.373519776570838,4.5611022964443855
2,0.5000000000000001,27.808033207801525,3.286996489170266
3,0.7000000000000001,19.888367093423106,0.8465765068778747
4,0.9000000000000001,19.216569665128112,1.9393317878590546
