,discretized_reward_proportion,interconnectivity_strength_mean,interconnectivity_strength_err
0,0.1,10.197000855907435,0.16562856984955943
1,0.30000000000000004,7.353587680888685,0.2419544149322757
2,0.5000000000000001,5.832886584515909,0.13703748538444024
3,0.7000000000000001,5.033899419639881,0.17183363707773133
4,0.9000000000000001,5.263999763316159,0.21707896657971537
