,discretized_reward_proportion,interconnectivity_strength_mean,interconnectivity_strength_err
0,0.1,37.50791545815118,2.8171799287512282
1,0.30000000000000004,31.534197916476817,2.836628797080653
2,0.5000000000000001,32.31491955449465,4.053812465956211
3,0.7000000000000001,14.813156782706534,2.6385696408530497
4,0.9000000000000001,,
