,discretized_reward_proportion,interconnectivity_strength_mean,interconnectivity_strength_err
0,0.1,93.1585557683991,9.182806087375251
1,0.30000000000000004,81.04640117180595,9.209552793907095
2,0.5000000000000001,56.074092119223714,10.650739011255045
3,0.7000000000000001,48.97815297578146,14.4283855247198
4,0.9000000000000001,23.79047505087981,3.9134070302540525
