,discretized_reward_proportion,interconnectivity_strength_mean,interconnectivity_strength_err
0,0.1,33.20225501957774,2.6980994653176
1,0.30000000000000004,59.95860985217359,12.524332821409354
2,0.5000000000000001,20.25935022967013,4.912427173377743
3,0.7000000000000001,19.716794695975956,4.739355393771487
4,0.9000000000000001,6.417295613944442,2.956603969979551
