,discretized_reward_proportion,interconnectivity_strength_mean,interconnectivity_strength_err
0,0.1,9.228896208585468,0.39788061032072347
1,0.30000000000000004,9.297217446200547,0.37029070163707367
2,0.5000000000000001,7.31135003395734,0.3764016474474788
3,0.7000000000000001,6.069140955277173,0.26927605161515317
4,0.9000000000000001,6.322744134824693,0.25563762109900046
