,discretized_reward_proportion,interconnectivity_strength_mean,interconnectivity_strength_err
0,0.1,7.759298567387829,0.5513059842321122
1,0.30000000000000004,6.745480029005451,0.5213810227367172
2,0.5000000000000001,5.58957943781051,0.326398883112281
3,0.7000000000000001,5.393019118475477,0.16291410020740849
4,0.9000000000000001,5.543631698499201,0.11065997219285731
