,discretized_reward_proportion,interconnectivity_strength_mean,interconnectivity_strength_err
0,0.1,19.766800362399863,1.8787468916186814
1,0.30000000000000004,23.55496064489054,2.131702584163574
2,0.5000000000000001,22.0598801823615,2.3873415003738225
3,0.7000000000000001,25.37106768342805,4.5718607348355915
4,0.9000000000000001,20.8728458975541,3.966570400401345
