,discretized_reward_proportion,interconnectivity_strength_mean,interconnectivity_strength_err
0,0.1,79.04432157388649,10.775274505901406
1,0.30000000000000004,59.38136378683579,13.141882493083527
2,0.5000000000000001,66.66525748417419,40.00799501408162
3,0.7000000000000001,82.2139846048669,22.8277720410078
4,0.9000000000000001,46.208394871770956,18.955689779137526
