,discretized_reward_proportion,interconnectivity_strength_mean,interconnectivity_strength_err
0,0.1,65.88156613375139,17.222397574543315
1,0.30000000000000004,39.67026245941675,3.8173940888392592
2,0.5000000000000001,34.406703511848306,3.866376972884702
3,0.7000000000000001,22.434473894913612,2.8272580539308994
4,0.9000000000000001,32.489421256324604,2.5869944508081635
