,discretized_reward_proportion,interconnectivity_strength_mean,interconnectivity_strength_err
0,0.1,12.533134055177076,0.640847780028562
1,0.30000000000000004,8.853312325081136,0.5518796941052534
2,0.5000000000000001,6.220311306734104,0.7601162251149521
3,0.7000000000000001,3.255159583539809,0.2141600975424388
4,0.9000000000000001,3.331006278352815,0.11344211824222372
