,discretized_reward_proportion,interconnectivity_strength_mean,interconnectivity_strength_err
0,0.1,0.7777777777777778,0.1385799032138497
1,0.30000000000000004,0.625,0.09882117688026186
2,0.5000000000000001,12.113255271461908,4.605251580457378
3,0.7000000000000001,7.984360005691697,2.773199908348858
4,0.9000000000000001,11.689840353510547,4.6456766617941785
