,discretized_reward_proportion,interconnectivity_strength_mean,interconnectivity_strength_err
0,0.1,47.04518178198281,10.632386136812933
1,0.30000000000000004,6.923074228536967,0.7950077189297561
2,0.5000000000000001,15.578085590961289,0.8929043341938563
3,0.7000000000000001,7.252659936959555,0.543113656966502
4,0.9000000000000001,5.017333055186694,0.2349016967797371
