,discretized_reward_proportion,interconnectivity_strength_mean,interconnectivity_strength_err
0,0.1,18.280212887263193,1.3500577424595002
1,0.30000000000000004,12.392334494200297,0.8830631968181737
2,0.5000000000000001,11.518577432978859,0.9868137291031864
3,0.7000000000000001,10.452818134575132,0.3522750241798238
4,0.9000000000000001,,
