,discretized_reward_proportion,interconnectivity_strength_mean,interconnectivity_strength_err
0,0.1,17.248473829605327,2.1377741425140626
1,0.30000000000000004,47.39950570602089,7.069273879363096
2,0.5000000000000001,40.52018218932409,6.3912258937264905
3,0.7000000000000001,23.24642391286914,4.233673670166248
4,0.9000000000000001,10.617184219668184,2.345832347885495
