,discretized_reward_proportion,interconnectivity_strength_mean,interconnectivity_strength_err
0,0.1,122.39751654870675,56.719593855818715
1,0.30000000000000004,30.05624130400303,16.498991633806863
2,0.5000000000000001,37.16561974215549,16.314693915331176
3,0.7000000000000001,19.66663154452315,4.861172325197742
4,0.9000000000000001,4.813171839141181,1.7633802689610616
