,discretized_reward_proportion,interconnectivity_strength_mean,interconnectivity_strength_err
0,0.1,41.6684160071206,7.33675543932774
1,0.30000000000000004,27.54829205851899,5.112209243837378
2,0.5000000000000001,48.73629926537152,10.482504464815468
3,0.7000000000000001,42.55764098800752,4.355712030350074
4,0.9000000000000001,15.942039920409071,2.9087369637190945
