,discretized_reward_proportion,interconnectivity_strength_mean,interconnectivity_strength_err
0,0.1,41.404921962989036,5.287295704241082
1,0.30000000000000004,28.93302740151738,4.416867852652947
2,0.5000000000000001,25.34007203783613,1.4081111263062487
3,0.7000000000000001,26.890455524319343,1.2187502807974377
4,0.9000000000000001,23.79471634535344,1.2304219183192788
