,discretized_reward_proportion,interconnectivity_strength_mean,interconnectivity_strength_err
0,0.1,16.693307247080337,1.5435212946404535
1,0.30000000000000004,13.821807347423315,2.469928628393058
2,0.5000000000000001,7.223029134741587,2.170029451665219
3,0.7000000000000001,9.413592996918398,4.577361024408987
4,0.9000000000000001,0.0,0.0
