,discretized_reward_proportion,interconnectivity_strength_mean,interconnectivity_strength_err
0,0.1,14.476426444461078,0.3892150749912029
1,0.30000000000000004,12.096976445076773,0.7838838012580365
2,0.5000000000000001,10.49419804666365,0.5742345602500206
3,0.7000000000000001,7.806267971862092,0.28344055776298716
4,0.9000000000000001,7.169388065726647,0.2661134670428413
