,discretized_reward_proportion,interconnectivity_strength_mean,interconnectivity_strength_err
0,0.1,41.08675321800541,2.839542507194593
1,0.30000000000000004,27.49671478256922,2.1722210336563132
2,0.5000000000000001,23.311393993812043,2.929626264970076
3,0.7000000000000001,4.783403099102354,1.4740712207826836
4,0.9000000000000001,0.7575757575757576,0.07460090362383802
