,discretized_reward_proportion,interconnectivity_strength_mean,interconnectivity_strength_err
0,0.1,73.74261229097655,35.00776554863786
1,0.30000000000000004,290.19145721951725,144.2919103360109
2,0.5000000000000001,634.8872253624843,195.05285962461318
3,0.7000000000000001,82.93348788580195,28.175528333243555
4,0.9000000000000001,165.76496386658445,38.558980204735555
