,discretized_reward_proportion,interconnectivity_strength_mean,interconnectivity_strength_err
0,0.1,36.091174052363684,5.527983483247969
1,0.30000000000000004,47.351798422398495,7.540085557665424
2,0.5000000000000001,34.98615227956911,5.409994863625716
3,0.7000000000000001,25.5737877355748,10.735225846903182
4,0.9000000000000001,6.445002563417477,4.698060651389459
