,discretized_reward_proportion,interconnectivity_strength_mean,interconnectivity_strength_err
0,0.1,20.28207880382331,1.7027205667652632
1,0.30000000000000004,18.598820102047608,4.854197164244005
2,0.5000000000000001,9.014516859982667,2.164773624478699
3,0.7000000000000001,19.87615165330747,3.694240295194514
4,0.9000000000000001,51.84896813867839,10.882537879576713
