,discretized_reward_proportion,interconnectivity_strength_mean,interconnectivity_strength_err
0,0.1,2.877791255323766,0.6062977895791738
1,0.30000000000000004,4.579828699669556,0.622389436965604
2,0.5000000000000001,4.744554691669747,0.6503725403646259
3,0.7000000000000001,10.703328794430321,1.6015108660052009
4,0.9000000000000001,19.19776809336,2.324586900620108
