,discretized_reward_proportion,interconnectivity_strength_mean,interconnectivity_strength_err
0,0.1,32.53730597335661,3.222497957867037
1,0.30000000000000004,22.712574079823632,1.2379318742140446
2,0.5000000000000001,22.760917675434566,2.2604698474219624
3,0.7000000000000001,13.715093816045203,3.0445943759277854
4,0.9000000000000001,8.836347184848648,2.291149523687687
