,discretized_reward_proportion,interconnectivity_strength_mean,interconnectivity_strength_err
0,0.1,45.02193763430772,5.98557880740139
1,0.30000000000000004,20.8351163259294,1.6240366730650546
2,0.5000000000000001,14.40325776998546,0.9003767688532058
3,0.7000000000000001,15.096321475662776,1.2227418428180938
4,0.9000000000000001,9.600360334805098,0.7129901423448987
