,discretized_reward_proportion,interconnectivity_strength_mean,interconnectivity_strength_err
0,0.1,66.62019610702369,9.169416223432144
1,0.30000000000000004,65.35462215747019,5.264413714262741
2,0.5000000000000001,51.57367816761422,5.1635832190636295
3,0.7000000000000001,52.12770924218021,8.14699297067492
4,0.9000000000000001,98.58950339388599,9.212979411637845
