,discretized_reward_proportion,interconnectivity_strength_mean,interconnectivity_strength_err
0,0.1,0.0,0.0
1,0.30000000000000004,0.2,0.07302967433402216
2,0.5000000000000001,8.528345135844104,3.8613290996881022
3,0.7000000000000001,55.02928657119943,9.825996903352658
4,0.9000000000000001,25.932822761468287,6.473693511834296
