,discretized_reward_proportion,interconnectivity_strength_mean,interconnectivity_strength_err
0,0.1,77.05913897990203,6.230502517286474
1,0.30000000000000004,56.7332924165433,6.689384716946631
2,0.5000000000000001,260.25936465273327,109.98908718673522
3,0.7000000000000001,549.7252281805382,195.81206899940165
4,0.9000000000000001,142.3240611086063,50.40968821122823
