,discretized_reward_proportion,interconnectivity_strength_mean,interconnectivity_strength_err
0,0.1,21.995636232669582,4.538757228840208
1,0.30000000000000004,22.49972415143954,4.294227950779709
2,0.5000000000000001,10.588483675841465,1.2356998012046592
3,0.7000000000000001,16.647945002257043,1.8981118893576803
4,0.9000000000000001,15.333616579615018,1.5608950776803243
