,discretized_reward_proportion,interconnectivity_strength_mean,interconnectivity_strength_err
0,0.1,38.644876210725585,11.176650530667194
1,0.30000000000000004,26.76325790171609,7.6462575278763785
2,0.5000000000000001,17.629471115089565,2.2956016122950023
3,0.7000000000000001,9.201786498688278,0.5226733072788465
4,0.9000000000000001,11.342456966032044,0.7056954867307325
