,discretized_reward_proportion,interconnectivity_strength_mean,interconnectivity_strength_err
0,0.1,8.252853960535605,0.13016458156061653
1,0.30000000000000004,8.184017491292614,0.21284111895502678
2,0.5000000000000001,7.987066357163928,0.24284507021703258
3,0.7000000000000001,6.620246226435851,0.24258877533374762
4,0.9000000000000001,7.883359309396484,0.3034648302405973
