,discretized_reward_proportion,interconnectivity_strength_mean,interconnectivity_strength_err
0,0.1,3.920162089063045,0.13451885698885022
1,0.30000000000000004,5.152918227545363,0.3284094539788043
2,0.5000000000000001,6.352954127014744,0.27368714422538915
3,0.7000000000000001,7.352778250554708,0.20077891262675912
4,0.9000000000000001,7.119761954388315,0.1989873514091407
