,discretized_reward_proportion,interconnectivity_strength_mean,interconnectivity_strength_err
0,0.1,13.330416016240992,0.23000578532003055
1,0.30000000000000004,11.288333169996807,0.36975321797915484
2,0.5000000000000001,9.492400735885543,0.3246081938148016
3,0.7000000000000001,8.156863083857285,0.25362722589485
4,0.9000000000000001,9.099428336667419,0.219480244136445
