,discretized_reward_proportion,interconnectivity_strength_mean,interconnectivity_strength_err
0,0.1,8.070563469132983,0.8827596728335322
1,0.30000000000000004,15.7439577654713,0.9987794377509857
2,0.5000000000000001,18.05732228186464,0.6675866012060071
3,0.7000000000000001,19.634618174223842,0.6699879924743805
4,0.9000000000000001,21.312670730193716,1.052564074743129
