,discretized_reward_proportion,interconnectivity_strength_mean,interconnectivity_strength_err
0,0.1,53.28266752949633,4.261234773604254
1,0.30000000000000004,48.4129480354042,4.758342177102222
2,0.5000000000000001,75.6959075520802,15.888604767985198
3,0.7000000000000001,116.95088344956886,33.563525395675256
4,0.9000000000000001,220.70531288562512,46.0105573583592
