,discretized_reward_proportion,interconnectivity_strength_mean,interconnectivity_strength_err
0,0.1,22.34426280203327,1.3615329306186872
1,0.30000000000000004,18.967029021105233,0.6876946594690563
2,0.5000000000000001,12.543092700265362,1.0389007173736746
3,0.7000000000000001,6.622667112987186,1.0526702579432352
4,0.9000000000000001,4.867228485230534,1.207816049123228
