,discretized_reward_proportion,interconnectivity_strength_mean,interconnectivity_strength_err
0,0.1,28.093586325335988,4.308834396677313
1,0.30000000000000004,22.56309010947854,4.615806204886355
2,0.5000000000000001,35.24799651280587,6.240214661415763
3,0.7000000000000001,69.53890000291062,7.271888139783782
4,0.9000000000000001,47.892428780454644,5.062608016069712
