,discretized_reward_proportion,interconnectivity_strength_mean,interconnectivity_strength_err
0,0.1,58.9869480529852,13.565984519336803
1,0.30000000000000004,23.46251282280727,7.286308545226374
2,0.5000000000000001,10.092071506897062,1.6152152060490916
3,0.7000000000000001,17.844556003207895,4.943597446772827
4,0.9000000000000001,18.72971838038112,3.5648757841643284
