,discretized_reward_proportion,interconnectivity_strength_mean,interconnectivity_strength_err
0,0.1,15.210503232621317,0.35909492606401494
1,0.30000000000000004,10.07333097877068,0.5641094563015425
2,0.5000000000000001,9.357462147280732,0.510333597319776
3,0.7000000000000001,8.00223042729068,0.7053444701682496
4,0.9000000000000001,5.479678893346658,0.26908785716172784
