,discretized_reward_proportion,interconnectivity_strength_mean,interconnectivity_strength_err
0,0.1,17.05993811235569,1.1962156547299327
1,0.30000000000000004,17.761558084796903,1.2344142103227838
2,0.5000000000000001,10.717372515862511,0.8489902874310395
3,0.7000000000000001,8.045688202659584,0.3011422926496769
4,0.9000000000000001,8.537699765004616,0.19572637912603785
