,discretized_reward_proportion,interconnectivity_strength_mean,interconnectivity_strength_err
0,0.1,6.567136654316718,0.7242779423047402
1,0.30000000000000004,4.728826804152765,0.601157817628216
2,0.5000000000000001,4.517112188839237,0.6716199245300938
3,0.7000000000000001,6.976570258401339,1.5648187576377406
4,0.9000000000000001,35.7681868260674,5.613782211709103
