,discretized_reward_proportion,interconnectivity_strength_mean,interconnectivity_strength_err
0,0.1,22.871397297050816,2.805869381493816
1,0.30000000000000004,9.747438770728229,1.2851888391338608
2,0.5000000000000001,12.86832104645871,1.3347103059174386
3,0.7000000000000001,8.05908468367894,0.46374123783926086
4,0.9000000000000001,12.51315587601836,0.8022181087791982
