,discretized_reward_proportion,interconnectivity_strength_mean,interconnectivity_strength_err
0,0.1,45.554685102750625,5.672173155367709
1,0.30000000000000004,14.861606833940183,3.6940583512920018
2,0.5000000000000001,15.09730658536983,2.417118989862962
3,0.7000000000000001,28.29111098216708,8.075507434728767
4,0.9000000000000001,13.900775916750645,4.8519062857421345
