,discretized_reward_proportion,interconnectivity_strength_mean,interconnectivity_strength_err
0,0.1,10.51855260327981,0.6910795182883279
1,0.30000000000000004,9.505493008669983,0.4376973621290613
2,0.5000000000000001,10.277414719717404,0.7763207650647594
3,0.7000000000000001,10.886173431298902,0.7823646840824277
4,0.9000000000000001,10.972616347918292,1.202178830248719
