,discretized_reward_proportion,interconnectivity_strength_mean,interconnectivity_strength_err
0,0.1,17.73900538013724,2.7684282879029563
1,0.30000000000000004,11.020571923379558,4.44637394713233
2,0.5000000000000001,53.18286025693917,10.919428732949894
3,0.7000000000000001,24.25160800004686,2.4304676721057796
4,0.9000000000000001,38.57621345073339,4.601859398474344
