,discretized_reward_proportion,interconnectivity_strength_mean,interconnectivity_strength_err
0,0.1,149.52178240431104,12.205243440631135
1,0.30000000000000004,12.882433416187805,7.384736462461937
2,0.5000000000000001,5.31107762876657,2.2465368160206127
3,0.7000000000000001,2.1400569020691287,2.1014941596952457
4,0.9000000000000001,0.0,0.0
