,discretized_reward_proportion,interconnectivity_strength_mean,interconnectivity_strength_err
0,0.1,18.860269622035748,0.38456146433347826
1,0.30000000000000004,18.424025595693912,0.8609483007997127
2,0.5000000000000001,20.4135294025196,1.2075275313019787
3,0.7000000000000001,16.458373256176664,1.804705599621005
4,0.9000000000000001,10.47664018681927,0.8427437682891898
