,discretized_reward_proportion,interconnectivity_strength_mean,interconnectivity_strength_err
0,0.1,31.630008072325417,5.934815051503401
1,0.30000000000000004,37.351835174042726,8.019772048131243
2,0.5000000000000001,21.56777767497522,6.7069450081932125
3,0.7000000000000001,13.517813697554026,3.773135916376762
4,0.9000000000000001,18.017370623501105,3.481740266601528
