,discretized_reward_proportion,interconnectivity_strength_mean,interconnectivity_strength_err
0,0.1,32.704612964974814,5.753203200947329
1,0.30000000000000004,22.805490605230464,5.8574281422839265
2,0.5000000000000001,25.339223084732247,5.322550939413765
3,0.7000000000000001,22.733154772150588,4.649968240054512
4,0.9000000000000001,21.40946414865223,3.157195770579051
