,discretized_reward_proportion,interconnectivity_strength_mean,interconnectivity_strength_err
0,0.1,15.045458248378075,2.333055340758949
1,0.30000000000000004,18.206130125335367,3.2680667274359907
2,0.5000000000000001,13.21376801179295,2.564637410758058
3,0.7000000000000001,14.380731597024292,3.611040577079429
4,0.9000000000000001,29.249717935864805,5.283646197028243
