,discretized_reward_proportion,interconnectivity_strength_mean,interconnectivity_strength_err
0,0.1,148.9905269140597,16.03284524961859
1,0.30000000000000004,86.77866630309332,14.94199330939582
2,0.5000000000000001,56.99893225043751,10.706596820481515
3,0.7000000000000001,93.39308009162741,9.145229165058819
4,0.9000000000000001,71.03172253033726,6.762113031753409
