,discretized_reward_proportion,interconnectivity_strength_mean,interconnectivity_strength_err
0,0.1,0.0,0.0
1,0.30000000000000004,9.865516635455707,3.824784959949349
2,0.5000000000000001,27.699970598066194,10.56575377667307
3,0.7000000000000001,218.57816394331593,89.06153264728492
4,0.9000000000000001,514.9723866956616,147.5532628518191
