,discretized_reward_proportion,interconnectivity_strength_mean,interconnectivity_strength_err
0,0.1,3.8616152580005036,1.3370345370519146
1,0.30000000000000004,2.2298986036071775,1.556153060605231
2,0.5000000000000001,2.6641251672971875,1.8540095550297135
3,0.7000000000000001,6.030913102733207,4.103541783475684
4,0.9000000000000001,12.648466269111447,4.413057689581639
