,discretized_reward_proportion,interconnectivity_strength_mean,interconnectivity_strength_err
0,0.1,8.512128559288653,1.0303910432598922
1,0.30000000000000004,14.742353483980835,1.6411661605733643
2,0.5000000000000001,23.933401758572863,2.1875778940210653
3,0.7000000000000001,21.997544894654517,1.5050378847910395
4,0.9000000000000001,28.913047832726388,3.8451063657461955
