,discretized_reward_proportion,interconnectivity_strength_mean,interconnectivity_strength_err
0,0.1,4.691678132077843,0.2125070264539848
1,0.30000000000000004,5.410359124137481,0.6063186513429876
2,0.5000000000000001,5.627649422448826,0.26465141776967266
3,0.7000000000000001,6.980672059098731,0.3100159319999879
4,0.9000000000000001,5.932029839984528,0.21351041059136036
