,discretized_reward_proportion,interconnectivity_strength_mean,interconnectivity_strength_err
0,0.1,284.16309019734854,28.762704784099995
1,0.30000000000000004,112.58498679994177,15.055080824893848
2,0.5000000000000001,36.720902491060954,16.037547648313648
3,0.7000000000000001,224.79700555535874,62.744392547445095
4,0.9000000000000001,261.3670536585667,73.80330048087788
