,discretized_reward_proportion,interconnectivity_strength_mean,interconnectivity_strength_err
0,0.1,27.74064125462916,6.599695946432963
1,0.30000000000000004,59.469836076696296,11.476150998727814
2,0.5000000000000001,51.48108888621512,8.936166116468012
3,0.7000000000000001,64.06186081577331,8.045420659940119
4,0.9000000000000001,52.00465363801994,6.9749253171882994
