,discretized_reward_proportion,interconnectivity_strength_mean,interconnectivity_strength_err
0,0.1,9.699241169089733,0.44789193374847813
1,0.30000000000000004,11.55427209915992,1.0149534702189564
2,0.5000000000000001,15.10661592246143,1.1738356755190225
3,0.7000000000000001,15.627137483104205,0.8476322223176823
4,0.9000000000000001,13.428711408420888,0.9453170993944044
