,discretized_reward_proportion,interconnectivity_strength_mean,interconnectivity_strength_err
0,0.1,29.931631192350945,0.848318415234972
1,0.30000000000000004,20.294953445242623,1.5613829287390932
2,0.5000000000000001,13.048380932142134,0.3779466011349177
3,0.7000000000000001,11.84442989553007,0.6209579959952788
4,0.9000000000000001,10.43135479885106,0.4691836871968981
