,discretized_reward_proportion,interconnectivity_strength_mean,interconnectivity_strength_err
0,0.1,34.21167397891198,2.0572688380240374
1,0.30000000000000004,51.00668092598263,9.503558748999868
2,0.5000000000000001,41.573432205998394,9.160491801609751
3,0.7000000000000001,39.59763361972631,5.298670284756217
4,0.9000000000000001,44.972697854174996,4.900099574730563
