,discretized_reward_proportion,interconnectivity_strength_mean,interconnectivity_strength_err
0,0.1,9.325098675095834,0.4873498517659306
1,0.30000000000000004,8.091193684954055,0.3526536984264863
2,0.5000000000000001,7.996938876261057,0.3011354075529279
3,0.7000000000000001,7.790808751790093,0.27504263760787656
4,0.9000000000000001,8.45025532442694,0.3946175025754617
