,discretized_reward_proportion,interconnectivity_strength_mean,interconnectivity_strength_err
0,0.1,42.220050714433796,8.145008908909054
1,0.30000000000000004,30.17443091347562,6.1665658799409835
2,0.5000000000000001,23.7534768935128,4.3062617650111354
3,0.7000000000000001,23.38500714579168,2.7412007091454895
4,0.9000000000000001,21.401155674766418,3.273252836004853
