,discretized_reward_proportion,interconnectivity_strength_mean,interconnectivity_strength_err
0,0.1,74.10841719857025,6.459892777995426
1,0.30000000000000004,100.82183556079828,9.045585994709722
2,0.5000000000000001,66.40750660606278,7.480023470515371
3,0.7000000000000001,32.09862419538718,7.6791298418732605
4,0.9000000000000001,35.39255587155204,8.463879661383617
