,discretized_reward_proportion,interconnectivity_strength_mean,interconnectivity_strength_err
0,0.1,2.7885914949760338,0.04705921030105467
1,0.30000000000000004,3.9661144221962115,0.4322222829266019
2,0.5000000000000001,7.097749730758984,1.4782311625374838
3,0.7000000000000001,7.729065510265287,1.1607901091315764
4,0.9000000000000001,8.49572281922585,1.3319496667374793
