,discretized_reward_proportion,interconnectivity_strength_mean,interconnectivity_strength_err
0,0.1,46.88853632741022,3.576823004479303
1,0.30000000000000004,35.45814740502703,4.349449328502633
2,0.5000000000000001,53.86237659527255,5.108531939149233
3,0.7000000000000001,7.953696048791044,3.1821824059309387
4,0.9000000000000001,9.674943207110852,1.0599506447391556
