,discretized_reward_proportion,interconnectivity_strength_mean,interconnectivity_strength_err
0,0.1,25.768487308721465,5.54149079615546
1,0.30000000000000004,87.75503758306739,25.14725357918163
2,0.5000000000000001,107.15916960733409,28.994249437537434
3,0.7000000000000001,154.92234337808765,62.48355437515185
4,0.9000000000000001,31.823471568168525,26.608894604475136
