,discretized_reward_proportion,interconnectivity_strength_mean,interconnectivity_strength_err
0,0.1,31.627486771258422,1.3067312800317825
1,0.30000000000000004,21.16012607616229,1.5885858923278473
2,0.5000000000000001,16.203343753304303,1.4706322428008702
3,0.7000000000000001,11.016701021290526,0.6612542943401503
4,0.9000000000000001,8.835908214916493,0.2790110652756286
