,discretized_reward_proportion,interconnectivity_strength_mean,interconnectivity_strength_err
0,0.1,10.55887462053294,0.12935077877534185
1,0.30000000000000004,8.387494086205368,0.3260323176647746
2,0.5000000000000001,7.769056357174845,0.3479890814421037
3,0.7000000000000001,6.514709455837619,0.26908093662887833
4,0.9000000000000001,5.495965176249275,0.1842785354195034
