,discretized_reward_proportion,interconnectivity_strength_mean,interconnectivity_strength_err
0,0.1,41.68207972824605,3.898776397682268
1,0.30000000000000004,52.260548947566434,7.7212149651416695
2,0.5000000000000001,47.16482831748181,6.36577952355546
3,0.7000000000000001,22.312812685288367,7.3777576373019995
4,0.9000000000000001,0.0,0.0
