,discretized_reward_proportion,interconnectivity_strength_mean,interconnectivity_strength_err
0,0.1,36.036659591020154,21.89959887670341
1,0.30000000000000004,58.03675811483038,14.74761590084013
2,0.5000000000000001,31.151691221789324,5.338679565536975
3,0.7000000000000001,42.630987030184045,11.083866949653585
4,0.9000000000000001,19.217664025200964,2.2375700699601477
