,discretized_reward_proportion,interconnectivity_strength_mean,interconnectivity_strength_err
0,0.1,49.71593689076985,6.526507625873116
1,0.30000000000000004,58.61805119029362,6.995493013470772
2,0.5000000000000001,36.54915911294703,3.1176361443599183
3,0.7000000000000001,14.590333857686447,4.3643890844721955
4,0.9000000000000001,7.655788787207268,0.4328477862535432
