,discretized_reward_proportion,interconnectivity_strength_mean,interconnectivity_strength_err
0,0.1,8.410772664648102,0.5981945489160022
1,0.30000000000000004,7.610676426941138,0.803660233094101
2,0.5000000000000001,10.408220615534812,1.2378573333536178
3,0.7000000000000001,9.86078979644897,0.8074581662078701
4,0.9000000000000001,11.24005349957478,0.5907079995701631
