,discretized_reward_proportion,interconnectivity_strength_mean,interconnectivity_strength_err
0,0.1,27.361060346362624,4.175163156302957
1,0.30000000000000004,20.62924951211639,2.047799370100832
2,0.5000000000000001,9.449242849011931,1.6656261731225663
3,0.7000000000000001,11.28811941024552,0.9830915948461391
4,0.9000000000000001,7.190540252186772,0.4890078473707922
