,discretized_reward_proportion,interconnectivity_strength_mean,interconnectivity_strength_err
0,0.1,22.083640460394857,1.1556654705868088
1,0.30000000000000004,18.173449497845787,2.040059989214881
2,0.5000000000000001,19.769992923763827,1.9182527408662222
3,0.7000000000000001,26.63991460095698,1.8769056960318131
4,0.9000000000000001,40.20916536706845,5.910197646781033
