,discretized_reward_proportion,interconnectivity_strength_mean,interconnectivity_strength_err
0,0.1,47.045330627007395,5.292180777054097
1,0.30000000000000004,81.52917759528198,14.184027906030959
2,0.5000000000000001,46.7241348559858,4.018772700154905
3,0.7000000000000001,40.37150947963373,2.1287451734595946
4,0.9000000000000001,24.484804775761095,1.738235299232602
