,discretized_reward_proportion,interconnectivity_strength_mean,interconnectivity_strength_err
0,0.1,40.15438683199341,3.422955251604488
1,0.30000000000000004,22.185712421562414,2.5231432675797008
2,0.5000000000000001,18.16095288708111,1.1268718487233158
3,0.7000000000000001,11.754946926647946,0.9053835786702957
4,0.9000000000000001,8.458252239276034,0.440206204503163
