,discretized_reward_proportion,interconnectivity_strength_mean,interconnectivity_strength_err
0,0.1,5.753908003143138,0.22807639666803567
1,0.30000000000000004,5.718373606774286,0.16160651775783447
2,0.5000000000000001,5.404521598823097,0.14217959193433122
3,0.7000000000000001,5.031905712746741,0.1217121648785272
4,0.9000000000000001,4.594529366896048,0.0854989000597994
