,discretized_reward_proportion,interconnectivity_strength_mean,interconnectivity_strength_err
0,0.1,0.0,0.0
1,0.30000000000000004,0.0,0.0
2,0.5000000000000001,14.550770450077922,9.87305570044849
3,0.7000000000000001,21.209948756590247,6.905108725846193
4,0.9000000000000001,76.38262971174609,11.633582628505398
