,discretized_reward_proportion,interconnectivity_strength_mean,interconnectivity_strength_err
0,0.1,13.27794680719455,1.06536846130016
1,0.30000000000000004,14.38078940060077,2.7655164536178902
2,0.5000000000000001,14.21529719335397,1.5649595720259861
3,0.7000000000000001,11.416881453513067,0.9544581569387771
4,0.9000000000000001,17.174299782889463,1.6249913798082265
