,discretized_reward_proportion,interconnectivity_strength_mean,interconnectivity_strength_err
0,0.1,13.134300447056221,0.978900604374964
1,0.30000000000000004,12.801383643121616,1.080221121838732
2,0.5000000000000001,16.846699976980005,2.6701829772228494
3,0.7000000000000001,14.902082827309453,1.4368120240669178
4,0.9000000000000001,11.4661819589355,1.0103757003860765
