,discretized_reward_proportion,interconnectivity_strength_mean,interconnectivity_strength_err
0,0.1,41.84429325960259,1.4813645366485773
1,0.30000000000000004,63.35581417068694,7.342160495474728
2,0.5000000000000001,74.39568656230114,9.692724677639603
3,0.7000000000000001,63.618558530707425,15.460076283780083
4,0.9000000000000001,23.530287027451894,2.2808784252913616
