,discretized_reward_proportion,interconnectivity_strength_mean,interconnectivity_strength_err
0,0.1,79.73172967188019,6.749839968954608
1,0.30000000000000004,50.008397007483126,7.989295715680304
2,0.5000000000000001,60.093235424875495,14.082713433274957
3,0.7000000000000001,52.96373629158053,30.815053963677073
4,0.9000000000000001,1.9575775517586047,1.912569752668971
