,discretized_reward_proportion,interconnectivity_strength_mean,interconnectivity_strength_err
0,0.1,103.28408590462153,25.895351681208968
1,0.30000000000000004,39.88214547635976,3.172379970068714
2,0.5000000000000001,26.534722966565504,2.061938235262874
3,0.7000000000000001,18.77820343405143,1.2183684352087834
4,0.9000000000000001,22.705821106308967,1.0823771254056733
