,discretized_reward_proportion,interconnectivity_strength_mean,interconnectivity_strength_err
0,0.1,5.641656528954964,0.9423096006955842
1,0.30000000000000004,4.446028992007536,1.6581567196435545
2,0.5000000000000001,0.0,0.0
3,0.7000000000000001,0.0,0.0
4,0.9000000000000001,0.0,0.0
