,discretized_reward_proportion,interconnectivity_strength_mean,interconnectivity_strength_err
0,0.1,123.99626508849434,18.200213177372323
1,0.30000000000000004,94.64116478747619,19.791794514764643
2,0.5000000000000001,77.70241157754587,29.453070375329315
3,0.7000000000000001,34.19387933941432,16.59109194879172
4,0.9000000000000001,41.10261743549285,17.46326409180902
