,discretized_reward_proportion,interconnectivity_strength_mean,interconnectivity_strength_err
0,0.1,20.155026425493848,1.5275750618377493
1,0.30000000000000004,11.107497673987599,0.8549645794049477
2,0.5000000000000001,16.852569716074353,1.2946908873853142
3,0.7000000000000001,21.85952911344844,1.5772123263893472
4,0.9000000000000001,16.85195653742654,1.5658441543208625
