,discretized_reward_proportion,interconnectivity_strength_mean,interconnectivity_strength_err
0,0.1,7.895348900551381,0.23202882188889287
1,0.30000000000000004,6.8526694381653055,0.2650612284737827
2,0.5000000000000001,5.820131576525713,0.28087968692410625
3,0.7000000000000001,5.420037507956041,0.20557714901267862
4,0.9000000000000001,7.363965685303839,0.3097404621099267
