,discretized_reward_proportion,interconnectivity_strength_mean,interconnectivity_strength_err
0,0.1,11.000396127993834,1.12226733558051
1,0.30000000000000004,12.117164491928323,2.3427509522047627
2,0.5000000000000001,21.073878493709973,4.976442781009789
3,0.7000000000000001,20.170756113935475,2.7520174312741106
4,0.9000000000000001,52.175465959429154,8.6026958735266
