,discretized_reward_proportion,interconnectivity_strength_mean,interconnectivity_strength_err
0,0.1,9.637696864044054,0.1195123437987222
1,0.30000000000000004,7.457558637855636,0.30955688253675995
2,0.5000000000000001,6.375944066458601,0.26046510658570554
3,0.7000000000000001,5.223999057103755,0.1595753500560073
4,0.9000000000000001,4.816732757314908,0.09797357278596776
