,discretized_reward_proportion,interconnectivity_strength_mean,interconnectivity_strength_err
0,0.1,21.081348530628812,2.5715081743309356
1,0.30000000000000004,10.975247571718146,0.5402588024719782
2,0.5000000000000001,8.909587043173275,0.6341054504944259
3,0.7000000000000001,6.551300537344948,0.4165706063462096
4,0.9000000000000001,6.268727538277783,0.21908596823596818
