,discretized_reward_proportion,interconnectivity_strength_mean,interconnectivity_strength_err
0,0.1,14.809616451845251,3.2065466441211483
1,0.30000000000000004,12.679387742690311,1.5653762874153352
2,0.5000000000000001,23.321087639303556,6.874283921365365
3,0.7000000000000001,21.017215471992223,4.680469600412126
4,0.9000000000000001,15.064334630167046,2.7896524442296107
