,discretized_reward_proportion,interconnectivity_strength_mean,interconnectivity_strength_err
0,0.1,13.030323200663865,3.1158047276750906
1,0.30000000000000004,22.820440582819135,3.8452455239461325
2,0.5000000000000001,21.78394357814516,3.6786613387994884
3,0.7000000000000001,18.3881873968881,4.0562358707181865
4,0.9000000000000001,7.338976984041646,1.9475756581049208
