,discretized_reward_proportion,interconnectivity_strength_mean,interconnectivity_strength_err
0,0.1,11.213033290400316,0.94716320547083
1,0.30000000000000004,9.937429928116732,1.2135326790675436
2,0.5000000000000001,8.567623361451943,1.3624361559363163
3,0.7000000000000001,7.697515927126168,0.9618515729808155
4,0.9000000000000001,6.872712464001511,1.076829099936769
