,discretized_reward_proportion,interconnectivity_strength_mean,interconnectivity_strength_err
0,0.1,45.426651190020586,8.126062285226409
1,0.30000000000000004,39.30819537481589,14.80194915434225
2,0.5000000000000001,39.1065542699236,8.969795545250633
3,0.7000000000000001,19.549759098509277,4.00582248617532
4,0.9000000000000001,15.571949126405729,3.542668810530665
