,discretized_reward_proportion,interconnectivity_strength_mean,interconnectivity_strength_err
0,0.1,60.56821641610155,14.712320912376894
1,0.30000000000000004,76.55299377508037,15.277717434913002
2,0.5000000000000001,36.47498492849995,12.674265613104373
3,0.7000000000000001,24.778642684225716,4.061120992267223
4,0.9000000000000001,55.233782595965494,4.401730322849437
