,discretized_reward_proportion,interconnectivity_strength_mean,interconnectivity_strength_err
0,0.1,32.59585066715199,1.0832120126510538
1,0.30000000000000004,23.058401627990875,1.8504536849932156
2,0.5000000000000001,21.754060744493202,1.7959557827990376
3,0.7000000000000001,19.81240138916051,3.7402531844976066
4,0.9000000000000001,8.230109372367652,0.5516295036317967
