,discretized_reward_proportion,interconnectivity_strength_mean,interconnectivity_strength_err
0,0.1,2.9423479447086067,0.48776183272534096
1,0.30000000000000004,7.255853627016427,1.1035472102282944
2,0.5000000000000001,13.050281681283051,1.0272383942999008
3,0.7000000000000001,10.334417171516858,0.7050880014610156
4,0.9000000000000001,7.828348478671349,0.23665963843601126
