,discretized_reward_proportion,interconnectivity_strength_mean,interconnectivity_strength_err
0,0.1,20.928783452699356,2.106562829668003
1,0.30000000000000004,21.8006384152908,1.6097023138648898
2,0.5000000000000001,14.839781539726198,0.9541025392334018
3,0.7000000000000001,12.281610448418213,0.8598813655252142
4,0.9000000000000001,13.400124305476869,0.909366364000072
