,discretized_reward_proportion,interconnectivity_strength_mean,interconnectivity_strength_err
0,0.1,27.373369157185486,4.136692861429131
1,0.30000000000000004,33.84859407077212,4.897029624181352
2,0.5000000000000001,40.96837463783772,7.663741322590336
3,0.7000000000000001,63.27809822463135,7.860934161166753
4,0.9000000000000001,97.39924465514903,9.609989091242902
