,discretized_reward_proportion,interconnectivity_strength_mean,interconnectivity_strength_err
0,0.1,11.787180483327042,11.364556297633637
1,0.30000000000000004,102.18117186392637,34.87518229615184
2,0.5000000000000001,109.55668304109508,39.35344585616482
3,0.7000000000000001,104.66138391570998,25.979017209417066
4,0.9000000000000001,51.7986166539608,15.28544298891961
