,discretized_reward_proportion,interconnectivity_strength_mean,interconnectivity_strength_err
0,0.1,9.73611731812031,1.1153066278999073
1,0.30000000000000004,14.933494938531599,2.009109933789609
2,0.5000000000000001,9.856862253195251,0.6737647222272153
3,0.7000000000000001,10.462162923273999,0.46260026786053454
4,0.9000000000000001,14.089564117547553,0.7878666265759212
