,discretized_reward_proportion,interconnectivity_strength_mean,interconnectivity_strength_err
0,0.1,19.940484150175756,1.7036883612398162
1,0.30000000000000004,22.564116277768143,1.8146159940376956
2,0.5000000000000001,18.482127141325535,2.8293173531344844
3,0.7000000000000001,10.443960628029517,1.7565742308536745
4,0.9000000000000001,8.195693128767623,1.3924159474683973
