,discretized_reward_proportion,interconnectivity_strength_mean,interconnectivity_strength_err
0,0.1,17.450051983598197,0.39647353169887173
1,0.30000000000000004,15.53579885278963,0.3428529549929252
2,0.5000000000000001,15.543215808877827,0.9490997779557162
3,0.7000000000000001,11.262873417266636,0.7085895147280397
4,0.9000000000000001,14.266757707710335,1.3881193020355669
