,discretized_reward_proportion,interconnectivity_strength_mean,interconnectivity_strength_err
0,0.1,63.140197875803835,11.094052855608933
1,0.30000000000000004,43.056527464972184,6.192623804545336
2,0.5000000000000001,14.809915621278332,4.230739238397031
3,0.7000000000000001,18.298013291823654,2.521563794358977
4,0.9000000000000001,6.575848994227229,0.8984883474669894
