,discretized_reward_proportion,interconnectivity_strength_mean,interconnectivity_strength_err
0,0.1,5.660642840244059,0.5439511171153482
1,0.30000000000000004,7.086986209983335,0.33506511198672395
2,0.5000000000000001,6.343795444471844,0.3826227103929429
3,0.7000000000000001,7.373523761095584,0.42629347962913644
4,0.9000000000000001,6.196632050299783,0.4154893301150729
