,discretized_reward_proportion,interconnectivity_strength_mean,interconnectivity_strength_err
0,0.1,21.29956834183214,3.8207470863180717
1,0.30000000000000004,15.951608827421277,3.3523967559674372
2,0.5000000000000001,11.476580979439229,2.1357513938243624
3,0.7000000000000001,8.344415602096863,1.3992808364144667
4,0.9000000000000001,7.660499785590309,0.6632008399788181
