,discretized_reward_proportion,interconnectivity_strength_mean,interconnectivity_strength_err
0,0.1,10.339574784412507,0.4649331758990023
1,0.30000000000000004,13.968863297699793,1.902015797646879
2,0.5000000000000001,20.507654313215458,1.7147731565177884
3,0.7000000000000001,15.081110257299818,1.2488169552770236
4,0.9000000000000001,17.29674920550236,1.4363309490789922
