,discretized_reward_proportion,interconnectivity_strength_mean,interconnectivity_strength_err
0,0.1,50.680709113362,2.7731813276195254
1,0.30000000000000004,47.42076148053311,2.6040974184287298
2,0.5000000000000001,28.342697005917366,2.388730610614261
3,0.7000000000000001,31.872200178995374,2.5981925923269165
4,0.9000000000000001,,
