,discretized_reward_proportion,interconnectivity_strength_mean,interconnectivity_strength_err
0,0.1,5.542748020657478,0.6575929197044357
1,0.30000000000000004,24.063257796969744,5.739133572047023
2,0.5000000000000001,11.770184630640466,1.7105139897137267
3,0.7000000000000001,9.372827773034999,1.355756160441959
4,0.9000000000000001,6.6900836435135,0.7075073101674577
