,discretized_reward_proportion,interconnectivity_strength_mean,interconnectivity_strength_err
0,0.1,20.070725219908912,0.769410794052047
1,0.30000000000000004,17.528879544455258,0.8528033628211203
2,0.5000000000000001,14.42677977120771,0.7043402883315082
3,0.7000000000000001,13.189352727864051,1.1060575079737012
4,0.9000000000000001,8.221072241275216,0.26963944823190455
