,discretized_reward_proportion,interconnectivity_strength_mean,interconnectivity_strength_err
0,0.1,10.912421273762321,0.1885112248166138
1,0.30000000000000004,9.962648618252068,0.4209420839003765
2,0.5000000000000001,9.331214391917324,0.5007692494017103
3,0.7000000000000001,7.497820293006052,0.33437517573458425
4,0.9000000000000001,6.30503734660548,0.2558112191128294
