,discretized_reward_proportion,interconnectivity_strength_mean,interconnectivity_strength_err
0,0.1,391.65630470014474,81.12892290280925
1,0.30000000000000004,36.718465885579455,7.455601492194132
2,0.5000000000000001,37.128823603205866,10.631619949987321
3,0.7000000000000001,40.853072690083515,7.292995523986496
4,0.9000000000000001,37.501044818334975,6.815952812808691
