,discretized_reward_proportion,interconnectivity_strength_mean,interconnectivity_strength_err
0,0.1,43.30586987573773,2.7208383343593034
1,0.30000000000000004,40.529933992966114,3.0850543071086345
2,0.5000000000000001,30.50568415110503,3.8402177381955305
3,0.7000000000000001,14.948871772818903,1.5778051395366812
4,0.9000000000000001,,
