,discretized_reward_proportion,interconnectivity_strength_mean,interconnectivity_strength_err
0,0.1,25.523432159323487,2.904518361307012
1,0.30000000000000004,17.283435278109415,3.3945555728175125
2,0.5000000000000001,30.380576894714185,5.234000739474061
3,0.7000000000000001,21.083116648200935,7.638327358736483
4,0.9000000000000001,0.0,0.0
