,discretized_reward_proportion,interconnectivity_strength_mean,interconnectivity_strength_err
0,0.1,11.01762298396422,0.7425293626571883
1,0.30000000000000004,9.228990603037438,0.5948461528319616
2,0.5000000000000001,8.496909285661214,0.6746186374661794
3,0.7000000000000001,7.029735081296731,0.32939276852343924
4,0.9000000000000001,10.208573026178152,0.6132703748256205
