,discretized_reward_proportion,interconnectivity_strength_mean,interconnectivity_strength_err
0,0.1,27.811873278015852,2.415065960432446
1,0.30000000000000004,26.193671423759657,2.117205016528347
2,0.5000000000000001,15.106006439028294,2.76822236414103
3,0.7000000000000001,20.290469379932702,4.478803420597908
4,0.9000000000000001,19.482918636471897,5.947980869179701
