,discretized_reward_proportion,interconnectivity_strength_mean,interconnectivity_strength_err
0,0.1,33.69439102686446,6.1325058918672175
1,0.30000000000000004,26.036401893419317,6.632467582039702
2,0.5000000000000001,19.062779702553698,2.6061070817175196
3,0.7000000000000001,20.129334569275088,4.869559616107068
4,0.9000000000000001,20.758337320027355,1.8116566825120461
