,discretized_reward_proportion,interconnectivity_strength_mean,interconnectivity_strength_err
0,0.1,17.734971573481957,0.7545023239172841
1,0.30000000000000004,22.468582900516328,1.2759861047487009
2,0.5000000000000001,26.32331041370947,3.215616982163599
3,0.7000000000000001,26.29736006312006,2.6176632335084857
4,0.9000000000000001,22.801643660684643,1.5436319076891067
