,discretized_reward_proportion,interconnectivity_strength_mean,interconnectivity_strength_err
0,0.1,58.30915858243566,5.6084664144283405
1,0.30000000000000004,57.93403219351081,4.499500117563376
2,0.5000000000000001,31.568749130316967,2.5823682475821785
3,0.7000000000000001,26.039355522419793,3.4214506667504176
4,0.9000000000000001,3.1547351166299014,2.01557014141987
