,discretized_reward_proportion,interconnectivity_strength_mean,interconnectivity_strength_err
0,0.1,22.64019279861358,1.8912937290177085
1,0.30000000000000004,26.33734749327013,1.8953088024404519
2,0.5000000000000001,22.91617144665277,1.781912214441532
3,0.7000000000000001,18.9888725426088,1.2182071172908069
4,0.9000000000000001,19.659783033074536,1.1273582480588873
