,discretized_reward_proportion,interconnectivity_strength_mean,interconnectivity_strength_err
0,0.1,32.98362675912,7.577470722070843
1,0.30000000000000004,64.37545186586553,16.873841147594547
2,0.5000000000000001,108.3599197820354,24.981653827020093
3,0.7000000000000001,27.652134798295034,6.113578727661213
4,0.9000000000000001,22.87324745334513,4.289854980530452
