,discretized_reward_proportion,interconnectivity_strength_mean,interconnectivity_strength_err
0,0.1,6.115304875468081,0.24827148279613287
1,0.30000000000000004,5.159793658333113,0.14581840360472414
2,0.5000000000000001,4.989607298631653,0.1364660678681127
3,0.7000000000000001,4.629599652236698,0.10487869949484598
4,0.9000000000000001,4.251686405396149,0.07123427264527507
