,discretized_reward_proportion,interconnectivity_strength_mean,interconnectivity_strength_err
0,0.1,177.58376016547246,33.40262598450495
1,0.30000000000000004,28.63412107700712,8.772188139165404
2,0.5000000000000001,47.27914528218461,12.272723043741642
3,0.7000000000000001,46.304588411850176,10.857099566424106
4,0.9000000000000001,49.88516168051379,10.497558224631703
