,discretized_reward_proportion,interconnectivity_strength_mean,interconnectivity_strength_err
0,0.1,21.64533701467214,1.895067859200991
1,0.30000000000000004,31.632206876438058,4.981479058370008
2,0.5000000000000001,14.64685185729206,1.3605521698238419
3,0.7000000000000001,11.226777463063229,1.6200376466456263
4,0.9000000000000001,12.80212003831403,0.8398353158960458
