,discretized_reward_proportion,interconnectivity_strength_mean,interconnectivity_strength_err
0,0.1,5.989751717726559,2.299640731858843
1,0.30000000000000004,28.23544622599267,5.709987527224981
2,0.5000000000000001,33.22381023786275,4.24148181711977
3,0.7000000000000001,35.61770898780885,4.75814414692401
4,0.9000000000000001,20.254386721319158,2.5957354742645893
