,discretized_reward_proportion,interconnectivity_strength_mean,interconnectivity_strength_err
0,0.1,17.874416483935406,1.4676918529755743
1,0.30000000000000004,13.134571230700333,1.488949642293551
2,0.5000000000000001,14.057998291576125,2.1931626543675584
3,0.7000000000000001,13.789305053262785,0.8832853197751654
4,0.9000000000000001,11.694907554856027,0.42139966495981707
