,discretized_reward_proportion,interconnectivity_strength_mean,interconnectivity_strength_err
0,0.1,48.87176898108352,4.398531644905039
1,0.30000000000000004,20.64901070040671,3.168827875551439
2,0.5000000000000001,20.186429624015812,2.39643280061396
3,0.7000000000000001,22.65563043362978,4.2082496105597516
4,0.9000000000000001,5.067276169141774,3.198115597113165
