,discretized_reward_proportion,interconnectivity_strength_mean,interconnectivity_strength_err
0,0.1,281.66563304820914,63.69380427948962
1,0.30000000000000004,417.46702361594566,93.02763476638768
2,0.5000000000000001,362.37153725908814,90.56232569990664
3,0.7000000000000001,27.255779805646313,6.243721172261441
4,0.9000000000000001,26.41350288011847,5.051874924730132
