,discretized_reward_proportion,interconnectivity_strength_mean,interconnectivity_strength_err
0,0.1,19.306529581104478,1.1245388342470684
1,0.30000000000000004,21.85656842696681,1.9230709391661607
2,0.5000000000000001,14.740943427870455,1.7744056661502263
3,0.7000000000000001,11.414306014359198,0.4741314155006897
4,0.9000000000000001,13.039478519265783,0.6730127340793212
