,discretized_reward_proportion,interconnectivity_strength_mean,interconnectivity_strength_err
0,0.1,15.237269480130749,1.877876627673542
1,0.30000000000000004,20.502144316305245,2.1906450498332815
2,0.5000000000000001,15.005359850845968,1.4836217439667785
3,0.7000000000000001,12.266387844375853,0.9962502589143328
4,0.9000000000000001,37.42934850819961,6.2844768670225335
