,discretized_reward_proportion,interconnectivity_strength_mean,interconnectivity_strength_err
0,0.1,14.098232863260517,2.296504058877492
1,0.30000000000000004,10.129402003514825,1.1571503202877758
2,0.5000000000000001,5.133229133275451,0.8882503944366938
3,0.7000000000000001,4.474057544358095,0.3123133891170442
4,0.9000000000000001,6.035119296410484,0.47144810592154673
