,discretized_reward_proportion,interconnectivity_strength_mean,interconnectivity_strength_err
0,0.1,19.70980401839859,2.240921513359379
1,0.30000000000000004,15.008386106556328,1.7513058954083782
2,0.5000000000000001,14.154268189548322,1.2911903798728093
3,0.7000000000000001,14.894225779429409,1.2303789467862634
4,0.9000000000000001,19.49927614709687,2.945451121292655
