,discretized_reward_proportion,interconnectivity_strength_mean,interconnectivity_strength_err
0,0.1,18.243798390315035,0.8298781937198928
1,0.30000000000000004,10.334044301763447,1.5335121961374425
2,0.5000000000000001,20.202457899015517,2.9053491091424846
3,0.7000000000000001,23.534221010872365,3.314049980122414
4,0.9000000000000001,24.486089739465847,2.5594991932890006
