,discretized_reward_proportion,interconnectivity_strength_mean,interconnectivity_strength_err
0,0.1,6.866630816149439,0.3412449266440564
1,0.30000000000000004,6.069205407217513,0.2518318251340111
2,0.5000000000000001,5.964651827926043,0.25450748381982985
3,0.7000000000000001,5.241889728107943,0.1323216614378437
4,0.9000000000000001,5.463429742558344,0.11071237137931952
