,discretized_reward_proportion,interconnectivity_strength_mean,interconnectivity_strength_err
0,0.1,0.9460649489576833,0.513386210057544
1,0.30000000000000004,1.8691304713365335,0.8178175162242017
2,0.5000000000000001,20.24181639504792,5.6657282632017525
3,0.7000000000000001,21.363963066203663,3.022209534598432
4,0.9000000000000001,6.445412821312561,1.4586386733754375
