,discretized_reward_proportion,interconnectivity_strength_mean,interconnectivity_strength_err
0,0.1,8.317898726583488,0.8584970614163691
1,0.30000000000000004,9.049358200283615,1.0943419289231624
2,0.5000000000000001,24.694466401711654,3.661404485025894
3,0.7000000000000001,17.98962549810506,1.7793015252756288
4,0.9000000000000001,15.751923747095734,1.5361811646885757
