,discretized_reward_proportion,interconnectivity_strength_mean,interconnectivity_strength_err
0,0.1,21.260515952818118,12.891792227619906
1,0.30000000000000004,78.11608147145212,12.181721889483295
2,0.5000000000000001,35.001991599330346,9.851668337414909
3,0.7000000000000001,53.58671810677556,5.844310088569609
4,0.9000000000000001,50.307612312947676,5.030219427976723
