,discretized_reward_proportion,interconnectivity_strength_mean,interconnectivity_strength_err
0,0.1,27.875532532561706,2.6597280890435333
1,0.30000000000000004,25.25257458667118,1.3869148807271
2,0.5000000000000001,18.63891476286659,1.621163060128751
3,0.7000000000000001,15.87601981483862,0.8867913645940206
4,0.9000000000000001,20.832416851340497,1.3246056986714403
