,discretized_reward_proportion,interconnectivity_strength_mean,interconnectivity_strength_err
0,0.1,18.702592550189895,1.3545156178032471
1,0.30000000000000004,19.96368560118134,1.1366980083367586
2,0.5000000000000001,18.599228167663792,1.4396676443142418
3,0.7000000000000001,21.25326207637351,1.4162521189306814
4,0.9000000000000001,19.848692053108696,1.3943514002869126
