,discretized_reward_proportion,interconnectivity_strength_mean,interconnectivity_strength_err
0,0.1,33.172603396412306,2.6549044968446927
1,0.30000000000000004,29.054196396581723,3.810152025664108
2,0.5000000000000001,30.16718760983776,6.2796637985249815
3,0.7000000000000001,34.87980894467976,3.8132042685100727
4,0.9000000000000001,26.133893049383595,2.088946206411072
