,discretized_reward_proportion,interconnectivity_strength_mean,interconnectivity_strength_err
0,0.1,37.193248509538726,7.235387003256392
1,0.30000000000000004,57.219250294353785,4.733063480787605
2,0.5000000000000001,35.34583926899137,2.9906855689009246
3,0.7000000000000001,46.83642533719018,4.822360371719771
4,0.9000000000000001,66.00264561089368,5.85582151876693
