,discretized_reward_proportion,interconnectivity_strength_mean,interconnectivity_strength_err
0,0.1,2.678046287745727,0.8853025180479797
1,0.30000000000000004,44.55656891679422,11.519313573715603
2,0.5000000000000001,37.849797351845076,7.7908917537167275
3,0.7000000000000001,22.608848393900765,4.104992254408945
4,0.9000000000000001,24.985354051932877,5.066729583905585
