,discretized_reward_proportion,interconnectivity_strength_mean,interconnectivity_strength_err
0,0.1,37.95484985108989,1.42744498645393
1,0.30000000000000004,32.43663780839358,2.040649389249172
2,0.5000000000000001,33.855239327655354,5.930381906896169
3,0.7000000000000001,29.212086960149797,7.008391719907635
4,0.9000000000000001,36.796392357732984,15.527198138870403
