,discretized_reward_proportion,interconnectivity_strength_mean,interconnectivity_strength_err
0,0.1,9.516947759186587,0.34659097310230325
1,0.30000000000000004,9.034785291867532,0.47801248450382516
2,0.5000000000000001,7.25157421404416,0.23736807529246987
3,0.7000000000000001,7.43657510132639,0.6358466884745274
4,0.9000000000000001,7.636733039419291,0.2921033393958915
