,discretized_reward_proportion,interconnectivity_strength_mean,interconnectivity_strength_err
0,0.1,54.72678421130683,11.536967323295823
1,0.30000000000000004,25.883544591208555,9.414607889908417
2,0.5000000000000001,23.086255025162643,5.280435755092447
3,0.7000000000000001,37.03922235392239,5.805146682964122
4,0.9000000000000001,53.99021329885095,8.381078067283811
