,discretized_reward_proportion,interconnectivity_strength_mean,interconnectivity_strength_err
0,0.1,86.33075038299333,4.93762241926468
1,0.30000000000000004,68.3828728130267,7.249604410741614
2,0.5000000000000001,54.710188551249374,8.113818807119037
3,0.7000000000000001,17.18906312563902,4.17245408082574
4,0.9000000000000001,2.0154848921941433,1.646407002848877
