,discretized_reward_proportion,interconnectivity_strength_mean,interconnectivity_strength_err
0,0.1,11.434856664527066,1.1346685405811072
1,0.30000000000000004,11.566640302132807,0.9083913941429909
2,0.5000000000000001,9.43092246702036,1.2249195421215906
3,0.7000000000000001,8.809551815036505,0.4663379612689374
4,0.9000000000000001,11.885648731888626,0.7910771138580873
