,discretized_reward_proportion,interconnectivity_strength_mean,interconnectivity_strength_err
0,0.1,80.10996492977938,7.88842113769465
1,0.30000000000000004,65.46418755273085,7.596987954820765
2,0.5000000000000001,47.75746285779901,6.36539250702204
3,0.7000000000000001,101.67745037879241,24.54063578817818
4,0.9000000000000001,39.53952516621432,10.139739517724733
