,discretized_reward_proportion,interconnectivity_strength_mean,interconnectivity_strength_err
0,0.1,41.541973671540454,10.271845014431216
1,0.30000000000000004,226.57966397312222,90.68655117724329
2,0.5000000000000001,146.01325455515,53.56567926455687
3,0.7000000000000001,66.57490638976022,14.238783857084231
4,0.9000000000000001,29.780245644477162,3.0788479290374315
