,discretized_reward_proportion,interconnectivity_strength_mean,interconnectivity_strength_err
0,0.1,27.378392043147706,1.405286006469351
1,0.30000000000000004,15.426593819072341,1.94585952596209
2,0.5000000000000001,9.675519049374868,0.8475018998084399
3,0.7000000000000001,7.478077023077906,1.069345795499396
4,0.9000000000000001,3.8746772104311265,0.4960985750772393
