,discretized_reward_proportion,interconnectivity_strength_mean,interconnectivity_strength_err
0,0.1,3.27710247896138,0.09760755555814059
1,0.30000000000000004,4.713488422838455,0.2866523437756107
2,0.5000000000000001,6.599378666223056,0.32095474811201735
3,0.7000000000000001,6.869299836539398,0.18426034677667782
4,0.9000000000000001,5.999605188110044,0.2155543979077752
