,discretized_reward_proportion,interconnectivity_strength_mean,interconnectivity_strength_err
0,0.1,11.337424607107717,1.1424699635469284
1,0.30000000000000004,25.48850922496547,3.6548883059586124
2,0.5000000000000001,35.19916557164717,3.82934001096752
3,0.7000000000000001,37.58977912015024,3.356893330712447
4,0.9000000000000001,29.766523440675826,3.0015267414763764
