,discretized_reward_proportion,interconnectivity_strength_mean,interconnectivity_strength_err
0,0.1,157.85791676906354,13.915491456089029
1,0.30000000000000004,68.09713854589087,12.59596903054867
2,0.5000000000000001,131.54218552128768,38.52080113542068
3,0.7000000000000001,392.90815676060845,116.16275699232611
4,0.9000000000000001,43.7527120080511,43.349659664543005
