,discretized_reward_proportion,interconnectivity_strength_mean,interconnectivity_strength_err
0,0.1,7.360381244180047,1.2203918389337394
1,0.30000000000000004,13.159201306576023,1.6118866424578784
2,0.5000000000000001,15.39974270396709,1.5160387350697961
3,0.7000000000000001,22.346072581449896,2.146023719257823
4,0.9000000000000001,29.049359670202897,2.088312457730456
