,discretized_reward_proportion,interconnectivity_strength_mean,interconnectivity_strength_err
0,0.1,5.7492969201799164,0.2054550122648061
1,0.30000000000000004,23.239909442267702,7.748076034648456
2,0.5000000000000001,17.694056356762385,3.1989243648067607
3,0.7000000000000001,20.52598310885869,1.7487614948654335
4,0.9000000000000001,20.367972045043036,2.294475293326833
