,discretized_reward_proportion,interconnectivity_strength_mean,interconnectivity_strength_err
0,0.1,4.6335724521700845,0.17940203674316135
1,0.30000000000000004,10.849153651018206,2.61132008238818
2,0.5000000000000001,10.76826306683101,1.5345303066211524
3,0.7000000000000001,16.864991276880406,1.4941795760244967
4,0.9000000000000001,9.803695312531222,0.923193817484032
