,discretized_reward_proportion,interconnectivity_strength_mean,interconnectivity_strength_err
0,0.1,45.88007735361547,5.827489448630274
1,0.30000000000000004,51.588683133955485,8.242321685287756
2,0.5000000000000001,109.35639771411974,19.51956833822257
3,0.7000000000000001,48.330020232883726,9.530975734193058
4,0.9000000000000001,35.047657458061636,3.6703568147210253
