,discretized_reward_proportion,interconnectivity_strength_mean,interconnectivity_strength_err
0,0.1,32.218106822477736,4.306636737184387
1,0.30000000000000004,9.471372870199902,1.8697694031418006
2,0.5000000000000001,13.994234413406321,1.4193717917832442
3,0.7000000000000001,6.08019464264685,1.2487389369545796
4,0.9000000000000001,9.137500992357097,1.3735428985942735
