,discretized_reward_proportion,interconnectivity_strength_mean,interconnectivity_strength_err
0,0.1,26.007153395959776,7.0439963349710375
1,0.30000000000000004,11.051309119170034,2.9346612894525648
2,0.5000000000000001,24.982862490712034,5.149257262416211
3,0.7000000000000001,18.561019529003584,4.192324609059594
4,0.9000000000000001,13.20970426822581,0.9398582445668078
