,discretized_reward_proportion,interconnectivity_strength_mean,interconnectivity_strength_err
0,0.1,17.694931159782705,1.2587657112854698
1,0.30000000000000004,17.074303989547754,2.344624795469092
2,0.5000000000000001,31.62950221567376,6.2890585541025406
3,0.7000000000000001,28.72965776282544,3.786530956009088
4,0.9000000000000001,36.385778150889166,4.790313318443188
