,discretized_reward_proportion,interconnectivity_strength_mean,interconnectivity_strength_err
0,0.1,23.075908001015026,2.6372799185710996
1,0.30000000000000004,8.142145504797162,2.446743665523005
2,0.5000000000000001,5.6215201699382416,1.65395500253254
3,0.7000000000000001,30.74728303644461,9.888748764047161
4,0.9000000000000001,41.41655233016677,10.708440657427312
