,discretized_reward_proportion,interconnectivity_strength_mean,interconnectivity_strength_err
0,0.1,25.917075373600237,4.040408053066098
1,0.30000000000000004,83.74533486665857,15.640591394737264
2,0.5000000000000001,53.662803452405264,15.05189684461196
3,0.7000000000000001,4.52226055421074,2.4982860294879297
4,0.9000000000000001,0.10638297872340426,0.044974139273951275
