,discretized_reward_proportion,interconnectivity_strength_mean,interconnectivity_strength_err
0,0.1,14.062988078164263,0.8826898196384637
1,0.30000000000000004,13.199770106917216,0.606665103813971
2,0.5000000000000001,11.401710916060754,0.6688214339468906
3,0.7000000000000001,12.169364288274794,0.35611722262324447
4,0.9000000000000001,13.519521060363376,0.4460616232102182
