,discretized_reward_proportion,interconnectivity_strength_mean,interconnectivity_strength_err
0,0.1,3.5770129062778184,0.12987571795682257
1,0.30000000000000004,3.965328045568768,0.38372269534856374
2,0.5000000000000001,35.14632222273942,5.4316524979961756
3,0.7000000000000001,22.504459469329163,2.889075542723569
4,0.9000000000000001,18.917725896679197,2.1950611185307842
