,discretized_reward_proportion,interconnectivity_strength_mean,interconnectivity_strength_err
0,0.1,11.745390840779587,2.358087824939899
1,0.30000000000000004,60.83188818142466,16.038575947769257
2,0.5000000000000001,49.05809969506713,7.1934312904134865
3,0.7000000000000001,61.07432963020311,13.71307727566097
4,0.9000000000000001,2.0106904094294014,1.9644614618723792
