,discretized_reward_proportion,interconnectivity_strength_mean,interconnectivity_strength_err
0,0.1,32.9278465573342,2.7605592603026796
1,0.30000000000000004,35.074294498896805,5.673266538136442
2,0.5000000000000001,52.851808635275795,9.070451824786396
3,0.7000000000000001,62.96519198652666,16.351054156605063
4,0.9000000000000001,119.02719043279814,23.806668551500824
