,discretized_reward_proportion,interconnectivity_strength_mean,interconnectivity_strength_err
0,0.1,4.8171514677946865,0.14959214943441845
1,0.30000000000000004,4.766911004515584,0.18568731997334698
2,0.5000000000000001,4.046176791864096,0.12711634388859416
3,0.7000000000000001,4.008942205023198,0.08315988697726232
4,0.9000000000000001,4.342535588893685,0.096883823742532
