,discretized_reward_proportion,interconnectivity_strength_mean,interconnectivity_strength_err
0,0.1,43.66494928081483,4.32755302816616
1,0.30000000000000004,36.65380379690441,5.687508715869278
2,0.5000000000000001,14.43482911040202,4.360869704409822
3,0.7000000000000001,7.639914242911972,5.050399351004941
4,0.9000000000000001,0.0,0.0
