,discretized_reward_proportion,interconnectivity_strength_mean,interconnectivity_strength_err
0,0.1,5.51612949074343,0.3030593865868702
1,0.30000000000000004,5.709771713802876,0.42426773300496406
2,0.5000000000000001,10.44774139980385,1.0718138207303451
3,0.7000000000000001,8.267244211642362,0.5351237988995843
4,0.9000000000000001,9.705054458014608,1.155216041319895
