,discretized_reward_proportion,interconnectivity_strength_mean,interconnectivity_strength_err
0,0.1,9.981858355456424,0.7282902520838072
1,0.30000000000000004,10.382788459293085,0.6498748009449119
2,0.5000000000000001,7.268348709985739,0.26310194019056893
3,0.7000000000000001,6.990505246722195,0.1369116690826866
4,0.9000000000000001,8.489998990839116,0.27704246538417215
