,discretized_reward_proportion,interconnectivity_strength_mean,interconnectivity_strength_err
0,0.1,6.083456918977671,0.2383213930274562
1,0.30000000000000004,8.755809046032367,1.4089721105013957
2,0.5000000000000001,12.96978427647316,1.8927716560220895
3,0.7000000000000001,6.51559473583357,0.5569080306420309
4,0.9000000000000001,7.071506063202841,0.751576616949863
