,discretized_reward_proportion,interconnectivity_strength_mean,interconnectivity_strength_err
0,0.1,91.05212985270283,16.968418769150436
1,0.30000000000000004,29.790208261744333,5.381947103297337
2,0.5000000000000001,29.93456062228719,6.283309944293227
3,0.7000000000000001,64.72326215097148,9.918106783466314
4,0.9000000000000001,56.719595207005646,7.26443262410579
