,discretized_reward_proportion,interconnectivity_strength_mean,interconnectivity_strength_err
0,0.1,1.819387290186326,0.29289635239346934
1,0.30000000000000004,177.03885794623693,62.62519303719675
2,0.5000000000000001,105.82310517764073,26.939362109222706
3,0.7000000000000001,4.176809040327388,2.4587090438872736
4,0.9000000000000001,3.710381510704045,1.570544701722396
