,discretized_reward_proportion,interconnectivity_strength_mean,interconnectivity_strength_err
0,0.1,32.16363122515268,1.551428322465662
1,0.30000000000000004,29.27343935732805,2.6914738372743887
2,0.5000000000000001,23.29707602821455,2.3390005716450695
3,0.7000000000000001,11.156174483272427,0.760353843322312
4,0.9000000000000001,9.56897287722157,0.6705771434190786
