,discretized_reward_proportion,interconnectivity_strength_mean,interconnectivity_strength_err
0,0.1,34.68857192237535,6.992803849827415
1,0.30000000000000004,122.43660089580936,22.75096111851849
2,0.5000000000000001,178.6886314705542,45.89443619614524
3,0.7000000000000001,40.094561717314086,9.892787901584331
4,0.9000000000000001,19.329259408531577,4.750593503628062
