,discretized_reward_proportion,interconnectivity_strength_mean,interconnectivity_strength_err
0,0.1,7.530103095211079,0.21741314635227094
1,0.30000000000000004,6.7823680394669035,0.21500600276869125
2,0.5000000000000001,7.13709309695567,0.2694993172678305
3,0.7000000000000001,6.529319748254898,0.1949279794985661
4,0.9000000000000001,6.2174245338067236,0.20204852011428154
