,discretized_reward_proportion,interconnectivity_strength_mean,interconnectivity_strength_err
0,0.1,14.984277182768427,1.2658307385330618
1,0.30000000000000004,9.81518369974749,0.7495372077649272
2,0.5000000000000001,10.225633717340752,0.8830909155013797
3,0.7000000000000001,12.302886612261478,1.79841273486614
4,0.9000000000000001,30.11677233194374,5.014286085840448
