,discretized_reward_proportion,interconnectivity_strength_mean,interconnectivity_strength_err
0,0.1,25.445835120360655,5.329340407814312
1,0.30000000000000004,29.47365130158544,7.527646940199634
2,0.5000000000000001,43.253321357727536,8.09808063385087
3,0.7000000000000001,28.785792734972162,6.078774454009984
4,0.9000000000000001,25.521933289746716,4.742698028954077
