,discretized_reward_proportion,interconnectivity_strength_mean,interconnectivity_strength_err
0,0.1,0.0,0.0
1,0.30000000000000004,0.0,0.0
2,0.5000000000000001,2.334947299957734,1.2954576849891428
3,0.7000000000000001,4.257263097286859,0.9729931539709681
4,0.9000000000000001,4.497238637248729,0.9718945048078514
