,discretized_reward_proportion,interconnectivity_strength_mean,interconnectivity_strength_err
0,0.1,16.306891272758197,1.808061943319852
1,0.30000000000000004,12.674079092965595,1.7790498837609394
2,0.5000000000000001,22.312948304266747,2.735759051467092
3,0.7000000000000001,11.671841924744227,2.512659949654532
4,0.9000000000000001,2.516332355813874,0.9870465152549903
