,discretized_reward_proportion,interconnectivity_strength_mean,interconnectivity_strength_err
0,0.1,18.77851654034362,1.6713054445371158
1,0.30000000000000004,21.194811023493074,2.8186815542368233
2,0.5000000000000001,24.96990261550489,2.7447079597263153
3,0.7000000000000001,6.925612884623241,0.7764986880043231
4,0.9000000000000001,5.339208796118564,0.3044910713436401
