,discretized_reward_proportion,interconnectivity_strength_mean,interconnectivity_strength_err
0,0.1,28.858154713879912,4.303169911597507
1,0.30000000000000004,27.208140686833246,6.473042923934486
2,0.5000000000000001,36.054805922331404,6.197575442435518
3,0.7000000000000001,36.26744130911802,3.154146963811417
4,0.9000000000000001,44.5778753179703,3.256487584643592
