,discretized_reward_proportion,interconnectivity_strength_mean,interconnectivity_strength_err
0,0.1,17.135583414415713,0.6217503665722555
1,0.30000000000000004,12.585789126039657,1.0139369005075625
2,0.5000000000000001,9.213579762671161,0.574128210232795
3,0.7000000000000001,9.992686468541152,0.48178893555063645
4,0.9000000000000001,6.4289132549073065,0.25066787703950866
