,discretized_reward_proportion,interconnectivity_strength_mean,interconnectivity_strength_err
0,0.1,88.1361807752898,25.852945585563134
1,0.30000000000000004,481.3770986637191,82.84672569187218
2,0.5000000000000001,146.48392889656375,77.18166727338445
3,0.7000000000000001,106.29642442788547,18.049932672970534
4,0.9000000000000001,90.46048958074918,21.159450341511103
