,discretized_reward_proportion,interconnectivity_strength_mean,interconnectivity_strength_err
0,0.1,21.315364841901214,1.7577899664519825
1,0.30000000000000004,24.11799817304881,3.6119463982507027
2,0.5000000000000001,14.504401996093042,1.531068215987543
3,0.7000000000000001,5.3225311730343705,0.3867491942286353
4,0.9000000000000001,5.0376807775438435,0.20042485164586152
