,discretized_reward_proportion,interconnectivity_strength_mean,interconnectivity_strength_err
0,0.1,15.582961607224016,2.458797402392315
1,0.30000000000000004,9.458666123151524,2.0352244853814043
2,0.5000000000000001,6.929555163302974,1.2108411788404068
3,0.7000000000000001,5.29958249599426,0.4062689624220784
4,0.9000000000000001,5.909643273861424,0.3290110225824594
