,discretized_reward_proportion,interconnectivity_strength_mean,interconnectivity_strength_err
0,0.1,14.52486474013806,1.9853368125665
1,0.30000000000000004,13.367349462642093,2.285570159949449
2,0.5000000000000001,8.138096508287108,2.0242920208136224
3,0.7000000000000001,8.348903204856873,3.385715006260917
4,0.9000000000000001,4.420454297575412,2.980279971852832
