,discretized_reward_proportion,interconnectivity_strength_mean,interconnectivity_strength_err
0,0.1,9.411576776959805,0.7653555313331595
1,0.30000000000000004,70.49961374141212,34.02784185071498
2,0.5000000000000001,368.049433333174,88.52912012617873
3,0.7000000000000001,51.329634897641846,43.47966652010216
4,0.9000000000000001,1.5906378756060797,0.6010701246799812
