,discretized_reward_proportion,interconnectivity_strength_mean,interconnectivity_strength_err
0,0.1,95.99708688985069,13.97447931136185
1,0.30000000000000004,59.623353220160226,8.329241211089577
2,0.5000000000000001,74.78050567298303,11.905277866027564
3,0.7000000000000001,49.25638202130539,8.331502315949592
4,0.9000000000000001,60.7244946577739,10.793901023239771
