,discretized_reward_proportion,interconnectivity_strength_mean,interconnectivity_strength_err
0,0.1,14.284857407415135,0.4451941029093873
1,0.30000000000000004,13.860871170949146,1.4693509472745343
2,0.5000000000000001,16.7646538813889,2.1537948972498855
3,0.7000000000000001,12.171618145740068,2.1050331413960746
4,0.9000000000000001,10.027145906155045,0.6457420621279637
