,discretized_reward_proportion,interconnectivity_strength_mean,interconnectivity_strength_err
0,0.1,13.571682196683476,1.0815840862125712
1,0.30000000000000004,11.421254149152645,0.5833409803814651
2,0.5000000000000001,11.721939613553031,0.5453867575053374
3,0.7000000000000001,15.22342680445742,1.0829112004636154
4,0.9000000000000001,13.215838813899598,0.9994374489857877
