,discretized_reward_proportion,interconnectivity_strength_mean,interconnectivity_strength_err
0,0.1,0.6722730276478506,0.12107241892260644
1,0.30000000000000004,14.690450642013264,7.470504768477215
2,0.5000000000000001,23.542574440394976,7.4767384485357145
3,0.7000000000000001,34.687243505008915,4.440519594379694
4,0.9000000000000001,27.42975218178333,4.005798035419265
