,discretized_reward_proportion,interconnectivity_strength_mean,interconnectivity_strength_err
0,0.1,10.25957878076722,1.2355532957049427
1,0.30000000000000004,11.268193007724351,0.8709105005344825
2,0.5000000000000001,6.27251141990382,0.28690492494744296
3,0.7000000000000001,5.856568332075078,0.15930780088799282
4,0.9000000000000001,6.202055568455865,0.15886213162696805
