,discretized_reward_proportion,interconnectivity_strength_mean,interconnectivity_strength_err
0,0.1,60.0189909163615,5.030566480694807
1,0.30000000000000004,42.16218053569557,4.624678561531187
2,0.5000000000000001,50.87874584844553,5.4913348790835546
3,0.7000000000000001,27.596764441093185,4.99714703408468
4,0.9000000000000001,9.283700460580892,4.997004453609321
