,discretized_reward_proportion,interconnectivity_strength_mean,interconnectivity_strength_err
0,0.1,4.336180492086607,0.3253689366869972
1,0.30000000000000004,8.29402881326837,1.3754402227870153
2,0.5000000000000001,13.02385806168534,1.0873732999308892
3,0.7000000000000001,14.272551957456253,0.7859310539927451
4,0.9000000000000001,12.612783455448884,0.6668216018474233
