,discretized_reward_proportion,interconnectivity_strength_mean,interconnectivity_strength_err
0,0.1,18.46325103108203,1.267246680152003
1,0.30000000000000004,12.327442874715617,1.3928118560943112
2,0.5000000000000001,14.235463903747656,2.44967176623775
3,0.7000000000000001,9.166132176737712,2.5699150213987143
4,0.9000000000000001,15.18987025045751,1.9896204437144003
