,discretized_reward_proportion,interconnectivity_strength_mean,interconnectivity_strength_err
0,0.1,32.89716376427067,5.880052308220703
1,0.30000000000000004,24.098394729272986,3.7376357413455636
2,0.5000000000000001,13.009945982973838,3.2994378872637875
3,0.7000000000000001,15.267432320123088,3.557587483694963
4,0.9000000000000001,7.219827020817402,1.6388846698441113
