,discretized_reward_proportion,interconnectivity_strength_mean,interconnectivity_strength_err
0,0.1,10.434013097252196,0.6809384375450432
1,0.30000000000000004,14.510068354803295,2.245851694632674
2,0.5000000000000001,17.41763747464169,3.120197991286864
3,0.7000000000000001,7.825368090272448,1.6394850492836788
4,0.9000000000000001,6.843090159125737,1.87921594744743
