,discretized_reward_proportion,interconnectivity_strength_mean,interconnectivity_strength_err
0,0.1,35.31086224461791,6.827886200419312
1,0.30000000000000004,55.05613512377392,8.979705862769043
2,0.5000000000000001,28.5342456422534,4.771985528996801
3,0.7000000000000001,35.306474644588924,4.474065883614527
4,0.9000000000000001,46.93183550941629,4.4520945763516515
