,discretized_reward_proportion,interconnectivity_strength_mean,interconnectivity_strength_err
0,0.1,30.3544271849639,7.417103145510636
1,0.30000000000000004,41.027208119668565,13.62398666176725
2,0.5000000000000001,8.923665238091553,4.306980260983028
3,0.7000000000000001,17.832379887200087,6.383193175045346
4,0.9000000000000001,63.04319697057475,3.3417539800993796
