,discretized_reward_proportion,interconnectivity_strength_mean,interconnectivity_strength_err
0,0.1,19.50164754170087,2.6480763216112435
1,0.30000000000000004,14.629158427100357,2.0213912359035526
2,0.5000000000000001,40.12311863478854,5.779243080710856
3,0.7000000000000001,24.702227295292516,3.771986236002703
4,0.9000000000000001,20.533001179382158,3.042585205465644
