,discretized_reward_proportion,interconnectivity_strength_mean,interconnectivity_strength_err
0,0.1,37.13607567431589,2.2623880378546923
1,0.30000000000000004,36.26982258262818,2.849289775983624
2,0.5000000000000001,26.150331023505302,1.8111943188631803
3,0.7000000000000001,48.83957544262886,6.013127898140076
4,0.9000000000000001,28.78792328874055,3.889666887244225
