,discretized_reward_proportion,interconnectivity_strength_mean,interconnectivity_strength_err
0,0.1,6.54505846358748,0.2160561073823502
1,0.30000000000000004,6.563679562859358,0.3287109225601711
2,0.5000000000000001,8.16703878762524,0.5604233362728619
3,0.7000000000000001,6.185140547781342,0.3736177035575285
4,0.9000000000000001,8.334867627373113,0.5590655938610505
