,discretized_reward_proportion,interconnectivity_strength_mean,interconnectivity_strength_err
0,0.1,11.94602320327659,4.439077170595161
1,0.30000000000000004,10.293549005444966,1.119645655980306
2,0.5000000000000001,12.908107452337914,1.197216030043384
3,0.7000000000000001,5.503489355348036,2.281545354403396
4,0.9000000000000001,0.0,0.0
