,discretized_reward_proportion,interconnectivity_strength_mean,interconnectivity_strength_err
0,0.1,29.003045214286796,2.93658188526508
1,0.30000000000000004,16.14061914965576,0.8538896958118511
2,0.5000000000000001,10.886567397478151,0.6135210440048506
3,0.7000000000000001,8.45678383073291,0.31226407081273266
4,0.9000000000000001,6.916574008546554,0.21560140104217596
