,discretized_reward_proportion,interconnectivity_strength_mean,interconnectivity_strength_err
0,0.1,51.30423092067554,13.991259914709994
1,0.30000000000000004,64.40056347597195,23.172887204495257
2,0.5000000000000001,20.43941985334489,5.406357063597804
3,0.7000000000000001,4.249102775115308,3.9440205867024294
4,0.9000000000000001,0.6382978723404256,0.07008713399186658
