,discretized_reward_proportion,interconnectivity_strength_mean,interconnectivity_strength_err
0,0.1,0.1647723168415391,0.1611505049623445
1,0.30000000000000004,1.594129530996245,0.38364593949744674
2,0.5000000000000001,5.044219237229395,1.0511583157870679
3,0.7000000000000001,5.726445746518304,0.587377333181991
4,0.9000000000000001,6.910412751425746,0.7041202542971857
