,discretized_reward_proportion,interconnectivity_strength_mean,interconnectivity_strength_err
0,0.1,31.30186437222643,1.6802083303526234
1,0.30000000000000004,23.462424762433418,2.0557724612428525
2,0.5000000000000001,14.445196422590861,1.820846475875387
3,0.7000000000000001,14.417021687235044,1.1698637545090453
4,0.9000000000000001,11.378633612131136,0.8790294733684916
