,discretized_reward_proportion,interconnectivity_strength_mean,interconnectivity_strength_err
0,0.1,174.58493986510547,11.191725260850243
1,0.30000000000000004,83.78429867485406,12.214434584583113
2,0.5000000000000001,45.35088661665148,5.73431603706898
3,0.7000000000000001,31.823305977600686,3.653726268881357
4,0.9000000000000001,21.049427645994143,4.885446469417969
