,discretized_reward_proportion,interconnectivity_strength_mean,interconnectivity_strength_err
0,0.1,71.08561522526085,9.687521335228343
1,0.30000000000000004,67.70710664208501,13.073117351273995
2,0.5000000000000001,35.32724005932127,7.9758699264796595
3,0.7000000000000001,47.61168216808583,11.76505172358472
4,0.9000000000000001,30.20127416409822,12.142320940693155
