,discretized_reward_proportion,interconnectivity_strength_mean,interconnectivity_strength_err
0,0.1,10.85083473796689,0.18597771210442454
1,0.30000000000000004,9.625685240935022,0.16138969595026129
2,0.5000000000000001,9.670968567130299,0.2589796774007201
3,0.7000000000000001,12.676475848574928,0.45789719182411964
4,0.9000000000000001,,
