,discretized_reward_proportion,interconnectivity_strength_mean,interconnectivity_strength_err
0,0.1,28.857720916303084,1.7449822075672754
1,0.30000000000000004,33.277031560585804,1.869707348316376
2,0.5000000000000001,30.104736903301763,2.9246544710479774
3,0.7000000000000001,42.51139413781729,5.528168986185805
4,0.9000000000000001,,
