,discretized_reward_proportion,interconnectivity_strength_mean,interconnectivity_strength_err
0,0.1,50.84691048586846,10.683213264333515
1,0.30000000000000004,38.69393251094639,7.818202700266916
2,0.5000000000000001,30.401869375148706,5.591768889580673
3,0.7000000000000001,21.778709416293854,3.212874748180742
4,0.9000000000000001,39.88828800307909,5.524367027068923
