,discretized_reward_proportion,interconnectivity_strength_mean,interconnectivity_strength_err
0,0.1,4.692064938301008,0.21377198765069994
1,0.30000000000000004,6.625606310749383,0.5955311833909759
2,0.5000000000000001,30.05276561005308,6.579229662224214
3,0.7000000000000001,14.048010545042874,2.1522531835053504
4,0.9000000000000001,9.535139028727848,0.44202008354633676
