,discretized_reward_proportion,interconnectivity_strength_mean,interconnectivity_strength_err
0,0.1,229.9978579486841,65.77114232078324
1,0.30000000000000004,148.89378672081193,42.822291780742404
2,0.5000000000000001,50.69604318634593,12.131735952158596
3,0.7000000000000001,51.3096105447489,12.655638571936098
4,0.9000000000000001,28.407431158966766,3.9640883803661215
