,discretized_reward_proportion,interconnectivity_strength_mean,interconnectivity_strength_err
0,0.1,28.509478244798945,3.4906850903632383
1,0.30000000000000004,24.170889035330184,6.897334171174869
2,0.5000000000000001,7.281158754108332,2.139545850594281
3,0.7000000000000001,25.627320452488465,4.795419555340042
4,0.9000000000000001,25.515389672482637,4.668300720106925
