,discretized_reward_proportion,interconnectivity_strength_mean,interconnectivity_strength_err
0,0.1,12.621631923384793,1.1327085531346506
1,0.30000000000000004,8.25133441075839,0.9340057107852721
2,0.5000000000000001,13.479516005749291,2.0655628376052078
3,0.7000000000000001,9.713205251677085,0.6980936452540512
4,0.9000000000000001,8.985655290758304,0.31003415123826544
