,discretized_reward_proportion,interconnectivity_strength_mean,interconnectivity_strength_err
0,0.1,123.05229153718984,17.414054812889713
1,0.30000000000000004,64.84137400685078,20.29322497736301
2,0.5000000000000001,57.51318552928462,7.85370949886741
3,0.7000000000000001,31.855517831775533,3.397686443788378
4,0.9000000000000001,36.55109974093371,3.688456229950505
