,discretized_reward_proportion,interconnectivity_strength_mean,interconnectivity_strength_err
0,0.1,8.691394816553974,0.5402221827306409
1,0.30000000000000004,7.764564736730282,0.35885495503910275
2,0.5000000000000001,7.108032375289375,0.4259855926178648
3,0.7000000000000001,7.265738966088191,0.24741322139987854
4,0.9000000000000001,7.116093591637909,0.1859196803078648
