,discretized_reward_proportion,interconnectivity_strength_mean,interconnectivity_strength_err
0,0.1,16.750508379553445,1.0913243770872803
1,0.30000000000000004,25.44967339471706,4.237610276773733
2,0.5000000000000001,20.692455478753395,4.601514409994804
3,0.7000000000000001,19.763740108570182,5.876440763430288
4,0.9000000000000001,66.758542986205,12.416156802967018
