,discretized_reward_proportion,interconnectivity_strength_mean,interconnectivity_strength_err
0,0.1,37.58626818198427,3.3101626632875645
1,0.30000000000000004,68.34409055219427,5.404598686652511
2,0.5000000000000001,54.37612396072387,7.043918530786856
3,0.7000000000000001,41.99293822510505,2.4037821321491117
4,0.9000000000000001,52.0548358668616,3.842177770447329
