,discretized_reward_proportion,interconnectivity_strength_mean,interconnectivity_strength_err
0,0.1,31.473560358025686,3.977342111657581
1,0.30000000000000004,25.720620026067326,2.8287895150407083
2,0.5000000000000001,23.387757704797703,1.675080537791303
3,0.7000000000000001,22.01747324887505,1.7607913012370915
4,0.9000000000000001,25.878284502273747,2.015327685813138
