,discretized_reward_proportion,interconnectivity_strength_mean,interconnectivity_strength_err
0,0.1,6.048354581477111,0.4989745325637355
1,0.30000000000000004,6.211676505733745,1.053342285944773
2,0.5000000000000001,8.932824790243723,1.0386360473215082
3,0.7000000000000001,10.542425520927793,1.7970031272343572
4,0.9000000000000001,14.408590513462885,3.413266909389258
