,discretized_reward_proportion,interconnectivity_strength_mean,interconnectivity_strength_err
0,0.1,22.955920642960834,3.4064204187233282
1,0.30000000000000004,16.931516664043595,1.9284206558378392
2,0.5000000000000001,14.30892006013308,2.0177658381690957
3,0.7000000000000001,14.275412421624688,1.535501693677887
4,0.9000000000000001,6.420769879513025,0.416193037626022
