,discretized_reward_proportion,interconnectivity_strength_mean,interconnectivity_strength_err
0,0.1,9.14837580349255,0.31410398970777637
1,0.30000000000000004,7.693904093098505,0.1929135983874213
2,0.5000000000000001,7.846839031190524,0.36248684811482806
3,0.7000000000000001,8.190224062610053,0.39950569701393157
4,0.9000000000000001,7.814173652511651,0.27816167229321404
