,discretized_reward_proportion,interconnectivity_strength_mean,interconnectivity_strength_err
0,0.1,16.918667396118806,1.0517349127418465
1,0.30000000000000004,16.513825905538727,1.238733905445613
2,0.5000000000000001,22.242305602506693,2.1629114388983783
3,0.7000000000000001,35.64928060846362,12.65445573020984
4,0.9000000000000001,107.66775300388294,14.429320750362246
