,discretized_reward_proportion,interconnectivity_strength_mean,interconnectivity_strength_err
0,0.1,17.603742146143535,1.8722732529530162
1,0.30000000000000004,27.11447403029501,4.625735842800313
2,0.5000000000000001,27.78851503506543,4.524153115206217
3,0.7000000000000001,16.555291727644203,1.6846070340979102
4,0.9000000000000001,7.425123461835227,0.9767942671527859
