,discretized_reward_proportion,interconnectivity_strength_mean,interconnectivity_strength_err
0,0.1,35.62804856023755,4.001168816217247
1,0.30000000000000004,46.9723913643566,7.44792712445876
2,0.5000000000000001,37.17662255478914,3.2299887432652685
3,0.7000000000000001,39.13350982696665,3.1400464702746382
4,0.9000000000000001,45.72774869708794,3.5024325697893754
