,discretized_reward_proportion,interconnectivity_strength_mean,interconnectivity_strength_err
0,0.1,18.818851026571885,3.3713015900688115
1,0.30000000000000004,17.75180263825087,3.67945459884984
2,0.5000000000000001,16.89349597742201,2.4883762372739957
3,0.7000000000000001,26.504029430772555,3.9363455552272537
4,0.9000000000000001,23.12014222330512,1.6217424112931187
