,discretized_reward_proportion,interconnectivity_strength_mean,interconnectivity_strength_err
0,0.1,990.5893486343667,342.602719445175
1,0.30000000000000004,402.3631679024082,99.71099964626254
2,0.5000000000000001,11.32305864146291,2.0823396985233624
3,0.7000000000000001,23.994508389732815,4.090997540850306
4,0.9000000000000001,13.754800362258853,1.8378350356195592
