,discretized_reward_proportion,interconnectivity_strength_mean,interconnectivity_strength_err
0,0.1,4.04160363518496,0.13391725664750795
1,0.30000000000000004,3.862282112879592,0.20228176112870416
2,0.5000000000000001,4.246128453122705,0.3860811631368704
3,0.7000000000000001,6.496533230874784,0.5152481093023329
4,0.9000000000000001,4.780760518012136,0.39568003400894475
