,discretized_reward_proportion,interconnectivity_strength_mean,interconnectivity_strength_err
0,0.1,9.421710081886479,0.5210592558984152
1,0.30000000000000004,9.176929950154635,0.8043147792168782
2,0.5000000000000001,6.479935259667591,0.21986536537032414
3,0.7000000000000001,11.12869189750111,1.4032170985025345
4,0.9000000000000001,23.11333814964833,2.71495139287291
