,discretized_reward_proportion,interconnectivity_strength_mean,interconnectivity_strength_err
0,0.1,8.158691413807198,0.6637311864146849
1,0.30000000000000004,8.617598688100149,1.583211374757118
2,0.5000000000000001,11.53037497860203,1.200543919102886
3,0.7000000000000001,11.786007337650076,0.6969842389028406
4,0.9000000000000001,9.331254380833323,0.38666434038058545
