,discretized_reward_proportion,interconnectivity_strength_mean,interconnectivity_strength_err
0,0.1,0.06321839080459771,0.01844872139429555
1,0.30000000000000004,0.265625,0.055208179785556914
2,0.5000000000000001,0.6065573770491803,0.06254775557771691
3,0.7000000000000001,0.8214285714285714,0.07237888244444442
4,0.9000000000000001,0.045454545454545456,0.044409473678108845
