,discretized_reward_proportion,interconnectivity_strength_mean,interconnectivity_strength_err
0,0.1,20.44663034702239,11.497382255985197
1,0.30000000000000004,41.71666797181576,14.472973497716549
2,0.5000000000000001,55.5253963004201,13.430664228372006
3,0.7000000000000001,33.42290825161021,4.332341742602888
4,0.9000000000000001,52.71415373221629,3.7250467324892305
