,discretized_reward_proportion,interconnectivity_strength_mean,interconnectivity_strength_err
0,0.1,42.47286148713315,3.556997349608865
1,0.30000000000000004,16.521317966089253,7.227837702024498
2,0.5000000000000001,26.99397070162699,6.889343867607134
3,0.7000000000000001,44.304001947163336,5.947525497167868
4,0.9000000000000001,28.7867585761618,4.965375905890581
