,discretized_reward_proportion,interconnectivity_strength_mean,interconnectivity_strength_err
0,0.1,220.3607360803259,36.52852050504506
1,0.30000000000000004,15.564775976951028,3.045515250390185
2,0.5000000000000001,16.172006163101326,3.7519259607721867
3,0.7000000000000001,287.4829330387869,174.9754953315638
4,0.9000000000000001,155.52794851438244,38.08540956173267
