,discretized_reward_proportion,interconnectivity_strength_mean,interconnectivity_strength_err
0,0.1,42.87363284466897,5.48190825700684
1,0.30000000000000004,62.963515705961484,6.149854930536959
2,0.5000000000000001,52.09957059254782,12.854149682553421
3,0.7000000000000001,20.681296532862735,5.410784373436577
4,0.9000000000000001,12.328091499485557,1.953746724039762
