,discretized_reward_proportion,interconnectivity_strength_mean,interconnectivity_strength_err
0,0.1,10.351163486878653,0.1635183723736187
1,0.30000000000000004,7.922902437512638,0.39447657934888525
2,0.5000000000000001,6.7245951136505955,0.3624272879347678
3,0.7000000000000001,5.363980092168471,0.1995590050835
4,0.9000000000000001,4.975125549679222,0.1083435033666706
