,discretized_reward_proportion,interconnectivity_strength_mean,interconnectivity_strength_err
0,0.1,11.440194458638034,0.9345582803572001
1,0.30000000000000004,8.992270051137101,0.3169004924041671
2,0.5000000000000001,9.885760572467891,0.3989668552932712
3,0.7000000000000001,10.183079212873437,0.728708417039626
4,0.9000000000000001,10.047962663034307,0.5007004498711884
