,discretized_reward_proportion,interconnectivity_strength_mean,interconnectivity_strength_err
0,0.1,51.55151307151515,6.192024647226388
1,0.30000000000000004,47.522824369960944,4.672364459008735
2,0.5000000000000001,26.540728023882895,2.3012141765087972
3,0.7000000000000001,9.638139776428353,1.8550213919150662
4,0.9000000000000001,27.646714364749165,3.5694453317727106
