,discretized_reward_proportion,interconnectivity_strength_mean,interconnectivity_strength_err
0,0.1,15.269251244608277,2.386488401782554
1,0.30000000000000004,13.550423102983778,2.874319797204483
2,0.5000000000000001,6.620988825842959,0.42033031187013187
3,0.7000000000000001,14.844015496237445,3.3613662132949167
4,0.9000000000000001,12.325468613266741,2.0024625961096376
