,discretized_reward_proportion,interconnectivity_strength_mean,interconnectivity_strength_err
0,0.1,21.329719898463097,1.1908004779039283
1,0.30000000000000004,21.350206953673162,2.559285136305129
2,0.5000000000000001,10.246489947350844,2.343779076120395
3,0.7000000000000001,23.506933567277496,4.866295261478809
4,0.9000000000000001,19.713435300078824,3.6356457011358576
