,discretized_reward_proportion,interconnectivity_strength_mean,interconnectivity_strength_err
0,0.1,13.462856433776446,0.3060450183384659
1,0.30000000000000004,8.380971763606293,0.40477495381450945
2,0.5000000000000001,7.084384460544313,0.23197589127808035
3,0.7000000000000001,6.246720518053317,0.3449084013046178
4,0.9000000000000001,5.106352646782972,0.198362236983861
