,discretized_reward_proportion,interconnectivity_strength_mean,interconnectivity_strength_err
0,0.1,342.84083662368175,40.28967920253789
1,0.30000000000000004,231.2610239205384,29.993379324231718
2,0.5000000000000001,104.69422036819884,13.746341477277277
3,0.7000000000000001,41.59957598261573,8.12019334752331
4,0.9000000000000001,31.33632692389267,9.098490681832207
