,discretized_reward_proportion,interconnectivity_strength_mean,interconnectivity_strength_err
0,0.1,11.045256114169625,0.6858465776380744
1,0.30000000000000004,9.90352725150755,1.2182164172993273
2,0.5000000000000001,16.05690323045459,3.580093427575105
3,0.7000000000000001,28.79185999304707,4.290539804145125
4,0.9000000000000001,42.24782785455659,8.289181719846557
