,discretized_reward_proportion,interconnectivity_strength_mean,interconnectivity_strength_err
0,0.1,8.76314154944669,0.4526744580661873
1,0.30000000000000004,7.036530051487735,0.24294444899739967
2,0.5000000000000001,7.250778091707461,0.2379110650610594
3,0.7000000000000001,6.493310600877454,0.18970466036266162
4,0.9000000000000001,5.752266559308034,0.16223037201905202
