,discretized_reward_proportion,interconnectivity_strength_mean,interconnectivity_strength_err
0,0.1,27.238928006176174,4.237525921679777
1,0.30000000000000004,21.40338607991168,1.6423670194484141
2,0.5000000000000001,15.070899649801733,1.4834004419260511
3,0.7000000000000001,13.638120534002853,1.2933066555475072
4,0.9000000000000001,7.6872290136779196,1.1305244279303042
