,discretized_reward_proportion,interconnectivity_strength_mean,interconnectivity_strength_err
0,0.1,16.99422334569861,1.0013645379110014
1,0.30000000000000004,119.32608985100737,40.50591943964934
2,0.5000000000000001,81.49635678043236,26.444141305763328
3,0.7000000000000001,29.07815121242431,8.99038169346238
4,0.9000000000000001,53.90279721822485,18.554939809829442
