,discretized_reward_proportion,interconnectivity_strength_mean,interconnectivity_strength_err
0,0.1,29.04552216329824,1.943805445882265
1,0.30000000000000004,24.64309277266298,1.2880739602988192
2,0.5000000000000001,16.000094832224374,1.3671346253007004
3,0.7000000000000001,13.027997076318723,1.265881692888426
4,0.9000000000000001,13.723482431696912,1.2146797976255723
