,discretized_reward_proportion,interconnectivity_strength_mean,interconnectivity_strength_err
0,0.1,80.82938063661058,9.34700530005996
1,0.30000000000000004,62.21105421059505,14.613612615384412
2,0.5000000000000001,14.55689544482871,2.0408968847871836
3,0.7000000000000001,7.624812535736636,2.607318022234582
4,0.9000000000000001,0.14893617021276595,0.05193166283277494
