,discretized_reward_proportion,interconnectivity_strength_mean,interconnectivity_strength_err
0,0.1,32.30234254239798,4.023427644272704
1,0.30000000000000004,46.77809535681039,6.52724693860273
2,0.5000000000000001,26.062872118357447,2.58305555777226
3,0.7000000000000001,30.167671672895757,7.605610636252178
4,0.9000000000000001,37.89684850778469,15.408041967228803
