,discretized_reward_proportion,interconnectivity_strength_mean,interconnectivity_strength_err
0,0.1,25.78679272236305,3.3350164334106713
1,0.30000000000000004,25.113541363870226,2.674377583228668
2,0.5000000000000001,10.729125658914036,0.5412426921482101
3,0.7000000000000001,7.566458936850988,0.21384088474455581
4,0.9000000000000001,7.780078720273028,0.28149538761391546
