,discretized_reward_proportion,interconnectivity_strength_mean,interconnectivity_strength_err
0,0.1,7.062123404129929,0.6817621360782347
1,0.30000000000000004,5.025943117913845,0.3272165435274907
2,0.5000000000000001,4.681904665870299,0.15737853855036096
3,0.7000000000000001,4.382844992070973,0.0852071414808995
4,0.9000000000000001,4.001787784474203,0.07148370847846587
