,discretized_reward_proportion,interconnectivity_strength_mean,interconnectivity_strength_err
0,0.1,35.58025260662646,5.15976495770303
1,0.30000000000000004,19.511425506801565,2.2165808815922796
2,0.5000000000000001,8.756865811848746,0.7259294462851834
3,0.7000000000000001,8.036902081131807,0.47598077837595604
4,0.9000000000000001,6.451800180914382,0.3668284696277433
