,discretized_reward_proportion,interconnectivity_strength_mean,interconnectivity_strength_err
0,0.1,0.0,0.0
1,0.30000000000000004,3.2797920392902893,1.9611369654462782
2,0.5000000000000001,6.002280052544596,1.3047094782272917
3,0.7000000000000001,4.25822881584115,1.0481436234551857
4,0.9000000000000001,8.52617542086602,1.3790138873194735
