,discretized_reward_proportion,interconnectivity_strength_mean,interconnectivity_strength_err
0,0.1,21.707290830229308,3.4521883558017556
1,0.30000000000000004,19.68446552494393,2.6115163776260366
2,0.5000000000000001,17.54654715672463,1.2874067944472767
3,0.7000000000000001,14.830507547813555,0.921839021605631
4,0.9000000000000001,11.62042244588555,0.49800786609498837
