,discretized_reward_proportion,interconnectivity_strength_mean,interconnectivity_strength_err
0,0.1,9.496307205267415,1.7391656169149918
1,0.30000000000000004,8.82867399613954,1.180975914321443
2,0.5000000000000001,7.710605995357772,1.2400498351360236
3,0.7000000000000001,5.236325832605171,0.2977356564650519
4,0.9000000000000001,8.009662270650736,0.9970227168196097
