,discretized_reward_proportion,interconnectivity_strength_mean,interconnectivity_strength_err
0,0.1,33.38589114538434,1.4321206666159252
1,0.30000000000000004,32.52238960279843,1.6964389773495052
2,0.5000000000000001,34.73010119543081,2.6343866714127944
3,0.7000000000000001,26.183115620356194,1.89137521740572
4,0.9000000000000001,18.644641040727706,1.7999525880967866
