,discretized_reward_proportion,interconnectivity_strength_mean,interconnectivity_strength_err
0,0.1,27.83939981528927,2.4238912197585374
1,0.30000000000000004,21.490549921912223,3.0354297747771866
2,0.5000000000000001,18.435483620145185,3.0506017050531176
3,0.7000000000000001,22.964018075843175,2.8118966804396615
4,0.9000000000000001,34.23242102788119,7.2154015004966965
