,discretized_reward_proportion,interconnectivity_strength_mean,interconnectivity_strength_err
0,0.1,17.951937188701898,3.2114049797451596
1,0.30000000000000004,9.873235212428947,1.9464259246636988
2,0.5000000000000001,7.1687257596044445,1.0960484523657354
3,0.7000000000000001,3.737345267898227,0.7419059702596478
4,0.9000000000000001,2.7122870100949164,0.6493178389159856
