,discretized_reward_proportion,interconnectivity_strength_mean,interconnectivity_strength_err
0,0.1,34.302351042599746,1.6592297770995785
1,0.30000000000000004,34.493414623438355,13.15851447558467
2,0.5000000000000001,208.6529193728077,46.74937192780743
3,0.7000000000000001,165.21642208017667,61.21029443458918
4,0.9000000000000001,54.678663196093,6.002765596273678
