,discretized_reward_proportion,interconnectivity_strength_mean,interconnectivity_strength_err
0,0.1,48.36144907469498,3.2326716599337515
1,0.30000000000000004,57.25992789470142,4.002943140994242
2,0.5000000000000001,41.276205459266286,6.656292349992694
3,0.7000000000000001,44.203771889693854,19.538049738619854
4,0.9000000000000001,,
