,discretized_reward_proportion,interconnectivity_strength_mean,interconnectivity_strength_err
0,0.1,56.396542772953694,3.628436848748118
1,0.30000000000000004,56.00114466887193,6.44093081756365
2,0.5000000000000001,49.22046951497685,5.9011258135532785
3,0.7000000000000001,32.5331523774666,7.036042867799129
4,0.9000000000000001,73.25315604028542,17.166687753955227
