,discretized_reward_proportion,interconnectivity_strength_mean,interconnectivity_strength_err
0,0.1,4.303142373520835,1.4011724769864387
1,0.30000000000000004,6.286682091161272,1.732808223009948
2,0.5000000000000001,9.563511072441825,1.785832246876244
3,0.7000000000000001,13.528696892985927,1.2185790577241056
4,0.9000000000000001,11.518915481053925,0.9122153775477164
