,discretized_reward_proportion,interconnectivity_strength_mean,interconnectivity_strength_err
0,0.1,14.011603356923652,1.892978650934668
1,0.30000000000000004,16.475940510359063,1.430582511550064
2,0.5000000000000001,20.077416795365043,3.2803984222673126
3,0.7000000000000001,30.744072045268894,6.05934169298992
4,0.9000000000000001,30.518868113638042,17.206455655702406
