,discretized_reward_proportion,interconnectivity_strength_mean,interconnectivity_strength_err
0,0.1,71.144115803677,4.088121854624261
1,0.30000000000000004,58.21363690050626,4.412543963794932
2,0.5000000000000001,74.88233474571469,10.055040279539183
3,0.7000000000000001,65.30670551251207,9.160921236777074
4,0.9000000000000001,53.95869436768513,6.190459331878003
