,discretized_reward_proportion,interconnectivity_strength_mean,interconnectivity_strength_err
0,0.1,8.199563354759489,2.7645266036571425
1,0.30000000000000004,15.63498791892444,2.311175841422501
2,0.5000000000000001,18.416873653008476,2.0704537438455306
3,0.7000000000000001,20.531967297421097,1.523287823241328
4,0.9000000000000001,24.39946724165082,1.4852422075416933
