,discretized_reward_proportion,interconnectivity_strength_mean,interconnectivity_strength_err
0,0.1,27.64994236102814,3.2673924665130065
1,0.30000000000000004,11.427839195745634,1.6407364500169694
2,0.5000000000000001,10.654125361481801,2.7904461924697146
3,0.7000000000000001,28.31935147230653,4.75444799589383
4,0.9000000000000001,16.06746482625868,2.199023614020041
