,discretized_reward_proportion,interconnectivity_strength_mean,interconnectivity_strength_err
0,0.1,13.936413615990181,1.380510082970137
1,0.30000000000000004,14.429107456627317,1.263811404167179
2,0.5000000000000001,7.898588889404477,0.7719246528707494
3,0.7000000000000001,7.818051672715285,0.5989046383780323
4,0.9000000000000001,9.627452401402618,0.49712833282355756
