,discretized_reward_proportion,interconnectivity_strength_mean,interconnectivity_strength_err
0,0.1,71.14572833689914,9.367636725290971
1,0.30000000000000004,58.798512521945916,11.399368372074596
2,0.5000000000000001,29.258685131183785,6.434937866305204
3,0.7000000000000001,5.294115321870594,2.22106711841947
4,0.9000000000000001,0.6382978723404256,0.07008713399186657
