,discretized_reward_proportion,interconnectivity_strength_mean,interconnectivity_strength_err
0,0.1,6.651530394775834,0.9615327067580198
1,0.30000000000000004,10.106348848387784,1.1844556156328774
2,0.5000000000000001,13.054056256794656,0.8830250229499006
3,0.7000000000000001,19.60789964026945,1.586397298632748
4,0.9000000000000001,19.664503344511353,1.5508977688459125
