,discretized_reward_proportion,interconnectivity_strength_mean,interconnectivity_strength_err
0,0.1,25.973128345176548,5.011405232349207
1,0.30000000000000004,37.175438681813816,6.435444913086337
2,0.5000000000000001,28.42894063035369,2.2226437353004607
3,0.7000000000000001,17.057012186963036,1.3186424024041092
4,0.9000000000000001,9.994166989851387,1.0427097862796895
