,discretized_reward_proportion,interconnectivity_strength_mean,interconnectivity_strength_err
0,0.1,11.546220924868573,0.17846921819898837
1,0.30000000000000004,9.379396392516114,0.3170084704021151
2,0.5000000000000001,8.589708597582462,0.24340717628734024
3,0.7000000000000001,8.13643552016694,0.3545838825005133
4,0.9000000000000001,7.8981566599203665,0.24305030721296061
