,discretized_reward_proportion,interconnectivity_strength_mean,interconnectivity_strength_err
0,0.1,11.818380513479934,1.3735145042325456
1,0.30000000000000004,18.135441688175753,2.0722172245873614
2,0.5000000000000001,7.6232411553031945,0.7096911546144156
3,0.7000000000000001,6.423362270364364,0.23824337537449347
4,0.9000000000000001,6.953152915011963,0.3737870202704802
