,discretized_reward_proportion,interconnectivity_strength_mean,interconnectivity_strength_err
0,0.1,47.54246908569251,7.152127896032088
1,0.30000000000000004,79.06687373545827,21.91514025092565
2,0.5000000000000001,36.83608217135003,9.17643496135285
3,0.7000000000000001,40.260266687984824,5.7317641341578165
4,0.9000000000000001,38.119037677926606,3.0403842873210283
