,discretized_reward_proportion,interconnectivity_strength_mean,interconnectivity_strength_err
0,0.1,179.0125826342533,38.57047505624455
1,0.30000000000000004,21.809999625271388,2.827387353263541
2,0.5000000000000001,11.488401408105076,0.5942546905061127
3,0.7000000000000001,15.090682878785694,1.1773041855023265
4,0.9000000000000001,12.409802660136442,1.1060805680000285
