,discretized_reward_proportion,interconnectivity_strength_mean,interconnectivity_strength_err
0,0.1,46.48122802086205,5.229073127897277
1,0.30000000000000004,91.93663519258244,17.19293335950259
2,0.5000000000000001,50.18188171106325,6.185528058878997
3,0.7000000000000001,149.30292316618474,26.24505823201945
4,0.9000000000000001,58.21441532994117,12.764526982541367
