,discretized_reward_proportion,interconnectivity_strength_mean,interconnectivity_strength_err
0,0.1,132.3822841946663,15.54211403001912
1,0.30000000000000004,41.930359621267094,5.80809318472743
2,0.5000000000000001,57.93712038744233,4.637732096995226
3,0.7000000000000001,59.899735631664385,6.736561305894156
4,0.9000000000000001,27.24969298852693,3.6639037829233945
