,discretized_reward_proportion,interconnectivity_strength_mean,interconnectivity_strength_err
0,0.1,31.224777998352035,4.2949088216299005
1,0.30000000000000004,27.035870422765033,5.528660086819768
2,0.5000000000000001,90.77342217368744,14.183584405099996
3,0.7000000000000001,11.257157581774841,6.469441805231125
4,0.9000000000000001,0.0,0.0
