,discretized_reward_proportion,interconnectivity_strength_mean,interconnectivity_strength_err
0,0.1,4.718675575487641,0.27030913626475433
1,0.30000000000000004,7.082430148952631,0.8188162243253022
2,0.5000000000000001,8.83666917835553,1.1400224884459544
3,0.7000000000000001,11.580408101573989,0.8224243118728868
4,0.9000000000000001,14.622177854555417,0.8212522758351248
