,discretized_reward_proportion,interconnectivity_strength_mean,interconnectivity_strength_err
0,0.1,147.56891567700134,14.124072637791771
1,0.30000000000000004,90.78459164372161,20.086360659464546
2,0.5000000000000001,55.32282360389766,11.755330980810097
3,0.7000000000000001,115.47524466002004,54.82349784606091
4,0.9000000000000001,8.159907327223255,5.388034222436873
