,discretized_reward_proportion,interconnectivity_strength_mean,interconnectivity_strength_err
0,0.1,75.76881201299238,22.263779454561526
1,0.30000000000000004,230.7875457793035,63.0275295192822
2,0.5000000000000001,310.17779054723326,101.2445023544747
3,0.7000000000000001,305.92247442973417,116.1066773710777
4,0.9000000000000001,106.50154916801316,45.50052556758595
