,discretized_reward_proportion,interconnectivity_strength_mean,interconnectivity_strength_err
0,0.1,4.817518507504548,0.3376483748695905
1,0.30000000000000004,8.023169489255416,0.6844894305572841
2,0.5000000000000001,13.823165874727604,2.1928401208074
3,0.7000000000000001,26.63430150628835,3.040094659533865
4,0.9000000000000001,18.392811060755793,2.2861070384594755
