,discretized_reward_proportion,interconnectivity_strength_mean,interconnectivity_strength_err
0,0.1,20.487224241527137,0.9925048545576564
1,0.30000000000000004,20.144863478029528,1.4117853861724459
2,0.5000000000000001,21.337104214245787,1.5928548254766468
3,0.7000000000000001,17.34949182997711,0.8714557840918872
4,0.9000000000000001,14.180227540917638,0.859938543192037
