,discretized_reward_proportion,interconnectivity_strength_mean,interconnectivity_strength_err
0,0.1,14.90923225207084,0.45900126794175566
1,0.30000000000000004,15.135260739313898,0.9454613139842835
2,0.5000000000000001,16.533099140184163,0.6479191689364885
3,0.7000000000000001,16.48347076388568,0.5683645819008926
4,0.9000000000000001,14.225691015020836,0.5048904018334851
