,discretized_reward_proportion,interconnectivity_strength_mean,interconnectivity_strength_err
0,0.1,53.07660611352006,6.4521856950553245
1,0.30000000000000004,35.06466789427618,5.077647703730678
2,0.5000000000000001,17.822891425481707,1.6832493680556846
3,0.7000000000000001,20.925341486797173,2.0355199940508237
4,0.9000000000000001,18.764388154413435,1.7988453558401538
