,discretized_reward_proportion,interconnectivity_strength_mean,interconnectivity_strength_err
0,0.1,24.629743778344412,2.1878758925672237
1,0.30000000000000004,22.623813934585634,2.316529106104716
2,0.5000000000000001,11.270840780662935,0.9700355998970394
3,0.7000000000000001,10.319590425622243,0.4257330541089217
4,0.9000000000000001,10.300010813245228,0.42580637898464213
