,discretized_reward_proportion,interconnectivity_strength_mean,interconnectivity_strength_err
0,0.1,27.640377125202942,1.4247041150466355
1,0.30000000000000004,18.57926226935499,1.0205700019492556
2,0.5000000000000001,15.496123352242407,1.1010097135196015
3,0.7000000000000001,12.404693442006517,0.7598399042525911
4,0.9000000000000001,9.645950012957123,0.6420319639386683
