,discretized_reward_proportion,interconnectivity_strength_mean,interconnectivity_strength_err
0,0.1,96.21621581428445,18.532085223374775
1,0.30000000000000004,164.01416287041755,19.893681223370546
2,0.5000000000000001,91.7367529597287,25.929950362839666
3,0.7000000000000001,78.73641029023095,19.925181126325807
4,0.9000000000000001,311.03914329622575,33.12426498109411
