,discretized_reward_proportion,interconnectivity_strength_mean,interconnectivity_strength_err
0,0.1,128.9899291487661,22.941648679732847
1,0.30000000000000004,48.58643162009476,9.796122177765431
2,0.5000000000000001,88.72695993028975,19.26492243719375
3,0.7000000000000001,118.33109025150337,25.671031413571118
4,0.9000000000000001,50.79286451593949,11.878970929521113
