,discretized_reward_proportion,interconnectivity_strength_mean,interconnectivity_strength_err
0,0.1,22.920838043044878,1.7006680308993527
1,0.30000000000000004,29.43719826039867,2.351845933390801
2,0.5000000000000001,42.94653614937841,3.485088511386228
3,0.7000000000000001,51.522101277613345,6.190746858170217
4,0.9000000000000001,67.38286039837693,6.952662625986895
