,discretized_reward_proportion,interconnectivity_strength_mean,interconnectivity_strength_err
0,0.1,16.517102010020473,4.236684689945164
1,0.30000000000000004,62.25118586880418,12.621206845267563
2,0.5000000000000001,11.422415780534015,4.256664969895819
3,0.7000000000000001,8.701263654351079,5.306911996516684
4,0.9000000000000001,1.0,0.0
