,discretized_reward_proportion,interconnectivity_strength_mean,interconnectivity_strength_err
0,0.1,16.643266058423652,0.5216614941661417
1,0.30000000000000004,12.461298093026503,0.5931097692383323
2,0.5000000000000001,12.44291895109207,0.661306574930784
3,0.7000000000000001,7.388522072681121,1.052051312000708
4,0.9000000000000001,15.718859499325067,4.095415318422762
