,discretized_reward_proportion,interconnectivity_strength_mean,interconnectivity_strength_err
0,0.1,21.01037229567385,0.7295330782592623
1,0.30000000000000004,18.528181650580787,1.1275755871642241
2,0.5000000000000001,19.531256134578893,1.6194849178955597
3,0.7000000000000001,9.250237243743738,1.3655203797748694
4,0.9000000000000001,26.69239249746556,3.3295448402894334
