,discretized_reward_proportion,interconnectivity_strength_mean,interconnectivity_strength_err
0,0.1,12.245415976564999,0.891749646278988
1,0.30000000000000004,13.613568037185,1.4993250914354457
2,0.5000000000000001,10.166988423484744,1.2250918117342737
3,0.7000000000000001,27.17683431344777,2.9515126264014597
4,0.9000000000000001,27.836847171111135,3.1252716617489473
