,discretized_reward_proportion,interconnectivity_strength_mean,interconnectivity_strength_err
0,0.1,25.349406493043233,4.657410957392636
1,0.30000000000000004,14.789700721983031,1.63726504306362
2,0.5000000000000001,11.192296773487614,1.8261146029281585
3,0.7000000000000001,5.8107900961165875,0.5763030373332843
4,0.9000000000000001,6.485328286482292,0.5469060348923709
