,discretized_reward_proportion,interconnectivity_strength_mean,interconnectivity_strength_err
0,0.1,0.3448275862068966,0.036033311695020075
1,0.30000000000000004,0.265625,0.055208179785556914
2,0.5000000000000001,0.03278688524590164,0.022800598712937818
3,0.7000000000000001,0.0,0.0
4,0.9000000000000001,0.0,0.0
