,discretized_reward_proportion,interconnectivity_strength_mean,interconnectivity_strength_err
0,0.1,4.033145969671065,0.10813458150320933
1,0.30000000000000004,8.513502302258349,1.5813990533295408
2,0.5000000000000001,7.532260719542017,0.8219493972896877
3,0.7000000000000001,9.17085107857174,0.5501446311148942
4,0.9000000000000001,7.214550934189149,0.4039428549477341
