,discretized_reward_proportion,interconnectivity_strength_mean,interconnectivity_strength_err
0,0.1,35.18430070503936,4.134623162650764
1,0.30000000000000004,38.59787978246253,7.056556076367894
2,0.5000000000000001,16.1770422383113,4.9792131366883225
3,0.7000000000000001,0.03571428571428571,0.03507073235935592
4,0.9000000000000001,0.0,0.0
