,discretized_reward_proportion,interconnectivity_strength_mean,interconnectivity_strength_err
0,0.1,52.4505705412656,9.230933659067801
1,0.30000000000000004,61.73376304628974,10.596374679163578
2,0.5000000000000001,76.38666973235006,11.063579714433194
3,0.7000000000000001,73.21228545531304,4.623956098914056
4,0.9000000000000001,59.80169483476617,4.875437626070396
