,discretized_reward_proportion,interconnectivity_strength_mean,interconnectivity_strength_err
0,0.1,17.06140804214389,1.1112340586997824
1,0.30000000000000004,12.257115616071943,1.0859314617074942
2,0.5000000000000001,10.053028837656756,0.2556466698998036
3,0.7000000000000001,9.058533541539939,0.3479421155685414
4,0.9000000000000001,6.596856469512555,0.4875785339425224
