,discretized_reward_proportion,interconnectivity_strength_mean,interconnectivity_strength_err
0,0.1,3.2517387291109863,0.17707337415171198
1,0.30000000000000004,5.062982903818317,0.677228525021071
2,0.5000000000000001,7.4692463627250065,0.5560774527661909
3,0.7000000000000001,9.218906791517822,0.7160246521842436
4,0.9000000000000001,9.968411225590897,0.7759346081292368
