,discretized_reward_proportion,interconnectivity_strength_mean,interconnectivity_strength_err
0,0.1,13.74676795870429,0.25248663759762396
1,0.30000000000000004,14.304827143664824,0.6637334318680375
2,0.5000000000000001,17.107856418405053,1.0523903371098295
3,0.7000000000000001,12.051812860655376,0.6054711301078245
4,0.9000000000000001,8.618513468349853,0.503869165053003
