,discretized_reward_proportion,interconnectivity_strength_mean,interconnectivity_strength_err
0,0.1,0.26506024096385544,0.048446133249162845
1,0.30000000000000004,0.23076923076923078,0.058427271177903854
2,0.5000000000000001,0.21428571428571427,0.054832105255624174
3,0.7000000000000001,0.13580246913580246,0.03806429883542279
4,0.9000000000000001,0.11940298507462686,0.028011979344385207
