,discretized_reward_proportion,interconnectivity_strength_mean,interconnectivity_strength_err
0,0.1,54.5299975892558,8.033876708851842
1,0.30000000000000004,45.73266293944133,9.022702898507086
2,0.5000000000000001,37.034021684080045,9.383387051198994
3,0.7000000000000001,18.8251037930839,4.318867328503223
4,0.9000000000000001,37.34616357256399,5.240576178482342
