,discretized_reward_proportion,interconnectivity_strength_mean,interconnectivity_strength_err
0,0.1,5.388474745249187,0.500368250290943
1,0.30000000000000004,7.394184621614128,0.7309689651945915
2,0.5000000000000001,10.838143818492306,0.9422285779432734
3,0.7000000000000001,11.397500345767476,3.6123888354447726
4,0.9000000000000001,25.42256582566688,5.256378571545359
