,discretized_reward_proportion,interconnectivity_strength_mean,interconnectivity_strength_err
0,0.1,10.929201187270285,0.3355419095681038
1,0.30000000000000004,9.16070294512448,0.4429957246784209
2,0.5000000000000001,9.203153295880146,0.5429885148299968
3,0.7000000000000001,9.065402879639665,0.24970786231088266
4,0.9000000000000001,8.889510292097496,0.36949989523416726
