,discretized_reward_proportion,interconnectivity_strength_mean,interconnectivity_strength_err
0,0.1,67.83317999830503,18.591989044076747
1,0.30000000000000004,29.43654032506507,5.86492388413742
2,0.5000000000000001,48.69103608837279,12.827530214071048
3,0.7000000000000001,20.035065625637905,3.027015845372545
4,0.9000000000000001,12.584580262929073,1.371233748467048
