,discretized_reward_proportion,interconnectivity_strength_mean,interconnectivity_strength_err
0,0.1,35.1896531225431,2.2365530244523786
1,0.30000000000000004,45.36432493634213,3.1778273889727893
2,0.5000000000000001,42.94800593235497,5.758292739548544
3,0.7000000000000001,38.29042199178761,8.658351032210277
4,0.9000000000000001,54.34164961105273,14.251708313849095
