,discretized_reward_proportion,interconnectivity_strength_mean,interconnectivity_strength_err
0,0.1,37.800703029277535,9.642377319864435
1,0.30000000000000004,76.72072247298257,22.124832481520706
2,0.5000000000000001,109.22749128913959,21.98520425640756
3,0.7000000000000001,46.18974199592733,12.595260053127781
4,0.9000000000000001,57.282049484694234,15.09965892314045
