,discretized_reward_proportion,interconnectivity_strength_mean,interconnectivity_strength_err
0,0.1,25.261975254561584,1.0898268971438274
1,0.30000000000000004,15.751425208989366,1.6064545159173647
2,0.5000000000000001,9.2638961448062,0.4747604089319396
3,0.7000000000000001,9.8222001151732,0.737657143102849
4,0.9000000000000001,16.024575731529854,1.5396157121678984
