,discretized_reward_proportion,interconnectivity_strength_mean,interconnectivity_strength_err
0,0.1,18.093483931268036,3.53292931945793
1,0.30000000000000004,12.135981117581482,1.0410554861629782
2,0.5000000000000001,16.399469547700825,3.4323383773328175
3,0.7000000000000001,14.363996494939409,2.094403221300805
4,0.9000000000000001,14.799388053770222,1.0173041192969825
