,discretized_reward_proportion,interconnectivity_strength_mean,interconnectivity_strength_err
0,0.1,46.162645055932394,14.212032348808796
1,0.30000000000000004,10.726509630817455,2.237050611725708
2,0.5000000000000001,10.685636721939398,1.2853920348518835
3,0.7000000000000001,9.404351720702211,0.7202392348377853
4,0.9000000000000001,7.534729332637542,0.4544784347559525
