,discretized_reward_proportion,interconnectivity_strength_mean,interconnectivity_strength_err
0,0.1,5.0579468248663755,0.14906137183774862
1,0.30000000000000004,5.497846107731625,0.45687625447811503
2,0.5000000000000001,6.321138686558206,0.29335618470763036
3,0.7000000000000001,7.891241019725056,0.33969468688697557
4,0.9000000000000001,6.765778789386734,0.27019886639592045
