,discretized_reward_proportion,interconnectivity_strength_mean,interconnectivity_strength_err
0,0.1,131.51053207388287,16.77874854213037
1,0.30000000000000004,55.78990122128492,13.41937376887703
2,0.5000000000000001,9.618789469598793,6.4364102657257005
3,0.7000000000000001,11.809009278427807,6.582830054551926
4,0.9000000000000001,9.649047694433357,4.444097552518888
