,discretized_reward_proportion,interconnectivity_strength_mean,interconnectivity_strength_err
0,0.1,57.78826453214808,8.270016462022731
1,0.30000000000000004,40.69389752513677,11.073897240720184
2,0.5000000000000001,10.496426662292786,1.4859601110976397
3,0.7000000000000001,3.472484102598519,0.49016998998297406
4,0.9000000000000001,11.01710532446824,1.557261898125505
