,discretized_reward_proportion,interconnectivity_strength_mean,interconnectivity_strength_err
0,0.1,18.307278462654843,1.2868341045155733
1,0.30000000000000004,18.88583914540885,2.564206907923349
2,0.5000000000000001,9.992543533534725,2.4243865039414945
3,0.7000000000000001,38.99510702939774,4.225679692347579
4,0.9000000000000001,77.86308833936815,7.051786612087008
