,discretized_reward_proportion,interconnectivity_strength_mean,interconnectivity_strength_err
0,0.1,76.1837836752654,9.104826289303638
1,0.30000000000000004,65.19967343880107,15.084778209341207
2,0.5000000000000001,77.98479504922005,10.58776710259191
3,0.7000000000000001,49.011877269939454,4.8532805181292025
4,0.9000000000000001,21.949172788314133,3.9529253697464792
