,discretized_reward_proportion,interconnectivity_strength_mean,interconnectivity_strength_err
0,0.1,0.0,0.0
1,0.30000000000000004,3.676535226063675,1.3298188048133415
2,0.5000000000000001,8.253107614760436,2.0416196805361753
3,0.7000000000000001,1.5453825079974832,1.5164943064044172
4,0.9000000000000001,0.0,0.0
