,discretized_reward_proportion,interconnectivity_strength_mean,interconnectivity_strength_err
0,0.1,6.524939730794135,0.4453101856355468
1,0.30000000000000004,6.514040146445286,0.7102799319180017
2,0.5000000000000001,103.16330273755736,34.81617328360471
3,0.7000000000000001,103.449559023326,28.311031327082638
4,0.9000000000000001,100.83031780908269,19.53127718526802
