,discretized_reward_proportion,interconnectivity_strength_mean,interconnectivity_strength_err
0,0.1,17.307142407738688,2.9966280999869643
1,0.30000000000000004,11.714097067263355,1.7561467357901839
2,0.5000000000000001,10.510019913645976,0.9668835261551424
3,0.7000000000000001,3.108414924113092,0.6734167864208017
4,0.9000000000000001,5.067646416332081,0.3333909788320756
