,discretized_reward_proportion,interconnectivity_strength_mean,interconnectivity_strength_err
0,0.1,55.7401601885657,9.591531443569746
1,0.30000000000000004,72.16365894777617,14.263116787604439
2,0.5000000000000001,21.578665444243974,4.3546278982615885
3,0.7000000000000001,17.710805713211666,2.471730356290592
4,0.9000000000000001,12.834365934320012,1.9588472840928148
