,discretized_reward_proportion,interconnectivity_strength_mean,interconnectivity_strength_err
0,0.1,1.1311324060417323,0.3055340300937709
1,0.30000000000000004,2.268749772950977,0.470726971403636
2,0.5000000000000001,2.274001486910728,0.5165285403554364
3,0.7000000000000001,3.389700434301423,0.5147923487541316
4,0.9000000000000001,3.0807657104345503,0.4029132831903579
