,discretized_reward_proportion,interconnectivity_strength_mean,interconnectivity_strength_err
0,0.1,5.355052012889114,1.0423828312538541
1,0.30000000000000004,6.9455242468002405,1.2398410337950876
2,0.5000000000000001,13.623596871809799,2.536072726236427
3,0.7000000000000001,23.150583625958983,2.706615796512351
4,0.9000000000000001,20.42082481815817,2.4370874709398467
