,discretized_reward_proportion,interconnectivity_strength_mean,interconnectivity_strength_err
0,0.1,21.828235052631346,2.070615284692713
1,0.30000000000000004,19.118404894854002,2.185617820469344
2,0.5000000000000001,11.783966751625153,2.111265890090961
3,0.7000000000000001,8.042272179039685,2.9510397885998594
4,0.9000000000000001,1.7653857278599319,0.8592033241921261
