,discretized_reward_proportion,interconnectivity_strength_mean,interconnectivity_strength_err
0,0.1,12.443525702828218,0.5243372634111579
1,0.30000000000000004,11.77903071286997,0.4694492904669854
2,0.5000000000000001,10.922414377785078,0.8337662489209656
3,0.7000000000000001,16.68877857861914,1.9591551254188844
4,0.9000000000000001,8.99127118547979,0.7071498584667387
