,discretized_reward_proportion,interconnectivity_strength_mean,interconnectivity_strength_err
0,0.1,26.661928175234642,4.124164184312858
1,0.30000000000000004,29.378228531172606,5.374161962738298
2,0.5000000000000001,15.843029606369115,2.6662815729434417
3,0.7000000000000001,17.72669486220324,2.141715352832948
4,0.9000000000000001,39.18026674277663,4.951141298147505
