,discretized_reward_proportion,interconnectivity_strength_mean,interconnectivity_strength_err
0,0.1,33.86788947851949,6.767250848965968
1,0.30000000000000004,49.35767334874051,12.624380559198283
2,0.5000000000000001,3.8307661967098867,1.199978597224118
3,0.7000000000000001,48.098859581844856,12.923493360925226
4,0.9000000000000001,33.68527664854547,9.902784974191439
