,discretized_reward_proportion,interconnectivity_strength_mean,interconnectivity_strength_err
0,0.1,85.87163523682658,9.553899405124882
1,0.30000000000000004,25.649293345107946,6.643783169469736
2,0.5000000000000001,110.70538972442039,16.616201997044588
3,0.7000000000000001,55.418895804231006,17.443921311330847
4,0.9000000000000001,3.6489510489510337,3.5650559023441684
