,discretized_reward_proportion,interconnectivity_strength_mean,interconnectivity_strength_err
0,0.1,23.745154524518803,1.7470545645195055
1,0.30000000000000004,21.308104486356225,2.8650461546810053
2,0.5000000000000001,13.451499477528493,0.7017245047214892
3,0.7000000000000001,17.216254960924616,2.099971919816243
4,0.9000000000000001,30.939322155671817,2.3719648376931874
