,discretized_reward_proportion,interconnectivity_strength_mean,interconnectivity_strength_err
0,0.1,44.92897689917059,5.822339270651068
1,0.30000000000000004,55.27628118468109,6.114231443877119
2,0.5000000000000001,52.787436008544454,7.4965986555739805
3,0.7000000000000001,27.522106842556425,4.879539579385879
4,0.9000000000000001,15.205171696207225,1.309854346456637
