,discretized_reward_proportion,interconnectivity_strength_mean,interconnectivity_strength_err
0,0.1,63.84044724726379,6.029371250095972
1,0.30000000000000004,71.40411117499964,6.289106351290038
2,0.5000000000000001,46.68119682550202,10.022206941858297
3,0.7000000000000001,20.929527885671693,10.236975978672533
4,0.9000000000000001,26.89951669532816,14.873476258166065
