,discretized_reward_proportion,interconnectivity_strength_mean,interconnectivity_strength_err
0,0.1,8.108816647023808,0.37632918925655695
1,0.30000000000000004,43.44802529408801,14.092754520855875
2,0.5000000000000001,20.642242513974125,5.458070449073599
3,0.7000000000000001,32.16714478302675,3.789525240054825
4,0.9000000000000001,25.577493254233737,2.4223768093782008
