,discretized_reward_proportion,interconnectivity_strength_mean,interconnectivity_strength_err
0,0.1,24.404895981278663,2.3476638042907654
1,0.30000000000000004,14.656551041811753,5.277037021132603
2,0.5000000000000001,19.974177315672225,4.909764053782713
3,0.7000000000000001,31.904119411834717,5.518118506007365
4,0.9000000000000001,14.72597277245416,4.285260404739021
