,discretized_reward_proportion,interconnectivity_strength_mean,interconnectivity_strength_err
0,0.1,15.347800427054056,0.7532872287909743
1,0.30000000000000004,10.925577942268006,0.554976837479684
2,0.5000000000000001,9.630747861206464,0.5558096647802369
3,0.7000000000000001,6.290083183801429,0.40015216935550163
4,0.9000000000000001,4.927787107988747,0.19277872803048113
