,discretized_reward_proportion,interconnectivity_strength_mean,interconnectivity_strength_err
0,0.1,12.559999174059437,2.2330536326696873
1,0.30000000000000004,17.041268757788224,4.6902307288666485
2,0.5000000000000001,13.146104859728796,3.350995111733766
3,0.7000000000000001,16.064018099902086,1.8203506707539054
4,0.9000000000000001,20.61444475864365,2.344299814607971
