,discretized_reward_proportion,interconnectivity_strength_mean,interconnectivity_strength_err
0,0.1,0.0,0.0
1,0.30000000000000004,0.0,0.0
2,0.5000000000000001,0.05128205128205128,0.03531985803698433
3,0.7000000000000001,0.041666666666666664,0.02039468771609503
4,0.9000000000000001,0.102803738317757,0.02936001631465384
