,discretized_reward_proportion,interconnectivity_strength_mean,interconnectivity_strength_err
0,0.1,28.8457766910227,4.049096739318865
1,0.30000000000000004,59.47906554586586,7.6339426168046804
2,0.5000000000000001,83.91198623689434,9.02769819211079
3,0.7000000000000001,60.25719265071735,14.250518759054659
4,0.9000000000000001,102.85122085279684,24.59937565249433
