,discretized_reward_proportion,interconnectivity_strength_mean,interconnectivity_strength_err
0,0.1,19.482313536015088,1.2920738182947125
1,0.30000000000000004,15.921215022928507,1.1065328479778207
2,0.5000000000000001,13.13255362558098,1.1026521024018006
3,0.7000000000000001,9.415206288006933,0.7457451867706694
4,0.9000000000000001,6.6829045455956395,0.27429840381260506
