,discretized_reward_proportion,interconnectivity_strength_mean,interconnectivity_strength_err
0,0.1,6.986501783456931,0.2860330634515624
1,0.30000000000000004,7.4736755429946236,0.6268821421595788
2,0.5000000000000001,5.751738275085954,0.5265496842788734
3,0.7000000000000001,4.511705402288086,0.09494568684843928
4,0.9000000000000001,4.440549752613105,0.1190195165097909
