,discretized_reward_proportion,interconnectivity_strength_mean,interconnectivity_strength_err
0,0.1,3.1621159562926726,0.14524741438117436
1,0.30000000000000004,5.015417195324566,0.28451394367791216
2,0.5000000000000001,6.363568464809806,0.3338206556372983
3,0.7000000000000001,6.0487857085535595,0.2163345859677511
4,0.9000000000000001,5.837401413043806,0.1577751692621497
