,discretized_reward_proportion,interconnectivity_strength_mean,interconnectivity_strength_err
0,0.1,31.99127577785825,7.831470268890253
1,0.30000000000000004,21.532189441537923,1.1298652850904816
2,0.5000000000000001,33.21005787256357,4.051636460445328
3,0.7000000000000001,17.15258071548419,1.7933637777342275
4,0.9000000000000001,12.656813174747398,1.1081159385552704
