,discretized_reward_proportion,interconnectivity_strength_mean,interconnectivity_strength_err
0,0.1,1.6977993175954014,0.2306765261864954
1,0.30000000000000004,1.0538782330573433,0.0794274080447569
2,0.5000000000000001,0.8923733740888541,0.09651626166627139
3,0.7000000000000001,6.431771756977342,4.462211615983233
4,0.9000000000000001,15.678857985777968,4.354622106334977
