,discretized_reward_proportion,interconnectivity_strength_mean,interconnectivity_strength_err
0,0.1,24.14787773488484,5.311711295130037
1,0.30000000000000004,10.6973221949958,2.3069049118643052
2,0.5000000000000001,5.703507681177651,1.4981230835728625
3,0.7000000000000001,9.680257952454953,2.139895861466565
4,0.9000000000000001,2.680829141478741,1.0656508209700217
