,discretized_reward_proportion,interconnectivity_strength_mean,interconnectivity_strength_err
0,0.1,11.363518084753043,0.9521421297870974
1,0.30000000000000004,9.327371177567805,0.5762989200792379
2,0.5000000000000001,13.629783870844996,1.023675308984368
3,0.7000000000000001,13.517402567852985,0.6051245095602205
4,0.9000000000000001,14.551001165930996,0.7449098286445137
