,discretized_reward_proportion,interconnectivity_strength_mean,interconnectivity_strength_err
0,0.1,23.7181843113911,2.5959547451657716
1,0.30000000000000004,20.392476350343586,2.8682745447573024
2,0.5000000000000001,25.950993127443155,3.7535360483217435
3,0.7000000000000001,37.29697640677943,4.398041186762783
4,0.9000000000000001,90.14258449990025,10.198050169724329
