,discretized_reward_proportion,interconnectivity_strength_mean,interconnectivity_strength_err
0,0.1,19.824984929413368,0.4848206556004393
1,0.30000000000000004,20.56694893835129,0.924883671488083
2,0.5000000000000001,21.531800364340363,1.1552311487978477
3,0.7000000000000001,22.79677444976648,2.1355531436563813
4,0.9000000000000001,15.581654997319474,0.9290985849651657
