,discretized_reward_proportion,interconnectivity_strength_mean,interconnectivity_strength_err
0,0.1,9.806706292416962,0.9148318436661904
1,0.30000000000000004,7.408743870628074,0.3664382851714002
2,0.5000000000000001,7.773409363681611,0.36522946336413215
3,0.7000000000000001,7.494117553414208,0.2608794691928978
4,0.9000000000000001,7.338785229338519,0.2307514814046919
