,discretized_reward_proportion,interconnectivity_strength_mean,interconnectivity_strength_err
0,0.1,5.62495496024692,0.6784929866463902
1,0.30000000000000004,5.006398743489533,0.8987794259250746
2,0.5000000000000001,3.9272640106759136,1.279812795299379
3,0.7000000000000001,2.151948465675192,0.3293262127101318
4,0.9000000000000001,1.5763071042985377,0.28516470160180074
