,discretized_reward_proportion,interconnectivity_strength_mean,interconnectivity_strength_err
0,0.1,12.642455999522637,3.4251592232709407
1,0.30000000000000004,0.0625,0.030257682392245445
2,0.5000000000000001,0.06557377049180328,0.03169368016727884
3,0.7000000000000001,0.25,0.08183170883849714
4,0.9000000000000001,0.13636363636363635,0.07316500499845359
