,discretized_reward_proportion,interconnectivity_strength_mean,interconnectivity_strength_err
0,0.1,5.393936078313395,0.2734252569578783
1,0.30000000000000004,8.442066096154148,0.7629363687843811
2,0.5000000000000001,37.074707812467736,11.86802709325863
3,0.7000000000000001,28.368893810189157,5.397717556336848
4,0.9000000000000001,19.532704687261536,3.0869361800860107
