,discretized_reward_proportion,interconnectivity_strength_mean,interconnectivity_strength_err
0,0.1,21.5195492668968,7.3558575526345455
1,0.30000000000000004,29.965388253499277,6.258781263221199
2,0.5000000000000001,33.39090023355146,5.757351081841314
3,0.7000000000000001,28.96975807560531,4.403516385355326
4,0.9000000000000001,26.682156750282328,4.586139859910409
