,discretized_reward_proportion,interconnectivity_strength_mean,interconnectivity_strength_err
0,0.1,12.463104970497644,0.6255203799161638
1,0.30000000000000004,15.472867581597653,1.9543936757013762
2,0.5000000000000001,15.29368424943014,0.9948580935660302
3,0.7000000000000001,21.2325728725235,1.4406573675630512
4,0.9000000000000001,19.177050438894824,1.1503583207441952
