,discretized_reward_proportion,interconnectivity_strength_mean,interconnectivity_strength_err
0,0.1,28.158983848677433,1.0701025357277136
1,0.30000000000000004,16.854768512967432,2.0660356239863433
2,0.5000000000000001,13.50760313867506,1.18179011619419
3,0.7000000000000001,17.11342362811122,1.6923315568384747
4,0.9000000000000001,11.16142287708375,0.9363240042543941
