,discretized_reward_proportion,interconnectivity_strength_mean,interconnectivity_strength_err
0,0.1,13.872118766747485,2.251392704278566
1,0.30000000000000004,16.99436770820914,3.0716208849878126
2,0.5000000000000001,10.289645331266914,1.253457708701925
3,0.7000000000000001,8.465128967947251,0.2686840123189782
4,0.9000000000000001,7.070082499831318,0.19837412491067444
