,discretized_reward_proportion,interconnectivity_strength_mean,interconnectivity_strength_err
0,0.1,13.15513793352002,0.2755362232393537
1,0.30000000000000004,11.664101921213307,0.42174622427852
2,0.5000000000000001,13.241434487299609,0.7621344797740194
3,0.7000000000000001,10.906741728426367,0.9298281913552757
4,0.9000000000000001,6.338745757140299,0.5815416234275124
