,discretized_reward_proportion,interconnectivity_strength_mean,interconnectivity_strength_err
0,0.1,56.35412895102447,14.172520373353997
1,0.30000000000000004,13.223320418959918,7.309925411926614
2,0.5000000000000001,10.963958956599743,7.474627552057456
3,0.7000000000000001,8.412499171423429,4.676896491371686
4,0.9000000000000001,0.43119266055045874,0.047435668656591545
