,discretized_reward_proportion,interconnectivity_strength_mean,interconnectivity_strength_err
0,0.1,64.97383351700663,13.920559106945474
1,0.30000000000000004,98.06746080762093,16.55094826675948
2,0.5000000000000001,43.71713722957889,12.301596684858808
3,0.7000000000000001,13.736070215166972,3.673695959538513
4,0.9000000000000001,6.693704345248729,5.325972730376698
