,discretized_reward_proportion,interconnectivity_strength_mean,interconnectivity_strength_err
0,0.1,30.230077929425754,1.3014029942598344
1,0.30000000000000004,22.05699897867752,2.1135829774226664
2,0.5000000000000001,35.26393710366625,3.4664815605719657
3,0.7000000000000001,51.92232077985333,5.485458145706062
4,0.9000000000000001,91.41899141315729,5.571144987480565
