,discretized_reward_proportion,interconnectivity_strength_mean,interconnectivity_strength_err
0,0.1,13.616616034693443,0.5182617676903415
1,0.30000000000000004,9.68695822113762,0.5418134522456015
2,0.5000000000000001,9.485294988248194,0.5361673325327153
3,0.7000000000000001,6.122480292124692,0.30568472806209335
4,0.9000000000000001,6.361376775330962,0.1924517865153998
