,discretized_reward_proportion,interconnectivity_strength_mean,interconnectivity_strength_err
0,0.1,41.655001517921775,6.067710913784169
1,0.30000000000000004,11.54234160171272,3.8667029795507206
2,0.5000000000000001,0.45901639344262296,0.06380301961012248
3,0.7000000000000001,0.4642857142857143,0.09424976123424061
4,0.9000000000000001,0.2727272727272727,0.09495144870310791
