,discretized_reward_proportion,interconnectivity_strength_mean,interconnectivity_strength_err
0,0.1,18.76625705468132,0.48364117773095217
1,0.30000000000000004,19.061841064349714,1.8662096218358322
2,0.5000000000000001,18.97547449645878,1.9102488253830563
3,0.7000000000000001,23.820122174705283,4.2465181431040495
4,0.9000000000000001,59.89602174978306,4.319518242972812
