,discretized_reward_proportion,interconnectivity_strength_mean,interconnectivity_strength_err
0,0.1,10.996500856190947,1.2309519691238178
1,0.30000000000000004,18.850207059891886,2.105293562186759
2,0.5000000000000001,16.82681429452368,0.9560003715292705
3,0.7000000000000001,14.549758881117079,0.7890574803593015
4,0.9000000000000001,28.242208775765445,2.3181350265650784
