,discretized_reward_proportion,interconnectivity_strength_mean,interconnectivity_strength_err
0,0.1,73.18926029017217,5.7451855280173945
1,0.30000000000000004,66.99081465786006,11.512038526964949
2,0.5000000000000001,94.44873064960908,15.53178508040027
3,0.7000000000000001,90.99099048950796,12.84806595398863
4,0.9000000000000001,41.95601750571217,2.9637760898808923
