,discretized_reward_proportion,interconnectivity_strength_mean,interconnectivity_strength_err
0,0.1,25.22589545092769,1.8754684291720625
1,0.30000000000000004,18.928041990667857,1.3616195851705606
2,0.5000000000000001,36.0882081602743,3.8953705111146486
3,0.7000000000000001,25.67128091170917,3.395057186508489
4,0.9000000000000001,6.682125983740461,1.0783281737840784
