,discretized_reward_proportion,interconnectivity_strength_mean,interconnectivity_strength_err
0,0.1,26.772703361120108,0.9094077612040539
1,0.30000000000000004,27.629594962095776,1.297582207402471
2,0.5000000000000001,27.633925783512822,1.3959725197669535
3,0.7000000000000001,23.449630849564016,1.5119771139018805
4,0.9000000000000001,18.096524019608154,1.4164660536671414
