,discretized_reward_proportion,interconnectivity_strength_mean,interconnectivity_strength_err
0,0.1,77.57064224957227,31.471489543193382
1,0.30000000000000004,105.20265503562985,29.919624692696985
2,0.5000000000000001,30.1215541028297,6.953196158739061
3,0.7000000000000001,17.891283387199806,1.1811079067622199
4,0.9000000000000001,46.37289194056736,10.809356067587144
