,discretized_reward_proportion,interconnectivity_strength_mean,interconnectivity_strength_err
0,0.1,3.4052680211998867,0.05910892129905201
1,0.30000000000000004,4.279870696053945,0.7376446780397495
2,0.5000000000000001,2.626896020389094,0.337130396661352
3,0.7000000000000001,7.422561434149115,0.8332826820778609
4,0.9000000000000001,6.413120955700227,0.9381908579860012
