,discretized_reward_proportion,interconnectivity_strength_mean,interconnectivity_strength_err
0,0.1,0.1206896551724138,0.02469627715286995
1,0.30000000000000004,0.0,0.0
2,0.5000000000000001,0.13114754098360656,0.043220339678526475
3,0.7000000000000001,0.25,0.08183170883849714
4,0.9000000000000001,0.045454545454545456,0.044409473678108845
