,discretized_reward_proportion,interconnectivity_strength_mean,interconnectivity_strength_err
0,0.1,63.76000849184293,9.910760030240247
1,0.30000000000000004,103.73774161870615,16.995220570465925
2,0.5000000000000001,24.198669902144175,6.038234617749046
3,0.7000000000000001,0.03571428571428571,0.03507073235935592
4,0.9000000000000001,0.0,0.0
