,discretized_reward_proportion,interconnectivity_strength_mean,interconnectivity_strength_err
0,0.1,4.066200137846752,0.16096827655691945
1,0.30000000000000004,7.310218658366419,0.6962767212088444
2,0.5000000000000001,7.822480670495911,0.534226864371055
3,0.7000000000000001,8.880570350355034,0.39171677915729103
4,0.9000000000000001,8.794819035809326,0.46507285080051747
