,discretized_reward_proportion,interconnectivity_strength_mean,interconnectivity_strength_err
0,0.1,12.570119237932664,0.2723109213195514
1,0.30000000000000004,11.514223588580949,0.4752832099654633
2,0.5000000000000001,9.63432310404384,0.2550774743383634
3,0.7000000000000001,8.178349320393188,0.42790211815475804
4,0.9000000000000001,10.810440595555407,0.6616832262438801
