,discretized_reward_proportion,interconnectivity_strength_mean,interconnectivity_strength_err
0,0.1,19.449062559776703,1.627497571173757
1,0.30000000000000004,14.955868647950119,0.9858455254613346
2,0.5000000000000001,20.514798608004483,1.4022998080976665
3,0.7000000000000001,22.681518850490278,1.8873076738639794
4,0.9000000000000001,21.348314639778884,1.2600642908813822
