,discretized_reward_proportion,interconnectivity_strength_mean,interconnectivity_strength_err
0,0.1,8.363719974781743,2.566306212191711
1,0.30000000000000004,7.069667025118742,3.09376494574391
2,0.5000000000000001,8.82066113491453,3.5824790400188373
3,0.7000000000000001,6.705057552414739,4.318645805627342
4,0.9000000000000001,47.55911521680375,12.849125175635598
