,discretized_reward_proportion,interconnectivity_strength_mean,interconnectivity_strength_err
0,0.1,23.37643439969593,4.011163783884373
1,0.30000000000000004,48.37472046008717,8.56223828864786
2,0.5000000000000001,81.84884606327488,15.564146436570686
3,0.7000000000000001,91.58577578254605,21.777593537329583
4,0.9000000000000001,276.231796656279,47.27402988547104
