,discretized_reward_proportion,interconnectivity_strength_mean,interconnectivity_strength_err
0,0.1,7.164691600891901,0.7002201317522644
1,0.30000000000000004,16.487469153709327,1.6548329004205018
2,0.5000000000000001,23.681756992873716,2.862461154974521
3,0.7000000000000001,16.136090699730598,6.408447516763754
4,0.9000000000000001,38.80623341260097,8.792566780028023
