,discretized_reward_proportion,interconnectivity_strength_mean,interconnectivity_strength_err
0,0.1,40.72391080127312,7.741368128226352
1,0.30000000000000004,11.175193914431375,0.8612683801962747
2,0.5000000000000001,9.606102221229946,0.7203345168044056
3,0.7000000000000001,6.668613566379053,0.3564258809727347
4,0.9000000000000001,6.377471306152418,0.18030597181232222
