,discretized_reward_proportion,interconnectivity_strength_mean,interconnectivity_strength_err
0,0.1,15.59598718275306,11.240776422268372
1,0.30000000000000004,98.73577929451368,16.180885008359752
2,0.5000000000000001,11.493545217611723,2.136934569621408
3,0.7000000000000001,9.040148730149829,0.6788491594587004
4,0.9000000000000001,8.491137848165204,0.5391738883011636
