,discretized_reward_proportion,interconnectivity_strength_mean,interconnectivity_strength_err
0,0.1,15.00284834851802,2.0785934329299685
1,0.30000000000000004,23.036076477397124,2.7895834379010362
2,0.5000000000000001,31.514324730496398,4.570960033340816
3,0.7000000000000001,12.899388932487454,2.1758900646120236
4,0.9000000000000001,11.471249026362571,0.4197411036056001
