,discretized_reward_proportion,interconnectivity_strength_mean,interconnectivity_strength_err
0,0.1,4.687619382256512,0.7628058573732807
1,0.30000000000000004,8.110702859829527,1.3416411213095685
2,0.5000000000000001,17.525305326531452,3.2415931304296124
3,0.7000000000000001,20.03394998402866,2.3791973902261336
4,0.9000000000000001,27.927450095639706,2.296886448871649
