,discretized_reward_proportion,interconnectivity_strength_mean,interconnectivity_strength_err
0,0.1,122.26407502845137,38.88010442012236
1,0.30000000000000004,142.20239478874598,32.18693290697577
2,0.5000000000000001,86.64346204508797,23.364235383346827
3,0.7000000000000001,64.27075554766986,14.36241014695397
4,0.9000000000000001,36.69849256051185,5.786604980583836
