,discretized_reward_proportion,interconnectivity_strength_mean,interconnectivity_strength_err
0,0.1,5.678394131491566,0.38774769340316617
1,0.30000000000000004,6.878042297601783,0.5871507294814963
2,0.5000000000000001,6.948065336389269,0.5259615793608279
3,0.7000000000000001,4.8810345019108965,0.11078766915001548
4,0.9000000000000001,4.584877062670604,0.10300123996011795
