,discretized_reward_proportion,interconnectivity_strength_mean,interconnectivity_strength_err
0,0.1,3.16025383224155,0.7966402171043245
1,0.30000000000000004,24.88155890543846,4.9543038298553395
2,0.5000000000000001,48.2120071115043,5.565587172902298
3,0.7000000000000001,25.445919297346148,4.736739930697735
4,0.9000000000000001,1.4110954317612274,1.3328662705829961
