,discretized_reward_proportion,interconnectivity_strength_mean,interconnectivity_strength_err
0,0.1,115.6418224662017,11.209758768606301
1,0.30000000000000004,66.08518331607276,9.260282338069374
2,0.5000000000000001,31.95479972140151,5.195042525280888
3,0.7000000000000001,45.12206685401601,7.299880202173467
4,0.9000000000000001,57.15603926546796,8.675119745994179
