,discretized_reward_proportion,interconnectivity_strength_mean,interconnectivity_strength_err
0,0.1,9.976954358324214,0.8310286265019888
1,0.30000000000000004,7.39086312860565,0.784932496626026
2,0.5000000000000001,7.430598486919075,1.2640482575904464
3,0.7000000000000001,10.427221219692411,1.5188296701478383
4,0.9000000000000001,15.952579563083706,3.1649512177678347
