,discretized_reward_proportion,interconnectivity_strength_mean,interconnectivity_strength_err
0,0.1,30.745867988279695,2.7701908819609344
1,0.30000000000000004,22.15494597286281,1.7054926504947794
2,0.5000000000000001,15.633882990652136,1.6007390001944277
3,0.7000000000000001,17.190747986774575,1.4091850056096937
4,0.9000000000000001,20.05311870676593,1.4330274378350583
