,discretized_reward_proportion,interconnectivity_strength_mean,interconnectivity_strength_err
0,0.1,7.657287278358176,0.6558735687763823
1,0.30000000000000004,7.573398659030658,0.42263347015231534
2,0.5000000000000001,4.787539840161622,0.15718035968912097
3,0.7000000000000001,4.895654742093748,0.10311830046365075
4,0.9000000000000001,4.853771095265737,0.12385922704455345
