,discretized_reward_proportion,interconnectivity_strength_mean,interconnectivity_strength_err
0,0.1,3.3487924637943873,2.3252602902107307
1,0.30000000000000004,12.021692376656393,3.6241194862887878
2,0.5000000000000001,13.027550240581574,3.286295214940131
3,0.7000000000000001,22.394831025353707,4.411355541304649
4,0.9000000000000001,34.617133929723195,5.931290073204842
