,discretized_reward_proportion,interconnectivity_strength_mean,interconnectivity_strength_err
0,0.1,10.41361853846815,0.35095162108414757
1,0.30000000000000004,8.413620655517876,0.4673976851455712
2,0.5000000000000001,6.054860835417165,0.3242941836954296
3,0.7000000000000001,6.239786124933237,0.21533561243950627
4,0.9000000000000001,5.00909259462334,0.20382102785663825
