,discretized_reward_proportion,interconnectivity_strength_mean,interconnectivity_strength_err
0,0.1,23.739311230163914,2.311595696468921
1,0.30000000000000004,11.148998423395517,0.7509663533142835
2,0.5000000000000001,11.163590426065552,0.8915408355260869
3,0.7000000000000001,10.394687819789954,0.36347106770331333
4,0.9000000000000001,13.618810087999693,0.8656904949927845
