,discretized_reward_proportion,interconnectivity_strength_mean,interconnectivity_strength_err
0,0.1,16.03384366112806,0.5018459854536558
1,0.30000000000000004,9.769387543969728,0.8558491489206033
2,0.5000000000000001,5.813677418538415,0.1795725051743645
3,0.7000000000000001,4.994876465998007,0.17963469048302574
4,0.9000000000000001,4.642170204661324,0.13183933856791658
