,discretized_reward_proportion,interconnectivity_strength_mean,interconnectivity_strength_err
0,0.1,26.099497153395106,7.764701446448094
1,0.30000000000000004,56.36443586147493,13.669785140373007
2,0.5000000000000001,66.02806447460965,16.967247618081835
3,0.7000000000000001,65.23906965683999,25.069811699107582
4,0.9000000000000001,151.71374768123167,26.56221320693986
