,discretized_reward_proportion,interconnectivity_strength_mean,interconnectivity_strength_err
0,0.1,5.1149632384513595,0.6042749598605847
1,0.30000000000000004,14.987880592744483,2.5353983887644986
2,0.5000000000000001,36.16603888914693,7.522783727852887
3,0.7000000000000001,55.26896468224489,8.862342535596555
4,0.9000000000000001,45.5300452040065,8.207054880104572
