,discretized_reward_proportion,interconnectivity_strength_mean,interconnectivity_strength_err
0,0.1,51.01985013095307,2.257001101977575
1,0.30000000000000004,31.158229012329702,2.7894760885766674
2,0.5000000000000001,27.54667761331829,2.2850447912994873
3,0.7000000000000001,35.84728126924272,6.512753148151135
4,0.9000000000000001,46.79386724728519,4.331966348180192
