,discretized_reward_proportion,interconnectivity_strength_mean,interconnectivity_strength_err
0,0.1,58.416195621800014,8.620853796636926
1,0.30000000000000004,52.80152286714615,7.54348850251123
2,0.5000000000000001,36.47180020865835,8.190107302631967
3,0.7000000000000001,12.144351023967568,1.8864951165671413
4,0.9000000000000001,5.609144288792333,0.3461344004447718
