,discretized_reward_proportion,interconnectivity_strength_mean,interconnectivity_strength_err
0,0.1,89.71237409615361,20.32715108072891
1,0.30000000000000004,150.24055682584634,46.85520249483294
2,0.5000000000000001,0.18032786885245902,0.04922509831769472
3,0.7000000000000001,0.03571428571428571,0.03507073235935592
4,0.9000000000000001,0.0,0.0
