,discretized_reward_proportion,interconnectivity_strength_mean,interconnectivity_strength_err
0,0.1,24.43753385133482,3.239666545699162
1,0.30000000000000004,32.601561975494626,6.022191007136719
2,0.5000000000000001,61.195198945980046,14.738282887970955
3,0.7000000000000001,119.28567078884831,16.916550807013767
4,0.9000000000000001,89.86374662037923,14.768189925868732
