,discretized_reward_proportion,interconnectivity_strength_mean,interconnectivity_strength_err
0,0.1,9.927793223413868,1.2351758562800468
1,0.30000000000000004,8.657067776139325,1.0453892027167
2,0.5000000000000001,9.808156133876919,1.4097536885646722
3,0.7000000000000001,8.040688695790115,0.3860910612532048
4,0.9000000000000001,7.16712174658927,0.17735643923753905
