,discretized_reward_proportion,interconnectivity_strength_mean,interconnectivity_strength_err
0,0.1,16.447227248984248,15.196710215443666
1,0.30000000000000004,36.71899337099957,10.45761036644878
2,0.5000000000000001,69.90882012933193,13.65694970603045
3,0.7000000000000001,68.48026216906679,7.779625911929232
4,0.9000000000000001,66.31090686938715,9.326781451091344
