,discretized_reward_proportion,interconnectivity_strength_mean,interconnectivity_strength_err
0,0.1,21.479630381567045,0.8255538264625538
1,0.30000000000000004,18.378433150858225,1.1159494184254606
2,0.5000000000000001,19.654229728263886,1.1739659781619087
3,0.7000000000000001,17.335145358583016,3.278398436610028
4,0.9000000000000001,8.090474851123359,0.5413526119832744
