,discretized_reward_proportion,interconnectivity_strength_mean,interconnectivity_strength_err
0,0.1,19.38055338523668,5.777078561995312
1,0.30000000000000004,58.16493237345828,20.651335020742565
2,0.5000000000000001,139.4199715926751,26.3958230862895
3,0.7000000000000001,45.667666983116696,16.356157596104495
4,0.9000000000000001,33.69916465496346,11.490600663655515
