,discretized_reward_proportion,interconnectivity_strength_mean,interconnectivity_strength_err
0,0.1,29.973399305130567,4.273070541919551
1,0.30000000000000004,52.45211478928733,7.2036118914541865
2,0.5000000000000001,23.26016247394129,6.888290426742919
3,0.7000000000000001,11.864294878709252,0.9025346702409156
4,0.9000000000000001,24.000455299879164,2.755669482540707
