,discretized_reward_proportion,interconnectivity_strength_mean,interconnectivity_strength_err
0,0.1,30.899499359423586,1.7562865491083728
1,0.30000000000000004,20.639013886769163,1.5576933003470423
2,0.5000000000000001,19.471648586820937,1.3008793935415794
3,0.7000000000000001,25.399986839836696,4.365051943666015
4,0.9000000000000001,10.9727226606829,2.1384016863126267
