,discretized_reward_proportion,interconnectivity_strength_mean,interconnectivity_strength_err
0,0.1,41.85525095160236,5.6761370735739956
1,0.30000000000000004,66.92777866852077,13.037208573361985
2,0.5000000000000001,35.124754012165134,13.616258700995553
3,0.7000000000000001,43.82062253234389,15.808388271658266
4,0.9000000000000001,18.232791400998796,11.324236391193597
