,discretized_reward_proportion,interconnectivity_strength_mean,interconnectivity_strength_err
0,0.1,15.74451756009095,2.3430960078297436
1,0.30000000000000004,19.34796445151386,2.0496063722564255
2,0.5000000000000001,18.63275289769946,1.8629466150932628
3,0.7000000000000001,19.529545902664452,2.2945849826038196
4,0.9000000000000001,9.949627836391189,0.6798315782259047
