,discretized_reward_proportion,interconnectivity_strength_mean,interconnectivity_strength_err
0,0.1,4.375982749008397,1.0693593363021803
1,0.30000000000000004,2.194779225563835,0.6361505806995936
2,0.5000000000000001,4.024686116513662,0.5892555509887669
3,0.7000000000000001,2.3533574165773343,0.391195513885411
4,0.9000000000000001,4.834892782942303,0.6734282579625226
