,discretized_reward_proportion,interconnectivity_strength_mean,interconnectivity_strength_err
0,0.1,8.105070940319987,2.9844855230817937
1,0.30000000000000004,37.06849194322815,24.766273855169842
2,0.5000000000000001,255.50922381292185,75.96342373821602
3,0.7000000000000001,13.289281702446408,1.73944788316588
4,0.9000000000000001,15.09715119342126,5.689127375913795
