,discretized_reward_proportion,interconnectivity_strength_mean,interconnectivity_strength_err
0,0.1,400.01712567057734,76.73701792921848
1,0.30000000000000004,278.11232176458986,72.64380833340526
2,0.5000000000000001,38.813076496333615,6.631985859641125
3,0.7000000000000001,57.26132937231621,8.656260968613196
4,0.9000000000000001,56.30667247045156,8.937531440875487
