,discretized_reward_proportion,interconnectivity_strength_mean,interconnectivity_strength_err
0,0.1,38.61742335588693,2.2160743272302117
1,0.30000000000000004,52.44160420331759,6.659289992140302
2,0.5000000000000001,63.52639225616677,7.640139677022129
3,0.7000000000000001,50.029599106255226,10.932532257903535
4,0.9000000000000001,54.05597064701843,7.2555114803940395
