,discretized_reward_proportion,interconnectivity_strength_mean,interconnectivity_strength_err
0,0.1,174.79599496562452,30.670934088105614
1,0.30000000000000004,134.9051345138207,20.090487860882213
2,0.5000000000000001,91.19416020313372,21.032539010208104
3,0.7000000000000001,99.05120728055135,16.944829326138077
4,0.9000000000000001,106.26583505464589,13.973960261024436
