,discretized_reward_proportion,interconnectivity_strength_mean,interconnectivity_strength_err
0,0.1,31.707499990862775,4.776720679679915
1,0.30000000000000004,48.99680960020618,8.695955700237489
2,0.5000000000000001,9.739254083643495,2.604530312594444
3,0.7000000000000001,0.03571428571428571,0.03507073235935592
4,0.9000000000000001,0.0,0.0
