,discretized_reward_proportion,interconnectivity_strength_mean,interconnectivity_strength_err
0,0.1,16.6410889701454,1.4315533657530075
1,0.30000000000000004,22.016140618035568,2.010475491348643
2,0.5000000000000001,7.685468781599705,1.7789273418636324
3,0.7000000000000001,31.689051335279956,10.743778450408202
4,0.9000000000000001,73.81288602197566,18.87737263962099
