,discretized_reward_proportion,interconnectivity_strength_mean,interconnectivity_strength_err
0,0.1,25.764529954610506,3.094131377980719
1,0.30000000000000004,22.075406015285143,2.693376053456189
2,0.5000000000000001,28.65185870561102,5.4798761686947834
3,0.7000000000000001,10.585907237286362,2.92440505471405
4,0.9000000000000001,7.2234839751167765,1.0138614693323211
