,discretized_reward_proportion,interconnectivity_strength_mean,interconnectivity_strength_err
0,0.1,40.94851515111716,7.860812534941277
1,0.30000000000000004,28.261099527835242,4.316267175335423
2,0.5000000000000001,26.702042272822354,5.462893087587603
3,0.7000000000000001,39.91829768286731,5.014994482259048
4,0.9000000000000001,27.426972861351157,5.947237756648626
