,discretized_reward_proportion,interconnectivity_strength_mean,interconnectivity_strength_err
0,0.1,18.585213565257085,1.226424104585068
1,0.30000000000000004,22.44163724014448,1.3956951954753478
2,0.5000000000000001,21.638764477229756,1.4439114053979125
3,0.7000000000000001,15.18249249496341,1.0799466800232982
4,0.9000000000000001,12.104302235998407,0.6481572770768675
