,discretized_reward_proportion,interconnectivity_strength_mean,interconnectivity_strength_err
0,0.1,26.045765537879646,0.7057131456667431
1,0.30000000000000004,20.55444291122462,0.8346857954725821
2,0.5000000000000001,22.13603139614408,1.5580590153360339
3,0.7000000000000001,18.183470536335854,2.0526305135844574
4,0.9000000000000001,14.871682729905215,0.9691518221308679
