,discretized_reward_proportion,interconnectivity_strength_mean,interconnectivity_strength_err
0,0.1,4.933953687786175,0.5622536883968847
1,0.30000000000000004,5.185680505976971,0.592031174975874
2,0.5000000000000001,5.661770123519763,1.637035855412267
3,0.7000000000000001,6.04004534997814,0.6860551008677397
4,0.9000000000000001,7.824084217997857,0.9139662648491043
