,discretized_reward_proportion,interconnectivity_strength_mean,interconnectivity_strength_err
0,0.1,9.722158921626017,0.5976412379037761
1,0.30000000000000004,10.680526312568196,0.3436523742229831
2,0.5000000000000001,8.198497874802449,0.45727481375413487
3,0.7000000000000001,6.2668431977426415,0.3129026367967765
4,0.9000000000000001,5.917313444076514,0.183337346356296
