,discretized_reward_proportion,interconnectivity_strength_mean,interconnectivity_strength_err
0,0.1,0.0,0.0
1,0.30000000000000004,0.0,0.0
2,0.5000000000000001,6.290265810009096,1.5840065178266518
3,0.7000000000000001,13.979657978617553,2.2631693880416384
4,0.9000000000000001,19.532749943410362,2.1485422720524774
