,discretized_reward_proportion,interconnectivity_strength_mean,interconnectivity_strength_err
0,0.1,33.88811233393472,1.2392717332152183
1,0.30000000000000004,22.735878379216118,1.9107564015354013
2,0.5000000000000001,21.73634709387778,1.623554001820668
3,0.7000000000000001,25.58574432299496,2.719330731573967
4,0.9000000000000001,26.954034585199235,1.6333461288223021
