,discretized_reward_proportion,interconnectivity_strength_mean,interconnectivity_strength_err
0,0.1,1046.4070895552886,169.07108262463152
1,0.30000000000000004,312.7210445397813,71.66676331325509
2,0.5000000000000001,259.8232141947376,58.38892413518188
3,0.7000000000000001,502.7370854326997,194.318561837956
4,0.9000000000000001,215.3893237998398,90.8234923451788
