,discretized_reward_proportion,interconnectivity_strength_mean,interconnectivity_strength_err
0,0.1,101.73323704953424,17.813467993243858
1,0.30000000000000004,36.21179847635741,3.445260332480537
2,0.5000000000000001,36.06059265126523,3.666976800798306
3,0.7000000000000001,19.939775091630274,2.6685131405783458
4,0.9000000000000001,11.566023587381073,1.5285692594846287
