,discretized_reward_proportion,interconnectivity_strength_mean,interconnectivity_strength_err
0,0.1,26.592387705325436,5.716473500054138
1,0.30000000000000004,35.62442715449734,5.334599092118272
2,0.5000000000000001,31.149867424967287,7.8176449070950556
3,0.7000000000000001,15.720914912091628,5.031026323834095
4,0.9000000000000001,40.13252892933552,4.98737132626419
