,discretized_reward_proportion,interconnectivity_strength_mean,interconnectivity_strength_err
0,0.1,12.690050812908169,1.1663272234640076
1,0.30000000000000004,9.16227824245028,0.5286796141408158
2,0.5000000000000001,6.000587628447133,0.36879300715731234
3,0.7000000000000001,5.892534968074056,0.17374124970220578
4,0.9000000000000001,5.522687165795345,0.18084752511987823
