,discretized_reward_proportion,interconnectivity_strength_mean,interconnectivity_strength_err
0,0.1,0.42168674698795183,0.05420476954102872
1,0.30000000000000004,0.28846153846153844,0.0628262988922542
2,0.5000000000000001,0.32142857142857145,0.062408825626148315
3,0.7000000000000001,0.20987654320987653,0.04524670096699764
4,0.9000000000000001,0.11940298507462686,0.028011979344385204
