,discretized_reward_proportion,interconnectivity_strength_mean,interconnectivity_strength_err
0,0.1,27.882902502141597,2.2099872717337528
1,0.30000000000000004,13.980213903364469,1.4525443847730162
2,0.5000000000000001,9.537471937217715,0.7447991972251409
3,0.7000000000000001,6.506788646881652,0.27779066697940846
4,0.9000000000000001,6.359672763372734,0.26348025551689436
