,discretized_reward_proportion,interconnectivity_strength_mean,interconnectivity_strength_err
0,0.1,12.982363086682254,1.3874667223482742
1,0.30000000000000004,15.775774523383344,1.4358045644044093
2,0.5000000000000001,6.909834240313919,0.7824161139825715
3,0.7000000000000001,5.412379440793751,0.2541827561953512
4,0.9000000000000001,5.742730690318179,0.4399334681690502
