,discretized_reward_proportion,interconnectivity_strength_mean,interconnectivity_strength_err
0,0.1,307.5398143179506,96.34625026938906
1,0.30000000000000004,142.61840242712373,27.58758887089959
2,0.5000000000000001,43.64195167561721,12.233063537956863
3,0.7000000000000001,67.11167603098333,13.543007599768135
4,0.9000000000000001,32.293205950204865,6.3911785106614145
