,discretized_reward_proportion,interconnectivity_strength_mean,interconnectivity_strength_err
0,0.1,10.250155586486962,1.3763191135949397
1,0.30000000000000004,12.590320958187213,2.833128574677505
2,0.5000000000000001,153.29078656657387,34.71178222193094
3,0.7000000000000001,207.93403871138963,30.710983622161827
4,0.9000000000000001,146.17406031882763,30.47423194972558
