,discretized_reward_proportion,interconnectivity_strength_mean,interconnectivity_strength_err
0,0.1,80.93359233194306,12.39719080502558
1,0.30000000000000004,43.395363858743025,9.190884740092494
2,0.5000000000000001,48.09595770892773,6.257225164493418
3,0.7000000000000001,37.22173171107264,5.723680580003407
4,0.9000000000000001,57.42915372275581,11.755532875060055
