,discretized_reward_proportion,interconnectivity_strength_mean,interconnectivity_strength_err
0,0.1,8.407984453673414,0.18473271546547337
1,0.30000000000000004,6.074656992809026,0.23178665843483082
2,0.5000000000000001,5.990742152331903,0.2641419468873712
3,0.7000000000000001,5.052101684517223,0.3714114011109969
4,0.9000000000000001,3.663114990926729,0.20059044217319624
