,discretized_reward_proportion,interconnectivity_strength_mean,interconnectivity_strength_err
0,0.1,19.157361826629625,1.090641183834872
1,0.30000000000000004,16.873451506420704,0.6317234005218054
2,0.5000000000000001,31.22642901333271,6.532986868399311
3,0.7000000000000001,29.461229496225872,4.847174191729615
4,0.9000000000000001,41.09752566401933,5.156796139124554
