,discretized_reward_proportion,interconnectivity_strength_mean,interconnectivity_strength_err
0,0.1,199.43869907185794,35.19778001165224
1,0.30000000000000004,62.68338714642374,4.8938113092813165
2,0.5000000000000001,64.17563656811213,13.404671246303032
3,0.7000000000000001,81.92914459693613,15.465190295492105
4,0.9000000000000001,43.30834468748259,12.579199072178513
