,discretized_reward_proportion,interconnectivity_strength_mean,interconnectivity_strength_err
0,0.1,16.161404053570607,1.8663177111981457
1,0.30000000000000004,11.197683962221522,2.428886971960727
2,0.5000000000000001,9.79722077528667,1.3513957221516775
3,0.7000000000000001,12.11670271727658,0.5760646921151765
4,0.9000000000000001,13.524385669696526,0.7297311723974724
