,discretized_reward_proportion,interconnectivity_strength_mean,interconnectivity_strength_err
0,0.1,8.652725620484555,1.6765223402329092
1,0.30000000000000004,13.500728869142776,2.9955353222056638
2,0.5000000000000001,7.581894316771912,0.1935223222942141
3,0.7000000000000001,7.737040502200324,0.2260338385789889
4,0.9000000000000001,9.038112299493413,0.33998797261384667
