,discretized_reward_proportion,interconnectivity_strength_mean,interconnectivity_strength_err
0,0.1,7.70376924696466,1.1106174155521296
1,0.30000000000000004,10.487286993232013,0.47165274439796595
2,0.5000000000000001,12.165415511925543,1.1007527770002514
3,0.7000000000000001,8.466626787011547,0.6215287067237076
4,0.9000000000000001,8.776629280021487,0.8245309010373779
