,discretized_reward_proportion,interconnectivity_strength_mean,interconnectivity_strength_err
0,0.1,34.60069409158027,8.120163500925033
1,0.30000000000000004,56.072545708538534,15.369965966709984
2,0.5000000000000001,10.560758100325236,2.246566589166859
3,0.7000000000000001,25.742856090711026,3.20847631353402
4,0.9000000000000001,24.169646067373737,3.1382952504006583
