,discretized_reward_proportion,interconnectivity_strength_mean,interconnectivity_strength_err
0,0.1,8.92193225564875,1.3797832056217016
1,0.30000000000000004,5.4734331871770125,0.9384879332842201
2,0.5000000000000001,8.852255288207463,4.150485982722384
3,0.7000000000000001,15.878807607808902,6.367566403409831
4,0.9000000000000001,52.71502205955508,12.99583078491399
