,discretized_reward_proportion,interconnectivity_strength_mean,interconnectivity_strength_err
0,0.1,44.35860679900871,8.636465720705946
1,0.30000000000000004,72.92370820690728,14.633209433823627
2,0.5000000000000001,67.56595093540372,7.269559585062709
3,0.7000000000000001,19.93511904600575,3.944335161950586
4,0.9000000000000001,4.123544951195021,1.6092737293039927
