,discretized_reward_proportion,interconnectivity_strength_mean,interconnectivity_strength_err
0,0.1,9.139987376839855,0.10574776654878422
1,0.30000000000000004,7.941020772684557,0.22335023099584
2,0.5000000000000001,7.117085612690245,0.19362752563466595
3,0.7000000000000001,6.956226154176849,0.23588932300868792
4,0.9000000000000001,6.793843833982442,0.19749659674991923
