,discretized_reward_proportion,interconnectivity_strength_mean,interconnectivity_strength_err
0,0.1,95.93423666530624,7.5251279985660515
1,0.30000000000000004,74.93339199301785,8.459623936234818
2,0.5000000000000001,52.45371637222041,9.07254069344297
3,0.7000000000000001,19.058739486447998,5.110686380141788
4,0.9000000000000001,6.636608697113004,2.8073195523116015
