,discretized_reward_proportion,interconnectivity_strength_mean,interconnectivity_strength_err
0,0.1,12.714603974135184,1.7995914729705427
1,0.30000000000000004,21.25757432564031,2.9378131688184927
2,0.5000000000000001,22.90323683624904,3.1664654767330496
3,0.7000000000000001,14.712230119649398,1.7321714470932326
4,0.9000000000000001,13.520897382090837,0.7987011515474701
