,discretized_reward_proportion,interconnectivity_strength_mean,interconnectivity_strength_err
0,0.1,42.1007825532173,4.583912586766292
1,0.30000000000000004,56.37590240824287,7.155415786239719
2,0.5000000000000001,33.128899893877815,5.29198602355616
3,0.7000000000000001,23.242262742319117,4.345014385703442
4,0.9000000000000001,28.613758975075278,2.6351048489598776
