,discretized_reward_proportion,interconnectivity_strength_mean,interconnectivity_strength_err
0,0.1,41.189268584815224,7.681524031635065
1,0.30000000000000004,25.98106271398899,5.127763954869018
2,0.5000000000000001,18.00223400999546,4.192824744724113
3,0.7000000000000001,17.002403628354276,2.602704004039892
4,0.9000000000000001,12.220949300623834,1.6848960525892867
