,discretized_reward_proportion,interconnectivity_strength_mean,interconnectivity_strength_err
0,0.1,8.384209464113537,0.6818956950599485
1,0.30000000000000004,4.721381828208565,0.9196760110988401
2,0.5000000000000001,13.49784801145595,1.8307534082876098
3,0.7000000000000001,8.629890080489213,0.7371044328708483
4,0.9000000000000001,9.351678244036156,0.6130104667840468
