,discretized_reward_proportion,interconnectivity_strength_mean,interconnectivity_strength_err
0,0.1,57.28131448525121,6.1583921928323715
1,0.30000000000000004,37.07266195036511,5.707144908010583
2,0.5000000000000001,26.794918612737824,4.079932836278153
3,0.7000000000000001,25.782411476129344,6.279097748363841
4,0.9000000000000001,124.39729568266608,35.792033695254446
