,discretized_reward_proportion,interconnectivity_strength_mean,interconnectivity_strength_err
0,0.1,10.029546241627651,0.8570761638600547
1,0.30000000000000004,10.20662287800867,1.8513017558887455
2,0.5000000000000001,16.254684056022054,4.308952885942542
3,0.7000000000000001,5.865999511632874,0.47886322295478845
4,0.9000000000000001,6.352097243729769,0.8066237711155974
