,discretized_reward_proportion,interconnectivity_strength_mean,interconnectivity_strength_err
0,0.1,53.719812653879146,12.601867921077126
1,0.30000000000000004,66.5456942523228,7.486467195019709
2,0.5000000000000001,19.49980400037235,5.6984342994524315
3,0.7000000000000001,20.353676002845127,3.645550978280759
4,0.9000000000000001,17.736080364705174,4.880526656666529
