,discretized_reward_proportion,interconnectivity_strength_mean,interconnectivity_strength_err
0,0.1,138.4247381953092,19.423948150754235
1,0.30000000000000004,52.43676259764469,12.896738935374238
2,0.5000000000000001,42.00038591123234,13.939499983094228
3,0.7000000000000001,67.21471026576616,23.175498939518366
4,0.9000000000000001,72.71268686839068,17.85234022003646
