,discretized_reward_proportion,interconnectivity_strength_mean,interconnectivity_strength_err
0,0.1,13.493508256278002,2.361434485904631
1,0.30000000000000004,11.384642982973038,1.4313268620825477
2,0.5000000000000001,14.23713851310307,1.675703546334027
3,0.7000000000000001,21.626943655194268,2.1003451698519813
4,0.9000000000000001,13.407936836674514,2.1926947755992203
