,discretized_reward_proportion,interconnectivity_strength_mean,interconnectivity_strength_err
0,0.1,4.551490535173638,0.31022220351691066
1,0.30000000000000004,8.059451845586167,1.122548307406698
2,0.5000000000000001,28.87627281686677,6.469484644541446
3,0.7000000000000001,17.89870766516939,2.2927783965593003
4,0.9000000000000001,11.220131124271894,0.6805144794319808
