,discretized_reward_proportion,interconnectivity_strength_mean,interconnectivity_strength_err
0,0.1,0.09836065573770492,0.03812959719997088
1,0.30000000000000004,0.038461538461538464,0.026668278664674475
2,0.5000000000000001,0.0975609756097561,0.04633989790398679
3,0.7000000000000001,0.9075287989574358,0.5538512565831357
4,0.9000000000000001,5.845395288565139,1.3284606194985338
