,discretized_reward_proportion,interconnectivity_strength_mean,interconnectivity_strength_err
0,0.1,2.290763396741724,0.43015891335433726
1,0.30000000000000004,11.446127179174981,2.438749276310533
2,0.5000000000000001,2.4086454046374755,0.6348768622371742
3,0.7000000000000001,0.8930221078942369,0.4129935639987389
4,0.9000000000000001,2.5539674160637853,0.94397403550252
