,discretized_reward_proportion,interconnectivity_strength_mean,interconnectivity_strength_err
0,0.1,28.470388934309025,5.406566460335826
1,0.30000000000000004,2.826382700389523,1.4727468297913002
2,0.5000000000000001,0.34831460674157305,0.050502146074328055
3,0.7000000000000001,0.13333333333333333,0.03925227051701264
4,0.9000000000000001,0.08974358974358974,0.03236206980550629
