,discretized_reward_proportion,interconnectivity_strength_mean,interconnectivity_strength_err
0,0.1,14.016193176748308,1.1913747864582622
1,0.30000000000000004,26.852529395929498,5.0291824296303504
2,0.5000000000000001,22.437331796356897,4.211837318258457
3,0.7000000000000001,30.84720149335966,6.053726218825197
4,0.9000000000000001,20.249947028419662,3.823510775750993
