,discretized_reward_proportion,interconnectivity_strength_mean,interconnectivity_strength_err
0,0.1,52.24253468153764,8.604889135126289
1,0.30000000000000004,9.452074541015044,6.068388131630618
2,0.5000000000000001,5.55566885940805,2.9641574953737027
3,0.7000000000000001,0.21428571428571427,0.07754430690597276
4,0.9000000000000001,0.9545454545454546,0.044409473678108845
