,discretized_reward_proportion,interconnectivity_strength_mean,interconnectivity_strength_err
0,0.1,6.516258773350567,2.7993168464402984
1,0.30000000000000004,21.614818680153107,8.567848249129973
2,0.5000000000000001,29.24962306758551,8.593292837511044
3,0.7000000000000001,19.853153729731208,3.9465066262059536
4,0.9000000000000001,14.381745715585236,3.753969576437393
