,discretized_reward_proportion,interconnectivity_strength_mean,interconnectivity_strength_err
0,0.1,17.166230271892168,0.49117188736551837
1,0.30000000000000004,13.170099430710216,0.6230203855994848
2,0.5000000000000001,10.955841762672069,0.4292004801249589
3,0.7000000000000001,10.624391321120555,0.6335982056837763
4,0.9000000000000001,20.840320760348547,2.2024411992840354
