,discretized_reward_proportion,interconnectivity_strength_mean,interconnectivity_strength_err
0,0.1,38.32855363324642,4.672231552518115
1,0.30000000000000004,42.569346797393,5.9496000714676995
2,0.5000000000000001,37.85144108297998,3.273043553017165
3,0.7000000000000001,24.926369932876224,1.5457825799685974
4,0.9000000000000001,26.28910365555585,1.1008805524515428
