,discretized_reward_proportion,interconnectivity_strength_mean,interconnectivity_strength_err
0,0.1,11.167257769785762,1.4851672586074889
1,0.30000000000000004,9.021338344322624,0.6981528348724111
2,0.5000000000000001,13.346338767998855,1.3075602768437036
3,0.7000000000000001,17.644268948851852,0.9419270112085223
4,0.9000000000000001,15.177559746568216,1.3036268296631919
