,discretized_reward_proportion,interconnectivity_strength_mean,interconnectivity_strength_err
0,0.1,13.687474793897058,0.24683841248222968
1,0.30000000000000004,11.779152486317905,0.6402078835706722
2,0.5000000000000001,12.309699541271385,0.8267085140979821
3,0.7000000000000001,9.093663770829009,0.5571429951594943
4,0.9000000000000001,6.602622018681249,0.3286768817939018
