,discretized_reward_proportion,interconnectivity_strength_mean,interconnectivity_strength_err
0,0.1,108.23065889991494,7.116293315005352
1,0.30000000000000004,95.27764504162222,7.181770189134062
2,0.5000000000000001,62.75845224446201,10.612897846361854
3,0.7000000000000001,50.36087699447686,10.020265122264558
4,0.9000000000000001,74.65535553943774,17.009435405602733
