,discretized_reward_proportion,interconnectivity_strength_mean,interconnectivity_strength_err
0,0.1,9.055898819953567,1.7494802990805318
1,0.30000000000000004,7.9090034528440345,2.458264219069502
2,0.5000000000000001,0.0,0.0
3,0.7000000000000001,55.24834459292208,10.85868365700068
4,0.9000000000000001,102.73015375342395,20.052596126926748
