,discretized_reward_proportion,interconnectivity_strength_mean,interconnectivity_strength_err
0,0.1,44.45821139776574,11.484780580665156
1,0.30000000000000004,70.33477050842427,11.991508171119852
2,0.5000000000000001,28.800307933328025,10.224826098741465
3,0.7000000000000001,18.85653183461888,3.5494507874698593
4,0.9000000000000001,15.018606730230053,1.0941270673240184
