,discretized_reward_proportion,interconnectivity_strength_mean,interconnectivity_strength_err
0,0.1,104.16577360472573,24.34901780432398
1,0.30000000000000004,45.706275911074506,11.685874209409388
2,0.5000000000000001,31.433428189703765,13.683893180790726
3,0.7000000000000001,18.520240011986132,7.0528869979771605
4,0.9000000000000001,23.125332069150208,4.799320311546439
