,discretized_reward_proportion,interconnectivity_strength_mean,interconnectivity_strength_err
0,0.1,11.627160749760858,1.1843792763937577
1,0.30000000000000004,31.329174548917376,10.476850427323487
2,0.5000000000000001,45.39365505751214,9.167838589452934
3,0.7000000000000001,15.556038957710253,5.089455016962471
4,0.9000000000000001,8.699506472538932,0.6057723650197202
