,discretized_reward_proportion,interconnectivity_strength_mean,interconnectivity_strength_err
0,0.1,18.589217928548248,0.5512535469965978
1,0.30000000000000004,11.460208836481005,0.9957167256927623
2,0.5000000000000001,7.0142144333314755,0.2059006480445151
3,0.7000000000000001,7.330255622904017,0.3353692241214391
4,0.9000000000000001,8.398015548780783,0.31712662236692535
