,discretized_reward_proportion,interconnectivity_strength_mean,interconnectivity_strength_err
0,0.1,40.03167964124642,2.8724464519451476
1,0.30000000000000004,50.70315325516379,4.711878768469934
2,0.5000000000000001,51.8668020582039,5.047677691908195
3,0.7000000000000001,89.71815813842359,22.926039857999417
4,0.9000000000000001,74.36453742615308,16.06689658318649
