,discretized_reward_proportion,interconnectivity_strength_mean,interconnectivity_strength_err
0,0.1,9.604705209827417,1.3778242691455223
1,0.30000000000000004,14.824342690950585,3.6118746076105452
2,0.5000000000000001,20.622834938781267,5.487870127679147
3,0.7000000000000001,6.048635400754678,2.8014493285906528
4,0.9000000000000001,10.060119085436064,1.1232486144568818
