,discretized_reward_proportion,interconnectivity_strength_mean,interconnectivity_strength_err
0,0.1,14.070310773359246,0.5297334814433989
1,0.30000000000000004,10.650614851284226,0.4600489835251091
2,0.5000000000000001,10.769081163985227,0.40715832871623087
3,0.7000000000000001,10.55977560020493,0.3858301379976439
4,0.9000000000000001,7.446720206428801,0.34399955007855176
