,discretized_reward_proportion,interconnectivity_strength_mean,interconnectivity_strength_err
0,0.1,35.48560706215178,6.50455068350391
1,0.30000000000000004,14.93155001307924,4.260752252235165
2,0.5000000000000001,2.0527670958825444,1.1002186649745924
3,0.7000000000000001,6.810788062285993,3.245725261883884
4,0.9000000000000001,39.77737515460199,10.7195064820476
