,discretized_reward_proportion,interconnectivity_strength_mean,interconnectivity_strength_err
0,0.1,5.697629342581992,0.3987511566075519
1,0.30000000000000004,5.670162293211149,0.5843506955338734
2,0.5000000000000001,6.226512819606683,0.5069597614941699
3,0.7000000000000001,7.863527397254662,0.40244723850257946
4,0.9000000000000001,8.59287562072875,0.39659277801748977
