,discretized_reward_proportion,interconnectivity_strength_mean,interconnectivity_strength_err
0,0.1,11.977576218936761,1.654071755467362
1,0.30000000000000004,10.964020831582786,2.762175256266931
2,0.5000000000000001,21.075807376116583,4.791812445243063
3,0.7000000000000001,113.9571899565306,22.596112140371897
4,0.9000000000000001,64.31203806993328,12.809667700962798
