,discretized_reward_proportion,interconnectivity_strength_mean,interconnectivity_strength_err
0,0.1,10.906296927014093,0.5442608879599744
1,0.30000000000000004,11.600144800634338,1.0105321255055029
2,0.5000000000000001,8.924670379012609,0.8991996265672524
3,0.7000000000000001,15.830975242724518,1.1815436842269873
4,0.9000000000000001,36.71554919592308,3.3145546868122024
