,discretized_reward_proportion,interconnectivity_strength_mean,interconnectivity_strength_err
0,0.1,11.736291213315905,1.5556956084628435
1,0.30000000000000004,17.03502952865155,1.5637254380930208
2,0.5000000000000001,10.5558870197729,0.8748281265250506
3,0.7000000000000001,10.106476137330047,0.4719313837467264
4,0.9000000000000001,10.54211948987581,0.5663889938492923
