,discretized_reward_proportion,interconnectivity_strength_mean,interconnectivity_strength_err
0,0.1,17.11516045534954,4.0308586463767355
1,0.30000000000000004,17.88338302829538,0.9875316654898383
2,0.5000000000000001,14.708527370840908,0.6002856374978862
3,0.7000000000000001,16.321043772938044,0.6452614466689707
4,0.9000000000000001,14.012388182895918,1.0170589494530171
