,discretized_reward_proportion,interconnectivity_strength_mean,interconnectivity_strength_err
0,0.1,27.58009294432252,3.16873095004514
1,0.30000000000000004,38.21535263350284,6.773003216296117
2,0.5000000000000001,30.198514945376044,4.38701795151006
3,0.7000000000000001,23.97326019591488,2.3874795070088175
4,0.9000000000000001,20.7761739009236,1.4725608767108396
