,discretized_reward_proportion,interconnectivity_strength_mean,interconnectivity_strength_err
0,0.1,3.4624493964419205,0.9499140699139557
1,0.30000000000000004,4.294272162848436,1.4092183624580934
2,0.5000000000000001,18.26588264470361,2.5474013957564607
3,0.7000000000000001,11.92997353947814,1.0972671289183245
4,0.9000000000000001,16.3586570587177,1.263890799393623
