,discretized_reward_proportion,interconnectivity_strength_mean,interconnectivity_strength_err
0,0.1,0.40804597701149425,0.037258375410827986
1,0.30000000000000004,0.03125,0.02174907954230477
2,0.5000000000000001,0.09836065573770492,0.038129597199970874
3,0.7000000000000001,0.10714285714285714,0.058451220598926525
4,0.9000000000000001,0.045454545454545456,0.044409473678108845
