,discretized_reward_proportion,interconnectivity_strength_mean,interconnectivity_strength_err
0,0.1,5.381208639213429,0.18271359732260348
1,0.30000000000000004,6.2501546404985815,0.5282937970125329
2,0.5000000000000001,5.306877852554058,0.4034944751887257
3,0.7000000000000001,4.224415768937715,0.17208827602933627
4,0.9000000000000001,4.187017742391515,0.1047998333030701
