,discretized_reward_proportion,interconnectivity_strength_mean,interconnectivity_strength_err
0,0.1,96.74773022984758,11.897738422841128
1,0.30000000000000004,153.4075203775661,37.77687914780234
2,0.5000000000000001,109.75835806290651,24.296265285481088
3,0.7000000000000001,94.04169268640412,28.751148587861753
4,0.9000000000000001,102.1709333461632,32.200624092195234
