,discretized_reward_proportion,interconnectivity_strength_mean,interconnectivity_strength_err
0,0.1,6.767526775233773,0.4752263403189975
1,0.30000000000000004,6.943661870497086,0.29975014773042613
2,0.5000000000000001,10.961056501710324,1.1612696190276177
3,0.7000000000000001,11.680266149721334,1.0456401798114747
4,0.9000000000000001,11.251102198150233,0.7930621736957486
