,discretized_reward_proportion,interconnectivity_strength_mean,interconnectivity_strength_err
0,0.1,13.322477035831445,0.5856616074022548
1,0.30000000000000004,18.703023936371704,2.3083033061253486
2,0.5000000000000001,17.593112156197186,1.8397163981820206
3,0.7000000000000001,11.466958045881682,0.3881236123094808
4,0.9000000000000001,12.957498833967678,0.5711274406197175
