,discretized_reward_proportion,interconnectivity_strength_mean,interconnectivity_strength_err
0,0.1,34.675629122975764,11.389088882744918
1,0.30000000000000004,28.587577595707717,9.31638108979722
2,0.5000000000000001,54.021124599789765,13.405678892808593
3,0.7000000000000001,42.56554039021975,6.560223714299125
4,0.9000000000000001,72.17042157892242,8.977602107379676
