,discretized_reward_proportion,interconnectivity_strength_mean,interconnectivity_strength_err
0,0.1,13.698967570520276,0.9252060446162891
1,0.30000000000000004,12.466037140178381,0.9832416490785755
2,0.5000000000000001,11.102745879125015,0.7756344989243762
3,0.7000000000000001,13.83579455980338,0.7080317235714413
4,0.9000000000000001,11.911064336142736,0.7287603201510774
