,discretized_reward_proportion,interconnectivity_strength_mean,interconnectivity_strength_err
0,0.1,11.743693868778603,0.5400971100298348
1,0.30000000000000004,9.591634216363383,0.5559019652356453
2,0.5000000000000001,7.030698316304695,0.29863797518908897
3,0.7000000000000001,15.538494899273973,1.6116293839063873
4,0.9000000000000001,18.867146903870815,1.6033611128643717
