,discretized_reward_proportion,interconnectivity_strength_mean,interconnectivity_strength_err
0,0.1,6.851936469203447,1.3995217577283225
1,0.30000000000000004,30.219418430337193,3.2175241566587087
2,0.5000000000000001,11.667248010214525,1.564731969493948
3,0.7000000000000001,12.564949137815129,0.9286701841259197
4,0.9000000000000001,11.356426958975893,0.7552873480794163
