,discretized_reward_proportion,interconnectivity_strength_mean,interconnectivity_strength_err
0,0.1,12.701177102517974,0.7530186261676716
1,0.30000000000000004,18.191845658477074,1.843553920489982
2,0.5000000000000001,14.443617484053979,1.3877177632671105
3,0.7000000000000001,15.686208263521412,0.7416012154223546
4,0.9000000000000001,13.304450520596177,0.40954202753931324
