,discretized_reward_proportion,interconnectivity_strength_mean,interconnectivity_strength_err
0,0.1,43.2511870929847,8.690186034904468
1,0.30000000000000004,64.4831526661176,11.711465220907188
2,0.5000000000000001,58.15455681838009,12.217287437812905
3,0.7000000000000001,23.6041492975707,12.239183282351066
4,0.9000000000000001,1.3233620195369935,1.2929358370112152
