,discretized_reward_proportion,interconnectivity_strength_mean,interconnectivity_strength_err
0,0.1,44.99632151586658,3.799564351713946
1,0.30000000000000004,22.55545901519634,4.967553189870668
2,0.5000000000000001,4.133667529543452,0.9671945751648747
3,0.7000000000000001,2.8105901987855932,1.0654399602915983
4,0.9000000000000001,0.0,0.0
