,discretized_reward_proportion,interconnectivity_strength_mean,interconnectivity_strength_err
0,0.1,37.95821067308474,7.444287369555374
1,0.30000000000000004,30.034070689187654,4.278424994372663
2,0.5000000000000001,19.466985186523278,2.277329623836456
3,0.7000000000000001,20.10791134434978,3.5297141172780244
4,0.9000000000000001,2.5564206666835374,0.9779817389817794
