,discretized_reward_proportion,interconnectivity_strength_mean,interconnectivity_strength_err
0,0.1,66.88860059202712,4.274325609004547
1,0.30000000000000004,69.62656065702437,7.008932214722773
2,0.5000000000000001,66.73507301939682,13.378062208807679
3,0.7000000000000001,60.751821462604774,13.473188176924172
4,0.9000000000000001,34.85742095412836,10.360833281933159
