,discretized_reward_proportion,interconnectivity_strength_mean,interconnectivity_strength_err
0,0.1,235.82896724227462,63.21874933491978
1,0.30000000000000004,94.68523517225583,34.227731137311665
2,0.5000000000000001,38.251745019404375,7.11015942521827
3,0.7000000000000001,49.58842889656803,4.012904698431461
4,0.9000000000000001,45.28712423544854,3.516428179115303
