,discretized_reward_proportion,interconnectivity_strength_mean,interconnectivity_strength_err
0,0.1,22.50526339296388,1.6082527474431154
1,0.30000000000000004,23.29970063280899,1.7988256597575478
2,0.5000000000000001,22.687178070330923,0.9991241172209965
3,0.7000000000000001,23.68570934712092,0.921704804959378
4,0.9000000000000001,23.876769738525983,1.2054084318087657
