,discretized_reward_proportion,interconnectivity_strength_mean,interconnectivity_strength_err
0,0.1,9.646380074917033,1.4694828011162246
1,0.30000000000000004,13.162039392747456,1.8213308156941173
2,0.5000000000000001,19.404757370921278,1.7863091573936125
3,0.7000000000000001,11.224655266014,1.4110406501061792
4,0.9000000000000001,27.53075683277958,7.112006885453226
