,discretized_reward_proportion,interconnectivity_strength_mean,interconnectivity_strength_err
0,0.1,50.56729719084302,12.855378648641363
1,0.30000000000000004,88.82380807589735,7.469603989305455
2,0.5000000000000001,38.84436972361516,8.63331780444066
3,0.7000000000000001,26.45778065476537,4.56311850584606
4,0.9000000000000001,27.174365581067466,2.8799561042108595
