,discretized_reward_proportion,interconnectivity_strength_mean,interconnectivity_strength_err
0,0.1,40.19747234462062,2.074581929195409
1,0.30000000000000004,92.9017311177145,18.769698058716536
2,0.5000000000000001,93.24054879281286,16.552134673024515
3,0.7000000000000001,126.50859972018897,24.688683323801357
4,0.9000000000000001,58.526284663126155,7.754789652335128
