,discretized_reward_proportion,interconnectivity_strength_mean,interconnectivity_strength_err
0,0.1,9.535182341700267,1.7086639867630433
1,0.30000000000000004,5.381108463016364,0.7328085626507098
2,0.5000000000000001,9.146674282196628,0.9194321313160275
3,0.7000000000000001,7.101052819944173,0.5820039445383394
4,0.9000000000000001,5.348241365681922,0.25019617342969375
