,discretized_reward_proportion,interconnectivity_strength_mean,interconnectivity_strength_err
0,0.1,0.46111111111111114,0.037154905038903424
1,0.30000000000000004,0.39325842696629215,0.05177807403146382
2,0.5000000000000001,2.0879191153674816,1.2828820722251806
3,0.7000000000000001,5.617024367004529,1.768811541247876
4,0.9000000000000001,3.5382508178914898,0.4573062687657315
