,discretized_reward_proportion,interconnectivity_strength_mean,interconnectivity_strength_err
0,0.1,45.741502590825405,4.409249737778009
1,0.30000000000000004,30.48611550906515,5.749735543214885
2,0.5000000000000001,21.633247639133593,4.460423668698398
3,0.7000000000000001,24.52807620117944,3.855205944546909
4,0.9000000000000001,54.81322751848332,11.898018037423489
