,discretized_reward_proportion,interconnectivity_strength_mean,interconnectivity_strength_err
0,0.1,5.5497776199205,3.028176191830524
1,0.30000000000000004,35.57196265703571,16.033877869003646
2,0.5000000000000001,72.99960826791244,26.099816846782765
3,0.7000000000000001,93.65216656660397,26.186495098489054
4,0.9000000000000001,12.404610826990469,3.1525130537896366
