,discretized_reward_proportion,interconnectivity_strength_mean,interconnectivity_strength_err
0,0.1,19.266324910066423,2.67541602662878
1,0.30000000000000004,15.078965729870422,2.575898147056497
2,0.5000000000000001,18.27672565171062,3.3819768228197953
3,0.7000000000000001,22.649455966477188,3.7931981587407417
4,0.9000000000000001,42.825377136757204,6.3403658342737685
