,discretized_reward_proportion,interconnectivity_strength_mean,interconnectivity_strength_err
0,0.1,38.45365690418843,3.4936200815145235
1,0.30000000000000004,9.944901794723956,1.1561233870103569
2,0.5000000000000001,11.353272483444458,0.787469097531621
3,0.7000000000000001,10.885202429583535,1.221560221444202
4,0.9000000000000001,4.107800491457476,0.21973298802508726
