,discretized_reward_proportion,interconnectivity_strength_mean,interconnectivity_strength_err
0,0.1,102.47423780163385,21.188207354187263
1,0.30000000000000004,63.11871961174213,16.55411951336557
2,0.5000000000000001,86.3377856254033,26.616307842674612
3,0.7000000000000001,14.349743931352506,1.590891154192622
4,0.9000000000000001,19.3351121871905,3.160386818469181
