,discretized_reward_proportion,interconnectivity_strength_mean,interconnectivity_strength_err
0,0.1,11.975728622249195,0.16376285732166238
1,0.30000000000000004,8.976393759130291,0.388172745079812
2,0.5000000000000001,7.393320562098945,0.2793178473587108
3,0.7000000000000001,5.963730391163364,0.20030275841947742
4,0.9000000000000001,5.591416212100946,0.14801526329956236
