,discretized_reward_proportion,interconnectivity_strength_mean,interconnectivity_strength_err
0,0.1,34.58642518614948,1.0155539352152188
1,0.30000000000000004,27.563505675304583,2.676027377174609
2,0.5000000000000001,28.98618568795472,3.578379056040064
3,0.7000000000000001,37.23181154249543,2.8893893146538163
4,0.9000000000000001,37.197862771137665,5.884787669173228
