,discretized_reward_proportion,interconnectivity_strength_mean,interconnectivity_strength_err
0,0.1,29.49529606599738,2.9231978474442486
1,0.30000000000000004,15.186440316086879,1.9993169195823608
2,0.5000000000000001,13.307286849045626,1.4007550558627344
3,0.7000000000000001,10.880041946795027,0.704070412706999
4,0.9000000000000001,12.457236447235351,0.8201272662780908
