,discretized_reward_proportion,interconnectivity_strength_mean,interconnectivity_strength_err
0,0.1,9.370248670864218,0.6811696615694771
1,0.30000000000000004,16.18683964358067,3.015524611148956
2,0.5000000000000001,32.85690258652361,6.8729996298852685
3,0.7000000000000001,27.77027588760573,6.838479323035232
4,0.9000000000000001,69.1209230958133,16.954480677588045
