,discretized_reward_proportion,interconnectivity_strength_mean,interconnectivity_strength_err
0,0.1,7.689086642867126,0.5819176226141816
1,0.30000000000000004,8.241720735841232,0.3588857030727093
2,0.5000000000000001,10.133427776949866,0.5475524146287457
3,0.7000000000000001,9.867178684112448,0.3492430181439581
4,0.9000000000000001,10.751433184688516,0.33882896259959716
