,discretized_reward_proportion,interconnectivity_strength_mean,interconnectivity_strength_err
0,0.1,28.265761123392075,5.159437589234232
1,0.30000000000000004,20.010672750610137,3.1664177464108407
2,0.5000000000000001,48.656550892181265,5.958407819155448
3,0.7000000000000001,43.96472759950996,3.2680752800709154
4,0.9000000000000001,36.56599651638573,4.6142567634524925
