,discretized_reward_proportion,interconnectivity_strength_mean,interconnectivity_strength_err
0,0.1,42.47740153199732,2.348751196430262
1,0.30000000000000004,44.246226317073834,2.165376688505773
2,0.5000000000000001,26.100756352917358,2.056934994623654
3,0.7000000000000001,23.88238806666557,3.0033490943793764
4,0.9000000000000001,11.388856009738559,0.8724014160704584
