,discretized_reward_proportion,interconnectivity_strength_mean,interconnectivity_strength_err
0,0.1,8.394104292600497,0.7317826609130095
1,0.30000000000000004,6.580571738726414,0.3948284874318959
2,0.5000000000000001,5.319300608491624,0.3400277037759257
3,0.7000000000000001,4.877240842072235,0.08646790055886859
4,0.9000000000000001,5.245299232580916,0.09451876313967265
