,discretized_reward_proportion,interconnectivity_strength_mean,interconnectivity_strength_err
0,0.1,6.586409895811418,1.953548656039365
1,0.30000000000000004,8.128194584517338,1.9134439732987638
2,0.5000000000000001,46.26787119301618,11.969510512692509
3,0.7000000000000001,12.744935556178994,2.7759599324383437
4,0.9000000000000001,11.446553717657293,2.997175645928261
