,discretized_reward_proportion,interconnectivity_strength_mean,interconnectivity_strength_err
0,0.1,7.076214686323838,0.2870185800982359
1,0.30000000000000004,6.69320336782379,0.17400668168058975
2,0.5000000000000001,6.055224146908732,0.11468607959992906
3,0.7000000000000001,5.678670775553029,0.11241347328031472
4,0.9000000000000001,5.905652957033855,0.10439232894460665
