,discretized_reward_proportion,interconnectivity_strength_mean,interconnectivity_strength_err
0,0.1,68.42635239620228,6.316959701103754
1,0.30000000000000004,51.47654589494972,4.29528589378751
2,0.5000000000000001,41.307336263649155,4.048431765992639
3,0.7000000000000001,31.63280439023153,2.5031941862995852
4,0.9000000000000001,80.08169009630649,12.800220418036137
