,discretized_reward_proportion,interconnectivity_strength_mean,interconnectivity_strength_err
0,0.1,2.8826195671687684,0.14310406860441774
1,0.30000000000000004,3.2277570882948736,0.11325494311519443
2,0.5000000000000001,4.7384090768276845,0.47218283959847995
3,0.7000000000000001,4.697217246258772,0.2488669586735134
4,0.9000000000000001,3.9444705538782436,0.12056947702802971
