,discretized_reward_proportion,interconnectivity_strength_mean,interconnectivity_strength_err
0,0.1,85.20381501739952,13.30419693658556
1,0.30000000000000004,6.786617589139234,3.3637208503886207
2,0.5000000000000001,2.2838453044750664,0.6359667751368943
3,0.7000000000000001,4.376194265672138,1.1173051916906942
4,0.9000000000000001,21.01845387401196,2.7293798751600886
