,discretized_reward_proportion,interconnectivity_strength_mean,interconnectivity_strength_err
0,0.1,22.207417733955335,4.022128135098036
1,0.30000000000000004,17.63903625333601,2.3431866068088087
2,0.5000000000000001,12.06324031184494,2.2869264264774487
3,0.7000000000000001,22.35492416754391,2.361084436980127
4,0.9000000000000001,17.17550835807071,2.4190763866418363
