,discretized_reward_proportion,interconnectivity_strength_mean,interconnectivity_strength_err
0,0.1,11.89160578775788,0.5625848118024582
1,0.30000000000000004,14.954815770885547,2.271044469885718
2,0.5000000000000001,47.81955188361714,18.37607460478151
3,0.7000000000000001,110.08571344920657,29.562797414361267
4,0.9000000000000001,93.07235382302427,18.779721301036
