,discretized_reward_proportion,interconnectivity_strength_mean,interconnectivity_strength_err
0,0.1,16.666133326613533,1.7348209377558055
1,0.30000000000000004,14.723345118216121,1.5559056024456517
2,0.5000000000000001,10.46003723068142,1.2967831496854676
3,0.7000000000000001,9.630272600071638,1.6289967617028687
4,0.9000000000000001,10.26662709392942,1.5464994287425136
