,discretized_reward_proportion,interconnectivity_strength_mean,interconnectivity_strength_err
0,0.1,174.66475682636917,35.155266599752416
1,0.30000000000000004,84.24336527791813,28.766413969691616
2,0.5000000000000001,36.35228742669987,16.558089185200092
3,0.7000000000000001,145.12167714558223,45.864981648336226
4,0.9000000000000001,0.28205128205128205,0.050952259750157936
