,discretized_reward_proportion,interconnectivity_strength_mean,interconnectivity_strength_err
0,0.1,2.729372524528382,0.7212326614395285
1,0.30000000000000004,1.4209992111271394,0.40349892006955945
2,0.5000000000000001,2.9190443473291845,0.425573796891864
3,0.7000000000000001,1.6015618942915146,0.2592977891361741
4,0.9000000000000001,2.6476346822670838,0.3471510466461459
