,discretized_reward_proportion,interconnectivity_strength_mean,interconnectivity_strength_err
0,0.1,18.61670070932099,0.6990037269265755
1,0.30000000000000004,11.67670249945514,1.4708437913690695
2,0.5000000000000001,12.08401686280062,1.6852744634741106
3,0.7000000000000001,13.008820845556256,2.3474714127033995
4,0.9000000000000001,12.295496494831845,1.0445837632331136
