,discretized_reward_proportion,interconnectivity_strength_mean,interconnectivity_strength_err
0,0.1,6.5302701793670614,0.9554611829877615
1,0.30000000000000004,10.499482381820355,2.0740169371543016
2,0.5000000000000001,12.00287283183794,1.0927808849186111
3,0.7000000000000001,11.89680043402769,0.5844116223874719
4,0.9000000000000001,12.087462709438672,0.43358670639746466
