,discretized_reward_proportion,interconnectivity_strength_mean,interconnectivity_strength_err
0,0.1,21.89884054976787,1.3614849450566933
1,0.30000000000000004,14.556911475613546,1.0181522969718648
2,0.5000000000000001,13.860855305959449,1.0495118005403599
3,0.7000000000000001,17.05189904054228,2.0082996903012034
4,0.9000000000000001,12.66679071902711,0.7156693847642873
