,discretized_reward_proportion,interconnectivity_strength_mean,interconnectivity_strength_err
0,0.1,3.1363539170500854,0.13645613679096863
1,0.30000000000000004,18.46671867338244,5.861659901456358
2,0.5000000000000001,11.70429387354247,2.3699330509240477
3,0.7000000000000001,10.963726713000344,1.4544946765445157
4,0.9000000000000001,6.095899411988332,0.46498398357143744
