,discretized_reward_proportion,interconnectivity_strength_mean,interconnectivity_strength_err
0,0.1,40.58524560324339,11.17289127867742
1,0.30000000000000004,24.110493201307243,3.225723985375228
2,0.5000000000000001,14.594376642056114,2.1443542039353565
3,0.7000000000000001,26.34158545608284,2.6545463890180816
4,0.9000000000000001,18.73099535818453,2.753617920360076
