,discretized_reward_proportion,interconnectivity_strength_mean,interconnectivity_strength_err
0,0.1,15.017997466778938,1.4824728057704228
1,0.30000000000000004,19.73537797473955,2.6574060149051952
2,0.5000000000000001,28.99689169140882,5.515742092282795
3,0.7000000000000001,10.941173462221812,2.671580562285038
4,0.9000000000000001,22.268612690203003,5.810985774504704
