,discretized_reward_proportion,interconnectivity_strength_mean,interconnectivity_strength_err
0,0.1,20.93705294514856,1.5315460389771145
1,0.30000000000000004,13.189105260562332,0.957686332301909
2,0.5000000000000001,23.689440051038744,4.71709431687633
3,0.7000000000000001,48.78387919226584,9.072316070042032
4,0.9000000000000001,49.482329364402524,9.794181917021213
