,discretized_reward_proportion,interconnectivity_strength_mean,interconnectivity_strength_err
0,0.1,13.27708381751073,0.5472384214659656
1,0.30000000000000004,28.246282548136502,4.74401567171259
2,0.5000000000000001,46.41301369874043,6.947838681284416
3,0.7000000000000001,53.94749533322606,4.606183631261403
4,0.9000000000000001,52.733509038630615,6.623377129194143
