,discretized_reward_proportion,interconnectivity_strength_mean,interconnectivity_strength_err
0,0.1,74.27930679176589,5.742585425086224
1,0.30000000000000004,37.231655867583264,6.690132376038662
2,0.5000000000000001,8.449367971285097,1.7494819883117594
3,0.7000000000000001,7.849102422959397,3.1159602833077735
4,0.9000000000000001,0.0,0.0
