,discretized_reward_proportion,interconnectivity_strength_mean,interconnectivity_strength_err
0,0.1,31.115432523759022,4.105953219915655
1,0.30000000000000004,38.45287583495103,8.541134025848873
2,0.5000000000000001,92.82998199053407,12.615206139969795
3,0.7000000000000001,25.595599306833588,15.820336822274175
4,0.9000000000000001,13.840920581658635,2.4374852073105813
