,discretized_reward_proportion,interconnectivity_strength_mean,interconnectivity_strength_err
0,0.1,34.59782665328518,4.03087802713536
1,0.30000000000000004,38.324897535967644,7.075318658873126
2,0.5000000000000001,40.90342280972575,6.947062326012629
3,0.7000000000000001,25.74212906236209,3.7979435848115823
4,0.9000000000000001,56.37965890285025,7.468872976395776
