,discretized_reward_proportion,interconnectivity_strength_mean,interconnectivity_strength_err
0,0.1,4.4362661948072,1.957508285691136
1,0.30000000000000004,10.222469657958094,4.953462701464313
2,0.5000000000000001,10.976529198983508,5.325028634712702
3,0.7000000000000001,0.0,0.0
4,0.9000000000000001,0.0,0.0
