,discretized_reward_proportion,interconnectivity_strength_mean,interconnectivity_strength_err
0,0.1,7.293121649211295,0.9202317921959381
1,0.30000000000000004,5.589380071208351,1.4458959965627562
2,0.5000000000000001,19.550418615947983,9.818864556082387
3,0.7000000000000001,81.61192074883478,61.98434506634423
4,0.9000000000000001,7.200663668548154,0.6658961119257216
