,discretized_reward_proportion,interconnectivity_strength_mean,interconnectivity_strength_err
0,0.1,1.3501393840761577,0.25444173902691797
1,0.30000000000000004,1.6552882387319727,0.42579935126532303
2,0.5000000000000001,0.19920640096250838,0.13921354229229713
3,0.7000000000000001,2.3365155057471645,0.6182859157343934
4,0.9000000000000001,7.821885930413334,1.3668779891862766
