,discretized_reward_proportion,interconnectivity_strength_mean,interconnectivity_strength_err
0,0.1,29.905516401885585,6.838804570026664
1,0.30000000000000004,11.000371778803416,5.2136553301135296
2,0.5000000000000001,12.540827394212785,6.938229373278084
3,0.7000000000000001,5.91914017408416,4.078028049859765
4,0.9000000000000001,19.975532952691335,6.087796445705908
