,discretized_reward_proportion,interconnectivity_strength_mean,interconnectivity_strength_err
0,0.1,33.78926744570158,6.750694597480426
1,0.30000000000000004,29.03405541095416,11.406254551241393
2,0.5000000000000001,24.27626082710082,10.49973381098923
3,0.7000000000000001,0.0,0.0
4,0.9000000000000001,0.0,0.0
