,discretized_reward_proportion,interconnectivity_strength_mean,interconnectivity_strength_err
0,0.1,17.671903033603513,3.219977954297302
1,0.30000000000000004,18.534857694139514,2.7263427216668092
2,0.5000000000000001,13.977803824577588,1.6366085777644437
3,0.7000000000000001,11.003440001134095,0.6859719862283762
4,0.9000000000000001,11.8680086302208,0.6772701961449507
