,discretized_reward_proportion,interconnectivity_strength_mean,interconnectivity_strength_err
0,0.1,4.587204488988911,0.19519872689557016
1,0.30000000000000004,3.9910792688526753,0.15894079402204536
2,0.5000000000000001,3.732412302235752,0.12063795333311889
3,0.7000000000000001,3.503210297507301,0.06504025850118361
4,0.9000000000000001,3.4923398501870553,0.05322364055248185
