,discretized_reward_proportion,interconnectivity_strength_mean,interconnectivity_strength_err
0,0.1,35.42883416868961,5.664207387063891
1,0.30000000000000004,72.32804172315274,11.354804224634375
2,0.5000000000000001,64.06880163616924,9.87213764865438
3,0.7000000000000001,16.613663655378794,4.820384192538376
4,0.9000000000000001,2.438434708081336,0.9874373335850216
