,discretized_reward_proportion,interconnectivity_strength_mean,interconnectivity_strength_err
0,0.1,133.4793882072497,26.902835004068287
1,0.30000000000000004,17.613564144435955,4.99765162315426
2,0.5000000000000001,7.894998404325152,3.174210905312485
3,0.7000000000000001,12.132015216029767,6.718898424262519
4,0.9000000000000001,22.927216442941674,5.074359123974493
