,discretized_reward_proportion,interconnectivity_strength_mean,interconnectivity_strength_err
0,0.1,11.162534579212778,0.48997110374668934
1,0.30000000000000004,11.06038875218837,0.7482211441117197
2,0.5000000000000001,14.973679950087913,0.9258054857765173
3,0.7000000000000001,12.569413645862499,0.8191257930787619
4,0.9000000000000001,14.954933669430272,0.7195595778310429
