,discretized_reward_proportion,interconnectivity_strength_mean,interconnectivity_strength_err
0,0.1,56.16048497598971,5.278064310199004
1,0.30000000000000004,84.40779322203707,9.444317049644491
2,0.5000000000000001,44.85261558816954,6.788410234709512
3,0.7000000000000001,75.33843977703398,14.249556801470646
4,0.9000000000000001,29.955273918188485,4.143762489803679
