,discretized_reward_proportion,interconnectivity_strength_mean,interconnectivity_strength_err
0,0.1,13.722858557500691,1.2677236533508998
1,0.30000000000000004,9.292159252563053,0.9222037181351088
2,0.5000000000000001,6.647569090770731,0.5848470570785462
3,0.7000000000000001,5.3661208670990375,0.2475534750259797
4,0.9000000000000001,6.2911713187048,0.36124372833743085
