,discretized_reward_proportion,interconnectivity_strength_mean,interconnectivity_strength_err
0,0.1,50.98291342410795,2.7861232833211282
1,0.30000000000000004,25.550180346274455,2.4772366379270943
2,0.5000000000000001,25.4511760477892,3.456179674579247
3,0.7000000000000001,16.426399030477523,2.2358874033686416
4,0.9000000000000001,30.156916880123436,2.7230070494031384
