,discretized_reward_proportion,interconnectivity_strength_mean,interconnectivity_strength_err
0,0.1,0.0,0.0
1,0.30000000000000004,0.0,0.0
2,0.5000000000000001,8.116157305808096,3.1281743466702068
3,0.7000000000000001,13.24229578027774,3.3379666016256215
4,0.9000000000000001,17.463403998405912,3.507928398240323
