,discretized_reward_proportion,interconnectivity_strength_mean,interconnectivity_strength_err
0,0.1,11.969253042805107,2.226603974635872
1,0.30000000000000004,19.8646894856903,3.5649399482427038
2,0.5000000000000001,40.24773395376617,6.533751175966223
3,0.7000000000000001,33.066483546054364,4.26992289003813
4,0.9000000000000001,43.47117483046114,5.197249464316646
