,discretized_reward_proportion,interconnectivity_strength_mean,interconnectivity_strength_err
0,0.1,118.3727798746976,15.127398868790003
1,0.30000000000000004,102.24553081314812,17.23396345490549
2,0.5000000000000001,30.249270289197643,8.70676106152948
3,0.7000000000000001,17.838006842333463,9.128250287821793
4,0.9000000000000001,11.238840255204117,11.067244831132953
