,discretized_reward_proportion,interconnectivity_strength_mean,interconnectivity_strength_err
0,0.1,16.382150983216157,2.2307091633287084
1,0.30000000000000004,20.987779741656404,4.026827518217384
2,0.5000000000000001,20.59448838794627,2.849569731332788
3,0.7000000000000001,15.352356099138282,5.995426002440316
4,0.9000000000000001,14.801589420405934,7.178628395637457
