,discretized_reward_proportion,interconnectivity_strength_mean,interconnectivity_strength_err
0,0.1,5.534116939866276,0.18618586086357228
1,0.30000000000000004,6.0538737186185045,0.21209919590611243
2,0.5000000000000001,5.194293680482835,0.1546712729155982
3,0.7000000000000001,4.829926273041909,0.10787371960051369
4,0.9000000000000001,4.784201299701101,0.06995183389853889
