,discretized_reward_proportion,interconnectivity_strength_mean,interconnectivity_strength_err
0,0.1,65.81083131611125,9.878948167061607
1,0.30000000000000004,73.11365176592405,14.384418311487849
2,0.5000000000000001,61.902674533736935,14.470039149539534
3,0.7000000000000001,16.52702941981939,2.2992295269939973
4,0.9000000000000001,12.641906182953488,2.507396271663336
