,discretized_reward_proportion,interconnectivity_strength_mean,interconnectivity_strength_err
0,0.1,4.2124303073437535,2.647251931621151
1,0.30000000000000004,12.937002348645688,4.823483967898615
2,0.5000000000000001,10.752594893055086,4.838866933802811
3,0.7000000000000001,22.391708173235592,6.305634802603241
4,0.9000000000000001,44.36265817054897,7.173217965949121
