,discretized_reward_proportion,interconnectivity_strength_mean,interconnectivity_strength_err
0,0.1,13.645093174379095,0.8159125783048674
1,0.30000000000000004,10.472368809144493,1.0951915485070491
2,0.5000000000000001,10.945967188166566,1.07245740536686
3,0.7000000000000001,8.856924492965433,0.4850176040623549
4,0.9000000000000001,7.8840981540211965,0.3060633406384661
