,discretized_reward_proportion,interconnectivity_strength_mean,interconnectivity_strength_err
0,0.1,26.881300057827723,3.8051752254755087
1,0.30000000000000004,18.54835905816971,3.029019109205675
2,0.5000000000000001,11.292144725330516,2.6846021380056113
3,0.7000000000000001,5.302934047002346,1.1104365981247082
4,0.9000000000000001,10.081612051991323,1.244646915176577
