,discretized_reward_proportion,interconnectivity_strength_mean,interconnectivity_strength_err
0,0.1,83.20870047187687,12.383654669478796
1,0.30000000000000004,92.20427132490903,26.635225924287916
2,0.5000000000000001,2.5517396570406556,0.5983067712045311
3,0.7000000000000001,7.135341838996241,4.587461782502125
4,0.9000000000000001,13.976682038668292,4.7727074224211705
