,discretized_reward_proportion,interconnectivity_strength_mean,interconnectivity_strength_err
0,0.1,6.4337179113637575,0.7086198046319172
1,0.30000000000000004,5.844134284257905,0.3622447154466646
2,0.5000000000000001,5.2111161814240035,0.364039281896093
3,0.7000000000000001,4.37540898632486,0.11925529929650446
4,0.9000000000000001,5.0196493449477435,0.17852213475311532
