,discretized_reward_proportion,interconnectivity_strength_mean,interconnectivity_strength_err
0,0.1,19.66249197599951,0.633020286002308
1,0.30000000000000004,15.247013443440473,0.5868448577171347
2,0.5000000000000001,13.694053662494511,0.8365700406043737
3,0.7000000000000001,16.775818362534338,1.1106587909958408
4,0.9000000000000001,,
