,discretized_reward_proportion,interconnectivity_strength_mean,interconnectivity_strength_err
0,0.1,11.861184675125306,1.1520473827035043
1,0.30000000000000004,10.638872437880917,1.5270684968162829
2,0.5000000000000001,14.22089893273301,2.3672224634682912
3,0.7000000000000001,32.55589248134783,3.533983925883403
4,0.9000000000000001,26.355004922393157,3.0689653133989743
