,discretized_reward_proportion,interconnectivity_strength_mean,interconnectivity_strength_err
0,0.1,20.094430027631205,3.231597817402868
1,0.30000000000000004,20.953314557526628,2.685882284681374
2,0.5000000000000001,29.265979434215012,3.0386851578055736
3,0.7000000000000001,23.648108818466067,1.6317297915282518
4,0.9000000000000001,21.94869721453147,1.0735834342481263
