,discretized_reward_proportion,interconnectivity_strength_mean,interconnectivity_strength_err
0,0.1,7.746348106936231,3.434984575986061
1,0.30000000000000004,18.853292010914004,9.187824363746328
2,0.5000000000000001,36.74277615146724,18.876525741993557
3,0.7000000000000001,0.0,0.0
4,0.9000000000000001,0.0,0.0
