,discretized_reward_proportion,interconnectivity_strength_mean,interconnectivity_strength_err
0,0.1,31.02683696617151,5.640079105064309
1,0.30000000000000004,27.196293884073377,8.230027678087685
2,0.5000000000000001,5.49139723333346,2.517082941164146
3,0.7000000000000001,9.716005319401676,0.9782409694033517
4,0.9000000000000001,28.194342064858027,7.81363299077718
