,discretized_reward_proportion,interconnectivity_strength_mean,interconnectivity_strength_err
0,0.1,22.397581814096593,1.7023929806528582
1,0.30000000000000004,18.00388598236829,1.4074562938248443
2,0.5000000000000001,15.577106864446778,1.5794590029962565
3,0.7000000000000001,9.837619384826455,0.8688465506325823
4,0.9000000000000001,16.312412383735747,1.0725403484399667
