,discretized_reward_proportion,interconnectivity_strength_mean,interconnectivity_strength_err
0,0.1,24.841165801661596,14.902571454167772
1,0.30000000000000004,151.74082090579455,34.45103225141407
2,0.5000000000000001,20.451253047111244,5.087544245880752
3,0.7000000000000001,12.980062034446663,1.423219875404353
4,0.9000000000000001,28.683334316205958,3.3769019061573142
