,discretized_reward_proportion,interconnectivity_strength_mean,interconnectivity_strength_err
0,0.1,50.273251035834505,9.131537679796278
1,0.30000000000000004,74.01929835346387,15.547426690126153
2,0.5000000000000001,55.17505218498874,13.927972732559303
3,0.7000000000000001,23.289497463226823,7.650972343684883
4,0.9000000000000001,31.442509569998013,8.153385094011742
