,discretized_reward_proportion,interconnectivity_strength_mean,interconnectivity_strength_err
0,0.1,21.127239982564497,0.5549946862500418
1,0.30000000000000004,12.905498094444251,0.7210504695169843
2,0.5000000000000001,10.833130822581433,0.6641220700305964
3,0.7000000000000001,8.85277589212676,0.8631819288216637
4,0.9000000000000001,8.483966281008929,0.31990585884874334
