,discretized_reward_proportion,interconnectivity_strength_mean,interconnectivity_strength_err
0,0.1,39.43156693324657,4.403254411834974
1,0.30000000000000004,23.18464936556228,1.556418355219409
2,0.5000000000000001,22.593810215291715,1.5504586687803337
3,0.7000000000000001,25.33378574541975,1.752029110240825
4,0.9000000000000001,29.685162036755383,2.842781651343416
