,discretized_reward_proportion,interconnectivity_strength_mean,interconnectivity_strength_err
0,0.1,38.11743005390651,2.478356695255464
1,0.30000000000000004,36.9842315994277,3.5344176737867237
2,0.5000000000000001,40.17770719257081,2.8977627221503597
3,0.7000000000000001,40.36345676557887,3.370693383187415
4,0.9000000000000001,44.15409128010658,3.8074187795601686
