,discretized_reward_proportion,interconnectivity_strength_mean,interconnectivity_strength_err
0,0.1,9.341806002972465,1.0001103274256944
1,0.30000000000000004,15.541126691806317,5.940791454228201
2,0.5000000000000001,68.56432030542781,14.51507706398197
3,0.7000000000000001,50.64944296273796,7.639717015417755
4,0.9000000000000001,7.527554994518158,1.7702116346840682
