,discretized_reward_proportion,interconnectivity_strength_mean,interconnectivity_strength_err
0,0.1,18.625031508670336,1.434572570807498
1,0.30000000000000004,21.793080021548526,2.6224638881738267
2,0.5000000000000001,36.001211722682065,4.459259463291981
3,0.7000000000000001,37.84126420448892,4.5627736786351365
4,0.9000000000000001,43.18596096734934,6.4641451741856955
