,discretized_reward_proportion,interconnectivity_strength_mean,interconnectivity_strength_err
0,0.1,12.805441091361677,3.647240704709657
1,0.30000000000000004,30.855915769156276,8.926515323838052
2,0.5000000000000001,47.39477679818157,12.09854788658843
3,0.7000000000000001,28.05654613491369,13.347132343809509
4,0.9000000000000001,25.54388696242965,11.014888980379736
