,discretized_reward_proportion,interconnectivity_strength_mean,interconnectivity_strength_err
0,0.1,8.61339436491467,0.6202564812076892
1,0.30000000000000004,9.40249475890967,0.8816114456385756
2,0.5000000000000001,10.015047928508526,1.1163961725680058
3,0.7000000000000001,8.657219227768094,0.4452877355572077
4,0.9000000000000001,8.567188329340855,0.4189828232084559
