,discretized_reward_proportion,interconnectivity_strength_mean,interconnectivity_strength_err
0,0.1,63.548174024808716,7.341899187552573
1,0.30000000000000004,84.84959447130456,12.550949669868633
2,0.5000000000000001,74.2369773674455,13.273730181323808
3,0.7000000000000001,52.330288461232314,9.96570071593793
4,0.9000000000000001,61.87713441694702,13.025409510932445
