,discretized_reward_proportion,interconnectivity_strength_mean,interconnectivity_strength_err
0,0.1,24.5913584794353,0.9774586125997483
1,0.30000000000000004,20.817869709167706,1.0404471844449523
2,0.5000000000000001,18.253038732389815,0.8931489611296407
3,0.7000000000000001,25.809652806682166,2.156365225885692
4,0.9000000000000001,38.51295245864819,4.114316797520269
