,discretized_reward_proportion,interconnectivity_strength_mean,interconnectivity_strength_err
0,0.1,9.997542530112174,0.46683410569724787
1,0.30000000000000004,9.756772244813366,0.6522811719478555
2,0.5000000000000001,9.23326492682179,1.075920144231266
3,0.7000000000000001,6.916190025889412,0.6134416281115787
4,0.9000000000000001,8.672916483703107,1.303796847270151
