,discretized_reward_proportion,interconnectivity_strength_mean,interconnectivity_strength_err
0,0.1,74.61663476861374,8.74890728723251
1,0.30000000000000004,46.45967752996564,5.313624300241597
2,0.5000000000000001,19.66021519597132,2.4690078783952165
3,0.7000000000000001,13.008953301396211,2.579187508977158
4,0.9000000000000001,8.929695361705802,2.4742903914441134
