,discretized_reward_proportion,interconnectivity_strength_mean,interconnectivity_strength_err
0,0.1,53.108838357608484,14.187365650345109
1,0.30000000000000004,37.539938267716714,9.790330891278936
2,0.5000000000000001,64.91197534632386,10.75542239005552
3,0.7000000000000001,88.73314161673711,17.649660803685634
4,0.9000000000000001,87.12902349922385,17.98131063981431
