,discretized_reward_proportion,interconnectivity_strength_mean,interconnectivity_strength_err
0,0.1,119.87022629370873,9.764939419753386
1,0.30000000000000004,67.07940658069549,6.267097510307787
2,0.5000000000000001,39.71367502676387,12.360650207843573
3,0.7000000000000001,24.52709106075955,11.688368073113828
4,0.9000000000000001,0.06060606060606061,0.04153602526317224
