,discretized_reward_proportion,interconnectivity_strength_mean,interconnectivity_strength_err
0,0.1,0.4444444444444444,0.0676200688277983
1,0.30000000000000004,16.291627531050363,6.408981550488137
2,0.5000000000000001,35.0805402055613,8.48679685522
3,0.7000000000000001,69.3132224783485,14.37340434290185
4,0.9000000000000001,49.677742411459484,13.205664714061141
