,discretized_reward_proportion,interconnectivity_strength_mean,interconnectivity_strength_err
0,0.1,1.382415517549651,1.3033538491691588
1,0.30000000000000004,9.318368510512679,3.8003817031451907
2,0.5000000000000001,10.960632228844958,2.1410047909512264
3,0.7000000000000001,11.157447113701295,1.3200666311371139
4,0.9000000000000001,13.41986561929755,1.582750864873752
