,discretized_reward_proportion,interconnectivity_strength_mean,interconnectivity_strength_err
0,0.1,39.815083468694645,7.82301277890802
1,0.30000000000000004,20.513643067969536,6.216476040908824
2,0.5000000000000001,9.857411683121912,4.5433643819532135
3,0.7000000000000001,0.0,0.0
4,0.9000000000000001,0.0,0.0
