,discretized_reward_proportion,interconnectivity_strength_mean,interconnectivity_strength_err
0,0.1,17.207437915868596,1.0927470147175542
1,0.30000000000000004,4.593652347155388,0.4772211639203065
2,0.5000000000000001,5.153646727514039,0.27793280606919074
3,0.7000000000000001,4.703394251232681,0.21552396637654606
4,0.9000000000000001,7.524747828659119,0.7435750275507041
