,discretized_reward_proportion,interconnectivity_strength_mean,interconnectivity_strength_err
0,0.1,122.54085604176949,7.175413302057316
1,0.30000000000000004,103.52916232573514,7.127587684623658
2,0.5000000000000001,94.4767717951131,13.295114298155458
3,0.7000000000000001,109.26406898304573,42.46974246572377
4,0.9000000000000001,269.43589027144196,80.40982892113007
