,discretized_reward_proportion,interconnectivity_strength_mean,interconnectivity_strength_err
0,0.1,11.669981608761427,0.2475163994244031
1,0.30000000000000004,13.447749459478484,0.6795066805139041
2,0.5000000000000001,14.314896443409236,0.7082502222889145
3,0.7000000000000001,10.226556806845961,0.5513634975747244
4,0.9000000000000001,6.887802410250617,0.2889266691692187
