,discretized_reward_proportion,interconnectivity_strength_mean,interconnectivity_strength_err
0,0.1,81.42345219612136,6.490218472199236
1,0.30000000000000004,53.49393744626888,3.635628792464962
2,0.5000000000000001,60.685444656530976,3.481946126363199
3,0.7000000000000001,43.93201018311174,5.389444022311696
4,0.9000000000000001,13.421234923655772,5.002959117827987
