,discretized_reward_proportion,interconnectivity_strength_mean,interconnectivity_strength_err
0,0.1,0.3448275862068966,0.03603331169502007
1,0.30000000000000004,0.359375,0.059977158331187844
2,0.5000000000000001,0.13114754098360656,0.043220339678526475
3,0.7000000000000001,0.07142857142857142,0.04867036741923191
4,0.9000000000000001,0.0,0.0
