,discretized_reward_proportion,interconnectivity_strength_mean,interconnectivity_strength_err
0,0.1,11.809046479051847,0.7162059754708698
1,0.30000000000000004,10.001848901499875,0.70849560498809
2,0.5000000000000001,7.842903912251236,0.38850431080350445
3,0.7000000000000001,15.524141488336962,1.2463352796256084
4,0.9000000000000001,15.397452983129032,1.1743259914900168
