,discretized_reward_proportion,interconnectivity_strength_mean,interconnectivity_strength_err
0,0.1,5.897571790324722,0.5017999253476659
1,0.30000000000000004,11.189989250391514,0.9105188312113639
2,0.5000000000000001,101.89873932299726,19.790736957925873
3,0.7000000000000001,41.05739532233932,7.642484401208194
4,0.9000000000000001,25.030367631695377,6.640191794280116
