,discretized_reward_proportion,interconnectivity_strength_mean,interconnectivity_strength_err
0,0.1,29.46426978287026,2.330235560099176
1,0.30000000000000004,19.593715462505205,2.040688026451631
2,0.5000000000000001,14.537332127781594,0.8825932599424771
3,0.7000000000000001,8.130978398639886,0.4254472335376021
4,0.9000000000000001,6.83693649811244,0.24245996000202996
