,discretized_reward_proportion,interconnectivity_strength_mean,interconnectivity_strength_err
0,0.1,33.31854812096133,3.1923221062611082
1,0.30000000000000004,26.007783630349678,2.352036364929862
2,0.5000000000000001,15.117080497003649,1.3217366605350702
3,0.7000000000000001,8.794993013546952,0.3639872959620379
4,0.9000000000000001,8.43650873382597,0.4597735277134077
