,discretized_reward_proportion,interconnectivity_strength_mean,interconnectivity_strength_err
0,0.1,70.52093313253329,7.712923752006352
1,0.30000000000000004,35.029671390817924,5.007853109149314
2,0.5000000000000001,34.878519119698396,5.092862681525191
3,0.7000000000000001,15.484283966004726,1.2457928962972769
4,0.9000000000000001,11.267044068942827,0.5649242184217439
