,discretized_reward_proportion,interconnectivity_strength_mean,interconnectivity_strength_err
0,0.1,10.497249897182673,2.556686176622373
1,0.30000000000000004,12.210270277284105,4.198392542027812
2,0.5000000000000001,24.10367072221811,5.919709012686276
3,0.7000000000000001,2.8013102756692394,2.7114453867070085
4,0.9000000000000001,0.2978723404255319,0.06670742872838141
