,discretized_reward_proportion,interconnectivity_strength_mean,interconnectivity_strength_err
0,0.1,11.350121190110979,1.4009115995103287
1,0.30000000000000004,7.276251082716163,0.43894486073245537
2,0.5000000000000001,4.061113334117491,0.18709845791914928
3,0.7000000000000001,3.8328579118666997,0.11337145751528525
4,0.9000000000000001,3.733588374509872,0.1039029882147467
