,discretized_reward_proportion,interconnectivity_strength_mean,interconnectivity_strength_err
0,0.1,19.30891639912674,0.7196538699350221
1,0.30000000000000004,18.2605819504986,0.9500606913982168
2,0.5000000000000001,12.739254889246894,1.1218886678361695
3,0.7000000000000001,15.128111620140306,1.7730682589583517
4,0.9000000000000001,11.507629826617478,1.0019652701084407
