,discretized_reward_proportion,interconnectivity_strength_mean,interconnectivity_strength_err
0,0.1,155.72629343489038,18.32735713397555
1,0.30000000000000004,36.27057693597311,3.735280193426269
2,0.5000000000000001,38.846505741394914,5.188627787180636
3,0.7000000000000001,24.493285595501312,3.0318281471749877
4,0.9000000000000001,11.800572651210487,2.4960865230863156
