,discretized_reward_proportion,interconnectivity_strength_mean,interconnectivity_strength_err
0,0.1,3.55432280641061,1.1415419002070442
1,0.30000000000000004,10.987668014411407,2.99285620691116
2,0.5000000000000001,1.947581916365636,1.3557643977126363
3,0.7000000000000001,10.995929890249647,3.6656996512527757
4,0.9000000000000001,8.214058341540417,2.4895685891786683
