,discretized_reward_proportion,interconnectivity_strength_mean,interconnectivity_strength_err
0,0.1,0.0,0.0
1,0.30000000000000004,7.3278616575488265,7.103624499446571
2,0.5000000000000001,57.87697259438335,14.746012771367372
3,0.7000000000000001,11.365325212999933,3.275992408388138
4,0.9000000000000001,4.38799104039934,2.169900481716626
