,discretized_reward_proportion,interconnectivity_strength_mean,interconnectivity_strength_err
0,0.1,205.42518910602155,51.97378018601247
1,0.30000000000000004,190.49986385366657,54.201790935391784
2,0.5000000000000001,23.69502245463219,5.223364442067403
3,0.7000000000000001,46.86712193174431,18.580050115823465
4,0.9000000000000001,153.89823358513044,22.472980994318178
