,discretized_reward_proportion,interconnectivity_strength_mean,interconnectivity_strength_err
0,0.1,9.31021725569955,0.4781179475282823
1,0.30000000000000004,8.533897939990826,0.3977593707182435
2,0.5000000000000001,7.125048436981954,0.40758299262349884
3,0.7000000000000001,5.334023997773631,0.26516824298518094
4,0.9000000000000001,5.11197947593662,0.18151979005720006
