,discretized_reward_proportion,interconnectivity_strength_mean,interconnectivity_strength_err
0,0.1,11.869697135804556,1.8011827466299886
1,0.30000000000000004,2.3055367921296446,1.5766868323640568
2,0.5000000000000001,1.0884584890765083,1.0818816404113103
3,0.7000000000000001,9.58653065014343,2.1093607206441054
4,0.9000000000000001,0.980791868718805,0.975504542498824
