,discretized_reward_proportion,interconnectivity_strength_mean,interconnectivity_strength_err
0,0.1,21.197659420277777,1.9395982918038368
1,0.30000000000000004,10.18828026926179,0.8793210837817454
2,0.5000000000000001,8.701349621100098,0.6177140144961731
3,0.7000000000000001,6.971100400533185,1.1401619493385071
4,0.9000000000000001,5.542663354848104,0.4142882726618333
