,discretized_reward_proportion,interconnectivity_strength_mean,interconnectivity_strength_err
0,0.1,50.649452661971495,6.324845918819027
1,0.30000000000000004,19.86257781539476,1.7125002893487993
2,0.5000000000000001,26.324579030037754,2.1010687548844147
3,0.7000000000000001,27.926134841524938,2.1530714478458095
4,0.9000000000000001,22.526658771163543,1.7641377473153501
