,discretized_reward_proportion,interconnectivity_strength_mean,interconnectivity_strength_err
0,0.1,79.58044303849361,18.659159594223148
1,0.30000000000000004,29.515787519161844,6.661580495531617
2,0.5000000000000001,34.06366274215925,8.452440773735939
3,0.7000000000000001,57.23771554170881,11.031389305023227
4,0.9000000000000001,48.53058927943329,10.018146264478386
