,discretized_reward_proportion,interconnectivity_strength_mean,interconnectivity_strength_err
0,0.1,42.587476100126096,11.878546796233373
1,0.30000000000000004,19.4063901278323,5.046538752817882
2,0.5000000000000001,39.467132431533216,9.869982179656287
3,0.7000000000000001,33.148293038255964,6.87019980318591
4,0.9000000000000001,25.629572487614755,2.8586565286237624
