,discretized_reward_proportion,interconnectivity_strength_mean,interconnectivity_strength_err
0,0.1,164.46546126350472,34.198345485513904
1,0.30000000000000004,34.621623716822505,4.323485834855506
2,0.5000000000000001,24.078413323662858,3.0006486859256727
3,0.7000000000000001,27.024748319781587,2.474695201582946
4,0.9000000000000001,22.699134734030945,1.8122757160669383
