,discretized_reward_proportion,interconnectivity_strength_mean,interconnectivity_strength_err
0,0.1,12.957517946207615,2.6448594796094036
1,0.30000000000000004,15.644179756647453,3.378204893764382
2,0.5000000000000001,41.62320901162015,8.587315238056462
3,0.7000000000000001,31.463327082038784,4.170300216060785
4,0.9000000000000001,24.894994108691357,7.864586767619895
