,discretized_reward_proportion,interconnectivity_strength_mean,interconnectivity_strength_err
0,0.1,366.3274278339691,71.35636994053804
1,0.30000000000000004,190.20044209874283,48.57158755748906
2,0.5000000000000001,56.59547488277178,13.836273534093209
3,0.7000000000000001,89.54860859777581,15.554061113861827
4,0.9000000000000001,71.05019629661616,12.98830307703675
