,discretized_reward_proportion,interconnectivity_strength_mean,interconnectivity_strength_err
0,0.1,27.71370903048126,2.565508359900935
1,0.30000000000000004,25.6149117837888,2.7470873141369387
2,0.5000000000000001,43.43911932390059,6.79250256708868
3,0.7000000000000001,31.73784125809144,4.975919827534708
4,0.9000000000000001,14.228901810814339,1.7867288168456825
