,discretized_reward_proportion,interconnectivity_strength_mean,interconnectivity_strength_err
0,0.1,154.66462459157276,53.098264755059986
1,0.30000000000000004,38.426155594133014,3.6731557316392136
2,0.5000000000000001,21.31156229687991,2.7546416673192486
3,0.7000000000000001,18.742781785121526,1.3049632065740842
4,0.9000000000000001,18.156633873760565,1.3418830197925102
