,discretized_reward_proportion,interconnectivity_strength_mean,interconnectivity_strength_err
0,0.1,5.982032824775183,0.3659131026393209
1,0.30000000000000004,6.954317697984667,0.7614583502914057
2,0.5000000000000001,23.953133187273117,5.36332048728173
3,0.7000000000000001,48.71793317536387,21.197314958803002
4,0.9000000000000001,55.05265692078672,18.713397635412047
