,discretized_reward_proportion,interconnectivity_strength_mean,interconnectivity_strength_err
0,0.1,9.016765043938781,0.6699627932409293
1,0.30000000000000004,9.429052954743236,0.4598062044247164
2,0.5000000000000001,48.09051545329617,8.33691377957226
3,0.7000000000000001,32.240737772968416,4.9429650665665426
4,0.9000000000000001,42.49754778317223,7.340351256921227
