,discretized_reward_proportion,interconnectivity_strength_mean,interconnectivity_strength_err
0,0.1,34.35667411290373,3.208493198689442
1,0.30000000000000004,52.69848834419871,5.772056395092463
2,0.5000000000000001,59.83019244644312,4.260877685250448
3,0.7000000000000001,20.7415777590681,4.378346964214595
4,0.9000000000000001,3.4048836906416944,1.350152907300346
