,discretized_reward_proportion,interconnectivity_strength_mean,interconnectivity_strength_err
0,0.1,38.56171306560084,3.490295974530512
1,0.30000000000000004,40.660085521951,4.199553075796445
2,0.5000000000000001,28.737692337121285,4.001270306808837
3,0.7000000000000001,22.950840426860644,2.42488478668762
4,0.9000000000000001,22.46637002774827,3.3390436639017738
