,discretized_reward_proportion,interconnectivity_strength_mean,interconnectivity_strength_err
0,0.1,9.485348820340128,0.4499412121291481
1,0.30000000000000004,11.790815954575748,1.484730047468643
2,0.5000000000000001,9.576701887496055,1.2493333233304877
3,0.7000000000000001,25.51691272782422,5.675130113610262
4,0.9000000000000001,32.55260863626462,9.47487113882175
