,discretized_reward_proportion,interconnectivity_strength_mean,interconnectivity_strength_err
0,0.1,29.795707496271824,7.040383333139912
1,0.30000000000000004,30.194836466748885,6.650557762838982
2,0.5000000000000001,61.716869793635134,11.872028739394603
3,0.7000000000000001,95.20350110191892,18.89776368328661
4,0.9000000000000001,127.29266658139706,19.182923118810454
