,discretized_reward_proportion,interconnectivity_strength_mean,interconnectivity_strength_err
0,0.1,200.33078150057287,21.69332299041806
1,0.30000000000000004,90.5199682677014,13.451282096778902
2,0.5000000000000001,43.506394242934846,6.507963796920708
3,0.7000000000000001,35.53898707674178,5.131504376304554
4,0.9000000000000001,29.5018735431701,4.165674711206471
