,discretized_reward_proportion,interconnectivity_strength_mean,interconnectivity_strength_err
0,0.1,88.57304773220405,18.280173438114897
1,0.30000000000000004,87.26588857344139,40.26663497129419
2,0.5000000000000001,73.68224331983261,35.93588971573293
3,0.7000000000000001,0.0,0.0
4,0.9000000000000001,0.0,0.0
