,discretized_reward_proportion,interconnectivity_strength_mean,interconnectivity_strength_err
0,0.1,14.655923575206863,2.3609777482513623
1,0.30000000000000004,10.183811499822431,2.4288268351717384
2,0.5000000000000001,12.577106966558308,1.2397023306939927
3,0.7000000000000001,13.423561650233895,1.730063955697254
4,0.9000000000000001,19.521708585959328,2.3527513535984297
