,discretized_reward_proportion,interconnectivity_strength_mean,interconnectivity_strength_err
0,0.1,5.5403453706748635,0.21966996286861032
1,0.30000000000000004,6.640423814957347,0.7274889560415632
2,0.5000000000000001,7.509590018299686,0.8076583002981561
3,0.7000000000000001,6.97332189042416,0.3851464969922113
4,0.9000000000000001,5.807912448012436,0.2211049885003404
