,discretized_reward_proportion,interconnectivity_strength_mean,interconnectivity_strength_err
0,0.1,186.2929988673524,25.79346615343621
1,0.30000000000000004,74.63748186295929,8.665605036834886
2,0.5000000000000001,62.597945382904484,21.022421016729325
3,0.7000000000000001,3.5684431597708675,1.362032298621367
4,0.9000000000000001,1.2249193276659018,0.9933380303973336
