,discretized_reward_proportion,interconnectivity_strength_mean,interconnectivity_strength_err
0,0.1,8.658299845361617,0.4352928882272386
1,0.30000000000000004,9.05272481426235,0.5460455307922731
2,0.5000000000000001,6.955943405404961,0.430460178691411
3,0.7000000000000001,6.447823472260386,0.1887052865368989
4,0.9000000000000001,6.034647488328704,0.17883105449822143
