,discretized_reward_proportion,interconnectivity_strength_mean,interconnectivity_strength_err
0,0.1,37.96317543243166,1.2665007886379474
1,0.30000000000000004,27.789718069703632,2.7785569960286263
2,0.5000000000000001,20.56773370039162,1.7360298968559718
3,0.7000000000000001,20.97257994128421,2.59664137068245
4,0.9000000000000001,10.658129212844674,1.6242468080745989
