,discretized_reward_proportion,interconnectivity_strength_mean,interconnectivity_strength_err
0,0.1,48.37310666141487,4.982269972241659
1,0.30000000000000004,74.53416655928928,10.962157766182129
2,0.5000000000000001,57.45964677348567,7.37024847272071
3,0.7000000000000001,32.09892630496599,4.197787353975796
4,0.9000000000000001,35.877827500898256,3.646640982490611
