,discretized_reward_proportion,interconnectivity_strength_mean,interconnectivity_strength_err
0,0.1,44.75171156659834,8.73437601787066
1,0.30000000000000004,36.22174068760062,5.2610084208109305
2,0.5000000000000001,20.475497067148726,3.390603818255544
3,0.7000000000000001,21.390806854705964,2.8592235443500345
4,0.9000000000000001,17.75427171287044,2.7171451799649113
