,discretized_reward_proportion,interconnectivity_strength_mean,interconnectivity_strength_err
0,0.1,29.582810116389453,2.5367522568489402
1,0.30000000000000004,23.770365622967436,2.589236721070172
2,0.5000000000000001,16.130750571527752,1.604987071617727
3,0.7000000000000001,16.324913217099628,0.9048772329007458
4,0.9000000000000001,22.914095956034647,1.0672922415876536
