,discretized_reward_proportion,interconnectivity_strength_mean,interconnectivity_strength_err
0,0.1,15.837399878857578,1.1152907593641548
1,0.30000000000000004,18.200064183808568,1.4925261900280637
2,0.5000000000000001,55.13399730741405,8.76485506208884
3,0.7000000000000001,35.9059454660207,8.70278194847306
4,0.9000000000000001,191.515690061071,64.82273814367375
