,discretized_reward_proportion,interconnectivity_strength_mean,interconnectivity_strength_err
0,0.1,15.599506593653665,2.3937413332246154
1,0.30000000000000004,28.556444312129496,3.2774661433458903
2,0.5000000000000001,13.402397161812292,1.6056321710791575
3,0.7000000000000001,9.010971969970315,1.2679779298155536
4,0.9000000000000001,13.423691123249858,1.1530026719430897
