,discretized_reward_proportion,interconnectivity_strength_mean,interconnectivity_strength_err
0,0.1,29.15534975122074,1.6221802272702477
1,0.30000000000000004,25.828077557792497,1.9210210017251268
2,0.5000000000000001,16.71792157242607,1.463354098548206
3,0.7000000000000001,9.303125323682547,1.922309630489643
4,0.9000000000000001,7.2876732487292335,1.7435655529805076
