,discretized_reward_proportion,interconnectivity_strength_mean,interconnectivity_strength_err
0,0.1,52.757053270390465,9.183063263309753
1,0.30000000000000004,52.05546408309866,5.477467089864261
2,0.5000000000000001,50.44927884338028,3.3111815923880568
3,0.7000000000000001,43.57036333277411,2.294009401678805
4,0.9000000000000001,32.256894768132305,1.9811478913534208
