,discretized_reward_proportion,interconnectivity_strength_mean,interconnectivity_strength_err
0,0.1,10.500277923413035,0.7472657164874985
1,0.30000000000000004,9.897838212546857,0.6067093550570339
2,0.5000000000000001,16.020927960918975,1.6780595384510362
3,0.7000000000000001,13.128184430253595,1.4178601155182085
4,0.9000000000000001,16.761317798563283,1.2179689863160787
