,discretized_reward_proportion,interconnectivity_strength_mean,interconnectivity_strength_err
0,0.1,12.734434060008358,0.5288297423849743
1,0.30000000000000004,10.35487564904756,0.7224774602519206
2,0.5000000000000001,8.128737132786116,0.6247155337917754
3,0.7000000000000001,21.449050991616634,2.225743914387732
4,0.9000000000000001,21.633241337837216,2.03948377981973
