,discretized_reward_proportion,interconnectivity_strength_mean,interconnectivity_strength_err
0,0.1,8.390098362223615,0.1818880238909369
1,0.30000000000000004,9.374930022478495,0.37743668160060767
2,0.5000000000000001,8.855609194975521,0.2792737282957961
3,0.7000000000000001,6.322492659359192,0.4596055304894553
4,0.9000000000000001,7.446375019118247,0.3074978474475594
