,discretized_reward_proportion,interconnectivity_strength_mean,interconnectivity_strength_err
0,0.1,60.40921980737317,5.039298785149317
1,0.30000000000000004,42.25311396889433,8.54515162000601
2,0.5000000000000001,44.457384298283735,7.190072919605794
3,0.7000000000000001,22.34597974655164,4.769896267639163
4,0.9000000000000001,16.610815141471036,4.55485424816514
