,discretized_reward_proportion,interconnectivity_strength_mean,interconnectivity_strength_err
0,0.1,10.236270521057609,0.6541439838542706
1,0.30000000000000004,12.43094974394965,0.8638314113080057
2,0.5000000000000001,11.72165183174614,0.8454251305516435
3,0.7000000000000001,15.332479066728519,0.7111287894255719
4,0.9000000000000001,23.45673890926456,1.5690313111848824
