,discretized_reward_proportion,interconnectivity_strength_mean,interconnectivity_strength_err
0,0.1,9.9680152831151,0.6201930098412453
1,0.30000000000000004,10.145961607017785,0.42896864796286877
2,0.5000000000000001,11.801910014177436,0.5185523480578929
3,0.7000000000000001,14.239610930880257,0.6191223811246214
4,0.9000000000000001,17.04912676440754,0.8060477889774298
