,discretized_reward_proportion,interconnectivity_strength_mean,interconnectivity_strength_err
0,0.1,4.625801831244213,0.3396814835831774
1,0.30000000000000004,4.858158098750258,0.6192431735923516
2,0.5000000000000001,5.043543632780975,0.4098334083719113
3,0.7000000000000001,4.798765484600494,0.16783446190929582
4,0.9000000000000001,5.17826931550183,0.21280825081481625
