,discretized_reward_proportion,interconnectivity_strength_mean,interconnectivity_strength_err
0,0.1,15.325538762891078,1.3086050357188523
1,0.30000000000000004,14.742542564963928,1.1903513331711504
2,0.5000000000000001,27.915620953851448,3.4813531355956124
3,0.7000000000000001,23.13273531120212,2.916910870035465
4,0.9000000000000001,19.88934851222836,1.8264328991143854
