,discretized_reward_proportion,interconnectivity_strength_mean,interconnectivity_strength_err
0,0.1,20.384812635231974,0.6711993112454895
1,0.30000000000000004,13.445025466359388,0.9504853900104452
2,0.5000000000000001,14.247071651574348,1.1602342133186494
3,0.7000000000000001,15.750098163911007,2.409552672377081
4,0.9000000000000001,8.164060852574634,0.9872417728177136
