,discretized_reward_proportion,interconnectivity_strength_mean,interconnectivity_strength_err
0,0.1,16.603923221592535,2.855633004474479
1,0.30000000000000004,40.254194420257626,8.253220128554705
2,0.5000000000000001,80.68457327098378,8.739526501158949
3,0.7000000000000001,34.35673678770426,9.236080838290894
4,0.9000000000000001,51.40133103475591,8.546727998002096
