,discretized_reward_proportion,interconnectivity_strength_mean,interconnectivity_strength_err
0,0.1,33.677625813731865,1.7320438645178893
1,0.30000000000000004,31.785799541300584,2.7691032278570082
2,0.5000000000000001,20.737547896656867,2.2038506728080027
3,0.7000000000000001,22.000325244258804,2.760843009672595
4,0.9000000000000001,16.989706938047966,1.425735546112912
