,discretized_reward_proportion,interconnectivity_strength_mean,interconnectivity_strength_err
0,0.1,224.5005768216711,24.62134974844359
1,0.30000000000000004,20.664840861598407,8.950731448276116
2,0.5000000000000001,0.11475409836065574,0.04080854845958752
3,0.7000000000000001,0.32142857142857145,0.08825940761227649
4,0.9000000000000001,0.9545454545454546,0.044409473678108845
