,discretized_reward_proportion,interconnectivity_strength_mean,interconnectivity_strength_err
0,0.1,18.34733733910697,4.55936176790073
1,0.30000000000000004,7.517177092628935,0.553014371273227
2,0.5000000000000001,6.676246068850863,0.7820894633029309
3,0.7000000000000001,6.661035992349802,0.4061193425923074
4,0.9000000000000001,15.457958747395795,2.046498379197508
