,discretized_reward_proportion,interconnectivity_strength_mean,interconnectivity_strength_err
0,0.1,53.240752347036384,8.404242624978977
1,0.30000000000000004,38.124081120646984,5.835356473604708
2,0.5000000000000001,11.07556961052133,2.4816158140848237
3,0.7000000000000001,4.650226491981512,2.4658457511536183
4,0.9000000000000001,0.696969696969697,0.08000055652754638
