,discretized_reward_proportion,interconnectivity_strength_mean,interconnectivity_strength_err
0,0.1,33.62183621291307,2.3502821720622293
1,0.30000000000000004,24.049603348452308,2.0392662064085676
2,0.5000000000000001,25.42353822337566,1.5794376854694705
3,0.7000000000000001,15.88048022173768,2.255923408511329
4,0.9000000000000001,14.294976311891247,1.0926889323044724
