,discretized_reward_proportion,interconnectivity_strength_mean,interconnectivity_strength_err
0,0.1,27.50156870824633,1.2786836939057902
1,0.30000000000000004,18.982969076539376,1.5722685640537335
2,0.5000000000000001,17.66695794327721,0.8892096604599806
3,0.7000000000000001,8.95084800876866,1.2899710246849652
4,0.9000000000000001,17.781016249453092,5.348591632624083
