,discretized_reward_proportion,interconnectivity_strength_mean,interconnectivity_strength_err
0,0.1,37.51383331660161,3.6655774663330862
1,0.30000000000000004,44.265397516923855,5.7921240571172685
2,0.5000000000000001,45.354381692760455,5.362647517914926
3,0.7000000000000001,46.03442025687804,13.915927948099526
4,0.9000000000000001,68.99848377306418,10.770287069957455
