,discretized_reward_proportion,interconnectivity_strength_mean,interconnectivity_strength_err
0,0.1,9.273274357348688,0.2517135496426045
1,0.30000000000000004,8.446251302016595,0.658755742274699
2,0.5000000000000001,10.193243177769432,1.1304792441656684
3,0.7000000000000001,6.127740871312933,0.4064747413087162
4,0.9000000000000001,5.104322334444941,0.18722589252953456
