,discretized_reward_proportion,interconnectivity_strength_mean,interconnectivity_strength_err
0,0.1,63.47366379473732,9.428016813354416
1,0.30000000000000004,43.267652440775244,7.490573908214145
2,0.5000000000000001,20.03311475970879,3.504555064391844
3,0.7000000000000001,4.819291538834673,0.1892038256364496
4,0.9000000000000001,3.7178413212965733,0.10937605265982792
