,discretized_reward_proportion,interconnectivity_strength_mean,interconnectivity_strength_err
0,0.1,4.585392624241156,0.14355270938772743
1,0.30000000000000004,6.21549141526485,0.27947040271640616
2,0.5000000000000001,5.650476864096783,0.3547106343078376
3,0.7000000000000001,5.563940053427691,0.2364849849980984
4,0.9000000000000001,5.325793232628609,0.1801288173237704
