,discretized_reward_proportion,interconnectivity_strength_mean,interconnectivity_strength_err
0,0.1,17.05271078394015,2.296202474545685
1,0.30000000000000004,7.137961143392041,1.8262955228812212
2,0.5000000000000001,15.625724305028136,2.454628647977499
3,0.7000000000000001,24.852015192481336,4.763332536900769
4,0.9000000000000001,0.8015545009434643,0.7831254972468058
