,discretized_reward_proportion,interconnectivity_strength_mean,interconnectivity_strength_err
0,0.1,13.435564500239979,0.8974148639000178
1,0.30000000000000004,29.85266805953184,5.368483721961029
2,0.5000000000000001,20.803919997688816,2.948617099383875
3,0.7000000000000001,27.006463706922723,2.669501261015707
4,0.9000000000000001,21.201445281785873,2.9031794689292356
