,discretized_reward_proportion,interconnectivity_strength_mean,interconnectivity_strength_err
0,0.1,1.477811360665531,0.19205073834184747
1,0.30000000000000004,1.7930735939651345,0.32309068647351785
2,0.5000000000000001,0.6681753098432782,0.1641362013995349
3,0.7000000000000001,2.5097308941186336,0.5554735438491208
4,0.9000000000000001,4.197023910817172,0.6761011681142551
