,discretized_reward_proportion,interconnectivity_strength_mean,interconnectivity_strength_err
0,0.1,66.55429975456097,10.384063844223379
1,0.30000000000000004,30.873661525293638,5.522028124950165
2,0.5000000000000001,38.06782795426018,9.5217651683662
3,0.7000000000000001,64.03826284548357,10.77286314849689
4,0.9000000000000001,33.71866473711719,3.794868965441228
