,discretized_reward_proportion,interconnectivity_strength_mean,interconnectivity_strength_err
0,0.1,5.116097432721421,1.7395554774883801
1,0.30000000000000004,22.28104038900617,8.115946001291126
2,0.5000000000000001,70.43694567844157,13.4083105080342
3,0.7000000000000001,38.06482622250286,7.915194384955009
4,0.9000000000000001,58.346834456733816,7.899900825850973
