,discretized_reward_proportion,interconnectivity_strength_mean,interconnectivity_strength_err
0,0.1,17.22633420007266,1.5434368203244155
1,0.30000000000000004,19.955228910168536,2.4900829043860773
2,0.5000000000000001,26.03620975458255,3.287959316266598
3,0.7000000000000001,16.591544988994777,1.3228485241725636
4,0.9000000000000001,12.06728962192998,1.369215168989764
