,discretized_reward_proportion,interconnectivity_strength_mean,interconnectivity_strength_err
0,0.1,9.366279338315557,1.022578543343682
1,0.30000000000000004,9.188688533115648,0.6817104919985527
2,0.5000000000000001,23.072205309927366,4.544644133727398
3,0.7000000000000001,21.161595953683822,3.462450835087533
4,0.9000000000000001,10.266004777541307,0.7549346408093934
