,discretized_reward_proportion,interconnectivity_strength_mean,interconnectivity_strength_err
0,0.1,4.679425911045747,1.5216681043667284
1,0.30000000000000004,30.826258281661286,7.713572424633352
2,0.5000000000000001,28.92618725887445,7.438626800937882
3,0.7000000000000001,15.797280420250775,1.6882069522596768
4,0.9000000000000001,11.057178861817604,1.0737660129142308
