,discretized_reward_proportion,interconnectivity_strength_mean,interconnectivity_strength_err
0,0.1,52.0196171455628,11.270215030393427
1,0.30000000000000004,24.98868557898913,2.906295574368176
2,0.5000000000000001,20.091931679121636,1.2352714511456095
3,0.7000000000000001,13.050200026961814,1.133582434186232
4,0.9000000000000001,6.843814019744596,0.3726359164850595
