,discretized_reward_proportion,interconnectivity_strength_mean,interconnectivity_strength_err
0,0.1,9.839711351152255,0.4459505289487152
1,0.30000000000000004,10.413933722244705,0.6885067223464464
2,0.5000000000000001,8.176163046735407,0.44036923347317214
3,0.7000000000000001,6.938302824133827,0.2836334275642867
4,0.9000000000000001,6.275082911701618,0.3936645734846467
