,discretized_reward_proportion,interconnectivity_strength_mean,interconnectivity_strength_err
0,0.1,26.809136747961233,2.3535043087954164
1,0.30000000000000004,35.309639451415975,6.223723516299702
2,0.5000000000000001,96.40784050767262,49.31609481733685
3,0.7000000000000001,26.38636915342585,6.4613853129795675
4,0.9000000000000001,23.511759344634772,3.4621727625033487
