,discretized_reward_proportion,interconnectivity_strength_mean,interconnectivity_strength_err
0,0.1,4.7747826898334935,0.22316716166726688
1,0.30000000000000004,13.234565194591667,3.3531828479924863
2,0.5000000000000001,13.398621365062805,1.6339369121540206
3,0.7000000000000001,27.0938355358814,3.4607580205108452
4,0.9000000000000001,18.090567689538787,2.6612571823432116
