,discretized_reward_proportion,interconnectivity_strength_mean,interconnectivity_strength_err
0,0.1,31.110353648490786,1.6654929306653452
1,0.30000000000000004,26.451944263620486,2.2217842036972586
2,0.5000000000000001,24.110136075369134,1.9227562414193875
3,0.7000000000000001,18.723268371623924,0.9914477357505244
4,0.9000000000000001,13.81214826064225,0.5724736707438174
