,discretized_reward_proportion,interconnectivity_strength_mean,interconnectivity_strength_err
0,0.1,13.62718041940497,1.0311173152280666
1,0.30000000000000004,11.907887415124437,0.5066556788698745
2,0.5000000000000001,10.682410426443822,0.3774250587940711
3,0.7000000000000001,11.185450870919198,0.4031845851056284
4,0.9000000000000001,7.66133502310331,0.36439750417380184
