,discretized_reward_proportion,interconnectivity_strength_mean,interconnectivity_strength_err
0,0.1,109.72705162571987,16.40345511981322
1,0.30000000000000004,120.03548774067889,17.925479106439226
2,0.5000000000000001,70.25376980377172,15.718237885891268
3,0.7000000000000001,105.54967953837038,24.838784803419475
4,0.9000000000000001,3.216508304348305,0.6782474404499111
