,discretized_reward_proportion,interconnectivity_strength_mean,interconnectivity_strength_err
0,0.1,10.003963914640675,1.148114513854394
1,0.30000000000000004,28.624633424287897,4.8484588251696445
2,0.5000000000000001,19.335934916086924,2.2096529844573563
3,0.7000000000000001,18.44689713399765,1.5589492172177744
4,0.9000000000000001,16.89239192565726,0.9828791956063135
