,discretized_reward_proportion,interconnectivity_strength_mean,interconnectivity_strength_err
0,0.1,16.553414041961638,3.0920936195206825
1,0.30000000000000004,20.988386974240044,3.341274152044728
2,0.5000000000000001,78.40317169169133,24.19040872541291
3,0.7000000000000001,102.08974411257451,16.81903421425006
4,0.9000000000000001,139.01973007922768,34.571277692745035
