,discretized_reward_proportion,interconnectivity_strength_mean,interconnectivity_strength_err
0,0.1,6.035121299505317,0.2507226172035948
1,0.30000000000000004,12.318550999384524,1.4193132532048982
2,0.5000000000000001,11.877360014529243,0.9874665762698753
3,0.7000000000000001,11.015295860472133,0.561211633986376
4,0.9000000000000001,11.024254526083249,0.3769694327684738
