,discretized_reward_proportion,interconnectivity_strength_mean,interconnectivity_strength_err
0,0.1,33.39061443904677,1.3486073042181732
1,0.30000000000000004,22.336781088221507,1.5306534960795268
2,0.5000000000000001,27.274513441470667,1.619673874974207
3,0.7000000000000001,20.545943207012535,2.159397591928611
4,0.9000000000000001,4.455065327276997,1.9886585575868774
