,discretized_reward_proportion,interconnectivity_strength_mean,interconnectivity_strength_err
0,0.1,15.199847290355113,4.900355636755518
1,0.30000000000000004,82.84513820802698,13.12530975694128
2,0.5000000000000001,33.9025927320469,10.160899881351495
3,0.7000000000000001,58.18198569223126,10.06703045020673
4,0.9000000000000001,49.77775539018403,8.025699844664219
