,discretized_reward_proportion,interconnectivity_strength_mean,interconnectivity_strength_err
0,0.1,23.779798346028183,1.8535595551481856
1,0.30000000000000004,22.59459907650491,1.9532501060984835
2,0.5000000000000001,20.541863933774575,1.332237229313304
3,0.7000000000000001,22.357003540760903,1.3324036001701551
4,0.9000000000000001,21.33597340320706,1.349978041133548
