,discretized_reward_proportion,interconnectivity_strength_mean,interconnectivity_strength_err
0,0.1,15.648983667450834,0.5422598719872075
1,0.30000000000000004,14.137950950888799,0.6953348153972837
2,0.5000000000000001,12.559522846909344,0.6888054473932498
3,0.7000000000000001,13.089279657040361,0.7918194021915901
4,0.9000000000000001,,
