,discretized_reward_proportion,interconnectivity_strength_mean,interconnectivity_strength_err
0,0.1,8.142951483014711,0.6793770110091233
1,0.30000000000000004,10.342897668056427,2.1278911348167022
2,0.5000000000000001,14.573229540180114,2.2507605219679645
3,0.7000000000000001,10.162790557335112,1.9031387035386653
4,0.9000000000000001,15.756385695663015,4.0864924732735775
