,discretized_reward_proportion,interconnectivity_strength_mean,interconnectivity_strength_err
0,0.1,47.68120352798249,6.991278634386824
1,0.30000000000000004,28.601874936986302,4.582591286742403
2,0.5000000000000001,44.957269857151154,8.981037171821987
3,0.7000000000000001,27.292703710737314,8.58104720555564
4,0.9000000000000001,101.47714103347091,11.03410098425724
