,discretized_reward_proportion,interconnectivity_strength_mean,interconnectivity_strength_err
0,0.1,73.97020402682546,14.754309910315184
1,0.30000000000000004,127.09750387460099,19.086788510264093
2,0.5000000000000001,43.52781815859798,8.474746448146828
3,0.7000000000000001,40.99703218978217,7.788922321599433
4,0.9000000000000001,25.83857976339697,4.463409550772142
