,discretized_reward_proportion,interconnectivity_strength_mean,interconnectivity_strength_err
0,0.1,9.893968499196015,0.6164858662237844
1,0.30000000000000004,16.679427693325163,1.8552533524389847
2,0.5000000000000001,13.776054479464658,0.997443369480674
3,0.7000000000000001,12.10620745002437,0.5477016323337683
4,0.9000000000000001,13.31431826040944,0.6530462933546567
