,discretized_reward_proportion,interconnectivity_strength_mean,interconnectivity_strength_err
0,0.1,37.86685906161984,5.4346929566142
1,0.30000000000000004,13.90473116989218,4.273432983524787
2,0.5000000000000001,9.428695346368649,4.331126406031317
3,0.7000000000000001,36.00379001635598,11.995005968385827
4,0.9000000000000001,12.97826664879239,6.944825339499998
