,discretized_reward_proportion,interconnectivity_strength_mean,interconnectivity_strength_err
0,0.1,14.833338637672597,0.8338130736589151
1,0.30000000000000004,61.89047719529267,21.084050701907934
2,0.5000000000000001,77.05202910757689,16.047798275397575
3,0.7000000000000001,28.76297285621224,5.1891736336390375
4,0.9000000000000001,21.73856863224241,4.467452240685943
