,discretized_reward_proportion,interconnectivity_strength_mean,interconnectivity_strength_err
0,0.1,6.051664585026117,0.27469510253484186
1,0.30000000000000004,3.8406129406620657,0.5096239609995667
2,0.5000000000000001,7.814201600447454,0.9991865789739831
3,0.7000000000000001,9.955236295967282,0.8952891681412495
4,0.9000000000000001,10.01934935613786,0.8026783660640536
