,discretized_reward_proportion,interconnectivity_strength_mean,interconnectivity_strength_err
0,0.1,20.643451219321793,1.8577886274625794
1,0.30000000000000004,29.27501860523407,2.570229587910877
2,0.5000000000000001,22.409498452975615,2.2100572173692297
3,0.7000000000000001,17.888731087964032,1.4221158904867164
4,0.9000000000000001,17.669673562218954,0.9131810623921843
