,discretized_reward_proportion,interconnectivity_strength_mean,interconnectivity_strength_err
0,0.1,9.219123620746624,0.26466142122852226
1,0.30000000000000004,13.31017984266117,1.2645354782176372
2,0.5000000000000001,13.507429573752331,1.0554211619600298
3,0.7000000000000001,7.775421375717066,0.31353782829430454
4,0.9000000000000001,7.116924731236882,0.22080491296529295
