,discretized_reward_proportion,interconnectivity_strength_mean,interconnectivity_strength_err
0,0.1,5.700768602617569,0.33204249984994416
1,0.30000000000000004,7.18751886505348,1.2519428948739684
2,0.5000000000000001,9.43045040253928,1.7152927291136604
3,0.7000000000000001,8.924083501346402,0.9827322379384427
4,0.9000000000000001,6.231925483316833,0.5060652350796135
