,discretized_reward_proportion,interconnectivity_strength_mean,interconnectivity_strength_err
0,0.1,61.12336691782484,8.455818884913866
1,0.30000000000000004,7.963522400178348,4.461836188444366
2,0.5000000000000001,29.142563339145077,8.447349235912455
3,0.7000000000000001,41.16603820049629,13.45045507358921
4,0.9000000000000001,7.390909686734705,7.174593924727747
