,discretized_reward_proportion,interconnectivity_strength_mean,interconnectivity_strength_err
0,0.1,23.393578868383166,2.176972518514277
1,0.30000000000000004,33.077314124154015,4.950292395533016
2,0.5000000000000001,23.62520204790262,2.1828697987698367
3,0.7000000000000001,27.48192182308246,6.527276687085462
4,0.9000000000000001,64.45617923325433,12.61764183705179
