,discretized_reward_proportion,interconnectivity_strength_mean,interconnectivity_strength_err
0,0.1,14.698116064235473,1.2603790069602527
1,0.30000000000000004,13.595551232775941,1.4831990935871713
2,0.5000000000000001,16.614951284433936,3.17259768918642
3,0.7000000000000001,15.034078169883207,2.0123554103965686
4,0.9000000000000001,13.581377493490168,2.453504533766138
