,discretized_reward_proportion,interconnectivity_strength_mean,interconnectivity_strength_err
0,0.1,41.72817010029876,6.171091180329596
1,0.30000000000000004,31.931723065453486,4.180914385488398
2,0.5000000000000001,14.355915474675893,3.821639972668642
3,0.7000000000000001,6.716053708301722,0.43640144989008095
4,0.9000000000000001,8.955785529299936,0.5725162726323384
