,discretized_reward_proportion,interconnectivity_strength_mean,interconnectivity_strength_err
0,0.1,75.17390003833636,8.70638159917248
1,0.30000000000000004,85.58172400394808,12.823761846594184
2,0.5000000000000001,96.00848884917697,16.043021153070697
3,0.7000000000000001,98.33477332153278,18.612824813726924
4,0.9000000000000001,170.8681554795922,20.404145356081504
