,discretized_reward_proportion,interconnectivity_strength_mean,interconnectivity_strength_err
0,0.1,100.64174726809921,22.185367712322172
1,0.30000000000000004,41.99093035851016,7.796931272851444
2,0.5000000000000001,66.22289792890984,17.515570926808515
3,0.7000000000000001,133.7345076899456,35.02762837126607
4,0.9000000000000001,221.87410526035438,72.4256859991089
