,discretized_reward_proportion,interconnectivity_strength_mean,interconnectivity_strength_err
0,0.1,11.882044232319725,5.156947642332181
1,0.30000000000000004,86.22067810633916,23.146872136104054
2,0.5000000000000001,35.93393360441323,17.336510013292227
3,0.7000000000000001,0.25,0.08183170883849714
4,0.9000000000000001,0.9545454545454546,0.044409473678108845
