,discretized_reward_proportion,interconnectivity_strength_mean,interconnectivity_strength_err
0,0.1,13.123090210831705,1.4363922154464208
1,0.30000000000000004,16.97783083820805,2.170173816397274
2,0.5000000000000001,18.01577796068413,1.899771188486031
3,0.7000000000000001,11.037768144615457,0.7797559014959341
4,0.9000000000000001,15.01011464130947,1.1445490588985856
