,discretized_reward_proportion,interconnectivity_strength_mean,interconnectivity_strength_err
0,0.1,15.4805777724206,0.5143604094793315
1,0.30000000000000004,13.578216007102316,0.8993365275988179
2,0.5000000000000001,12.73095783438308,0.8724768972575848
3,0.7000000000000001,15.493516393300542,0.681954154948364
4,0.9000000000000001,12.922428452794238,0.7060990957468414
