,discretized_reward_proportion,interconnectivity_strength_mean,interconnectivity_strength_err
0,0.1,51.95455410816869,8.116538902908816
1,0.30000000000000004,65.20829345862975,11.945016974224579
2,0.5000000000000001,110.67977627685045,24.720714235672233
3,0.7000000000000001,120.03103276819171,22.294409144666883
4,0.9000000000000001,83.55097108425619,10.669082555443138
