,discretized_reward_proportion,interconnectivity_strength_mean,interconnectivity_strength_err
0,0.1,11.021379174492642,1.1873573411056813
1,0.30000000000000004,20.643322596169206,3.194709279107137
2,0.5000000000000001,21.243106717090672,4.385152891915961
3,0.7000000000000001,18.33845925866848,3.040336730554621
4,0.9000000000000001,35.848792726696495,5.775592148392007
