,discretized_reward_proportion,interconnectivity_strength_mean,interconnectivity_strength_err
0,0.1,18.14029414961064,2.3766719338417444
1,0.30000000000000004,21.24540251280418,2.435766812020674
2,0.5000000000000001,29.650083535536606,3.0240924089194965
3,0.7000000000000001,30.518721068484243,3.997720874276346
4,0.9000000000000001,103.3005790920757,18.083973176288858
