,discretized_reward_proportion,interconnectivity_strength_mean,interconnectivity_strength_err
0,0.1,3.368767702614096,0.11230567936528489
1,0.30000000000000004,4.655799190584314,0.17601984739887344
2,0.5000000000000001,5.147551809054969,0.2589455088986609
3,0.7000000000000001,5.452683189729132,0.13571305642512016
4,0.9000000000000001,5.303532245243917,0.10572702956082239
