,discretized_reward_proportion,interconnectivity_strength_mean,interconnectivity_strength_err
0,0.1,3.824366215207996,2.1082369695166543
1,0.30000000000000004,5.688675697327265,2.1379367450206477
2,0.5000000000000001,8.014678186475534,2.3943391697279712
3,0.7000000000000001,2.19046760944193,1.144603831568041
4,0.9000000000000001,9.91335714054418,2.702907927170291
