,discretized_reward_proportion,interconnectivity_strength_mean,interconnectivity_strength_err
0,0.1,51.81598451518272,9.680331468339194
1,0.30000000000000004,34.67039279070086,5.031089889957717
2,0.5000000000000001,39.22318463430917,8.9666647033472
3,0.7000000000000001,53.97681958570825,11.121523104444591
4,0.9000000000000001,149.9186220398477,29.833454823451476
