,discretized_reward_proportion,interconnectivity_strength_mean,interconnectivity_strength_err
0,0.1,52.16859179524329,28.81467812303394
1,0.30000000000000004,197.57647570195866,54.12376157104006
2,0.5000000000000001,49.537113600218824,16.85632631719823
3,0.7000000000000001,39.22508973268984,10.572203709806368
4,0.9000000000000001,16.286220680143067,4.3234988035433695
