,discretized_reward_proportion,interconnectivity_strength_mean,interconnectivity_strength_err
0,0.1,10.160963780794667,0.19841441106163948
1,0.30000000000000004,10.574184523928507,0.32938765798556846
2,0.5000000000000001,11.47244544375798,0.45299748192707767
3,0.7000000000000001,9.17445377418476,0.8853927293339608
4,0.9000000000000001,11.731553749369075,0.6184290080224937
