,discretized_reward_proportion,interconnectivity_strength_mean,interconnectivity_strength_err
0,0.1,63.59767240996289,11.932428857109812
1,0.30000000000000004,39.08051437232013,5.530830264353779
2,0.5000000000000001,12.081254734908642,3.996420478278011
3,0.7000000000000001,13.565491046504938,2.027193482261481
4,0.9000000000000001,4.652822146939821,0.6995461720567646
