,discretized_reward_proportion,interconnectivity_strength_mean,interconnectivity_strength_err
0,0.1,16.038121687159347,1.477666176363926
1,0.30000000000000004,15.038936738070811,1.7888005081567337
2,0.5000000000000001,14.746708626961409,1.3583573402478732
3,0.7000000000000001,13.107396862847285,0.763039872098339
4,0.9000000000000001,10.918684208743436,0.7821393197490873
