,discretized_reward_proportion,interconnectivity_strength_mean,interconnectivity_strength_err
0,0.1,8.232621697166024,0.30669746347109067
1,0.30000000000000004,9.078494325479287,0.5070360847939317
2,0.5000000000000001,10.428478413246362,0.6299526810654347
3,0.7000000000000001,10.276567154990648,0.40141691789882855
4,0.9000000000000001,15.097905301403703,0.8137125697302589
