,discretized_reward_proportion,interconnectivity_strength_mean,interconnectivity_strength_err
0,0.1,11.76549559475474,0.9871204051948601
1,0.30000000000000004,9.69830588067989,0.5399817849236607
2,0.5000000000000001,9.403110143060367,0.9547330204382292
3,0.7000000000000001,8.830646564916828,0.3683322500359533
4,0.9000000000000001,7.900229789272405,0.4004161813329886
