,discretized_reward_proportion,interconnectivity_strength_mean,interconnectivity_strength_err
0,0.1,20.653391330127516,1.6301619852239297
1,0.30000000000000004,22.11019890568601,2.2706546841780533
2,0.5000000000000001,25.832793907383923,3.408692757361605
3,0.7000000000000001,40.27147716907945,3.006410411621122
4,0.9000000000000001,20.942801913837013,2.157372314784934
