,discretized_reward_proportion,interconnectivity_strength_mean,interconnectivity_strength_err
0,0.1,9.946986044105806,0.5316283054488701
1,0.30000000000000004,10.746777462541857,0.7076642107207928
2,0.5000000000000001,8.72864596677411,0.44318660486246
3,0.7000000000000001,7.644840620140462,0.25298420267504307
4,0.9000000000000001,8.40542552228069,0.26330684752323474
