,discretized_reward_proportion,interconnectivity_strength_mean,interconnectivity_strength_err
0,0.1,15.750134232210234,3.9557794161469824
1,0.30000000000000004,3.2624436242659725,1.5842141669527268
2,0.5000000000000001,2.6231692967644458,1.269645458021192
3,0.7000000000000001,8.307960906860734,2.729831083688587
4,0.9000000000000001,4.244998434089357,2.2797962121379687
