,discretized_reward_proportion,interconnectivity_strength_mean,interconnectivity_strength_err
0,0.1,1.756712962962981,1.7444709116360664
1,0.30000000000000004,14.04682987527365,4.395180886446109
2,0.5000000000000001,17.311986964740928,3.709226711921458
3,0.7000000000000001,24.027415118447706,4.499426974899856
4,0.9000000000000001,41.09711641971354,4.823790957789996
