,discretized_reward_proportion,interconnectivity_strength_mean,interconnectivity_strength_err
0,0.1,18.35865834345332,4.30591599247145
1,0.30000000000000004,15.161009397263857,1.341105802645553
2,0.5000000000000001,6.166367041114994,0.4889908315787841
3,0.7000000000000001,4.916231387220229,0.2952040151318227
4,0.9000000000000001,4.908426686784035,0.2066768906561013
