,discretized_reward_proportion,interconnectivity_strength_mean,interconnectivity_strength_err
0,0.1,0.1927710843373494,0.043299238060681464
1,0.30000000000000004,0.28846153846153844,0.0628262988922542
2,0.5000000000000001,5.0101801918931566,2.6680841964998763
3,0.7000000000000001,23.096600689180573,6.61356204818441
4,0.9000000000000001,35.473145955878195,7.650967994264666
