,discretized_reward_proportion,interconnectivity_strength_mean,interconnectivity_strength_err
0,0.1,21.42784457388189,2.9064900138134466
1,0.30000000000000004,11.485373752365582,1.1356466302079464
2,0.5000000000000001,11.751791454137637,1.1893640000239472
3,0.7000000000000001,8.94958042790362,0.4293718340864969
4,0.9000000000000001,9.321417715536638,0.47556726797840937
