,discretized_reward_proportion,interconnectivity_strength_mean,interconnectivity_strength_err
0,0.1,8.56536056687442,0.6465721129928175
1,0.30000000000000004,11.126753850096291,1.4427715900676863
2,0.5000000000000001,41.18241645373174,8.99372471702744
3,0.7000000000000001,30.20850029632304,5.936848814334089
4,0.9000000000000001,48.354730920536056,8.622922596598425
