,discretized_reward_proportion,interconnectivity_strength_mean,interconnectivity_strength_err
0,0.1,5.936684501886932,4.135535802403884
1,0.30000000000000004,9.979527896067054,6.950336981515609
2,0.5000000000000001,0.17857142857142858,0.07237888244444442
3,0.7000000000000001,14.966015745297401,4.952685350077303
4,0.9000000000000001,25.98399888326782,6.925041277840945
