,discretized_reward_proportion,interconnectivity_strength_mean,interconnectivity_strength_err
0,0.1,65.97153616663167,5.199097372130474
1,0.30000000000000004,94.70975136086773,5.918423445303783
2,0.5000000000000001,74.95489751334307,6.628641533849584
3,0.7000000000000001,58.453467578803114,6.520378228216681
4,0.9000000000000001,53.26486108089186,8.39704619858832
