,discretized_reward_proportion,interconnectivity_strength_mean,interconnectivity_strength_err
0,0.1,8.7093150947185,0.48087806007858286
1,0.30000000000000004,6.891663230821946,0.44833641616775155
2,0.5000000000000001,5.4951920399045875,0.24956611719423794
3,0.7000000000000001,5.085558236564182,0.11221488618637647
4,0.9000000000000001,5.184208349907039,0.08704697307784605
