,discretized_reward_proportion,interconnectivity_strength_mean,interconnectivity_strength_err
0,0.1,8.182210322657149,0.36852440467054914
1,0.30000000000000004,8.85102802937947,0.3450808535911981
2,0.5000000000000001,7.872965035990695,0.24833383595329236
3,0.7000000000000001,6.560528597930138,0.1798249174714491
4,0.9000000000000001,6.120705969103143,0.15093613686521176
