,discretized_reward_proportion,interconnectivity_strength_mean,interconnectivity_strength_err
0,0.1,42.892459693986915,8.371933500481934
1,0.30000000000000004,43.540749746908915,6.358530695556757
2,0.5000000000000001,35.31430614470892,4.315777315520936
3,0.7000000000000001,28.187107773955468,1.3927949926222791
4,0.9000000000000001,24.695607724794144,1.3300951706679316
