,discretized_reward_proportion,interconnectivity_strength_mean,interconnectivity_strength_err
0,0.1,10.99652522485517,0.2416824455951768
1,0.30000000000000004,22.515920471864344,3.9073114932660173
2,0.5000000000000001,11.013239075187279,1.8866761538421775
3,0.7000000000000001,27.176147685630827,2.8744456075310865
4,0.9000000000000001,21.020893826574685,2.1892368101232242
