,discretized_reward_proportion,interconnectivity_strength_mean,interconnectivity_strength_err
0,0.1,6.063341983160668,0.3538862705536915
1,0.30000000000000004,5.395736593319888,0.2740219182441808
2,0.5000000000000001,4.8838949341196845,0.23217645812222268
3,0.7000000000000001,4.474322155865757,0.10526473885157331
4,0.9000000000000001,4.396995130109162,0.09208435969127991
