,discretized_reward_proportion,interconnectivity_strength_mean,interconnectivity_strength_err
0,0.1,83.4175969143338,4.900759805326554
1,0.30000000000000004,61.02343161861063,9.922371005684045
2,0.5000000000000001,48.60863935086627,7.747741552324346
3,0.7000000000000001,54.90905663117964,19.40318884655299
4,0.9000000000000001,31.897806764922397,2.2892571851131667
