,discretized_reward_proportion,interconnectivity_strength_mean,interconnectivity_strength_err
0,0.1,0.1927710843373494,0.043299238060681464
1,0.30000000000000004,0.2692307692307692,0.061510718598496425
2,0.5000000000000001,0.44642857142857145,0.06643069724489688
3,0.7000000000000001,0.2345679012345679,0.04708093909939785
4,0.9000000000000001,0.19402985074626866,0.03416184785689123
