,discretized_reward_proportion,interconnectivity_strength_mean,interconnectivity_strength_err
0,0.1,160.49173301122636,6.0886005415035696
1,0.30000000000000004,74.64731790362701,12.089026404494419
2,0.5000000000000001,26.00032715342426,3.8503545346072836
3,0.7000000000000001,8.810718436943434,1.8413007795380913
4,0.9000000000000001,16.32140794864383,2.602606309318422
