,discretized_reward_proportion,interconnectivity_strength_mean,interconnectivity_strength_err
0,0.1,49.522768332167,3.296546456857635
1,0.30000000000000004,32.08689842749384,3.6931116993407898
2,0.5000000000000001,39.101583550479596,6.409421706570384
3,0.7000000000000001,15.867963199556364,5.550400571570742
4,0.9000000000000001,3.707362494279047,2.138862289809137
