,discretized_reward_proportion,interconnectivity_strength_mean,interconnectivity_strength_err
0,0.1,0.0,0.0
1,0.30000000000000004,10.375953640813455,4.9435729104175365
2,0.5000000000000001,11.35774620230683,2.4931158131414906
3,0.7000000000000001,9.042323899452928,2.1677814856375455
4,0.9000000000000001,3.8700686926085757,1.131015246175243
