,discretized_reward_proportion,interconnectivity_strength_mean,interconnectivity_strength_err
0,0.1,8.85053513882269,1.394673248390635
1,0.30000000000000004,10.48745622106974,1.6344322638145594
2,0.5000000000000001,6.756918509193529,1.3186010679557183
3,0.7000000000000001,4.507767636686087,0.27578808262810034
4,0.9000000000000001,3.298282879430528,0.2872800996478325
