,discretized_reward_proportion,interconnectivity_strength_mean,interconnectivity_strength_err
0,0.1,36.98396035140006,1.7776854439151628
1,0.30000000000000004,32.720108491187176,3.7152033810794487
2,0.5000000000000001,39.66392172064622,5.959002126349678
3,0.7000000000000001,28.56516949147129,3.846151436282225
4,0.9000000000000001,33.50965996545153,3.099005956722465
