,discretized_reward_proportion,interconnectivity_strength_mean,interconnectivity_strength_err
0,0.1,5.304967481293946,0.21223498564419715
1,0.30000000000000004,4.548740430327414,0.15189066961363926
2,0.5000000000000001,4.0667642818246525,0.14263164828190666
3,0.7000000000000001,3.5864994802822396,0.08002718135194334
4,0.9000000000000001,3.8404276724718365,0.070079132235616
