,discretized_reward_proportion,interconnectivity_strength_mean,interconnectivity_strength_err
0,0.1,28.717720575422454,4.3836855507656445
1,0.30000000000000004,23.751920314737692,3.8977592994418218
2,0.5000000000000001,14.615862488218582,2.701300880315851
3,0.7000000000000001,58.32397614021084,13.803808496817053
4,0.9000000000000001,78.33068638253371,16.248101234141668
