,discretized_reward_proportion,interconnectivity_strength_mean,interconnectivity_strength_err
0,0.1,10.446473294350136,0.8016285346984408
1,0.30000000000000004,11.456798283428478,1.5927447523624985
2,0.5000000000000001,14.846202118925444,1.9837661847267976
3,0.7000000000000001,18.767406050748004,2.0871722987310855
4,0.9000000000000001,19.8924437429963,3.5227017144612365
