,discretized_reward_proportion,interconnectivity_strength_mean,interconnectivity_strength_err
0,0.1,31.52117264204591,2.2142335076943773
1,0.30000000000000004,20.52561745851628,2.4492490133907374
2,0.5000000000000001,9.437711565594999,0.7030693535115122
3,0.7000000000000001,9.853304220416858,1.7218928804756346
4,0.9000000000000001,16.08865055732801,4.204779223403468
