,discretized_reward_proportion,interconnectivity_strength_mean,interconnectivity_strength_err
0,0.1,60.08833822378155,12.393560132162891
1,0.30000000000000004,105.99620209142805,22.517698255088565
2,0.5000000000000001,79.1717129095589,35.60962202891584
3,0.7000000000000001,24.551354027958528,5.530301642721414
4,0.9000000000000001,35.1791227323541,4.567078265080584
