,discretized_reward_proportion,interconnectivity_strength_mean,interconnectivity_strength_err
0,0.1,13.572102502982853,0.9472590842034361
1,0.30000000000000004,9.785058539118786,0.6981692282070118
2,0.5000000000000001,8.57122129716092,0.4322903829990486
3,0.7000000000000001,9.781574534157215,0.5634449803563909
4,0.9000000000000001,14.386398984036282,1.2803184569471189
