,discretized_reward_proportion,interconnectivity_strength_mean,interconnectivity_strength_err
0,0.1,72.04280435472054,10.922823759940096
1,0.30000000000000004,80.36315300626498,12.44804075237581
2,0.5000000000000001,97.01062611426705,16.202526381082656
3,0.7000000000000001,21.629321825905258,5.723469402066729
4,0.9000000000000001,10.76424140876126,2.339562104787674
