,discretized_reward_proportion,interconnectivity_strength_mean,interconnectivity_strength_err
0,0.1,29.833658099166016,3.2245533146379994
1,0.30000000000000004,66.22494827628651,7.433878170813243
2,0.5000000000000001,49.014563836008065,7.9944107582341255
3,0.7000000000000001,56.7659763457506,11.325295641733655
4,0.9000000000000001,243.87651419902642,63.429558138523895
