,discretized_reward_proportion,interconnectivity_strength_mean,interconnectivity_strength_err
0,0.1,1.442875971334587,0.1551286999652518
1,0.30000000000000004,5.972172123063444,1.6192755785042179
2,0.5000000000000001,15.32106456493969,4.879792523501588
3,0.7000000000000001,106.77671519200617,24.073919290276837
4,0.9000000000000001,72.00844738845639,36.29717757561816
