,discretized_reward_proportion,interconnectivity_strength_mean,interconnectivity_strength_err
0,0.1,12.414643197954106,1.2948675697435357
1,0.30000000000000004,7.803655554372673,0.6357572624413687
2,0.5000000000000001,12.094637348566247,3.1401304198564195
3,0.7000000000000001,18.914040365726063,2.1648861013030873
4,0.9000000000000001,20.97452612973041,1.9952693502346475
