,discretized_reward_proportion,interconnectivity_strength_mean,interconnectivity_strength_err
0,0.1,22.11751433325344,4.089301910798639
1,0.30000000000000004,20.224091787335002,2.332812299136036
2,0.5000000000000001,23.140682755993616,1.643794883567006
3,0.7000000000000001,20.850200299814375,1.5252433851069875
4,0.9000000000000001,15.789238952818778,1.3827660597515792
