,discretized_reward_proportion,interconnectivity_strength_mean,interconnectivity_strength_err
0,0.1,38.85599644716034,1.800021598951433
1,0.30000000000000004,39.13894689079688,2.8369265524562577
2,0.5000000000000001,25.87841543163818,2.6622037648201733
3,0.7000000000000001,32.28112344887987,2.0835934215304364
4,0.9000000000000001,18.642352674770187,1.3774628857713596
