,discretized_reward_proportion,interconnectivity_strength_mean,interconnectivity_strength_err
0,0.1,9.436936364143117,0.35002522936390695
1,0.30000000000000004,14.32233282645041,1.7563989965325322
2,0.5000000000000001,13.227614235060061,1.2560951732339123
3,0.7000000000000001,11.35522486826161,0.8084562628394368
4,0.9000000000000001,10.841619775246818,0.8390497359746907
