,discretized_reward_proportion,interconnectivity_strength_mean,interconnectivity_strength_err
0,0.1,66.8914165754935,6.7980370094014475
1,0.30000000000000004,27.687908058859993,3.2528489145643538
2,0.5000000000000001,57.35088372165874,9.88031602123305
3,0.7000000000000001,31.592736460459662,4.876276445234803
4,0.9000000000000001,36.68695512494519,2.4683254778325465
