,discretized_reward_proportion,interconnectivity_strength_mean,interconnectivity_strength_err
0,0.1,40.757488379323476,2.8112717175443653
1,0.30000000000000004,31.864304559985698,4.836984352660663
2,0.5000000000000001,21.86768804642197,2.959859647420044
3,0.7000000000000001,75.86771734446742,11.66309032256803
4,0.9000000000000001,74.0029415536598,11.016208062533606
