,discretized_reward_proportion,interconnectivity_strength_mean,interconnectivity_strength_err
0,0.1,23.615419603633836,3.387007369706943
1,0.30000000000000004,60.58535674976088,5.371617334855132
2,0.5000000000000001,51.4174122268932,7.882146519996419
3,0.7000000000000001,23.932933136158017,5.260179750674982
4,0.9000000000000001,20.34656464046406,8.47850437761826
