,discretized_reward_proportion,interconnectivity_strength_mean,interconnectivity_strength_err
0,0.1,36.3923308055576,2.708412799946531
1,0.30000000000000004,17.61739602530132,2.2115040699788957
2,0.5000000000000001,9.493764267449285,0.6569933711926597
3,0.7000000000000001,7.0872278801236614,0.6530209792715014
4,0.9000000000000001,8.095296121294622,0.5196109417005881
