,discretized_reward_proportion,interconnectivity_strength_mean,interconnectivity_strength_err
0,0.1,26.483555230095853,5.744225424658717
1,0.30000000000000004,28.23929788347078,5.155204157234344
2,0.5000000000000001,21.46127308627154,4.825218277356396
3,0.7000000000000001,17.08979697704331,2.2051416358460254
4,0.9000000000000001,16.37914815060475,2.7365901161755493
