,discretized_reward_proportion,interconnectivity_strength_mean,interconnectivity_strength_err
0,0.1,5.563019353147121,0.3932366494024611
1,0.30000000000000004,6.980718888436819,2.18238150644586
2,0.5000000000000001,15.474556342473079,1.6386745937832727
3,0.7000000000000001,15.790055026018331,1.475290325286702
4,0.9000000000000001,14.980584666944306,1.716127228684277
