,discretized_reward_proportion,interconnectivity_strength_mean,interconnectivity_strength_err
0,0.1,170.15336455690746,21.04401461075464
1,0.30000000000000004,167.25580677118828,33.016637502912694
2,0.5000000000000001,92.72396887147856,21.451535363780124
3,0.7000000000000001,122.10133250159451,19.465086191929203
4,0.9000000000000001,33.73285731058808,9.725208134434846
