,discretized_reward_proportion,interconnectivity_strength_mean,interconnectivity_strength_err
0,0.1,60.9755659170917,7.2504579373475515
1,0.30000000000000004,54.893049666197335,4.541436370471328
2,0.5000000000000001,40.785739412334685,3.314132561384943
3,0.7000000000000001,29.198096045253187,3.373475887548051
4,0.9000000000000001,29.833299714135418,3.7267033958695195
