,discretized_reward_proportion,interconnectivity_strength_mean,interconnectivity_strength_err
0,0.1,143.288026147156,30.805333654920858
1,0.30000000000000004,23.943926578939454,7.618950451062376
2,0.5000000000000001,7.925982425028382,4.445950640537566
3,0.7000000000000001,25.954074339951703,7.0783547997748
4,0.9000000000000001,58.58843817360029,7.911036450045749
