,discretized_reward_proportion,interconnectivity_strength_mean,interconnectivity_strength_err
0,0.1,0.08695652173913043,0.05875338475584143
1,0.30000000000000004,20.39686752302275,5.7005591881305
2,0.5000000000000001,9.492846878174742,4.110100540182043
3,0.7000000000000001,4.608884012678017,1.7514260715625094
4,0.9000000000000001,5.541606400711034,1.7153373918162207
