,discretized_reward_proportion,interconnectivity_strength_mean,interconnectivity_strength_err
0,0.1,6.410874379044904,0.2552188055790565
1,0.30000000000000004,7.888547640092896,0.28338599403865694
2,0.5000000000000001,7.441702220344938,0.25837266114426866
3,0.7000000000000001,7.155101366168783,0.15639177583757768
4,0.9000000000000001,9.488342566766876,0.6186724350710922
