,discretized_reward_proportion,interconnectivity_strength_mean,interconnectivity_strength_err
0,0.1,75.38961062636481,10.882835294198841
1,0.30000000000000004,27.643785622989302,5.324700384445852
2,0.5000000000000001,32.45031192808944,8.435492016039023
3,0.7000000000000001,44.27568054095414,7.659326912580096
4,0.9000000000000001,58.17953383739496,9.68263453754408
