,discretized_reward_proportion,interconnectivity_strength_mean,interconnectivity_strength_err
0,0.1,16.830124141462978,2.4051204633496934
1,0.30000000000000004,8.274581962337844,0.489885526871811
2,0.5000000000000001,6.483387495002326,0.39044802999967154
3,0.7000000000000001,5.439158278823798,0.22089047975471712
4,0.9000000000000001,4.901168093159954,0.1584229317826399
