,discretized_reward_proportion,interconnectivity_strength_mean,interconnectivity_strength_err
0,0.1,37.42009224092857,6.4964111422805315
1,0.30000000000000004,5.1058195451974795,2.7404745824876007
2,0.5000000000000001,0.5901639344262295,0.06296895734404721
3,0.7000000000000001,0.6428571428571429,0.09055224157805535
4,0.9000000000000001,0.5454545454545454,0.10615894693111676
