,discretized_reward_proportion,interconnectivity_strength_mean,interconnectivity_strength_err
0,0.1,40.09333073311497,4.654732375340583
1,0.30000000000000004,63.183497021948355,12.311424709644479
2,0.5000000000000001,191.36281518206331,39.7805390995812
3,0.7000000000000001,26.614812119365645,3.811363636692027
4,0.9000000000000001,23.80721267816642,3.647347840674248
