,discretized_reward_proportion,interconnectivity_strength_mean,interconnectivity_strength_err
0,0.1,34.038833871944114,4.3414063430597425
1,0.30000000000000004,25.380190782794816,3.170084797293286
2,0.5000000000000001,19.930454030374545,1.3346178693522774
3,0.7000000000000001,25.022377139312166,2.821764353762868
4,0.9000000000000001,35.123195736294235,3.482871802810762
