,discretized_reward_proportion,interconnectivity_strength_mean,interconnectivity_strength_err
0,0.1,10.679341927564831,0.9110948161516224
1,0.30000000000000004,9.41323442724822,1.0464604048239237
2,0.5000000000000001,6.206083557061842,0.4933903995610785
3,0.7000000000000001,6.618066225276991,0.2994230042935425
4,0.9000000000000001,5.152652770939455,0.17049898846377454
