,discretized_reward_proportion,interconnectivity_strength_mean,interconnectivity_strength_err
0,0.1,76.95219827499912,3.845688994724789
1,0.30000000000000004,77.23452691655794,4.619427754239624
2,0.5000000000000001,60.897922298053714,7.112047369527369
3,0.7000000000000001,45.10802394860463,5.257303981080922
4,0.9000000000000001,40.503523383419754,2.7342691611831205
