,discretized_reward_proportion,interconnectivity_strength_mean,interconnectivity_strength_err
0,0.1,40.21881097552226,3.923431556600165
1,0.30000000000000004,30.417483530245917,4.55091167069948
2,0.5000000000000001,19.711047731904056,2.2023081254438894
3,0.7000000000000001,12.192457682432988,2.247951761280836
4,0.9000000000000001,16.99947847364933,1.9050380099259343
