,discretized_reward_proportion,interconnectivity_strength_mean,interconnectivity_strength_err
0,0.1,81.04390483885516,15.81444112989595
1,0.30000000000000004,49.33160404256509,5.909146880011371
2,0.5000000000000001,50.43456807901489,7.104958265354884
3,0.7000000000000001,25.17887817008347,1.6230158357571354
4,0.9000000000000001,18.392349668373832,1.1744019878366918
