,discretized_reward_proportion,interconnectivity_strength_mean,interconnectivity_strength_err
0,0.1,19.03502181056525,3.6162908326597565
1,0.30000000000000004,22.505681803281416,3.8590679006751523
2,0.5000000000000001,3.0482193770111596,1.1397480873090824
3,0.7000000000000001,8.373784791150225,2.285631021191685
4,0.9000000000000001,10.819120277611132,3.801269038607091
