,discretized_reward_proportion,interconnectivity_strength_mean,interconnectivity_strength_err
0,0.1,10.758242555700937,0.9245180649223944
1,0.30000000000000004,7.856983820252793,0.5470481271513477
2,0.5000000000000001,7.404256883834598,0.22229700340354105
3,0.7000000000000001,6.812710099675646,0.32179305791009655
4,0.9000000000000001,6.426937495481822,0.17279476159181867
