,discretized_reward_proportion,interconnectivity_strength_mean,interconnectivity_strength_err
0,0.1,69.3823133888231,3.766578924039327
1,0.30000000000000004,41.21941122460504,7.452195844226667
2,0.5000000000000001,29.546042980481463,4.107789077647754
3,0.7000000000000001,19.057352576205282,3.4330192761351723
4,0.9000000000000001,10.055136487139064,1.5815439656444528
