,discretized_reward_proportion,interconnectivity_strength_mean,interconnectivity_strength_err
0,0.1,38.54858133338406,5.388454404907564
1,0.30000000000000004,36.04127461335291,6.772013917832671
2,0.5000000000000001,37.699978769900085,6.922003799110872
3,0.7000000000000001,28.33764950194108,4.650288664400949
4,0.9000000000000001,16.928193258088115,1.4150990616185875
