,discretized_reward_proportion,interconnectivity_strength_mean,interconnectivity_strength_err
0,0.1,10.566952042251938,1.7078630865630406
1,0.30000000000000004,15.586084394777,1.8343511880701089
2,0.5000000000000001,9.457775994050259,1.4100691427682412
3,0.7000000000000001,36.47960026768626,3.429052631591905
4,0.9000000000000001,28.213480065588993,1.6607064041214912
