,discretized_reward_proportion,interconnectivity_strength_mean,interconnectivity_strength_err
0,0.1,9.207497732528878,0.5957631481446881
1,0.30000000000000004,6.526806195587861,0.2052443292125514
2,0.5000000000000001,5.837637358726916,0.2818696127836288
3,0.7000000000000001,4.79262738663746,0.16928142931701012
4,0.9000000000000001,4.524496457880364,0.08110228788548181
