,discretized_reward_proportion,interconnectivity_strength_mean,interconnectivity_strength_err
0,0.1,20.162571661704586,1.093975893391679
1,0.30000000000000004,23.472259315606113,1.8386241983115834
2,0.5000000000000001,29.18493737393178,5.22815934482177
3,0.7000000000000001,24.867263738543407,5.215533521701294
4,0.9000000000000001,17.609603537247573,4.438992876822762
