,discretized_reward_proportion,interconnectivity_strength_mean,interconnectivity_strength_err
0,0.1,36.389676849985115,7.229301062528315
1,0.30000000000000004,66.28694551956247,10.263777001804556
2,0.5000000000000001,44.687272792089715,7.247278834953242
3,0.7000000000000001,26.51458831951023,2.452448427507683
4,0.9000000000000001,18.49308704298006,1.763465437309306
