,discretized_reward_proportion,interconnectivity_strength_mean,interconnectivity_strength_err
0,0.1,19.02945475802539,1.5576430030161739
1,0.30000000000000004,24.75163015517929,3.154804930578361
2,0.5000000000000001,23.469930909221393,4.375943327110935
3,0.7000000000000001,33.639718079229546,6.838057794222608
4,0.9000000000000001,23.170892248886606,3.354775494624693
