,discretized_reward_proportion,interconnectivity_strength_mean,interconnectivity_strength_err
0,0.1,69.34167645649637,4.822068160532871
1,0.30000000000000004,70.9321631855474,6.898848041308827
2,0.5000000000000001,75.12075210492931,16.243809801396086
3,0.7000000000000001,54.44256530807823,17.84743183630528
4,0.9000000000000001,147.3432323204256,37.35720203242602
