,discretized_reward_proportion,interconnectivity_strength_mean,interconnectivity_strength_err
0,0.1,46.107948225498674,1.9084221695830406
1,0.30000000000000004,33.54564113942737,2.987427078009653
2,0.5000000000000001,24.81645699252941,1.8859395509523313
3,0.7000000000000001,35.93411675588074,6.236989267755848
4,0.9000000000000001,65.22333728541666,4.6307526886648835
