,discretized_reward_proportion,interconnectivity_strength_mean,interconnectivity_strength_err
0,0.1,76.96651128027452,5.136592858430377
1,0.30000000000000004,122.79951547342095,7.811665805887598
2,0.5000000000000001,66.45939802005412,7.934931151279654
3,0.7000000000000001,28.641994233008454,6.650154181770862
4,0.9000000000000001,21.290246297100648,2.7035915803083532
