,discretized_reward_proportion,interconnectivity_strength_mean,interconnectivity_strength_err
0,0.1,17.751845868484118,1.8080215283301615
1,0.30000000000000004,52.03819555940392,5.963776378534088
2,0.5000000000000001,54.860232871993425,4.925318534482062
3,0.7000000000000001,15.75177270768181,6.134040042035697
4,0.9000000000000001,1.3555819099639934,0.5343568449926553
