,discretized_reward_proportion,interconnectivity_strength_mean,interconnectivity_strength_err
0,0.1,4.367023510791645,0.7537352267043379
1,0.30000000000000004,5.429941220509794,0.562432566139074
2,0.5000000000000001,5.923473341418984,0.4867061753353618
3,0.7000000000000001,5.470045765222944,2.0683489574383644
4,0.9000000000000001,0.0,0.0
