,discretized_reward_proportion,interconnectivity_strength_mean,interconnectivity_strength_err
0,0.1,42.1066386377056,3.8000524647905936
1,0.30000000000000004,35.49673342564626,2.2191668462959386
2,0.5000000000000001,46.88418262268127,5.294247974233377
3,0.7000000000000001,36.178425407240084,4.4349819253912965
4,0.9000000000000001,43.84138765475552,7.638285514722602
