,discretized_reward_proportion,interconnectivity_strength_mean,interconnectivity_strength_err
0,0.1,13.474356181799722,1.3673834765648432
1,0.30000000000000004,11.934692338695013,1.46318185128229
2,0.5000000000000001,6.380515028792686,0.5943196400462468
3,0.7000000000000001,5.901313968028715,0.13654662849755794
4,0.9000000000000001,6.050969743496504,0.5735821929957062
