,discretized_reward_proportion,interconnectivity_strength_mean,interconnectivity_strength_err
0,0.1,21.56371164731318,4.043851410858232
1,0.30000000000000004,25.820775811081827,4.891003327607912
2,0.5000000000000001,20.680189127677004,4.68374878740765
3,0.7000000000000001,24.790531210685774,4.251296110486565
4,0.9000000000000001,19.65610971207736,3.419315569014099
