,discretized_reward_proportion,interconnectivity_strength_mean,interconnectivity_strength_err
0,0.1,14.373092197677815,0.8571202898424465
1,0.30000000000000004,17.23915973034373,1.6860088991388718
2,0.5000000000000001,14.457449853807367,1.1159729105629288
3,0.7000000000000001,17.698330761882666,1.6189280595849749
4,0.9000000000000001,20.82237300462686,1.195693260550256
