,discretized_reward_proportion,interconnectivity_strength_mean,interconnectivity_strength_err
0,0.1,14.373373714923238,0.48825835769493925
1,0.30000000000000004,10.224222366456914,1.5285539565416475
2,0.5000000000000001,6.8380668444822845,1.942897658858921
3,0.7000000000000001,8.08850650085823,2.547942551576736
4,0.9000000000000001,15.528321164631684,3.0572196890076344
