,discretized_reward_proportion,interconnectivity_strength_mean,interconnectivity_strength_err
0,0.1,19.68575898048999,1.9626342120716662
1,0.30000000000000004,23.131428445992487,2.838798304941627
2,0.5000000000000001,16.26627722168259,2.95660243500504
3,0.7000000000000001,27.766314854729465,6.656397167528033
4,0.9000000000000001,18.638070964095142,6.498065248400703
