,discretized_reward_proportion,interconnectivity_strength_mean,interconnectivity_strength_err
0,0.1,22.92069998985761,1.3715002058037422
1,0.30000000000000004,23.27055719009615,1.6309139262380339
2,0.5000000000000001,41.16505679612127,2.221017527941174
3,0.7000000000000001,20.772358611363323,1.7664559524826804
4,0.9000000000000001,16.37862946076252,0.7588329660377364
