,discretized_reward_proportion,interconnectivity_strength_mean,interconnectivity_strength_err
0,0.1,12.714328888207032,0.76400832031617
1,0.30000000000000004,28.776206959087965,5.959562300214922
2,0.5000000000000001,70.95671488893845,9.656800354568682
3,0.7000000000000001,29.325606406717426,5.061397700788321
4,0.9000000000000001,14.308967079831485,4.369228002444945
