,discretized_reward_proportion,interconnectivity_strength_mean,interconnectivity_strength_err
0,0.1,11.892300916650756,4.6880210364938195
1,0.30000000000000004,123.99149300920513,24.419442983072486
2,0.5000000000000001,275.96187570040826,50.057967303408276
3,0.7000000000000001,53.86645694935953,8.31566749332632
4,0.9000000000000001,63.64566048346177,9.25293534474387
