,discretized_reward_proportion,interconnectivity_strength_mean,interconnectivity_strength_err
0,0.1,78.34900316075164,5.0881358831098344
1,0.30000000000000004,71.43171722853826,6.436420026935668
2,0.5000000000000001,42.01388497795739,5.769895428791704
3,0.7000000000000001,48.808393635922506,10.427133740475703
4,0.9000000000000001,12.35408464133987,4.7680870903575405
