,discretized_reward_proportion,interconnectivity_strength_mean,interconnectivity_strength_err
0,0.1,14.912150835679515,2.660929350346402
1,0.30000000000000004,14.423567656235154,2.1068927909767687
2,0.5000000000000001,8.859679075364571,0.2447734375489632
3,0.7000000000000001,6.498777949390419,0.3384172969247019
4,0.9000000000000001,6.613251104717664,0.1629584732087533
