,discretized_reward_proportion,interconnectivity_strength_mean,interconnectivity_strength_err
0,0.1,12.131683882141498,1.0919672113717673
1,0.30000000000000004,12.105754593250769,1.0279453873642146
2,0.5000000000000001,9.374610975068562,0.6989720905930357
3,0.7000000000000001,8.774455893064774,0.5164218700265514
4,0.9000000000000001,6.081037182753664,0.37586099875945883
