,discretized_reward_proportion,interconnectivity_strength_mean,interconnectivity_strength_err
0,0.1,11.656107518522475,2.240309306400007
1,0.30000000000000004,12.351962465536381,3.048751254498665
2,0.5000000000000001,16.853079342168947,3.452955700841609
3,0.7000000000000001,11.142440050362213,1.7213547373283598
4,0.9000000000000001,6.62331884656116,1.0927353231621189
