,discretized_reward_proportion,interconnectivity_strength_mean,interconnectivity_strength_err
0,0.1,69.00020284456242,7.593586165526893
1,0.30000000000000004,89.04253299925129,13.936666463969475
2,0.5000000000000001,59.4090149281135,10.680980999844857
3,0.7000000000000001,62.637728269163006,10.390563282368708
4,0.9000000000000001,53.296266421725605,9.280503151404432
