,discretized_reward_proportion,interconnectivity_strength_mean,interconnectivity_strength_err
0,0.1,21.663005094381756,1.9449567327195751
1,0.30000000000000004,11.833056049485927,1.5062857883591405
2,0.5000000000000001,24.920453411965052,3.146717757627249
3,0.7000000000000001,22.71542454877632,2.5834909119682647
4,0.9000000000000001,23.10061737852784,2.137024726716588
