,discretized_reward_proportion,interconnectivity_strength_mean,interconnectivity_strength_err
0,0.1,9.170657441200008,1.3250370976436328
1,0.30000000000000004,11.862284265632354,1.456734345464555
2,0.5000000000000001,12.191690876600529,1.5982422418792992
3,0.7000000000000001,20.144471076228246,1.7735503113117372
4,0.9000000000000001,18.04048294441763,1.926654203445469
