,discretized_reward_proportion,interconnectivity_strength_mean,interconnectivity_strength_err
0,0.1,5.717631028215693,0.7239349663454329
1,0.30000000000000004,6.744839993802561,1.5662777169311786
2,0.5000000000000001,15.48470380305938,1.8570678894096289
3,0.7000000000000001,12.994201425792626,1.5092971777958084
4,0.9000000000000001,6.069780225672598,1.1691449117787835
