,discretized_reward_proportion,interconnectivity_strength_mean,interconnectivity_strength_err
0,0.1,31.918527351057058,1.2424145882975655
1,0.30000000000000004,25.431384192481488,0.7283530711977203
2,0.5000000000000001,23.300343630472582,0.9849556822827236
3,0.7000000000000001,24.927818130054526,1.7530165686705
4,0.9000000000000001,25.512080605214926,1.266237557367145
