,discretized_reward_proportion,interconnectivity_strength_mean,interconnectivity_strength_err
0,0.1,12.162408116502002,0.226235874638276
1,0.30000000000000004,9.900236238862496,0.423152902940878
2,0.5000000000000001,8.145293732982685,0.33934830348677864
3,0.7000000000000001,7.501237914071396,0.3508097413724458
4,0.9000000000000001,12.83171793916103,0.8888079404810372
