,discretized_reward_proportion,interconnectivity_strength_mean,interconnectivity_strength_err
0,0.1,18.70612801305142,3.825887883276928
1,0.30000000000000004,9.037861511350386,2.7828277036367473
2,0.5000000000000001,12.83715204411478,5.065519233933982
3,0.7000000000000001,3.877185998053777,1.500479426487036
4,0.9000000000000001,7.292189361075816,1.018640904756698
