,discretized_reward_proportion,interconnectivity_strength_mean,interconnectivity_strength_err
0,0.1,6.4258093542690675,0.7690125469444694
1,0.30000000000000004,7.460577426705332,0.9983518122352557
2,0.5000000000000001,8.996142964282422,1.1638634605338076
3,0.7000000000000001,9.233978354372903,0.7452312505702634
4,0.9000000000000001,5.491389954907808,0.5592400991854635
