,discretized_reward_proportion,interconnectivity_strength_mean,interconnectivity_strength_err
0,0.1,26.12114468986356,1.6857900094097298
1,0.30000000000000004,42.35794948191453,4.9413597471923945
2,0.5000000000000001,25.910082884551365,1.7539076969644578
3,0.7000000000000001,11.28677712855892,1.1761047834097988
4,0.9000000000000001,,
