,discretized_reward_proportion,interconnectivity_strength_mean,interconnectivity_strength_err
0,0.1,18.528751730633026,4.186918408429108
1,0.30000000000000004,16.316162181853386,1.8038626725596083
2,0.5000000000000001,5.86544908846263,0.6229653211158769
3,0.7000000000000001,4.411359197427679,0.22924805803425982
4,0.9000000000000001,4.019407011637658,0.15673451438031416
