,discretized_reward_proportion,interconnectivity_strength_mean,interconnectivity_strength_err
0,0.1,47.22881926789833,3.3268186442735517
1,0.30000000000000004,36.17197127536177,1.9370372828144036
2,0.5000000000000001,31.169269266710213,2.977956179272911
3,0.7000000000000001,12.742272884596703,2.105466897834926
4,0.9000000000000001,,
