,discretized_reward_proportion,interconnectivity_strength_mean,interconnectivity_strength_err
0,0.1,16.478203769733053,2.7339782231919707
1,0.30000000000000004,22.566336943407087,4.960072327301603
2,0.5000000000000001,33.226072262201455,7.6291853423889
3,0.7000000000000001,35.85040763275006,7.037378189254761
4,0.9000000000000001,67.65355409988868,9.233090746259688
