,discretized_reward_proportion,interconnectivity_strength_mean,interconnectivity_strength_err
0,0.1,22.709708425423916,1.3287883634551223
1,0.30000000000000004,18.385069138396904,2.185096231906768
2,0.5000000000000001,14.226687802697171,2.152404459446852
3,0.7000000000000001,11.196717692851482,1.0214540854816685
4,0.9000000000000001,14.99552399975367,1.380959542964177
