,discretized_reward_proportion,interconnectivity_strength_mean,interconnectivity_strength_err
0,0.1,5.767772406565367,2.0197596460512215
1,0.30000000000000004,53.387273503147284,19.309274665839403
2,0.5000000000000001,75.7416962700633,18.59835824048288
3,0.7000000000000001,66.74530923536594,10.713929271553575
4,0.9000000000000001,34.3160191974062,5.195340941847077
