,discretized_reward_proportion,interconnectivity_strength_mean,interconnectivity_strength_err
0,0.1,7.074300941312285,0.8105585664957842
1,0.30000000000000004,11.313342991533878,1.386545553706879
2,0.5000000000000001,12.559569711019432,1.0858509310470363
3,0.7000000000000001,5.057354500147211,1.7326610828826952
4,0.9000000000000001,0.0,0.0
