,discretized_reward_proportion,interconnectivity_strength_mean,interconnectivity_strength_err
0,0.1,0.1111111111111111,0.10475656017578482
1,0.30000000000000004,16.258231457088755,5.007509609983569
2,0.5000000000000001,11.406399808119302,2.46908869178337
3,0.7000000000000001,19.041533435624597,3.123939985179371
4,0.9000000000000001,4.287551628185993,0.7378063627440918
