,discretized_reward_proportion,interconnectivity_strength_mean,interconnectivity_strength_err
0,0.1,29.430165472833473,2.2078004156350555
1,0.30000000000000004,15.17911190842606,2.0442284711616976
2,0.5000000000000001,11.128002168438282,0.5514226348889714
3,0.7000000000000001,9.070065362983916,0.1966622513960979
4,0.9000000000000001,8.754534619137333,0.22776116302399946
