,discretized_reward_proportion,interconnectivity_strength_mean,interconnectivity_strength_err
0,0.1,7.083671335200534,0.42275144659247393
1,0.30000000000000004,6.4886818646177815,0.3470403991514913
2,0.5000000000000001,14.084309759774001,1.6120469994755402
3,0.7000000000000001,10.939258431841795,0.6336389271169208
4,0.9000000000000001,10.299948905830737,0.7663772073481064
