,discretized_reward_proportion,interconnectivity_strength_mean,interconnectivity_strength_err
0,0.1,21.850802228683175,3.982287574019747
1,0.30000000000000004,9.83008184864477,1.7486518022487374
2,0.5000000000000001,13.126770841098445,2.000874256316148
3,0.7000000000000001,13.008895337081938,1.3973214247563392
4,0.9000000000000001,16.0456452880719,1.0197433995680307
