,discretized_reward_proportion,interconnectivity_strength_mean,interconnectivity_strength_err
0,0.1,7.934020302412654,0.23503197230446893
1,0.30000000000000004,7.924083070420389,0.18381084971965914
2,0.5000000000000001,6.267889583640246,0.26732248692795685
3,0.7000000000000001,5.202065567305434,0.14658055537387557
4,0.9000000000000001,5.08890902194451,0.10430893919445788
