,discretized_reward_proportion,interconnectivity_strength_mean,interconnectivity_strength_err
0,0.1,6.290808114776312,0.33320032938957733
1,0.30000000000000004,5.893665404226776,0.31189528769777713
2,0.5000000000000001,6.362456534803173,0.35589685349383776
3,0.7000000000000001,7.213421470178546,0.249960814767955
4,0.9000000000000001,7.170145863032711,0.24030706189011328
