,discretized_reward_proportion,interconnectivity_strength_mean,interconnectivity_strength_err
0,0.1,14.173532007473554,1.7823636119078508
1,0.30000000000000004,13.383719480957911,1.8081741994324145
2,0.5000000000000001,9.842811007880382,1.6320053555880758
3,0.7000000000000001,6.555733906367234,0.179098332669559
4,0.9000000000000001,5.65415351756399,0.12366441487048652
