,discretized_reward_proportion,interconnectivity_strength_mean,interconnectivity_strength_err
0,0.1,36.42113192457732,6.684072359329008
1,0.30000000000000004,46.06707132879231,3.817275723697995
2,0.5000000000000001,67.26387824559107,6.822314436674595
3,0.7000000000000001,69.69453353328466,7.572322778786165
4,0.9000000000000001,73.23798111447019,6.442860039232756
