,discretized_reward_proportion,interconnectivity_strength_mean,interconnectivity_strength_err
0,0.1,3.7830415020134884,1.1635623277573854
1,0.30000000000000004,9.60572316514038,3.0881245723464508
2,0.5000000000000001,38.611748954585416,14.365619177180085
3,0.7000000000000001,50.89376584644157,10.29105931058894
4,0.9000000000000001,57.27204126344512,21.676855926015225
