,discretized_reward_proportion,interconnectivity_strength_mean,interconnectivity_strength_err
0,0.1,346.79261556973984,93.36138396327374
1,0.30000000000000004,36.714961853177904,18.199782143708
2,0.5000000000000001,9.139687003760903,2.57614804436929
3,0.7000000000000001,17.06772646219115,3.5093888365083217
4,0.9000000000000001,9.402339649800181,1.1339672802400467
