,discretized_reward_proportion,interconnectivity_strength_mean,interconnectivity_strength_err
0,0.1,4.45565327986987,3.6108163151642207
1,0.30000000000000004,17.476195850083883,7.021519817482764
2,0.5000000000000001,6.371057349100006,4.078650432065147
3,0.7000000000000001,27.592229310636768,10.35725485222928
4,0.9000000000000001,12.152224091684733,7.2328610326343945
