,discretized_reward_proportion,interconnectivity_strength_mean,interconnectivity_strength_err
0,0.1,14.904074750077335,1.1546473685871361
1,0.30000000000000004,11.330995868139224,1.1457940262251873
2,0.5000000000000001,9.44788586641441,1.2793702193951684
3,0.7000000000000001,7.693457110746452,0.5446238114689641
4,0.9000000000000001,5.901989380069057,0.28921979981176577
