,discretized_reward_proportion,interconnectivity_strength_mean,interconnectivity_strength_err
0,0.1,14.584623717390505,1.13803818702321
1,0.30000000000000004,9.716447393015192,1.3659296868447794
2,0.5000000000000001,12.761281756462099,2.4049968959140964
3,0.7000000000000001,19.82169703847726,2.175453028603042
4,0.9000000000000001,17.82236208983144,1.8575153903686514
