,discretized_reward_proportion,interconnectivity_strength_mean,interconnectivity_strength_err
0,0.1,276.65316517329313,42.72407373137146
1,0.30000000000000004,283.2456003683974,57.60523174805754
2,0.5000000000000001,62.164597874186484,55.790991211281025
3,0.7000000000000001,6.677864936311806,1.4068216974424064
4,0.9000000000000001,5.132683881063641,0.6729108398427517
