,discretized_reward_proportion,interconnectivity_strength_mean,interconnectivity_strength_err
0,0.1,22.76858830163576,3.618239214240701
1,0.30000000000000004,33.086042118177325,8.084564859761949
2,0.5000000000000001,20.082849413960762,4.318834218969329
3,0.7000000000000001,11.37392088036144,0.5022978664744552
4,0.9000000000000001,13.082188694074478,2.11983999113975
