,discretized_reward_proportion,interconnectivity_strength_mean,interconnectivity_strength_err
0,0.1,17.419149190629014,0.9453015000135627
1,0.30000000000000004,19.466448167753764,1.5731439224528112
2,0.5000000000000001,19.310082788727108,2.086206296881592
3,0.7000000000000001,18.254819516548196,1.4125568268235864
4,0.9000000000000001,30.617552037331446,2.8269687750047505
