,discretized_reward_proportion,interconnectivity_strength_mean,interconnectivity_strength_err
0,0.1,8.591971512096727,0.4284179702965671
1,0.30000000000000004,26.80776497550165,4.983320949054393
2,0.5000000000000001,25.369367989282782,5.2243833232991665
3,0.7000000000000001,36.464267878404875,7.216354172335729
4,0.9000000000000001,46.84600287905895,7.013331512754941
