,discretized_reward_proportion,interconnectivity_strength_mean,interconnectivity_strength_err
0,0.1,19.168830844707152,1.3292553393888726
1,0.30000000000000004,15.340997715632744,0.8033894424147928
2,0.5000000000000001,11.485120272862636,0.40096584972149796
3,0.7000000000000001,11.967207426877843,0.49776150236840483
4,0.9000000000000001,10.347451697345685,0.5443630583220895
