,discretized_reward_proportion,interconnectivity_strength_mean,interconnectivity_strength_err
0,0.1,25.808788382486696,7.543330392528125
1,0.30000000000000004,8.803733753167887,4.823635234376955
2,0.5000000000000001,10.009875309275097,4.050828865624247
3,0.7000000000000001,1.8821452531265248,1.0724316825098117
4,0.9000000000000001,0.1308411214953271,0.032600917712725344
