,discretized_reward_proportion,interconnectivity_strength_mean,interconnectivity_strength_err
0,0.1,33.13183822867621,7.007136749066134
1,0.30000000000000004,12.601073611105802,3.990290986152954
2,0.5000000000000001,11.603543495436142,3.783159944092185
3,0.7000000000000001,13.590687167243775,2.288876886735425
4,0.9000000000000001,11.437659783325158,1.0897914264038389
