,discretized_reward_proportion,interconnectivity_strength_mean,interconnectivity_strength_err
0,0.1,3.3620008945827617,0.12111170623951517
1,0.30000000000000004,4.352837091575647,0.3354526268127552
2,0.5000000000000001,8.505364676712876,0.9790838274274409
3,0.7000000000000001,8.820632446896042,0.6650804363534557
4,0.9000000000000001,8.615418053916395,0.5833239970617584
