,discretized_reward_proportion,interconnectivity_strength_mean,interconnectivity_strength_err
0,0.1,12.727888426270377,0.9612516308148069
1,0.30000000000000004,13.651087178934567,0.7077432257085778
2,0.5000000000000001,12.58309420752579,0.8895101401597993
3,0.7000000000000001,17.470389491879406,1.7369864132282429
4,0.9000000000000001,22.530302106053778,2.771221516306028
