,discretized_reward_proportion,interconnectivity_strength_mean,interconnectivity_strength_err
0,0.1,11.671081387457068,0.8225067034549541
1,0.30000000000000004,12.048488336007118,0.6140724793987472
2,0.5000000000000001,13.842924272566203,1.0197173414687468
3,0.7000000000000001,16.88682579736926,1.2009222738770724
4,0.9000000000000001,18.877741915939932,1.2600705375458383
