,discretized_reward_proportion,interconnectivity_strength_mean,interconnectivity_strength_err
0,0.1,6.646717362141367,1.759891231134573
1,0.30000000000000004,13.79409323213146,3.4231890579397533
2,0.5000000000000001,33.65785964544548,5.102416683421377
3,0.7000000000000001,28.195624502672942,6.671361263227399
4,0.9000000000000001,23.632445126523706,3.6278547442993743
