,discretized_reward_proportion,interconnectivity_strength_mean,interconnectivity_strength_err
0,0.1,8.381549458190252,0.43077183746412767
1,0.30000000000000004,7.755002025417172,0.42536264508619376
2,0.5000000000000001,5.88472537768675,0.3606080987470393
3,0.7000000000000001,4.584771182620821,0.11124122958247955
4,0.9000000000000001,4.504577479478018,0.11207309063753594
