,discretized_reward_proportion,interconnectivity_strength_mean,interconnectivity_strength_err
0,0.1,11.463971397849047,0.7050471303438105
1,0.30000000000000004,13.783308720525506,1.2991302882585376
2,0.5000000000000001,11.347737816392867,1.006157347235225
3,0.7000000000000001,65.25672048252427,14.520945893600615
4,0.9000000000000001,89.16457947751546,21.85660435583226
