,discretized_reward_proportion,interconnectivity_strength_mean,interconnectivity_strength_err
0,0.1,80.5752227610294,22.259996600697647
1,0.30000000000000004,22.11818381739649,13.553087450678342
2,0.5000000000000001,34.690025991157384,7.261467687859127
3,0.7000000000000001,25.072558281368998,4.1889933459206175
4,0.9000000000000001,23.243277532181942,1.9541612369833867
