,discretized_reward_proportion,interconnectivity_strength_mean,interconnectivity_strength_err
0,0.1,56.37518944533356,3.5354434695893207
1,0.30000000000000004,61.30247956958143,6.984898008629763
2,0.5000000000000001,69.17807444097987,9.550944742393886
3,0.7000000000000001,72.02080127049213,12.69089941291524
4,0.9000000000000001,21.489650021210863,6.671381010884892
