,discretized_reward_proportion,interconnectivity_strength_mean,interconnectivity_strength_err
0,0.1,54.632052405008615,18.485772698664857
1,0.30000000000000004,68.37678686975248,13.327984086215798
2,0.5000000000000001,52.65426447124734,7.247707092296302
3,0.7000000000000001,54.38753873350602,9.176373427167533
4,0.9000000000000001,78.1354409483654,9.0017070854412
