,discretized_reward_proportion,interconnectivity_strength_mean,interconnectivity_strength_err
0,0.1,41.71871205761563,5.06059747299211
1,0.30000000000000004,34.69840383306822,5.7294604268138025
2,0.5000000000000001,37.84897058907756,5.085837250981972
3,0.7000000000000001,41.46647166749537,2.5157733382609915
4,0.9000000000000001,68.47497258848388,5.922526706424751
