,discretized_reward_proportion,interconnectivity_strength_mean,interconnectivity_strength_err
0,0.1,0.639344262295082,0.06148212809299357
1,0.30000000000000004,0.6538461538461539,0.06597367787271527
2,0.5000000000000001,0.4146341463414634,0.07694037460666148
3,0.7000000000000001,0.28421052631578947,0.046275479814634514
4,0.9000000000000001,0.43119266055045874,0.047435668656591545
