,discretized_reward_proportion,interconnectivity_strength_mean,interconnectivity_strength_err
0,0.1,66.22651866424073,7.106289722348491
1,0.30000000000000004,53.90755442679339,5.561916465665852
2,0.5000000000000001,43.63476199358522,7.2898904457385045
3,0.7000000000000001,40.81978622325394,7.129166322844998
4,0.9000000000000001,38.81093162433492,7.000342910693126
