,discretized_reward_proportion,interconnectivity_strength_mean,interconnectivity_strength_err
0,0.1,12.304226421913192,3.2242418981849967
1,0.30000000000000004,18.167748457290774,5.180695632177543
2,0.5000000000000001,14.951920833489616,6.335760382181979
3,0.7000000000000001,33.419809669848576,5.154720039485727
4,0.9000000000000001,18.862118179846984,4.0341932700238825
