,discretized_reward_proportion,interconnectivity_strength_mean,interconnectivity_strength_err
0,0.1,14.314165095690276,4.661030470243874
1,0.30000000000000004,17.402992862951365,4.692293637865845
2,0.5000000000000001,17.599443419428216,3.913064374934756
3,0.7000000000000001,12.307655092181502,1.8062129589895046
4,0.9000000000000001,8.50140916191821,1.0804447740823455
