,discretized_reward_proportion,interconnectivity_strength_mean,interconnectivity_strength_err
0,0.1,19.13721064284684,4.591662915748973
1,0.30000000000000004,20.289006487249193,4.090106286136498
2,0.5000000000000001,36.02760145205064,7.114162906290049
3,0.7000000000000001,47.48756931512197,5.718340181667141
4,0.9000000000000001,34.34593296714302,2.8035393250970566
