,discretized_reward_proportion,interconnectivity_strength_mean,interconnectivity_strength_err
0,0.1,11.450399788325749,3.074797288320591
1,0.30000000000000004,10.170316611268518,4.145835622925683
2,0.5000000000000001,5.492196431937099,3.820774515750133
3,0.7000000000000001,12.15460357752906,8.271831982564203
4,0.9000000000000001,20.33709905444599,7.1256500808035295
