,discretized_reward_proportion,interconnectivity_strength_mean,interconnectivity_strength_err
0,0.1,72.64479237851324,5.635812336915874
1,0.30000000000000004,73.99165586305475,6.173858425339611
2,0.5000000000000001,70.90374600377866,10.520307222761831
3,0.7000000000000001,66.20379121243639,8.418788796292796
4,0.9000000000000001,59.86550090671028,10.619062658858967
