,discretized_reward_proportion,interconnectivity_strength_mean,interconnectivity_strength_err
0,0.1,18.88967866734259,1.4178927758621267
1,0.30000000000000004,12.763600676696266,0.7823977507443691
2,0.5000000000000001,18.484671494667058,1.6742582241694894
3,0.7000000000000001,41.42533309552743,4.8067302015751805
4,0.9000000000000001,,
