,discretized_reward_proportion,interconnectivity_strength_mean,interconnectivity_strength_err
0,0.1,39.76759172543761,7.644708832018835
1,0.30000000000000004,59.128825273597215,10.728965550391674
2,0.5000000000000001,85.24238119438495,18.334332339765105
3,0.7000000000000001,79.57454884826191,21.887103042703348
4,0.9000000000000001,56.47068572528878,24.791986883527322
