,discretized_reward_proportion,interconnectivity_strength_mean,interconnectivity_strength_err
0,0.1,39.682862271004744,5.648328180223417
1,0.30000000000000004,37.852766741226525,6.611947881189964
2,0.5000000000000001,35.98179507778254,5.2252930965124404
3,0.7000000000000001,25.104380942285342,4.17629942430067
4,0.9000000000000001,14.24604368159482,1.4209956839558964
