,discretized_reward_proportion,interconnectivity_strength_mean,interconnectivity_strength_err
0,0.1,9.375617532909594,0.37608860345495765
1,0.30000000000000004,7.61706027557267,0.3210969018914825
2,0.5000000000000001,6.4659655141656085,0.5091980449123381
3,0.7000000000000001,4.380073136018751,0.2065947725887635
4,0.9000000000000001,3.9756410837803458,0.1070994018336033
