,discretized_reward_proportion,interconnectivity_strength_mean,interconnectivity_strength_err
0,0.1,3.4070221523903568,0.1536377829845005
1,0.30000000000000004,6.239224675214557,0.7734674292007536
2,0.5000000000000001,6.710823219514438,0.3321151482781435
3,0.7000000000000001,8.04747502605433,0.22716551002282545
4,0.9000000000000001,7.233690284193017,0.25674868496840786
