,discretized_reward_proportion,interconnectivity_strength_mean,interconnectivity_strength_err
0,0.1,5.895786187782155,0.36248960023830473
1,0.30000000000000004,8.1736935946404,0.46220514029158083
2,0.5000000000000001,8.443618765474389,0.6014355553642404
3,0.7000000000000001,8.186437827063505,1.1069377375322915
4,0.9000000000000001,2.5808270676691856,2.4141426654326343
