,discretized_reward_proportion,interconnectivity_strength_mean,interconnectivity_strength_err
0,0.1,134.15944457143866,35.974284480848574
1,0.30000000000000004,12.087890857870795,2.7516421128527586
2,0.5000000000000001,6.953855269640594,1.165482668762817
3,0.7000000000000001,9.48719058168457,1.3442435968260116
4,0.9000000000000001,27.276372183668833,3.682919952612781
