,discretized_reward_proportion,interconnectivity_strength_mean,interconnectivity_strength_err
0,0.1,44.84397708811084,3.283773870482291
1,0.30000000000000004,27.321978987928183,5.5153816040566594
2,0.5000000000000001,20.502915541879798,1.6799603932480123
3,0.7000000000000001,15.217522156935662,1.1486886456677625
4,0.9000000000000001,16.26912706443185,1.7830117696118402
