,discretized_reward_proportion,interconnectivity_strength_mean,interconnectivity_strength_err
0,0.1,13.778557762719638,1.6778869508670637
1,0.30000000000000004,9.779355983602787,1.3391988119777039
2,0.5000000000000001,6.68452643696751,0.9750733518486238
3,0.7000000000000001,5.220514138617169,0.42042322581654945
4,0.9000000000000001,5.226125487569755,0.3902546989332774
