,discretized_reward_proportion,interconnectivity_strength_mean,interconnectivity_strength_err
0,0.1,11.95200757213304,0.253857191560089
1,0.30000000000000004,10.523126024954228,0.38396692142811045
2,0.5000000000000001,8.121697125549716,0.2828985931675266
3,0.7000000000000001,6.594534817304249,0.24574524658876504
4,0.9000000000000001,8.07939455972931,0.2924142331328191
