,discretized_reward_proportion,interconnectivity_strength_mean,interconnectivity_strength_err
0,0.1,4.556199646743762,0.2387129861566506
1,0.30000000000000004,16.55951916649416,4.780365621661639
2,0.5000000000000001,21.627979483896382,2.541075680212911
3,0.7000000000000001,23.35291955952511,1.972330565003307
4,0.9000000000000001,15.94665611255334,1.670085293996196
