,discretized_reward_proportion,interconnectivity_strength_mean,interconnectivity_strength_err
0,0.1,20.954413779195693,5.589116064891
1,0.30000000000000004,1.3525559941128016,0.49474443132483187
2,0.5000000000000001,0.0,0.0
3,0.7000000000000001,6.132807972525771,1.7273084472078455
4,0.9000000000000001,4.80151232333056,1.393000329677629
