,discretized_reward_proportion,interconnectivity_strength_mean,interconnectivity_strength_err
0,0.1,116.7355734545633,25.836654764627596
1,0.30000000000000004,14.570866670507977,9.943159781081345
2,0.5000000000000001,6.995186886345561,2.6812787863533774
3,0.7000000000000001,12.089002199735807,3.182888374965841
4,0.9000000000000001,34.22918734717403,4.86511790164076
