,discretized_reward_proportion,interconnectivity_strength_mean,interconnectivity_strength_err
0,0.1,5.963461180058131,0.4535713356486807
1,0.30000000000000004,6.59902113353095,1.0133083505870832
2,0.5000000000000001,6.741626050741429,0.7344154340717138
3,0.7000000000000001,5.49733130313613,0.22589402332720537
4,0.9000000000000001,5.6659552553236585,0.17890546226450404
