,discretized_reward_proportion,interconnectivity_strength_mean,interconnectivity_strength_err
0,0.1,17.588110508121268,0.5910812250488227
1,0.30000000000000004,11.246871871452933,0.504361955349028
2,0.5000000000000001,10.041120854067229,0.421157448846248
3,0.7000000000000001,10.175449688901177,0.5309771774850127
4,0.9000000000000001,14.103993542873887,1.095389833338618
