,discretized_reward_proportion,interconnectivity_strength_mean,interconnectivity_strength_err
0,0.1,111.38850350418535,11.689907670235318
1,0.30000000000000004,86.03578507963068,12.472479364852639
2,0.5000000000000001,47.121915176377556,6.556311155867662
3,0.7000000000000001,66.97542992555593,11.01616588634439
4,0.9000000000000001,54.13337156453368,7.356921142422161
