,discretized_reward_proportion,interconnectivity_strength_mean,interconnectivity_strength_err
0,0.1,3.609297391780427,0.24483576902120338
1,0.30000000000000004,3.2510054989729116,0.25574794823501296
2,0.5000000000000001,29.47106765368821,7.313547773024468
3,0.7000000000000001,45.01824326805374,7.881528479604831
4,0.9000000000000001,18.97438489670979,3.246461734486793
