,discretized_reward_proportion,interconnectivity_strength_mean,interconnectivity_strength_err
0,0.1,4.14346641378749,0.5637149437066096
1,0.30000000000000004,3.013659512878576,0.5262564478016803
2,0.5000000000000001,3.7941823057682846,2.1319164100425487
3,0.7000000000000001,26.048124556721838,4.150104710853437
4,0.9000000000000001,7.453437034957567,1.6641671935480893
