,discretized_reward_proportion,interconnectivity_strength_mean,interconnectivity_strength_err
0,0.1,0.0,0.0
1,0.30000000000000004,7.668893591071689,7.425168538166866
2,0.5000000000000001,80.36611723219491,15.684115519597901
3,0.7000000000000001,16.795312189391485,5.731201172254872
4,0.9000000000000001,6.967135320914129,3.8838915341825877
