,discretized_reward_proportion,interconnectivity_strength_mean,interconnectivity_strength_err
0,0.1,5.446147317410708,0.29499892721757065
1,0.30000000000000004,14.38400435992943,2.338131870077028
2,0.5000000000000001,16.277572896018878,1.9155210806756169
3,0.7000000000000001,20.687480389353404,1.636676666008537
4,0.9000000000000001,14.278686302080798,1.1076069733156093
