,discretized_reward_proportion,interconnectivity_strength_mean,interconnectivity_strength_err
0,0.1,16.679439751075492,0.5236967840986667
1,0.30000000000000004,17.4182248388798,0.7542802117512853
2,0.5000000000000001,10.900507052426436,1.3166984117295832
3,0.7000000000000001,6.970172529939641,1.2642279489724393
4,0.9000000000000001,5.597872593077531,1.5100729177111225
