,discretized_reward_proportion,interconnectivity_strength_mean,interconnectivity_strength_err
0,0.1,0.1206896551724138,0.02469627715286994
1,0.30000000000000004,0.015625,0.015502449088269086
2,0.5000000000000001,0.08196721311475409,0.03512240634819573
3,0.7000000000000001,0.10714285714285714,0.058451220598926525
4,0.9000000000000001,0.0,0.0
