,discretized_reward_proportion,interconnectivity_strength_mean,interconnectivity_strength_err
0,0.1,12.060709115179788,0.7419609483585293
1,0.30000000000000004,10.858173200432475,0.5472664944190182
2,0.5000000000000001,10.75931735455679,0.615996804753448
3,0.7000000000000001,10.768984827869213,0.4480896262618991
4,0.9000000000000001,9.616113039033559,0.44685008493321204
