,discretized_reward_proportion,interconnectivity_strength_mean,interconnectivity_strength_err
0,0.1,51.92485753518088,4.926989509041396
1,0.30000000000000004,33.47012567855245,3.0683719742476736
2,0.5000000000000001,42.36391434279145,3.2131985036422672
3,0.7000000000000001,32.650785398389495,3.72379370150644
4,0.9000000000000001,8.69336248507552,3.085897248731753
