,discretized_reward_proportion,interconnectivity_strength_mean,interconnectivity_strength_err
0,0.1,0.0040650406504065045,0.004056769958928261
1,0.30000000000000004,0.0,0.0
2,0.5000000000000001,9.788488813049243,3.5831483567170737
3,0.7000000000000001,50.52088193327481,8.284952923157698
4,0.9000000000000001,15.070079253894123,4.190319463509268
