,discretized_reward_proportion,interconnectivity_strength_mean,interconnectivity_strength_err
0,0.1,28.25203301656179,1.116727210705468
1,0.30000000000000004,25.414019056930567,2.135633383829027
2,0.5000000000000001,21.604990310431134,2.2111363561479833
3,0.7000000000000001,23.421769378794224,5.022523900460143
4,0.9000000000000001,38.30286929845437,4.4841769601815065
