,discretized_reward_proportion,interconnectivity_strength_mean,interconnectivity_strength_err
0,0.1,6.571030163447124,2.2577546465199565
1,0.30000000000000004,2.9253024211337095,1.3933693381058887
2,0.5000000000000001,15.064486619434858,9.10752260234578
3,0.7000000000000001,33.76276410220555,8.496829449200828
4,0.9000000000000001,70.55537555933167,9.338372685311128
