,discretized_reward_proportion,interconnectivity_strength_mean,interconnectivity_strength_err
0,0.1,9.6176234310044,0.8734463961775084
1,0.30000000000000004,9.117314125289518,0.6031563543888817
2,0.5000000000000001,8.975175306930527,0.525375470473309
3,0.7000000000000001,6.666585532622255,0.23220775461410603
4,0.9000000000000001,6.807672316168046,0.17902397190757272
