,discretized_reward_proportion,interconnectivity_strength_mean,interconnectivity_strength_err
0,0.1,9.845072976940223,1.9032344701974437
1,0.30000000000000004,17.65348927064679,2.6823902376412225
2,0.5000000000000001,35.369925895981176,5.874594400734198
3,0.7000000000000001,26.406535926002196,2.7467415850001475
4,0.9000000000000001,14.84461327240199,0.8801072500850775
