,discretized_reward_proportion,interconnectivity_strength_mean,interconnectivity_strength_err
0,0.1,70.73239580158835,5.613396639836027
1,0.30000000000000004,59.15528714215569,9.300712124725155
2,0.5000000000000001,42.416442982491375,6.375475278925116
3,0.7000000000000001,25.365729032472366,4.55987053301941
4,0.9000000000000001,88.31234617807378,17.932687272521303
