,discretized_reward_proportion,interconnectivity_strength_mean,interconnectivity_strength_err
0,0.1,23.029280121717534,0.6033022506832155
1,0.30000000000000004,17.670327154601143,1.5359697875295555
2,0.5000000000000001,21.91810683323703,1.8902031514178632
3,0.7000000000000001,17.49835366959128,1.052655775639066
4,0.9000000000000001,13.77380286966635,0.7971405881353407
