,discretized_reward_proportion,interconnectivity_strength_mean,interconnectivity_strength_err
0,0.1,12.88284978218271,1.1884057921075484
1,0.30000000000000004,11.002137662464134,0.8291989609330549
2,0.5000000000000001,16.209594499631024,1.6500826816466876
3,0.7000000000000001,10.410864549949125,0.6140492818651972
4,0.9000000000000001,11.1457017660508,0.5908167352776177
