,discretized_reward_proportion,interconnectivity_strength_mean,interconnectivity_strength_err
0,0.1,20.35867214375985,2.556357960433338
1,0.30000000000000004,21.33225078418841,4.383955061391591
2,0.5000000000000001,27.201512023337063,5.502446519013992
3,0.7000000000000001,11.593404613886408,1.2157651268601795
4,0.9000000000000001,10.416132409224758,1.0502984618578912
