,discretized_reward_proportion,interconnectivity_strength_mean,interconnectivity_strength_err
0,0.1,2.247060235299012,0.3432936881913447
1,0.30000000000000004,6.062866014142327,0.7899812520614959
2,0.5000000000000001,9.342793275188624,0.5670351907067428
3,0.7000000000000001,9.763397421100702,0.3810729408433603
4,0.9000000000000001,7.475186003429048,0.17283496826646547
