,discretized_reward_proportion,interconnectivity_strength_mean,interconnectivity_strength_err
0,0.1,17.085044139779157,1.984000390352094
1,0.30000000000000004,17.500342195321295,1.706179848014354
2,0.5000000000000001,23.656256351869267,2.9421306448553075
3,0.7000000000000001,40.68134494493193,3.0834525381391433
4,0.9000000000000001,55.84975499579726,5.821815503787227
