,discretized_reward_proportion,interconnectivity_strength_mean,interconnectivity_strength_err
0,0.1,7.441764470284565,0.3761683645968552
1,0.30000000000000004,5.993292912332687,0.2864259290328446
2,0.5000000000000001,4.741968647763891,0.19954027826017573
3,0.7000000000000001,5.082078966705231,0.09801284863118367
4,0.9000000000000001,5.419060226155794,0.12979529937452108
