,discretized_reward_proportion,interconnectivity_strength_mean,interconnectivity_strength_err
0,0.1,12.353222961127926,0.9633507625681951
1,0.30000000000000004,9.049723132634446,0.9748932288546969
2,0.5000000000000001,15.177668161302787,2.5804867063324974
3,0.7000000000000001,10.665735813100273,2.618660766655888
4,0.9000000000000001,12.15515824864845,2.2564189050609733
