,discretized_reward_proportion,interconnectivity_strength_mean,interconnectivity_strength_err
0,0.1,3.553953470054297,0.11150660175562165
1,0.30000000000000004,4.112477981483997,0.18786769056108896
2,0.5000000000000001,5.502774320657886,0.246281291037568
3,0.7000000000000001,5.436872875807176,0.16600526257407036
4,0.9000000000000001,5.556979249350231,0.12282395798986637
