,discretized_reward_proportion,interconnectivity_strength_mean,interconnectivity_strength_err
0,0.1,4.545159310377889,0.7222826952517997
1,0.30000000000000004,16.09464135983929,7.124053510264099
2,0.5000000000000001,60.69514819584966,10.954380258806774
3,0.7000000000000001,36.49593313697844,6.954713987973606
4,0.9000000000000001,26.140477794923246,1.896903102750815
