,discretized_reward_proportion,interconnectivity_strength_mean,interconnectivity_strength_err
0,0.1,47.436389678928165,4.64837711975832
1,0.30000000000000004,31.93078289823352,4.79968412449652
2,0.5000000000000001,11.649318889067466,1.8912493594483601
3,0.7000000000000001,11.683169177149118,1.255250611517706
4,0.9000000000000001,9.161564498866591,1.5619899711854823
