,discretized_reward_proportion,interconnectivity_strength_mean,interconnectivity_strength_err
0,0.1,12.355217188993858,1.201749865307904
1,0.30000000000000004,11.596017838975152,2.6766722872211237
2,0.5000000000000001,3.7256453023155776,0.8832161103931662
3,0.7000000000000001,5.93385368380433,1.433797492246802
4,0.9000000000000001,268.34479409842845,46.19643900346691
