,discretized_reward_proportion,interconnectivity_strength_mean,interconnectivity_strength_err
0,0.1,34.26636189544349,4.8224766209160945
1,0.30000000000000004,21.59949648874591,1.625550673768274
2,0.5000000000000001,17.675759345414097,1.869153733966018
3,0.7000000000000001,7.9620976134872,0.4935124934831015
4,0.9000000000000001,5.258212434331436,0.2437193231625505
