,discretized_reward_proportion,interconnectivity_strength_mean,interconnectivity_strength_err
0,0.1,14.486351213442703,0.7816148316915444
1,0.30000000000000004,17.602470632274056,1.1544228456570815
2,0.5000000000000001,11.871088986753827,0.7988518477089116
3,0.7000000000000001,8.580155199572385,0.4036534280920412
4,0.9000000000000001,8.843914002007947,0.3312886145145924
