,discretized_reward_proportion,interconnectivity_strength_mean,interconnectivity_strength_err
0,0.1,61.710656450045676,11.655363532824724
1,0.30000000000000004,39.09149920664338,11.014490756888486
2,0.5000000000000001,54.776194270827254,12.280692467658648
3,0.7000000000000001,32.11691228000298,7.718409103519679
4,0.9000000000000001,0.2,0.051639777949432225
