,discretized_reward_proportion,interconnectivity_strength_mean,interconnectivity_strength_err
0,0.1,16.89346361848096,10.441671907773712
1,0.30000000000000004,25.143865968750955,8.773070109472872
2,0.5000000000000001,113.05292070914933,37.18446959512703
3,0.7000000000000001,67.17708950265525,16.029525267918835
4,0.9000000000000001,101.90844058643643,14.344154188723095
