,discretized_reward_proportion,interconnectivity_strength_mean,interconnectivity_strength_err
0,0.1,76.12104400860291,13.119371375976211
1,0.30000000000000004,23.60483519338065,7.739707975050278
2,0.5000000000000001,15.545800383097468,9.149642591707133
3,0.7000000000000001,22.906291689414832,10.439526637737437
4,0.9000000000000001,8.21810510006425,2.825161680454988
