,discretized_reward_proportion,interconnectivity_strength_mean,interconnectivity_strength_err
0,0.1,12.753864893868286,0.34281692635697736
1,0.30000000000000004,12.759790686758205,0.5467158197774827
2,0.5000000000000001,11.314058092021693,0.6026562129577373
3,0.7000000000000001,9.934353326925873,0.4832161429694604
4,0.9000000000000001,6.780075730779331,0.23209169540377503
