,discretized_reward_proportion,interconnectivity_strength_mean,interconnectivity_strength_err
0,0.1,46.51970710919592,5.209596802384779
1,0.30000000000000004,35.94881699387111,5.805916791477858
2,0.5000000000000001,35.706740101121724,5.7721457125479
3,0.7000000000000001,37.72493662269938,13.143837508716576
4,0.9000000000000001,0.0,0.0
