,discretized_reward_proportion,interconnectivity_strength_mean,interconnectivity_strength_err
0,0.1,6.604053140674637,0.5541412674213281
1,0.30000000000000004,17.116438297712875,2.119005529831827
2,0.5000000000000001,15.628415176609163,1.109001723941663
3,0.7000000000000001,14.979188286938884,0.6522560374760189
4,0.9000000000000001,13.210411587109455,0.7147969564657461
