,discretized_reward_proportion,interconnectivity_strength_mean,interconnectivity_strength_err
0,0.1,15.137292272464267,1.1333293410107017
1,0.30000000000000004,12.176499520627466,0.5237186526638328
2,0.5000000000000001,11.587665023752473,0.7805492555169815
3,0.7000000000000001,11.198427892550257,0.6738325416181393
4,0.9000000000000001,12.047292651583303,0.7789089197395449
