,discretized_reward_proportion,interconnectivity_strength_mean,interconnectivity_strength_err
0,0.1,0.6363636363636364,0.1025592863305029
1,0.30000000000000004,116.86896382057398,40.88280217093019
2,0.5000000000000001,64.07612955975019,21.05105145926979
3,0.7000000000000001,110.63201039201394,19.38002656952896
4,0.9000000000000001,85.21881062635313,14.471247404139897
