,discretized_reward_proportion,interconnectivity_strength_mean,interconnectivity_strength_err
0,0.1,65.50089864392787,8.325653869889694
1,0.30000000000000004,32.559957193040226,12.537827001560585
2,0.5000000000000001,130.19705701567761,33.78317690756763
3,0.7000000000000001,19.728680650925426,1.8899906645143987
4,0.9000000000000001,23.113338207721075,3.5996592629484248
