,discretized_reward_proportion,interconnectivity_strength_mean,interconnectivity_strength_err
0,0.1,4.4144416503769,0.32235662744942706
1,0.30000000000000004,5.065076038544569,0.8446829271946471
2,0.5000000000000001,5.35755988301989,0.7138555585164742
3,0.7000000000000001,4.426109108610005,0.26174526467805104
4,0.9000000000000001,4.305248558790043,0.13762040249205268
