,discretized_reward_proportion,interconnectivity_strength_mean,interconnectivity_strength_err
0,0.1,19.20510559177295,0.490782364744796
1,0.30000000000000004,13.376057476681009,0.8018242715534056
2,0.5000000000000001,11.275263672153185,0.6816531881924971
3,0.7000000000000001,9.08780739919406,0.6785551916977781
4,0.9000000000000001,7.231250106359723,0.28513772501406437
