,discretized_reward_proportion,interconnectivity_strength_mean,interconnectivity_strength_err
0,0.1,17.18501762957324,1.5109563448915038
1,0.30000000000000004,17.04215126005249,2.4185595824252677
2,0.5000000000000001,9.87453623755368,1.4575135891444826
3,0.7000000000000001,120.9297829330051,35.5280781439788
4,0.9000000000000001,174.308766975268,52.768952610930455
