,discretized_reward_proportion,interconnectivity_strength_mean,interconnectivity_strength_err
0,0.1,32.27554088778592,5.331514380675631
1,0.30000000000000004,34.926533246175886,6.442299968774586
2,0.5000000000000001,26.74192453131409,9.158385757614784
3,0.7000000000000001,12.235030333553109,1.5902870325079617
4,0.9000000000000001,13.653974738710152,2.009076878407457
