,discretized_reward_proportion,interconnectivity_strength_mean,interconnectivity_strength_err
0,0.1,43.371911469213295,8.26671015815205
1,0.30000000000000004,32.63547395803564,4.577979951118049
2,0.5000000000000001,40.01557750977414,6.173163215904389
3,0.7000000000000001,117.04567988597918,23.140718172525606
4,0.9000000000000001,170.75220861139098,21.114171932215978
