,discretized_reward_proportion,interconnectivity_strength_mean,interconnectivity_strength_err
0,0.1,23.182008576453512,4.738621315285908
1,0.30000000000000004,58.28048979451867,11.937653887797154
2,0.5000000000000001,22.735494569050786,3.8079851465765873
3,0.7000000000000001,35.25317169667493,9.819063559748455
4,0.9000000000000001,45.31358088097794,8.952718983708893
