,discretized_reward_proportion,interconnectivity_strength_mean,interconnectivity_strength_err
0,0.1,93.02979905455605,10.514537431907549
1,0.30000000000000004,112.61264451201814,17.604427396207804
2,0.5000000000000001,32.40018779682105,9.33730892242697
3,0.7000000000000001,3.3511189795409146,3.2907335114034453
4,0.9000000000000001,0.0,0.0
