,discretized_reward_proportion,interconnectivity_strength_mean,interconnectivity_strength_err
0,0.1,3.3360576392120644,1.3320725173637897
1,0.30000000000000004,66.65531664502699,17.451766024299154
2,0.5000000000000001,63.16083036897594,14.595074813188104
3,0.7000000000000001,54.525214632523074,12.862517126322116
4,0.9000000000000001,42.18033282743583,7.357944730940504
