,discretized_reward_proportion,interconnectivity_strength_mean,interconnectivity_strength_err
0,0.1,11.109558363179604,0.8663652604446322
1,0.30000000000000004,17.327537085822552,2.3481091401148135
2,0.5000000000000001,18.76361628508822,2.0128291152630546
3,0.7000000000000001,28.882445553208687,3.942747774835688
4,0.9000000000000001,26.741620653426533,4.206127286275637
