,discretized_reward_proportion,interconnectivity_strength_mean,interconnectivity_strength_err
0,0.1,0.8697282090057614,0.3852612600140877
1,0.30000000000000004,2.1099766359994865,1.0249336871821626
2,0.5000000000000001,2.534243345824668,1.2250294556716035
3,0.7000000000000001,0.0,0.0
4,0.9000000000000001,0.0,0.0
