,discretized_reward_proportion,interconnectivity_strength_mean,interconnectivity_strength_err
0,0.1,24.93667111253207,1.2914058674498727
1,0.30000000000000004,16.31134710447764,0.7342427292904824
2,0.5000000000000001,14.452857843891847,0.7414861023078892
3,0.7000000000000001,13.051270913375156,1.5677484182165857
4,0.9000000000000001,19.185207447095852,2.414423056880234
