,discretized_reward_proportion,interconnectivity_strength_mean,interconnectivity_strength_err
0,0.1,153.68977398060832,16.15801995286411
1,0.30000000000000004,154.6903163737411,13.593709479376543
2,0.5000000000000001,117.79747551871081,16.24541433183953
3,0.7000000000000001,83.79699243481667,19.819364682321215
4,0.9000000000000001,13.9635539342738,3.209932807919579
