,discretized_reward_proportion,interconnectivity_strength_mean,interconnectivity_strength_err
0,0.1,39.24505526127965,5.803178724316227
1,0.30000000000000004,22.678748246597156,5.34114626581729
2,0.5000000000000001,18.581825491694566,3.763436765555209
3,0.7000000000000001,12.17012451320941,2.0829938601621887
4,0.9000000000000001,5.464702853085908,1.2871358460340094
