,discretized_reward_proportion,interconnectivity_strength_mean,interconnectivity_strength_err
0,0.1,19.833282286069547,1.9061856011108451
1,0.30000000000000004,34.44251227861868,5.371891155494848
2,0.5000000000000001,28.44288679215,6.382219479258969
3,0.7000000000000001,31.877946521918002,4.446101849347136
4,0.9000000000000001,49.19134537702025,7.481358157850187
