,discretized_reward_proportion,interconnectivity_strength_mean,interconnectivity_strength_err
0,0.1,170.74642738945266,24.109968416572002
1,0.30000000000000004,95.1706057476776,15.954677465829226
2,0.5000000000000001,58.994696316999566,12.433645040376174
3,0.7000000000000001,96.52774488836903,17.61073859532052
4,0.9000000000000001,79.13571822544854,13.479122118223453
