,discretized_reward_proportion,interconnectivity_strength_mean,interconnectivity_strength_err
0,0.1,35.98585025925361,1.7027604005362458
1,0.30000000000000004,20.677246090769238,1.4710182888244807
2,0.5000000000000001,20.562068489757785,1.657326014515324
3,0.7000000000000001,16.129525679838263,2.0133168445588767
4,0.9000000000000001,8.827575284875454,1.1876502432227567
