,discretized_reward_proportion,interconnectivity_strength_mean,interconnectivity_strength_err
0,0.1,10.653298069056769,0.3609206388977528
1,0.30000000000000004,18.196029294544598,2.2652945482755498
2,0.5000000000000001,16.868707023758493,1.179879721254255
3,0.7000000000000001,11.452565130661807,0.5366731692223253
4,0.9000000000000001,8.954657601974896,0.4589788256707959
