,discretized_reward_proportion,interconnectivity_strength_mean,interconnectivity_strength_err
0,0.1,27.120307479773572,8.344420525751572
1,0.30000000000000004,64.97692994541859,12.30255709998595
2,0.5000000000000001,81.30078729515287,9.322041469336286
3,0.7000000000000001,56.79933409426103,11.332940297811872
4,0.9000000000000001,54.99899802518433,10.377652798511896
