,discretized_reward_proportion,interconnectivity_strength_mean,interconnectivity_strength_err
0,0.1,5.228928899827068,1.5871997517876517
1,0.30000000000000004,21.431428362371587,3.1721507525130734
2,0.5000000000000001,29.258368600617057,3.5282307406415176
3,0.7000000000000001,18.59171833995201,3.1838727930890007
4,0.9000000000000001,7.045034004566308,2.941299803579513
