,discretized_reward_proportion,interconnectivity_strength_mean,interconnectivity_strength_err
0,0.1,10.189012431783825,1.2553419389283176
1,0.30000000000000004,10.471415115751771,0.6655599667070098
2,0.5000000000000001,5.441114689866884,0.40761337387968816
3,0.7000000000000001,4.645472562016431,0.15820916620674302
4,0.9000000000000001,4.821921758392241,0.2638820974666216
