,discretized_reward_proportion,interconnectivity_strength_mean,interconnectivity_strength_err
0,0.1,56.36412679848536,4.907632882208716
1,0.30000000000000004,19.22538137338577,2.032398106759424
2,0.5000000000000001,55.1914607548807,10.757986037048225
3,0.7000000000000001,28.000863041711867,6.090318917365356
4,0.9000000000000001,26.687551697703547,5.512787405985624
