,discretized_reward_proportion,interconnectivity_strength_mean,interconnectivity_strength_err
0,0.1,20.579997010838476,4.5590896421918545
1,0.30000000000000004,25.71177117444794,5.074815873065886
2,0.5000000000000001,31.12846099043502,8.25144879534087
3,0.7000000000000001,2.9451023821545856,2.5123840420647263
4,0.9000000000000001,0.5416666666666666,0.05872060599058252
