,discretized_reward_proportion,interconnectivity_strength_mean,interconnectivity_strength_err
0,0.1,20.309438160793043,2.430459667093625
1,0.30000000000000004,14.90453492036051,1.581944037771655
2,0.5000000000000001,8.458629469550656,0.38428927545514363
3,0.7000000000000001,9.009353557959637,0.17903141648496385
4,0.9000000000000001,9.786740005307617,0.5602903166442639
