,discretized_reward_proportion,interconnectivity_strength_mean,interconnectivity_strength_err
0,0.1,13.04076931199116,0.9250445090936155
1,0.30000000000000004,15.948114185234735,1.8123006762863993
2,0.5000000000000001,18.007836848487294,1.40720621117929
3,0.7000000000000001,20.05431465490467,1.9405383668275917
4,0.9000000000000001,24.0321351949717,2.6645411635723817
