,discretized_reward_proportion,interconnectivity_strength_mean,interconnectivity_strength_err
0,0.1,58.24232263822544,11.587201800661866
1,0.30000000000000004,3.9682083303978426,1.5813109613183032
2,0.5000000000000001,16.335314928182854,2.969493781768679
3,0.7000000000000001,18.931069299914064,5.962171669881155
4,0.9000000000000001,2.9117492053401035,2.8448034932197244
