,discretized_reward_proportion,interconnectivity_strength_mean,interconnectivity_strength_err
0,0.1,46.02330312278496,3.638546907694415
1,0.30000000000000004,46.08604818876373,5.479024420471682
2,0.5000000000000001,47.31852228532057,9.431617439545573
3,0.7000000000000001,8.77738327077944,7.405865113894337
4,0.9000000000000001,0.696969696969697,0.08000055652754638
