,discretized_reward_proportion,interconnectivity_strength_mean,interconnectivity_strength_err
0,0.1,12.876013661165198,3.745746323490733
1,0.30000000000000004,28.3234990919651,6.2888251428745034
2,0.5000000000000001,21.24750164261356,5.890028698100175
3,0.7000000000000001,41.08147582368174,7.667334812864374
4,0.9000000000000001,35.45625752579513,5.655842838349407
