,discretized_reward_proportion,interconnectivity_strength_mean,interconnectivity_strength_err
0,0.1,12.078135718180606,4.289811461491664
1,0.30000000000000004,33.80391426522713,4.600819531815467
2,0.5000000000000001,7.027648009115974,2.4215760953984082
3,0.7000000000000001,14.978481886080283,1.9828188525036563
4,0.9000000000000001,41.099839849464104,9.103726999933928
