,discretized_reward_proportion,interconnectivity_strength_mean,interconnectivity_strength_err
0,0.1,13.127710884741973,1.4759063164937671
1,0.30000000000000004,33.956529959975846,7.198849972069686
2,0.5000000000000001,32.94713620192993,7.752191687863331
3,0.7000000000000001,9.165346556709109,1.6587268946062255
4,0.9000000000000001,121.68727792319994,19.64369234627817
