,discretized_reward_proportion,interconnectivity_strength_mean,interconnectivity_strength_err
0,0.1,28.0375411833285,2.8603372253462607
1,0.30000000000000004,21.09902116633861,2.2472595702348395
2,0.5000000000000001,18.48781630846254,1.7581368488215043
3,0.7000000000000001,15.860959181258549,0.9380813199944162
4,0.9000000000000001,18.597418836496573,1.0934917243209343
