,discretized_reward_proportion,interconnectivity_strength_mean,interconnectivity_strength_err
0,0.1,35.041636311991454,10.20625638150027
1,0.30000000000000004,18.510581858742764,3.9469496614778334
2,0.5000000000000001,39.83316398662309,9.090804234408363
3,0.7000000000000001,18.14232539650255,2.7382440642214245
4,0.9000000000000001,18.81175515916892,2.3072983114939096
