,discretized_reward_proportion,interconnectivity_strength_mean,interconnectivity_strength_err
0,0.1,3.2194993864484904,0.8024918448336331
1,0.30000000000000004,7.921448969175817,1.4164744578452952
2,0.5000000000000001,14.914780604899033,1.3105039978835094
3,0.7000000000000001,14.187019075771639,1.7999004660572464
4,0.9000000000000001,17.974127176626837,3.0054020517029794
