,discretized_reward_proportion,interconnectivity_strength_mean,interconnectivity_strength_err
0,0.1,5.230488419786399,0.7434111344821499
1,0.30000000000000004,6.4626326446456845,0.603035101133534
2,0.5000000000000001,10.032159034538825,0.9664992542754646
3,0.7000000000000001,10.5367525581192,0.6705530387982582
4,0.9000000000000001,10.619594908330905,0.6137332905361776
