,discretized_reward_proportion,interconnectivity_strength_mean,interconnectivity_strength_err
0,0.1,16.074114548617704,0.24810958097435393
1,0.30000000000000004,13.088137390760716,0.5229188518189007
2,0.5000000000000001,11.908693624276275,0.3940760064131108
3,0.7000000000000001,12.735712233988364,0.7115277441003921
4,0.9000000000000001,10.771348125332791,0.5410215772229754
