,discretized_reward_proportion,interconnectivity_strength_mean,interconnectivity_strength_err
0,0.1,107.82669994299576,26.21539020475442
1,0.30000000000000004,158.6225851746446,39.311283874962996
2,0.5000000000000001,30.16336631174138,6.309356496903597
3,0.7000000000000001,0.37037037037037035,0.06571489474350332
4,0.9000000000000001,0.3333333333333333,0.08206099398622183
