,discretized_reward_proportion,interconnectivity_strength_mean,interconnectivity_strength_err
0,0.1,7.930506592168207,1.1469781510816721
1,0.30000000000000004,13.58385331422952,2.1034559292897397
2,0.5000000000000001,12.290849609419219,1.8887354974880182
3,0.7000000000000001,12.531452216952479,4.8204024960884295
4,0.9000000000000001,7.592569236725149,0.9335908190835728
