,discretized_reward_proportion,interconnectivity_strength_mean,interconnectivity_strength_err
0,0.1,10.106376903056129,0.6464716039679882
1,0.30000000000000004,8.467758857296271,0.5811353475663716
2,0.5000000000000001,8.865429574113437,0.6685227172985989
3,0.7000000000000001,8.086396413574805,0.23236618979650916
4,0.9000000000000001,13.589366342594916,1.7562854234202192
