,discretized_reward_proportion,interconnectivity_strength_mean,interconnectivity_strength_err
0,0.1,12.108638270025843,0.7805177479270555
1,0.30000000000000004,18.790121380570216,2.5653060712887195
2,0.5000000000000001,43.65407757759169,8.15801781947419
3,0.7000000000000001,30.44995891959495,6.274533913789088
4,0.9000000000000001,16.86660466368324,1.2029544752802408
