,discretized_reward_proportion,interconnectivity_strength_mean,interconnectivity_strength_err
0,0.1,227.67571787592357,109.88627990677804
1,0.30000000000000004,14.296527782602533,7.566903077431104
2,0.5000000000000001,29.78908231004924,11.295197038228014
3,0.7000000000000001,3.613173598486508,1.1711074036217533
4,0.9000000000000001,14.07201076956006,3.3430649562633152
