,discretized_reward_proportion,interconnectivity_strength_mean,interconnectivity_strength_err
0,0.1,8.006872595462527,0.47623857061567487
1,0.30000000000000004,6.309123757161279,0.30302747749998943
2,0.5000000000000001,5.1913811369012475,0.2471142794233131
3,0.7000000000000001,4.6564733778059075,0.09896522377250062
4,0.9000000000000001,4.457993863403208,0.0715018329547354
