,discretized_reward_proportion,interconnectivity_strength_mean,interconnectivity_strength_err
0,0.1,51.294365478213564,3.3358299339896877
1,0.30000000000000004,56.01648309234457,5.430247665786609
2,0.5000000000000001,49.929245914624424,5.822568940227029
3,0.7000000000000001,39.37961667360414,7.2148611058279455
4,0.9000000000000001,11.949843754845629,3.688003629847306
