,discretized_reward_proportion,interconnectivity_strength_mean,interconnectivity_strength_err
0,0.1,10.321489718726173,0.3625902971192978
1,0.30000000000000004,11.056630768713367,0.5001486844144588
2,0.5000000000000001,73.42866991029148,30.81141629390047
3,0.7000000000000001,122.2606323358778,28.571774938011348
4,0.9000000000000001,148.43940976570352,30.74467330757027
