,discretized_reward_proportion,interconnectivity_strength_mean,interconnectivity_strength_err
0,0.1,1.906089529333431,1.2366874742086174
1,0.30000000000000004,7.75832351303363,2.75453638855165
2,0.5000000000000001,28.952991887770484,5.0189680132734384
3,0.7000000000000001,23.46105837485106,3.779048383430596
4,0.9000000000000001,26.955314977004264,2.8954431831763054
