,discretized_reward_proportion,interconnectivity_strength_mean,interconnectivity_strength_err
0,0.1,0.0,0.0
1,0.30000000000000004,0.0,0.0
2,0.5000000000000001,3.0233191916302427,1.69795951309234
3,0.7000000000000001,2.7265315778960013,1.189024796902766
4,0.9000000000000001,4.4365025129415825,1.1759991640866208
