,discretized_reward_proportion,interconnectivity_strength_mean,interconnectivity_strength_err
0,0.1,9.381261685164237,1.0179811444640605
1,0.30000000000000004,5.433007388615504,0.3388085418764309
2,0.5000000000000001,4.511629872085287,0.2572629242717851
3,0.7000000000000001,4.905444194296417,0.242045010209953
4,0.9000000000000001,5.973298482179283,0.6186023520329585
