,discretized_reward_proportion,interconnectivity_strength_mean,interconnectivity_strength_err
0,0.1,16.611868052076648,2.3582273940642895
1,0.30000000000000004,24.74804568433133,3.400181698104475
2,0.5000000000000001,11.428858335683154,2.3157848447503793
3,0.7000000000000001,8.841803473755386,2.896014076360897
4,0.9000000000000001,33.84880771483627,1.5874999870931725
