,discretized_reward_proportion,interconnectivity_strength_mean,interconnectivity_strength_err
0,0.1,23.12471743580141,3.2013491496770214
1,0.30000000000000004,26.57512370318026,6.488634833960943
2,0.5000000000000001,30.695843630886518,4.702169550655801
3,0.7000000000000001,21.143055259754323,3.445094401168795
4,0.9000000000000001,9.980529455883017,0.41961032783597446
