,discretized_reward_proportion,interconnectivity_strength_mean,interconnectivity_strength_err
0,0.1,8.465187828548574,0.7583860018836232
1,0.30000000000000004,8.984032979884987,0.8153389761011146
2,0.5000000000000001,8.961726747506948,0.5889279385534432
3,0.7000000000000001,8.20909335493371,0.5114866206952593
4,0.9000000000000001,7.99821515055497,0.4475276622928445
