,discretized_reward_proportion,interconnectivity_strength_mean,interconnectivity_strength_err
0,0.1,140.63747635401617,20.781584851834698
1,0.30000000000000004,145.3345449429432,19.98115583357814
2,0.5000000000000001,148.19384302125385,40.76896015078619
3,0.7000000000000001,69.6514645413653,8.726194883622487
4,0.9000000000000001,29.32677422187932,7.611241292183397
