,discretized_reward_proportion,interconnectivity_strength_mean,interconnectivity_strength_err
0,0.1,22.371506731750742,3.2860336171944016
1,0.30000000000000004,17.131407720048355,1.8082358351963888
2,0.5000000000000001,14.450899192612674,2.026939744656601
3,0.7000000000000001,8.589867092110989,1.0474811444595806
4,0.9000000000000001,9.131834499354815,0.7166111040224954
