,discretized_reward_proportion,interconnectivity_strength_mean,interconnectivity_strength_err
0,0.1,9.726152128543136,0.5389494086242437
1,0.30000000000000004,13.44047505907305,1.946259971657593
2,0.5000000000000001,13.33501982108246,1.8327994211177145
3,0.7000000000000001,6.81483137587677,0.20215816696892938
4,0.9000000000000001,7.79699877046914,0.3827744767700098
