,discretized_reward_proportion,interconnectivity_strength_mean,interconnectivity_strength_err
0,0.1,45.624303266659304,30.325788213099255
1,0.30000000000000004,161.6206923889726,34.626343835044466
2,0.5000000000000001,65.38240444671275,17.15320240630626
3,0.7000000000000001,25.992057147605166,6.860630586202682
4,0.9000000000000001,18.508293790167006,4.292597901716796
