,discretized_reward_proportion,interconnectivity_strength_mean,interconnectivity_strength_err
0,0.1,24.62076766968351,3.4831773299299913
1,0.30000000000000004,15.527442239973112,2.7181944837126917
2,0.5000000000000001,45.74176587602241,15.934029881307936
3,0.7000000000000001,39.67548121669161,4.164556641450084
4,0.9000000000000001,30.360404306989317,4.128075860224873
