,discretized_reward_proportion,interconnectivity_strength_mean,interconnectivity_strength_err
0,0.1,9.649324596628487,2.6707058037912526
1,0.30000000000000004,112.02393473362164,13.493822351724912
2,0.5000000000000001,103.63446630944733,14.074334966680773
3,0.7000000000000001,73.95954173505427,11.400555843790093
4,0.9000000000000001,22.564672363345615,8.218478303790038
