,discretized_reward_proportion,interconnectivity_strength_mean,interconnectivity_strength_err
0,0.1,28.461262392449648,2.7699463356458467
1,0.30000000000000004,21.540091698238747,2.817681522451278
2,0.5000000000000001,9.874966733394483,0.8809976752589259
3,0.7000000000000001,13.008768363447816,1.013747680777766
4,0.9000000000000001,14.166076602623226,0.9861119591670365
