,discretized_reward_proportion,interconnectivity_strength_mean,interconnectivity_strength_err
0,0.1,6.045644937401615,0.33456248184189336
1,0.30000000000000004,13.095443619258866,1.7418964031464734
2,0.5000000000000001,13.625236689128453,1.422619848359556
3,0.7000000000000001,19.85691887670828,1.5497630106643443
4,0.9000000000000001,18.63729724960868,1.4367281247001353
