,discretized_reward_proportion,interconnectivity_strength_mean,interconnectivity_strength_err
0,0.1,17.29733459641593,0.7126792467707378
1,0.30000000000000004,12.91888514968659,0.8296875028730002
2,0.5000000000000001,15.645488496573309,0.6567035591661093
3,0.7000000000000001,12.597992083813491,1.0573047083352072
4,0.9000000000000001,18.468327655377987,1.1012193152459429
