,discretized_reward_proportion,interconnectivity_strength_mean,interconnectivity_strength_err
0,0.1,15.101178518736328,1.9300056786070927
1,0.30000000000000004,32.67040770373535,3.564302218594421
2,0.5000000000000001,28.922371109662436,3.4484268883387186
3,0.7000000000000001,29.606992017953672,3.333538542799543
4,0.9000000000000001,24.08668719015278,1.8620916719781926
