,discretized_reward_proportion,interconnectivity_strength_mean,interconnectivity_strength_err
0,0.1,31.246133285655194,4.10496783613981
1,0.30000000000000004,27.790366168292525,3.955679682796476
2,0.5000000000000001,12.527951615821635,2.1120740176181414
3,0.7000000000000001,12.916903775606277,1.3747663589242078
4,0.9000000000000001,15.572731167158008,1.1598244770080257
