,discretized_reward_proportion,interconnectivity_strength_mean,interconnectivity_strength_err
0,0.1,16.81122201516676,1.1998376402927582
1,0.30000000000000004,20.37732120611969,2.471687957993676
2,0.5000000000000001,17.0946887173262,4.401564386835855
3,0.7000000000000001,12.721834664017347,0.4576342193239549
4,0.9000000000000001,14.67739764876612,2.3868429044904858
