,discretized_reward_proportion,interconnectivity_strength_mean,interconnectivity_strength_err
0,0.1,39.09657664407281,7.903621753916648
1,0.30000000000000004,50.47825244923998,10.495139647167523
2,0.5000000000000001,9.28206888338352,6.361984637209687
3,0.7000000000000001,0.1,0.04242640687119285
4,0.9000000000000001,0.0,0.0
