,discretized_reward_proportion,interconnectivity_strength_mean,interconnectivity_strength_err
0,0.1,44.830521990304305,7.277899878286391
1,0.30000000000000004,23.99597279931273,1.8587176354016552
2,0.5000000000000001,47.52002855214451,6.452787725756819
3,0.7000000000000001,22.946532634822717,1.8683756153711606
4,0.9000000000000001,25.62373012628888,1.7709199796372999
