,discretized_reward_proportion,interconnectivity_strength_mean,interconnectivity_strength_err
0,0.1,8.280054966207006,0.5393664467501061
1,0.30000000000000004,5.941402162661234,0.589013452113612
2,0.5000000000000001,44.94267823372341,9.901674627378947
3,0.7000000000000001,65.34537853469429,9.014004831537713
4,0.9000000000000001,57.962923960066526,7.861651772452733
