,discretized_reward_proportion,interconnectivity_strength_mean,interconnectivity_strength_err
0,0.1,32.00395752649772,2.863426778801473
1,0.30000000000000004,7.016617949763824,1.5320337558257153
2,0.5000000000000001,24.662605772196997,4.6003116877515735
3,0.7000000000000001,5.448702399771617,2.045262194498117
4,0.9000000000000001,5.154207420479451,3.2773669411858877
