,discretized_reward_proportion,interconnectivity_strength_mean,interconnectivity_strength_err
0,0.1,14.591260398640785,0.7864541996119029
1,0.30000000000000004,15.206224221633564,0.6577131432337632
2,0.5000000000000001,16.587322447666114,1.0351856737358682
3,0.7000000000000001,12.35847867142733,0.7522666225761221
4,0.9000000000000001,13.02762053768167,0.8517871120527837
