,discretized_reward_proportion,interconnectivity_strength_mean,interconnectivity_strength_err
0,0.1,16.771474744138494,0.36517157620453444
1,0.30000000000000004,14.863331301098286,0.4129930041103495
2,0.5000000000000001,17.33908646865817,1.1226687372442397
3,0.7000000000000001,15.284451233872081,1.7556116935900359
4,0.9000000000000001,20.140026204137737,2.282035363090326
