,discretized_reward_proportion,interconnectivity_strength_mean,interconnectivity_strength_err
0,0.1,12.889687091945225,2.656028786237965
1,0.30000000000000004,14.005816553271345,3.7653537733268703
2,0.5000000000000001,20.6045997309399,5.078106620598498
3,0.7000000000000001,9.995712716028974,4.769550068392622
4,0.9000000000000001,31.927241732702267,4.084927948408168
