,discretized_reward_proportion,interconnectivity_strength_mean,interconnectivity_strength_err
0,0.1,25.185645960489765,1.3394435757222167
1,0.30000000000000004,24.06831480040909,1.8363550756313183
2,0.5000000000000001,23.37898924767223,1.6477465372307174
3,0.7000000000000001,18.054652793054768,1.791961054038328
4,0.9000000000000001,18.236632321395295,1.8014462246081935
