,discretized_reward_proportion,interconnectivity_strength_mean,interconnectivity_strength_err
0,0.1,53.38081103002527,14.754120168832742
1,0.30000000000000004,19.269488012323997,7.279213652408274
2,0.5000000000000001,36.8507268428474,8.271576347776568
3,0.7000000000000001,17.10002381784261,4.446852051482383
4,0.9000000000000001,14.38724533027798,2.3888994892880877
