,discretized_reward_proportion,interconnectivity_strength_mean,interconnectivity_strength_err
0,0.1,43.06525656147515,4.786732898128586
1,0.30000000000000004,18.22749619767668,3.034034020406066
2,0.5000000000000001,15.286147413799238,0.7767732898755428
3,0.7000000000000001,22.049492686876214,2.5372865433132774
4,0.9000000000000001,22.173317468869723,1.425054481139775
