,discretized_reward_proportion,interconnectivity_strength_mean,interconnectivity_strength_err
0,0.1,20.630092784903873,0.5818061475668671
1,0.30000000000000004,17.12471205211568,0.8099599829559231
2,0.5000000000000001,15.67382230421876,1.033249152496251
3,0.7000000000000001,10.725125996572901,0.4768952170275354
4,0.9000000000000001,11.090519911682664,0.34399362253348487
