,discretized_reward_proportion,interconnectivity_strength_mean,interconnectivity_strength_err
0,0.1,19.12525598888331,3.2245675619860026
1,0.30000000000000004,5.366409252603365,1.4289580323511903
2,0.5000000000000001,2.9588034468249487,1.157947701787102
3,0.7000000000000001,9.147298341837738,1.4024574189255108
4,0.9000000000000001,11.492614947179831,1.331598347388367
