,discretized_reward_proportion,interconnectivity_strength_mean,interconnectivity_strength_err
0,0.1,20.038587718711774,1.4795562221872987
1,0.30000000000000004,13.633407811535108,1.978706748548893
2,0.5000000000000001,22.03156684390069,4.268804190057841
3,0.7000000000000001,33.140807272924626,4.178764502234707
4,0.9000000000000001,15.548309815609944,2.6937504869138595
