,discretized_reward_proportion,interconnectivity_strength_mean,interconnectivity_strength_err
0,0.1,30.53249311692281,5.591346429703808
1,0.30000000000000004,20.894248608805682,2.883597262739069
2,0.5000000000000001,30.100746946995706,5.245288299966613
3,0.7000000000000001,7.544296261901137,1.5087630994304952
4,0.9000000000000001,0.5858239723315438,0.27016057109692637
