,discretized_reward_proportion,interconnectivity_strength_mean,interconnectivity_strength_err
0,0.1,0.0,0.0
1,0.30000000000000004,0.0,0.0
2,0.5000000000000001,3.0532565577856907,0.7913236055890595
3,0.7000000000000001,4.342607635590552,0.6711575302111237
4,0.9000000000000001,4.871644191363494,0.537964762833759
