,discretized_reward_proportion,interconnectivity_strength_mean,interconnectivity_strength_err
0,0.1,7.0207539447647305,0.35269227595999453
1,0.30000000000000004,6.430460441003553,0.3392876968565273
2,0.5000000000000001,5.642457233097509,0.3401628077925881
3,0.7000000000000001,5.332888894899214,0.15994768152963967
4,0.9000000000000001,5.6883227380625305,0.17208350635682593
