,discretized_reward_proportion,interconnectivity_strength_mean,interconnectivity_strength_err
0,0.1,4.5265145765620725,0.23087738942702843
1,0.30000000000000004,5.151621482178684,0.3000395392045692
2,0.5000000000000001,6.70269855622977,0.5174816705736518
3,0.7000000000000001,6.379410609988324,0.33074054838471295
4,0.9000000000000001,6.008960725564233,0.20573567343655288
