,discretized_reward_proportion,interconnectivity_strength_mean,interconnectivity_strength_err
0,0.1,70.4176066292493,12.876675252988344
1,0.30000000000000004,28.943785457875,9.624366901012541
2,0.5000000000000001,22.948400036015805,8.383755895678371
3,0.7000000000000001,36.75682558364719,9.81677188589318
4,0.9000000000000001,6.134451577883638,0.5704281406904576
