,discretized_reward_proportion,interconnectivity_strength_mean,interconnectivity_strength_err
0,0.1,4.166369541072217,0.29260430588774156
1,0.30000000000000004,4.22091493828072,0.4977901335794318
2,0.5000000000000001,4.896747877005301,0.49129683403570845
3,0.7000000000000001,4.243059671425711,0.1731266677235072
4,0.9000000000000001,4.168972249738467,0.11627059571511711
