,discretized_reward_proportion,interconnectivity_strength_mean,interconnectivity_strength_err
0,0.1,11.865291828293499,0.4212809214616833
1,0.30000000000000004,10.639933091497927,0.4127103001529832
2,0.5000000000000001,14.242438964742714,1.743398078525502
3,0.7000000000000001,7.503266987643768,0.7608219797575047
4,0.9000000000000001,8.78069854136845,0.6840463769433925
