,discretized_reward_proportion,interconnectivity_strength_mean,interconnectivity_strength_err
0,0.1,15.063900270268894,2.1989951058526724
1,0.30000000000000004,17.725032319551662,2.2502855822402292
2,0.5000000000000001,44.28482597400635,13.35514169732324
3,0.7000000000000001,177.12702340602846,41.23541345936954
4,0.9000000000000001,33.05378575781704,4.236091113519857
