,discretized_reward_proportion,interconnectivity_strength_mean,interconnectivity_strength_err
0,0.1,30.545522433727694,4.091978084699988
1,0.30000000000000004,50.26978206935484,9.267898387734123
2,0.5000000000000001,16.817265091163453,3.295080555839619
3,0.7000000000000001,8.503242382516842,1.8686268831509738
4,0.9000000000000001,11.054078058689601,1.0014691228020995
