,discretized_reward_proportion,interconnectivity_strength_mean,interconnectivity_strength_err
0,0.1,13.991552796113062,4.54600083499847
1,0.30000000000000004,43.45314485856914,9.515279420944367
2,0.5000000000000001,29.65066511700393,8.150975200960405
3,0.7000000000000001,37.12927003548664,6.562505935957525
4,0.9000000000000001,28.59957592935853,4.414016405889805
