,discretized_reward_proportion,interconnectivity_strength_mean,interconnectivity_strength_err
0,0.1,22.099870873488303,4.078918440005701
1,0.30000000000000004,17.480405827273913,5.155125612255168
2,0.5000000000000001,5.217414937455794,1.8843444501884172
3,0.7000000000000001,13.755615250688928,3.6699130132508606
4,0.9000000000000001,28.254089886467103,3.416952041062221
