,discretized_reward_proportion,interconnectivity_strength_mean,interconnectivity_strength_err
0,0.1,55.93361353288897,13.307463363411559
1,0.30000000000000004,47.877181466261426,7.8950723610025735
2,0.5000000000000001,31.581787800838004,4.095372037891453
3,0.7000000000000001,24.088796166582746,2.376114568589377
4,0.9000000000000001,17.204752097110404,2.405199969718354
