,discretized_reward_proportion,interconnectivity_strength_mean,interconnectivity_strength_err
0,0.1,0.30434782608695654,0.0959438755421514
1,0.30000000000000004,11.718343973146384,2.7095998327601345
2,0.5000000000000001,2.794858273490455,1.5213644456664577
3,0.7000000000000001,0.4840686298454536,0.421022536954224
4,0.9000000000000001,1.1190490628070362,0.7402979017808363
