,discretized_reward_proportion,interconnectivity_strength_mean,interconnectivity_strength_err
0,0.1,0.0,0.0
1,0.30000000000000004,9.047917540176558,4.9116182722261374
2,0.5000000000000001,2.4539265843986384,0.711143868789089
3,0.7000000000000001,0.16494845360824742,0.03768295045856731
4,0.9000000000000001,12.458067078183303,2.5028944901782646
