,discretized_reward_proportion,interconnectivity_strength_mean,interconnectivity_strength_err
0,0.1,45.13076129686833,7.16644587505648
1,0.30000000000000004,60.31294948772555,10.212099434548811
2,0.5000000000000001,30.202791057283193,3.1216192000877787
3,0.7000000000000001,29.679645952410624,3.32241395281891
4,0.9000000000000001,42.76795175134542,2.760608128914432
