,discretized_reward_proportion,interconnectivity_strength_mean,interconnectivity_strength_err
0,0.1,105.45445906022644,20.82342493107441
1,0.30000000000000004,34.088761093508246,9.28170002648344
2,0.5000000000000001,23.160400812629938,6.252575209933247
3,0.7000000000000001,13.839261900929614,5.656863910207776
4,0.9000000000000001,5.401633556013047,3.642596898970164
