,discretized_reward_proportion,interconnectivity_strength_mean,interconnectivity_strength_err
0,0.1,35.586786055954704,7.927104407251143
1,0.30000000000000004,43.93211331921222,5.363888551668077
2,0.5000000000000001,37.73559187942425,4.339020609458961
3,0.7000000000000001,56.11495965435612,10.184234483930638
4,0.9000000000000001,156.8575338523512,20.647903709380696
