,discretized_reward_proportion,interconnectivity_strength_mean,interconnectivity_strength_err
0,0.1,42.49826119705966,5.508353895741984
1,0.30000000000000004,51.579315416079126,7.7861977757373495
2,0.5000000000000001,39.09621855995849,5.857596826287152
3,0.7000000000000001,25.632037290133162,8.409348486148108
4,0.9000000000000001,0.0,0.0
