,discretized_reward_proportion,interconnectivity_strength_mean,interconnectivity_strength_err
0,0.1,4.578585138734049,0.818600721794373
1,0.30000000000000004,7.889996856568554,0.8620805274729783
2,0.5000000000000001,10.869839394181188,0.6355662849898621
3,0.7000000000000001,9.510905803051537,0.6811232168367539
4,0.9000000000000001,5.837513405756336,0.6084993193747218
