,discretized_reward_proportion,interconnectivity_strength_mean,interconnectivity_strength_err
0,0.1,33.10421944517173,4.86232197409007
1,0.30000000000000004,29.668547410912065,4.332018234757721
2,0.5000000000000001,10.76996096089901,2.774236906728516
3,0.7000000000000001,16.966430158426515,4.469281561760474
4,0.9000000000000001,9.850467034345888,3.6300685134072133
