,discretized_reward_proportion,interconnectivity_strength_mean,interconnectivity_strength_err
0,0.1,0.32786885245901637,0.06010521758620995
1,0.30000000000000004,0.23076923076923078,0.058427271177903854
2,0.5000000000000001,0.14634146341463414,0.05519933710725542
3,0.7000000000000001,40.5855057608952,8.13032735459744
4,0.9000000000000001,36.1978796166085,6.898356613976139
