,discretized_reward_proportion,interconnectivity_strength_mean,interconnectivity_strength_err
0,0.1,53.906236985548766,9.421709853921463
1,0.30000000000000004,24.830598963191807,12.475576575659368
2,0.5000000000000001,29.141050850385724,14.626996714913384
3,0.7000000000000001,52.34663497333571,16.306082713265255
4,0.9000000000000001,59.94475935229335,12.832649030561448
