,discretized_reward_proportion,interconnectivity_strength_mean,interconnectivity_strength_err
0,0.1,17.73789093281444,1.025077992590654
1,0.30000000000000004,15.51835215176336,1.0938007639873883
2,0.5000000000000001,11.147047972357411,0.6436434595662284
3,0.7000000000000001,12.062590930046252,0.3863625162343053
4,0.9000000000000001,14.764680569705602,0.6713105181429697
