,discretized_reward_proportion,interconnectivity_strength_mean,interconnectivity_strength_err
0,0.1,18.897143894640436,1.471062616213796
1,0.30000000000000004,13.150025239675482,0.7809503915192215
2,0.5000000000000001,14.642244152590505,0.8795188614631667
3,0.7000000000000001,13.551004466767822,0.6857337376359359
4,0.9000000000000001,14.5048629825202,0.737058215183155
