,discretized_reward_proportion,interconnectivity_strength_mean,interconnectivity_strength_err
0,0.1,71.44134651619946,13.57480472703853
1,0.30000000000000004,19.174266210887733,2.082670342184527
2,0.5000000000000001,34.16464997247376,6.506072556879241
3,0.7000000000000001,48.37265113010069,10.60351060349948
4,0.9000000000000001,61.05100947913431,11.857309901357
