,discretized_reward_proportion,interconnectivity_strength_mean,interconnectivity_strength_err
0,0.1,4.933613793971163,2.0248913787861405
1,0.30000000000000004,60.237350170317704,11.485631336625318
2,0.5000000000000001,59.26142506869529,11.701980995819804
3,0.7000000000000001,34.13017597946869,4.160436873499766
4,0.9000000000000001,21.169596023037958,3.769089604799439
