,discretized_reward_proportion,interconnectivity_strength_mean,interconnectivity_strength_err
0,0.1,0.3850574712643678,0.0368897250037156
1,0.30000000000000004,17.552618842888872,6.812500389261594
2,0.5000000000000001,17.500726298821878,5.5440651979111575
3,0.7000000000000001,6.41024774470047,3.062970858614012
4,0.9000000000000001,0.045454545454545456,0.044409473678108845
