,discretized_reward_proportion,interconnectivity_strength_mean,interconnectivity_strength_err
0,0.1,40.88218632651502,9.869035671100345
1,0.30000000000000004,16.664519785879268,1.9859577675736408
2,0.5000000000000001,14.823057652623415,3.843304601474197
3,0.7000000000000001,19.405062730037187,3.784611071837277
4,0.9000000000000001,33.96131581767385,4.591932944666862
