,discretized_reward_proportion,interconnectivity_strength_mean,interconnectivity_strength_err
0,0.1,7.839568704499822,0.18615678556028273
1,0.30000000000000004,7.045612159370746,0.49741580683768954
2,0.5000000000000001,7.1872248582073075,0.5579961412299772
3,0.7000000000000001,5.133472901035877,0.3209593079701023
4,0.9000000000000001,3.443773868950686,0.1803785208871155
