,discretized_reward_proportion,interconnectivity_strength_mean,interconnectivity_strength_err
0,0.1,6.629988114232295,0.9059239347887248
1,0.30000000000000004,9.892092132155451,1.7858263713357898
2,0.5000000000000001,11.561367410072114,1.8188133038009986
3,0.7000000000000001,8.389935997446162,1.1269196727349486
4,0.9000000000000001,10.579506590659378,1.0407004427086122
