,discretized_reward_proportion,interconnectivity_strength_mean,interconnectivity_strength_err
0,0.1,24.53827663466521,1.1643025027766385
1,0.30000000000000004,20.956838323824794,0.9113218885629781
2,0.5000000000000001,21.544816171998622,1.13905324061098
3,0.7000000000000001,19.91987901679945,1.1937880030262238
4,0.9000000000000001,16.817917379175263,0.6331817706579699
