,discretized_reward_proportion,interconnectivity_strength_mean,interconnectivity_strength_err
0,0.1,15.510772619198741,1.5642575013423774
1,0.30000000000000004,16.723652781789752,1.4811114983658566
2,0.5000000000000001,17.244099312584517,2.0332115117580063
3,0.7000000000000001,10.6354822238148,0.9655612393500468
4,0.9000000000000001,15.951924137021996,1.1616144585384272
