,discretized_reward_proportion,interconnectivity_strength_mean,interconnectivity_strength_err
0,0.1,58.871837472437825,10.099241502863578
1,0.30000000000000004,80.96205398760893,23.597408863549532
2,0.5000000000000001,14.396260060713272,3.9057066172266732
3,0.7000000000000001,50.14568317897802,9.511813143293768
4,0.9000000000000001,171.78736206730406,38.532044358498744
