,discretized_reward_proportion,interconnectivity_strength_mean,interconnectivity_strength_err
0,0.1,2.725483280001453,0.6892799458100302
1,0.30000000000000004,9.544070050038494,2.1592235612797723
2,0.5000000000000001,21.857912529224823,3.285110528302863
3,0.7000000000000001,25.768177157294016,3.5442819418774976
4,0.9000000000000001,14.895127448545676,3.634617343201392
