,discretized_reward_proportion,interconnectivity_strength_mean,interconnectivity_strength_err
0,0.1,39.89195061312916,7.994159001266626
1,0.30000000000000004,37.98798723270288,5.544308107389942
2,0.5000000000000001,29.294096342535923,3.8590020418849162
3,0.7000000000000001,12.061793411702183,2.3609737727708984
4,0.9000000000000001,26.613745560360904,4.175278979882399
