,discretized_reward_proportion,interconnectivity_strength_mean,interconnectivity_strength_err
0,0.1,207.74821572690587,64.66556964867972
1,0.30000000000000004,140.20845205357656,27.81912584905151
2,0.5000000000000001,71.2110930746291,11.499594883467385
3,0.7000000000000001,48.181916408255695,4.76156015127803
4,0.9000000000000001,38.737593425048026,4.653806500107795
