,discretized_reward_proportion,interconnectivity_strength_mean,interconnectivity_strength_err
0,0.1,13.132610092272156,0.21977585680159076
1,0.30000000000000004,12.995717900456157,0.5296373258753504
2,0.5000000000000001,11.929645295117332,0.46178985387097365
3,0.7000000000000001,9.412851637404245,0.33717351651454086
4,0.9000000000000001,12.501502939586793,0.7232340169573421
