,discretized_reward_proportion,interconnectivity_strength_mean,interconnectivity_strength_err
0,0.1,0.0,0.0
1,0.30000000000000004,11.277190219534987,3.025634027909215
2,0.5000000000000001,14.564420366746722,2.196784329313019
3,0.7000000000000001,18.956935974826465,2.0402706753170365
4,0.9000000000000001,17.281654472321836,1.6567102810390566
