,discretized_reward_proportion,interconnectivity_strength_mean,interconnectivity_strength_err
0,0.1,18.150242101452108,3.3127497192893016
1,0.30000000000000004,93.89466586548393,20.44947852657019
2,0.5000000000000001,86.56127948161705,14.608564793798747
3,0.7000000000000001,85.40186363855643,9.63304120998161
4,0.9000000000000001,72.10808156331149,7.673450455673787
