,discretized_reward_proportion,interconnectivity_strength_mean,interconnectivity_strength_err
0,0.1,24.524271637511358,2.4343478040230515
1,0.30000000000000004,30.734074309129387,3.4340914367466704
2,0.5000000000000001,48.39668080405909,7.485454558376628
3,0.7000000000000001,73.74879510259694,9.05239932416559
4,0.9000000000000001,85.98689135023854,7.482430673180522
