,discretized_reward_proportion,interconnectivity_strength_mean,interconnectivity_strength_err
0,0.1,23.86184038181507,2.289202262018804
1,0.30000000000000004,23.10459297949927,2.495133136144993
2,0.5000000000000001,26.222724756296113,3.280006818238119
3,0.7000000000000001,22.934096756180015,2.692253996949549
4,0.9000000000000001,18.38509825595248,1.820814354425562
