correlation,percentage
not correlated,0.605084745762712
response only,0.19152542372881357
background only,0.03728813559322034
both,0.16610169491525423
