correlation,percentage
not correlated,0.5949152542372881
response only,0.16610169491525423
background only,0.23898305084745763
both,0.0
