,discretized_reward_proportion,interconnectivity_strength_mean,interconnectivity_strength_err
0,0.1,12.833958638400293,4.429171949200485
1,0.30000000000000004,51.38064158533198,4.936962337834502
2,0.5000000000000001,38.397345080547,4.352252059702094
3,0.7000000000000001,27.02581515654537,5.46945845491886
4,0.9000000000000001,30.20051107858342,6.239392488970846
