,discretized_reward_proportion,interconnectivity_strength_mean,interconnectivity_strength_err
0,0.1,26.0963341697393,5.163719152681259
1,0.30000000000000004,10.576254852887002,4.193480458724644
2,0.5000000000000001,7.127930044768657,3.0344807741778115
3,0.7000000000000001,24.714124533548713,3.065219516079828
4,0.9000000000000001,15.404019721264255,1.9219845854293485
