,discretized_reward_proportion,interconnectivity_strength_mean,interconnectivity_strength_err
0,0.1,28.444358894203628,3.9211893217031366
1,0.30000000000000004,19.784801129619602,4.5648912874716325
2,0.5000000000000001,10.284504715400232,1.305826368135668
3,0.7000000000000001,11.926638024519566,0.7460451037138477
4,0.9000000000000001,12.006319190829846,0.5124832927539257
