,discretized_reward_proportion,interconnectivity_strength_mean,interconnectivity_strength_err
0,0.1,27.886464040175994,5.759145298820584
1,0.30000000000000004,40.36733547857131,10.836776219051757
2,0.5000000000000001,24.79255938467818,5.00059253448868
3,0.7000000000000001,39.9877521226243,8.016725493535045
4,0.9000000000000001,93.30119183998337,10.889474186345744
