,discretized_reward_proportion,interconnectivity_strength_mean,interconnectivity_strength_err
0,0.1,0.6557377049180327,0.06083379227915468
1,0.30000000000000004,1.4823669728400655,0.4072312060401527
2,0.5000000000000001,9.834562047734332,3.40304322940057
3,0.7000000000000001,38.7345906170578,6.857433062925723
4,0.9000000000000001,27.80027116881333,6.729033138284148
