,discretized_reward_proportion,interconnectivity_strength_mean,interconnectivity_strength_err
0,0.1,2.559136790055631,0.130558529794197
1,0.30000000000000004,4.700551194495172,0.5961689600994728
2,0.5000000000000001,6.012579779075013,0.6073752064052892
3,0.7000000000000001,8.777075285726957,0.6499904317980013
4,0.9000000000000001,7.590218975963414,0.6566476148122433
