,discretized_reward_proportion,interconnectivity_strength_mean,interconnectivity_strength_err
0,0.1,24.1827316101387,1.1011054781359149
1,0.30000000000000004,21.869927645774272,2.1087653628943204
2,0.5000000000000001,17.807524911516044,1.1250584113097795
3,0.7000000000000001,11.304822327380448,1.4520485732389279
4,0.9000000000000001,9.663639798343432,0.6955141281757762
