,discretized_reward_proportion,interconnectivity_strength_mean,interconnectivity_strength_err
0,0.1,13.923241359475343,0.24257015601575316
1,0.30000000000000004,11.212294244072798,0.4602274118043888
2,0.5000000000000001,11.041381607969633,0.5757553278865785
3,0.7000000000000001,8.269689771335976,0.36714441235062695
4,0.9000000000000001,6.794014028845606,0.2507685964133475
