,discretized_reward_proportion,interconnectivity_strength_mean,interconnectivity_strength_err
0,0.1,9.034867633926881,0.438838264541433
1,0.30000000000000004,7.504137528324932,0.4478309839887924
2,0.5000000000000001,8.438486669056092,0.6190524454554557
3,0.7000000000000001,4.796319181973768,0.114276506511651
4,0.9000000000000001,4.452495360411041,0.08973966769014538
