,discretized_reward_proportion,interconnectivity_strength_mean,interconnectivity_strength_err
0,0.1,88.75733891336309,8.462382359547126
1,0.30000000000000004,56.65640902504155,6.27226865266444
2,0.5000000000000001,39.162666185841935,3.6570088103348968
3,0.7000000000000001,25.354777643922613,4.8940734121474625
4,0.9000000000000001,12.174375986342021,4.251547190441985
