,discretized_reward_proportion,interconnectivity_strength_mean,interconnectivity_strength_err
0,0.1,4.011673537565629,0.13737470097085766
1,0.30000000000000004,4.114969877723495,0.5445524028775459
2,0.5000000000000001,4.057153676030839,0.6637646838378698
3,0.7000000000000001,6.077535496958377,0.6742604316068388
4,0.9000000000000001,5.142497226279814,0.5260020059225416
