,discretized_reward_proportion,interconnectivity_strength_mean,interconnectivity_strength_err
0,0.1,0.36363636363636365,0.1025592863305029
1,0.30000000000000004,11.283502201582241,2.276412484721058
2,0.5000000000000001,9.238031433910049,2.0246653945029984
3,0.7000000000000001,11.80067231806119,2.0607373481114513
4,0.9000000000000001,8.972549812418656,1.6351514353007415
