,discretized_reward_proportion,interconnectivity_strength_mean,interconnectivity_strength_err
0,0.1,13.673519663245548,1.0508038380196696
1,0.30000000000000004,12.350059713713309,1.1469121043555728
2,0.5000000000000001,18.5158944860888,2.17379988827111
3,0.7000000000000001,14.669825145426032,1.3644139200802354
4,0.9000000000000001,8.952211385048123,1.1541464065609275
