,discretized_reward_proportion,interconnectivity_strength_mean,interconnectivity_strength_err
0,0.1,48.77563128450845,3.5486129552763113
1,0.30000000000000004,43.661980912133956,10.143765068086562
2,0.5000000000000001,17.023877812558524,0.979167569171212
3,0.7000000000000001,21.832432679890058,2.8482258145625816
4,0.9000000000000001,55.98500051673679,3.8521796705579274
