,discretized_reward_proportion,interconnectivity_strength_mean,interconnectivity_strength_err
0,0.1,18.02582872264528,1.6434503257265356
1,0.30000000000000004,18.243505798262625,2.2131951914382957
2,0.5000000000000001,11.86777870104693,0.569329524507258
3,0.7000000000000001,28.55177365711157,5.761360978691166
4,0.9000000000000001,86.60545877068124,14.02296804009432
