,discretized_reward_proportion,interconnectivity_strength_mean,interconnectivity_strength_err
0,0.1,15.95840677881557,0.4247918092062542
1,0.30000000000000004,16.802811234855167,0.7243527595187227
2,0.5000000000000001,26.766423363734376,5.0216560068438465
3,0.7000000000000001,28.73114773353945,6.199918767462614
4,0.9000000000000001,15.754590535895598,0.7516407602112786
