,discretized_reward_proportion,interconnectivity_strength_mean,interconnectivity_strength_err
0,0.1,54.59805995868212,14.21115898268796
1,0.30000000000000004,93.37480136406919,16.084964929365047
2,0.5000000000000001,25.930191069160784,2.7307653782240906
3,0.7000000000000001,35.01739141908615,1.8974354517544483
4,0.9000000000000001,36.85961340439609,2.9383020667532955
