,discretized_reward_proportion,interconnectivity_strength_mean,interconnectivity_strength_err
0,0.1,8.141279726126928,0.28829322321618595
1,0.30000000000000004,6.024555376480926,0.12611783329887644
2,0.5000000000000001,5.785033313577562,0.1008669810104368
3,0.7000000000000001,5.63126851887321,0.15215297701614508
4,0.9000000000000001,4.445054222622651,0.1913449786796753
