,discretized_reward_proportion,interconnectivity_strength_mean,interconnectivity_strength_err
0,0.1,53.0660675547817,4.358272782731872
1,0.30000000000000004,43.2157682469324,3.0785771019338157
2,0.5000000000000001,27.865424461206196,2.825108585970908
3,0.7000000000000001,25.998140452614734,4.711756934012937
4,0.9000000000000001,13.831753300415713,4.689196649670682
