,discretized_reward_proportion,interconnectivity_strength_mean,interconnectivity_strength_err
0,0.1,62.13560095309373,5.033858814921197
1,0.30000000000000004,83.07703390414828,14.311481870390175
2,0.5000000000000001,83.98342416177678,17.24415768646208
3,0.7000000000000001,65.46217025308721,5.54903679399786
4,0.9000000000000001,53.79152363247177,4.557617744854008
