,discretized_reward_proportion,interconnectivity_strength_mean,interconnectivity_strength_err
0,0.1,12.244826044752799,0.9211854049801226
1,0.30000000000000004,10.926563651533176,1.3434974599368237
2,0.5000000000000001,15.49819901085401,3.323325173303868
3,0.7000000000000001,55.69168681164844,8.08122646573918
4,0.9000000000000001,61.938526324307425,6.214422750477131
