,discretized_reward_proportion,interconnectivity_strength_mean,interconnectivity_strength_err
0,0.1,6.260185423025218,0.3660547798622164
1,0.30000000000000004,5.561110245835021,0.36989480263907015
2,0.5000000000000001,4.9357756166581455,0.23826537348772794
3,0.7000000000000001,5.461979237199903,0.23591511633791262
4,0.9000000000000001,5.50414938495709,0.18089831525250236
