,discretized_reward_proportion,interconnectivity_strength_mean,interconnectivity_strength_err
0,0.1,17.82947667264637,0.6250340890067559
1,0.30000000000000004,19.239873771625955,1.5315359883796877
2,0.5000000000000001,17.505228874005457,1.3183382020488634
3,0.7000000000000001,18.405916575311803,1.7261858688515865
4,0.9000000000000001,21.669166159260133,1.3793439980416515
