,discretized_reward_proportion,interconnectivity_strength_mean,interconnectivity_strength_err
0,0.1,4.207289890448546,0.16075990811253438
1,0.30000000000000004,8.668248026514824,1.8311969242478192
2,0.5000000000000001,19.488523244831335,2.3155644945678597
3,0.7000000000000001,16.854727210661316,1.6608230227833403
4,0.9000000000000001,16.059574238938545,2.0167032257298243
