,discretized_reward_proportion,interconnectivity_strength_mean,interconnectivity_strength_err
0,0.1,173.11651703885752,28.22191450702236
1,0.30000000000000004,80.77744445972661,29.719426913839445
2,0.5000000000000001,17.485442547921345,13.601866903107847
3,0.7000000000000001,11.16794357362793,3.994270843532164
4,0.9000000000000001,62.6458164399011,22.764174952507467
