,discretized_reward_proportion,interconnectivity_strength_mean,interconnectivity_strength_err
0,0.1,40.357048206319085,10.081934672903044
1,0.30000000000000004,54.468982298602135,10.215735658293172
2,0.5000000000000001,25.894963264371704,4.445242796229368
3,0.7000000000000001,36.07855160914686,6.098298119469707
4,0.9000000000000001,18.485050672001208,3.825230451587388
