,discretized_reward_proportion,interconnectivity_strength_mean,interconnectivity_strength_err
0,0.1,51.206898770252984,7.709429358389805
1,0.30000000000000004,111.64575447823411,14.003715759022805
2,0.5000000000000001,94.38107500532577,10.163042816179727
3,0.7000000000000001,30.78873792799285,6.7046358373897466
4,0.9000000000000001,26.777797192211317,3.679894674266372
