,discretized_reward_proportion,interconnectivity_strength_mean,interconnectivity_strength_err
0,0.1,54.61650732592982,14.736777919255903
1,0.30000000000000004,44.17001247551354,6.43663084572656
2,0.5000000000000001,29.18317880507533,3.458969591186094
3,0.7000000000000001,22.08561070247802,1.8122114756815662
4,0.9000000000000001,21.46450170798051,1.3130141270027857
