,discretized_reward_proportion,interconnectivity_strength_mean,interconnectivity_strength_err
0,0.1,56.91250391874727,4.531619761153227
1,0.30000000000000004,35.827881140339215,4.357523799107628
2,0.5000000000000001,21.069177294548574,2.9378272117840853
3,0.7000000000000001,28.3138319191446,2.318979617694028
4,0.9000000000000001,27.705597155634596,2.2867521977362366
