,discretized_reward_proportion,interconnectivity_strength_mean,interconnectivity_strength_err
0,0.1,36.91249774627161,4.710395119065823
1,0.30000000000000004,27.392774499629105,1.8240460655081683
2,0.5000000000000001,32.21765117757742,4.907119020895611
3,0.7000000000000001,31.364183146466427,2.9919865402357813
4,0.9000000000000001,35.27028374772569,3.2154897679330805
