,discretized_reward_proportion,interconnectivity_strength_mean,interconnectivity_strength_err
0,0.1,60.590656595668364,6.926296771861563
1,0.30000000000000004,196.14349788925523,36.7165040996382
2,0.5000000000000001,120.04713350143972,21.302772663128163
3,0.7000000000000001,94.65847319381182,10.45835988932858
4,0.9000000000000001,78.48504806600751,7.468777846021197
