,discretized_reward_proportion,interconnectivity_strength_mean,interconnectivity_strength_err
0,0.1,19.69422165097072,4.357915932972185
1,0.30000000000000004,15.796985235121095,3.02369751159573
2,0.5000000000000001,57.02532526479534,12.521610546243949
3,0.7000000000000001,30.27620327465609,3.4025739841072395
4,0.9000000000000001,35.12967714318995,4.846706136567995
