,discretized_reward_proportion,interconnectivity_strength_mean,interconnectivity_strength_err
0,0.1,18.123676512728167,1.910559589396359
1,0.30000000000000004,22.858573907217686,3.2729334265082963
2,0.5000000000000001,37.04721350527814,6.304696288385585
3,0.7000000000000001,24.044926507862968,1.4034285403197018
4,0.9000000000000001,26.84695642686254,1.010737459523521
