,discretized_reward_proportion,interconnectivity_strength_mean,interconnectivity_strength_err
0,0.1,16.4104161041867,3.2226099034205262
1,0.30000000000000004,12.931269387213028,2.076188094711126
2,0.5000000000000001,13.126428737500877,2.331617777712727
3,0.7000000000000001,9.933347962980669,1.04778187258421
4,0.9000000000000001,8.336129127598207,0.781477257384273
