,discretized_reward_proportion,interconnectivity_strength_mean,interconnectivity_strength_err
0,0.1,7.266863532950404,0.5686547083334356
1,0.30000000000000004,9.979344385923316,0.7960827952047653
2,0.5000000000000001,12.730204733630487,1.0183741651591027
3,0.7000000000000001,10.707048884400885,0.5477958369991188
4,0.9000000000000001,8.802328661053892,0.6186981531486367
