,discretized_reward_proportion,interconnectivity_strength_mean,interconnectivity_strength_err
0,0.1,44.73773470663454,3.841700402132131
1,0.30000000000000004,39.95141612137903,3.5933024578873973
2,0.5000000000000001,39.256428352963546,4.429750113802535
3,0.7000000000000001,25.51269869821874,2.8844733784459704
4,0.9000000000000001,,
