,discretized_reward_proportion,interconnectivity_strength_mean,interconnectivity_strength_err
0,0.1,13.92764151281198,0.533647814755985
1,0.30000000000000004,9.192247607410177,0.9653335532705366
2,0.5000000000000001,10.880565866752082,1.0198307133140494
3,0.7000000000000001,10.44975239136157,0.9153824104966787
4,0.9000000000000001,8.055405331702747,0.8755475956439123
