,discretized_reward_proportion,interconnectivity_strength_mean,interconnectivity_strength_err
0,0.1,36.52083359886835,2.7829830979637507
1,0.30000000000000004,4.779504998167988,2.199173765896905
2,0.5000000000000001,5.185885444524688,2.312059741366072
3,0.7000000000000001,3.7437896539131352,3.676328458939172
4,0.9000000000000001,0.0,0.0
