,discretized_reward_proportion,interconnectivity_strength_mean,interconnectivity_strength_err
0,0.1,35.83504408864949,5.12091202659793
1,0.30000000000000004,27.197309799392055,2.634741166367804
2,0.5000000000000001,18.854350656165725,1.2568710837069423
3,0.7000000000000001,13.200139400204481,0.5479052429450375
4,0.9000000000000001,10.696050860462543,0.5838740287206045
