,discretized_reward_proportion,interconnectivity_strength_mean,interconnectivity_strength_err
0,0.1,24.810261337408573,2.816965191394683
1,0.30000000000000004,26.45593207340542,4.12737175430602
2,0.5000000000000001,26.40119443527404,2.8292742628569356
3,0.7000000000000001,16.106362507972662,5.504914793307527
4,0.9000000000000001,12.733246812179928,2.9814876694087715
