,discretized_reward_proportion,interconnectivity_strength_mean,interconnectivity_strength_err
0,0.1,4.06794878860729,0.2793813613523314
1,0.30000000000000004,10.086342291635797,2.105675433209716
2,0.5000000000000001,10.518201650123027,1.3611786108478343
3,0.7000000000000001,9.322112127899052,0.8364492874857203
4,0.9000000000000001,7.934735692446772,0.7833433832831317
