,discretized_reward_proportion,interconnectivity_strength_mean,interconnectivity_strength_err
0,0.1,34.911206274390054,4.619666672357858
1,0.30000000000000004,41.820817572371354,10.367016188166826
2,0.5000000000000001,13.876468966990757,7.246204752463424
3,0.7000000000000001,8.307625059551672,2.038668181557162
4,0.9000000000000001,4.0108684874920195,1.1219281987310492
