,discretized_reward_proportion,interconnectivity_strength_mean,interconnectivity_strength_err
0,0.1,11.84778760530624,0.8449153077808678
1,0.30000000000000004,14.618167318393594,0.9907933917491991
2,0.5000000000000001,24.368314330684587,1.9259703208461791
3,0.7000000000000001,17.58916959694045,0.9475721802507198
4,0.9000000000000001,13.7639102163989,0.833324499443381
