,discretized_reward_proportion,interconnectivity_strength_mean,interconnectivity_strength_err
0,0.1,7.871089529323743,0.7965368286611696
1,0.30000000000000004,5.73934393143573,0.5258923368704463
2,0.5000000000000001,5.262903037985817,0.47840588757287494
3,0.7000000000000001,4.471145795609815,0.10163594543973097
4,0.9000000000000001,4.29478726977038,0.08425141895514107
