,discretized_reward_proportion,interconnectivity_strength_mean,interconnectivity_strength_err
0,0.1,34.79484291102281,4.798847981883641
1,0.30000000000000004,60.00069905858489,7.363066310017221
2,0.5000000000000001,61.47168668022416,7.7414376016343756
3,0.7000000000000001,33.94590859104219,7.205593085010242
4,0.9000000000000001,28.926594170577445,6.477468649815762
