,discretized_reward_proportion,interconnectivity_strength_mean,interconnectivity_strength_err
0,0.1,15.395483356480689,1.3932217070746176
1,0.30000000000000004,14.786667952780359,1.20269464518981
2,0.5000000000000001,13.370223654583006,1.107050250212635
3,0.7000000000000001,9.225120541817017,0.44977871432607375
4,0.9000000000000001,9.149090829195538,0.44666017844480954
