,discretized_reward_proportion,interconnectivity_strength_mean,interconnectivity_strength_err
0,0.1,35.709937881437305,5.03949863038341
1,0.30000000000000004,23.601529851864523,2.9474667799554406
2,0.5000000000000001,13.03516474208281,1.6332129318119466
3,0.7000000000000001,14.807984554911512,1.0199501879380573
4,0.9000000000000001,15.12677670760283,1.2759747060236666
