,discretized_reward_proportion,interconnectivity_strength_mean,interconnectivity_strength_err
0,0.1,169.9554841177064,35.127767216272375
1,0.30000000000000004,105.34291898283605,30.749727193429425
2,0.5000000000000001,134.4907296674592,42.30634524178545
3,0.7000000000000001,48.89059920492313,8.666374983780345
4,0.9000000000000001,50.662517929106656,5.929942294964601
