,discretized_reward_proportion,interconnectivity_strength_mean,interconnectivity_strength_err
0,0.1,27.431715845473192,2.4050383502516475
1,0.30000000000000004,18.0309433008976,3.5684520355028804
2,0.5000000000000001,7.668749019377804,1.837094112559073
3,0.7000000000000001,24.1888855157892,3.188837266619205
4,0.9000000000000001,48.10412718519161,12.15526498944229
