,discretized_reward_proportion,interconnectivity_strength_mean,interconnectivity_strength_err
0,0.1,13.923998139716913,1.234537056904581
1,0.30000000000000004,9.556466402730745,1.1013243445750012
2,0.5000000000000001,11.962791146506946,3.040437283312559
3,0.7000000000000001,7.797177658875271,1.0912982596682077
4,0.9000000000000001,9.72015091260005,1.5850464924912906
