,discretized_reward_proportion,interconnectivity_strength_mean,interconnectivity_strength_err
0,0.1,7.401328885079977,0.18046858653931466
1,0.30000000000000004,13.224026857080299,2.5253542961084388
2,0.5000000000000001,25.22163070613043,5.006572892571334
3,0.7000000000000001,17.327821111400443,1.6758495187015852
4,0.9000000000000001,14.606565089386805,1.636495130154652
