,discretized_reward_proportion,interconnectivity_strength_mean,interconnectivity_strength_err
0,0.1,57.27722878810735,7.016828668576836
1,0.30000000000000004,88.79807160419672,8.46584177560815
2,0.5000000000000001,61.860335947936335,9.314059428570243
3,0.7000000000000001,32.43261683239194,17.42626838915829
4,0.9000000000000001,89.92716059218874,84.11915617534235
