,discretized_reward_proportion,interconnectivity_strength_mean,interconnectivity_strength_err
0,0.1,18.103064581866562,0.7025881194841636
1,0.30000000000000004,12.171643993900883,0.8965240992792235
2,0.5000000000000001,7.792942898128418,0.26801641890802547
3,0.7000000000000001,7.95623734228075,0.6219198951557333
4,0.9000000000000001,9.860025984159838,0.590908272360757
