,discretized_reward_proportion,interconnectivity_strength_mean,interconnectivity_strength_err
0,0.1,10.471037815026378,1.1165074539522135
1,0.30000000000000004,13.051617669828087,2.2532330865880836
2,0.5000000000000001,15.194323361655586,3.4537339291622455
3,0.7000000000000001,6.653276906972571,1.1182456335889082
4,0.9000000000000001,9.228175725172665,1.2196160008698773
