,discretized_reward_proportion,interconnectivity_strength_mean,interconnectivity_strength_err
0,0.1,21.130138331175235,1.2968493902777753
1,0.30000000000000004,25.09953042982841,4.201636707394607
2,0.5000000000000001,18.13407435822958,3.7601928069333987
3,0.7000000000000001,16.56045584331992,3.256953883162604
4,0.9000000000000001,11.93999083655652,3.6535805415297244
