,discretized_reward_proportion,interconnectivity_strength_mean,interconnectivity_strength_err
0,0.1,14.848006796941826,3.881363238012437
1,0.30000000000000004,29.21750728869028,8.042885451396616
2,0.5000000000000001,35.41686534688748,7.661470404721382
3,0.7000000000000001,8.581044746756772,1.9394588964972006
4,0.9000000000000001,7.009885997289476,0.9414960631550907
