,discretized_reward_proportion,interconnectivity_strength_mean,interconnectivity_strength_err
0,0.1,0.3103448275862069,0.0350722501872833
1,0.30000000000000004,0.59375,0.06139153767774106
2,0.5000000000000001,0.26229508196721313,0.05632114763742965
3,0.7000000000000001,0.0,0.0
4,0.9000000000000001,0.0,0.0
