,discretized_reward_proportion,interconnectivity_strength_mean,interconnectivity_strength_err
0,0.1,10.049724414295614,0.1353731436930605
1,0.30000000000000004,7.88340724846167,0.2530387069549417
2,0.5000000000000001,7.329951670460321,0.2224471339014489
3,0.7000000000000001,6.765685849148874,0.3353562541009186
4,0.9000000000000001,7.818576488268249,0.26805182816256823
