,discretized_reward_proportion,interconnectivity_strength_mean,interconnectivity_strength_err
0,0.1,80.33260360783616,16.359656048720417
1,0.30000000000000004,51.68447436237262,17.099246320990154
2,0.5000000000000001,85.77675743205927,24.17574461475041
3,0.7000000000000001,22.546052842276065,7.855981270568588
4,0.9000000000000001,9.878677173478216,2.8181482982874075
