,discretized_reward_proportion,interconnectivity_strength_mean,interconnectivity_strength_err
0,0.1,9.940765587817346,2.0732420435699104
1,0.30000000000000004,20.437378260166643,3.4216671224807427
2,0.5000000000000001,20.37164540734574,4.289672828397867
3,0.7000000000000001,20.771323915372065,3.426286621390116
4,0.9000000000000001,76.80790368811894,13.154602467723038
