,discretized_reward_proportion,interconnectivity_strength_mean,interconnectivity_strength_err
0,0.1,122.7813341255084,24.777936425506283
1,0.30000000000000004,39.208553786472095,8.917325810102309
2,0.5000000000000001,8.456350905256878,2.3719560678285294
3,0.7000000000000001,10.099633723814335,3.4591264493914036
4,0.9000000000000001,4.338655574670357,2.4253651419129634
