,discretized_reward_proportion,interconnectivity_strength_mean,interconnectivity_strength_err
0,0.1,34.094533477288564,3.457040165656242
1,0.30000000000000004,15.893312647777284,1.0984403598766923
2,0.5000000000000001,10.72372197736301,0.49792695925869457
3,0.7000000000000001,9.733947031225284,0.33194968471103076
4,0.9000000000000001,9.988245759870987,0.3881014934613139
