,discretized_reward_proportion,interconnectivity_strength_mean,interconnectivity_strength_err
0,0.1,0.26506024096385544,0.04844613324916285
1,0.30000000000000004,1.7688627176537521,0.6927241367500915
2,0.5000000000000001,9.338955840928927,1.9184212036801132
3,0.7000000000000001,6.175715126896341,1.4289850043342303
4,0.9000000000000001,6.8055121848168705,1.236667932883368
