,discretized_reward_proportion,interconnectivity_strength_mean,interconnectivity_strength_err
0,0.1,8.437516233064814,2.0565805945037083
1,0.30000000000000004,263.20666624582066,104.26152770148205
2,0.5000000000000001,296.6643435450959,109.44039337692409
3,0.7000000000000001,8.64806127291552,2.4961974633069723
4,0.9000000000000001,49.8672192283128,11.50161546361943
