,discretized_reward_proportion,interconnectivity_strength_mean,interconnectivity_strength_err
0,0.1,9.29143682274435,1.102427800675482
1,0.30000000000000004,12.276330102646433,1.2761141131969966
2,0.5000000000000001,20.454651709436725,3.1832955915125334
3,0.7000000000000001,37.28953312073108,9.526917317784187
4,0.9000000000000001,140.08833475424626,19.24016309888488
