,discretized_reward_proportion,interconnectivity_strength_mean,interconnectivity_strength_err
0,0.1,6.484302947862106,0.3594044695107485
1,0.30000000000000004,8.732561803218884,0.9260644532316323
2,0.5000000000000001,9.749973654672297,0.4127507439269368
3,0.7000000000000001,10.828682509449642,0.3487036448379068
4,0.9000000000000001,9.647581386493496,0.34766389232093975
