,discretized_reward_proportion,interconnectivity_strength_mean,interconnectivity_strength_err
0,0.1,19.639521952174018,1.4928953737226298
1,0.30000000000000004,10.720333774288912,1.240825397565186
2,0.5000000000000001,10.058186023208403,1.7981311923279248
3,0.7000000000000001,3.736939636562424,0.8679924955168281
4,0.9000000000000001,8.797839971439654,1.0464586323864942
