,discretized_reward_proportion,interconnectivity_strength_mean,interconnectivity_strength_err
0,0.1,73.41148940578783,16.842743217742992
1,0.30000000000000004,87.82177388263474,17.123733534497593
2,0.5000000000000001,49.419403147657746,9.934141380540746
3,0.7000000000000001,19.92595994461276,3.1665570988941623
4,0.9000000000000001,45.00114917444427,4.932732920872627
