,discretized_reward_proportion,interconnectivity_strength_mean,interconnectivity_strength_err
0,0.1,427.13967028971746,227.06200440760463
1,0.30000000000000004,513.8654125811798,134.17064424648223
2,0.5000000000000001,348.5454395567972,95.74126820712519
3,0.7000000000000001,31.219627999571944,7.2792936337291705
4,0.9000000000000001,14.499361547625607,1.8908366381212287
