,discretized_reward_proportion,interconnectivity_strength_mean,interconnectivity_strength_err
0,0.1,11.582402092137379,3.598772338587273
1,0.30000000000000004,8.54408028470011,3.0820622167421012
2,0.5000000000000001,2.3222492731735667,1.633681270255375
3,0.7000000000000001,14.569819365340106,2.98848908464912
4,0.9000000000000001,10.44394983918133,2.4349020974372677
