,discretized_reward_proportion,interconnectivity_strength_mean,interconnectivity_strength_err
0,0.1,18.284865563691078,0.7922725008528675
1,0.30000000000000004,18.941841346897558,1.1654847706055202
2,0.5000000000000001,21.17986762511574,1.0616114131344567
3,0.7000000000000001,13.663812942532058,2.617500490275989
4,0.9000000000000001,25.503435254009563,3.1189782793618885
