,discretized_reward_proportion,interconnectivity_strength_mean,interconnectivity_strength_err
0,0.1,0.0,0.0
1,0.30000000000000004,0.0,0.0
2,0.5000000000000001,0.0,0.0
3,0.7000000000000001,5.268650998874931,1.531810401559218
4,0.9000000000000001,5.716801756368751,1.5640335444208482
