,discretized_reward_proportion,interconnectivity_strength_mean,interconnectivity_strength_err
0,0.1,3.1781332732864893,0.07046854777174895
1,0.30000000000000004,5.092516438601504,0.5663399926152622
2,0.5000000000000001,6.4067468568529335,0.32720164426723397
3,0.7000000000000001,6.780454361098109,0.20351901328867877
4,0.9000000000000001,5.748858452673244,0.20605486599810308
