,discretized_reward_proportion,interconnectivity_strength_mean,interconnectivity_strength_err
0,0.1,16.55458380145981,2.270116220953799
1,0.30000000000000004,13.326305715712225,2.680544209984933
2,0.5000000000000001,3.4453900467889906,0.5859196307917847
3,0.7000000000000001,9.794248746106772,1.0753918879178588
4,0.9000000000000001,11.248445919831127,0.7798208485289176
