,discretized_reward_proportion,interconnectivity_strength_mean,interconnectivity_strength_err
0,0.1,14.057260764894327,0.822339711447271
1,0.30000000000000004,9.969801679126338,0.2434306261189324
2,0.5000000000000001,9.29967524344953,0.6064352341623512
3,0.7000000000000001,6.984148534315088,0.3785325282124456
4,0.9000000000000001,8.552152464871421,0.4886155370118157
