,discretized_reward_proportion,interconnectivity_strength_mean,interconnectivity_strength_err
0,0.1,12.47431520255924,0.5131878771936409
1,0.30000000000000004,13.4704755469078,0.7230196407529286
2,0.5000000000000001,12.563206429718486,1.6426154484794233
3,0.7000000000000001,7.144989417181854,1.2682628817404615
4,0.9000000000000001,14.855778652036207,2.811832552990178
