,discretized_reward_proportion,interconnectivity_strength_mean,interconnectivity_strength_err
0,0.1,160.95258281270478,28.485105903974894
1,0.30000000000000004,75.91853938228579,8.57428772189197
2,0.5000000000000001,48.70458705143052,4.635565977000775
3,0.7000000000000001,30.359690996730453,9.976953039382904
4,0.9000000000000001,28.325796960922265,4.137898835084921
