,discretized_reward_proportion,interconnectivity_strength_mean,interconnectivity_strength_err
0,0.1,29.480305112359687,6.92893824845499
1,0.30000000000000004,37.786895920455194,8.861552203316892
2,0.5000000000000001,12.345901168249046,4.803392157298407
3,0.7000000000000001,25.095194928830896,4.4108804793486
4,0.9000000000000001,12.618688735983959,2.175223924032713
