,discretized_reward_proportion,interconnectivity_strength_mean,interconnectivity_strength_err
0,0.1,34.25454870873256,2.165480354883153
1,0.30000000000000004,22.165590533259472,2.589042821951134
2,0.5000000000000001,22.771830838778563,4.439951720193507
3,0.7000000000000001,17.929750007189103,1.6067582321873137
4,0.9000000000000001,14.58003834188358,1.0873075364486038
