,discretized_reward_proportion,interconnectivity_strength_mean,interconnectivity_strength_err
0,0.1,60.608986408955325,12.517614245970424
1,0.30000000000000004,67.8657213557124,14.606622439460331
2,0.5000000000000001,32.14722908364334,9.21408374270013
3,0.7000000000000001,33.25790284581275,6.185888751171992
4,0.9000000000000001,24.621604149778946,5.9324589922443405
