,discretized_reward_proportion,interconnectivity_strength_mean,interconnectivity_strength_err
0,0.1,20.611489562015056,2.221030284033034
1,0.30000000000000004,22.716029164186498,2.915278859400123
2,0.5000000000000001,16.08890970692275,2.9785118904154118
3,0.7000000000000001,62.31338683079245,16.281849295775864
4,0.9000000000000001,46.96850509880099,11.266369661714515
