,discretized_reward_proportion,interconnectivity_strength_mean,interconnectivity_strength_err
0,0.1,15.70081083268511,1.1776252362601909
1,0.30000000000000004,23.988745498224926,4.727889701103933
2,0.5000000000000001,7.771005137960024,3.2099667571050405
3,0.7000000000000001,20.92160212651229,3.382828441274884
4,0.9000000000000001,41.08595094341677,8.068043107553386
