,discretized_reward_proportion,interconnectivity_strength_mean,interconnectivity_strength_err
0,0.1,57.985473906443104,10.73313471758204
1,0.30000000000000004,42.418889213329,11.469056013622408
2,0.5000000000000001,31.791946969508565,4.164320009421746
3,0.7000000000000001,40.18684274758124,3.693647770004467
4,0.9000000000000001,20.16392625728182,2.4091642597881107
