,discretized_reward_proportion,interconnectivity_strength_mean,interconnectivity_strength_err
0,0.1,41.40329665363638,2.633744249373646
1,0.30000000000000004,38.30683965670555,2.988416258840816
2,0.5000000000000001,30.661767317276006,3.8119123518692475
3,0.7000000000000001,37.50050479930915,6.814825233558614
4,0.9000000000000001,16.424237991062597,2.7836226528574555
