,discretized_reward_proportion,interconnectivity_strength_mean,interconnectivity_strength_err
0,0.1,29.84871635375078,11.12305299839557
1,0.30000000000000004,24.460790764590996,4.625158827736924
2,0.5000000000000001,27.23861119364366,3.189347576107291
3,0.7000000000000001,8.882418800649221,1.3054723668879877
4,0.9000000000000001,29.623815768889557,6.41209645057203
