,discretized_reward_proportion,interconnectivity_strength_mean,interconnectivity_strength_err
0,0.1,11.672096966271246,0.19768696067631983
1,0.30000000000000004,10.590821997439257,0.44791776689250157
2,0.5000000000000001,10.863621224190117,0.5686738753535373
3,0.7000000000000001,9.070432757575563,0.521398503175229
4,0.9000000000000001,7.840758988533131,0.2956399510225457
