,discretized_reward_proportion,interconnectivity_strength_mean,interconnectivity_strength_err
0,0.1,0.7777777777777778,0.1385799032138497
1,0.30000000000000004,13.29616336201709,2.6200408852669317
2,0.5000000000000001,7.048357920327502,1.340425192792168
3,0.7000000000000001,2.92985450875749,0.695205697713628
4,0.9000000000000001,4.223873673411336,1.1009996277169498
