,discretized_reward_proportion,interconnectivity_strength_mean,interconnectivity_strength_err
0,0.1,11.219691927763394,0.21969225331594983
1,0.30000000000000004,8.901051389405954,0.46566053231456234
2,0.5000000000000001,7.246116759182999,0.3961802302755417
3,0.7000000000000001,5.814037385671477,0.19101856450035312
4,0.9000000000000001,4.8550283379951935,0.11473809955174176
