,discretized_reward_proportion,interconnectivity_strength_mean,interconnectivity_strength_err
0,0.1,12.318346605739558,0.8294785928607277
1,0.30000000000000004,12.409768671165121,1.2355565224008302
2,0.5000000000000001,22.406406085074,2.4763242467421773
3,0.7000000000000001,16.71403748792805,0.9046039505255947
4,0.9000000000000001,20.701000721738275,1.3985033936174118
