,discretized_reward_proportion,interconnectivity_strength_mean,interconnectivity_strength_err
0,0.1,18.602611173612306,2.426654959409949
1,0.30000000000000004,13.382094509666919,2.0381006737548177
2,0.5000000000000001,25.94370082328342,2.5894511495350603
3,0.7000000000000001,34.99318289721672,2.624122316813516
4,0.9000000000000001,27.66278066519916,1.921770214970199
