,discretized_reward_proportion,interconnectivity_strength_mean,interconnectivity_strength_err
0,0.1,14.75452530771922,1.6564490900442281
1,0.30000000000000004,17.434739516552405,2.546677658120697
2,0.5000000000000001,21.958718307852067,3.129135231045462
3,0.7000000000000001,16.28211727537633,1.245995432604758
4,0.9000000000000001,22.928344102715315,1.5002934112256032
