,discretized_reward_proportion,interconnectivity_strength_mean,interconnectivity_strength_err
0,0.1,21.76095145557493,2.3780213556341914
1,0.30000000000000004,17.209846939588797,1.4253467796885564
2,0.5000000000000001,11.051708303158703,1.01958439423653
3,0.7000000000000001,7.467506437312282,0.3259719525768741
4,0.9000000000000001,7.391890322851181,0.37379040863258
