,discretized_reward_proportion,interconnectivity_strength_mean,interconnectivity_strength_err
0,0.1,11.271350166920316,2.237914892496462
1,0.30000000000000004,18.110163785037628,2.577098548507418
2,0.5000000000000001,31.012660036968786,3.233658046939661
3,0.7000000000000001,24.046017302390407,2.0956249951897905
4,0.9000000000000001,25.52942594580729,1.0491695428340093
