,discretized_reward_proportion,interconnectivity_strength_mean,interconnectivity_strength_err
0,0.1,142.27907129108456,15.372683584207765
1,0.30000000000000004,244.2675353449664,26.535456432714355
2,0.5000000000000001,91.74931534224112,26.188971078069013
3,0.7000000000000001,144.14947031651468,34.30111513845768
4,0.9000000000000001,162.5281252233684,55.50746966279457
