,discretized_reward_proportion,interconnectivity_strength_mean,interconnectivity_strength_err
0,0.1,22.480727194298215,5.459184354365984
1,0.30000000000000004,7.029594208937795,3.8857468702477576
2,0.5000000000000001,67.28678874484261,24.884955382918033
3,0.7000000000000001,129.82166949820876,28.50476613753716
4,0.9000000000000001,49.51739899749744,14.168448987611622
