,discretized_reward_proportion,interconnectivity_strength_mean,interconnectivity_strength_err
0,0.1,3.7686324194776057,0.1808462446850662
1,0.30000000000000004,6.796574048768886,0.8356064046768759
2,0.5000000000000001,11.24394411779003,0.7339438321462441
3,0.7000000000000001,10.89793936954103,0.41679078544102205
4,0.9000000000000001,8.542873185548231,0.3454962306210696
