,discretized_reward_proportion,interconnectivity_strength_mean,interconnectivity_strength_err
0,0.1,35.71164075889065,9.180303127900554
1,0.30000000000000004,17.648868006424454,2.986419897943949
2,0.5000000000000001,20.98441360071343,3.997346522652669
3,0.7000000000000001,16.02413717201015,2.4608813947097254
4,0.9000000000000001,20.955700050782163,2.514366217644929
