,discretized_reward_proportion,interconnectivity_strength_mean,interconnectivity_strength_err
0,0.1,23.867479133623043,8.247363307696547
1,0.30000000000000004,35.18116453237304,9.991567825444218
2,0.5000000000000001,46.68117753596666,11.220756047040023
3,0.7000000000000001,66.10480662064123,10.156652934211433
4,0.9000000000000001,59.083812542111204,10.013278069324613
