,discretized_reward_proportion,interconnectivity_strength_mean,interconnectivity_strength_err
0,0.1,32.79611638877836,3.526703014151034
1,0.30000000000000004,30.677555553265854,5.328840788402342
2,0.5000000000000001,36.80317716944934,5.752414561633306
3,0.7000000000000001,16.382360182645996,1.424786894136766
4,0.9000000000000001,17.337417256600997,1.1629306059648852
