,discretized_reward_proportion,interconnectivity_strength_mean,interconnectivity_strength_err
0,0.1,25.34660359948344,7.059344559998766
1,0.30000000000000004,79.33976021064045,31.232529152059413
2,0.5000000000000001,196.57099791831922,57.087354970334616
3,0.7000000000000001,46.19754892151708,45.1075819584577
4,0.9000000000000001,264.80014164243835,44.365188559127944
