,discretized_reward_proportion,interconnectivity_strength_mean,interconnectivity_strength_err
0,0.1,16.189231270829374,1.7851141798713488
1,0.30000000000000004,15.315861271786332,0.8517019487707005
2,0.5000000000000001,11.405451806968756,0.6502769011811381
3,0.7000000000000001,12.0744313789138,0.5381834291404719
4,0.9000000000000001,12.783820733839093,0.7317054649908434
