,discretized_reward_proportion,interconnectivity_strength_mean,interconnectivity_strength_err
0,0.1,10.272049785628207,1.5036945826238586
1,0.30000000000000004,7.622300294720254,0.6811858687797764
2,0.5000000000000001,17.186819724861518,4.178669642275587
3,0.7000000000000001,12.483038898331733,2.4663550855002634
4,0.9000000000000001,9.600024431552638,0.7791565235651877
