,discretized_reward_proportion,interconnectivity_strength_mean,interconnectivity_strength_err
0,0.1,9.502854135144638,3.5027744154115124
1,0.30000000000000004,24.63298674012158,8.161822870572966
2,0.5000000000000001,27.9053722588036,6.9749795479354635
3,0.7000000000000001,34.680404936537734,4.319229298478424
4,0.9000000000000001,40.69959030256928,4.113966874429889
