,discretized_reward_proportion,interconnectivity_strength_mean,interconnectivity_strength_err
0,0.1,4.44608764751267,0.16333554905146033
1,0.30000000000000004,6.507537438794652,0.7345078918503497
2,0.5000000000000001,8.252677244381982,0.4384348989123024
3,0.7000000000000001,9.909327332409843,0.4192473769095964
4,0.9000000000000001,9.177892221726184,0.4368181462003368
