,discretized_reward_proportion,interconnectivity_strength_mean,interconnectivity_strength_err
0,0.1,7.427621525855592,0.5881077105884286
1,0.30000000000000004,7.089796596818117,0.8803891731850713
2,0.5000000000000001,4.203966601889344,0.46063991074529503
3,0.7000000000000001,4.166483717220508,0.29207476770665414
4,0.9000000000000001,6.092895130053579,0.7876731108698007
