,discretized_reward_proportion,interconnectivity_strength_mean,interconnectivity_strength_err
0,0.1,14.781284440420349,0.4551989274023191
1,0.30000000000000004,10.521276086711909,0.8039482145259019
2,0.5000000000000001,6.731382010278005,0.14372617857494913
3,0.7000000000000001,6.087789526362834,0.18698763574309651
4,0.9000000000000001,5.72296520876227,0.17085055392082893
