,discretized_reward_proportion,interconnectivity_strength_mean,interconnectivity_strength_err
0,0.1,11.983373862192092,0.5849312180831144
1,0.30000000000000004,17.90608285483921,2.4098468697880766
2,0.5000000000000001,49.833673726830696,6.500882919438221
3,0.7000000000000001,33.375180742752825,3.2777976255775254
4,0.9000000000000001,33.65083246993769,4.1645575977488525
