,discretized_reward_proportion,interconnectivity_strength_mean,interconnectivity_strength_err
0,0.1,4.628310056093368,0.694302944401882
1,0.30000000000000004,13.22581287107755,2.073812283961566
2,0.5000000000000001,9.113186142821952,1.7055189463166816
3,0.7000000000000001,10.058017054498931,2.0389308934329087
4,0.9000000000000001,12.957237730172057,3.2913021739057613
