,discretized_reward_proportion,interconnectivity_strength_mean,interconnectivity_strength_err
0,0.1,22.918072926950966,0.9544324776449385
1,0.30000000000000004,25.641088023407203,1.5768656582204406
2,0.5000000000000001,25.302800231030872,1.589499923471906
3,0.7000000000000001,17.58661762751654,1.9557784953878559
4,0.9000000000000001,34.07054470680104,4.270297329257813
