,discretized_reward_proportion,interconnectivity_strength_mean,interconnectivity_strength_err
0,0.1,16.984851229347637,1.2071941800419608
1,0.30000000000000004,16.85543352518693,1.097440295976389
2,0.5000000000000001,14.738154676903317,1.228793011325709
3,0.7000000000000001,14.60114051395601,0.6628950736848457
4,0.9000000000000001,13.97104316510259,0.5685090781029489
