,discretized_reward_proportion,interconnectivity_strength_mean,interconnectivity_strength_err
0,0.1,25.649896164031457,3.0913820331636166
1,0.30000000000000004,39.785044032807,4.799937411144043
2,0.5000000000000001,48.29945362444061,8.60928840018226
3,0.7000000000000001,34.14912323386025,4.276827133556895
4,0.9000000000000001,59.46860220134577,8.992573693814238
