,discretized_reward_proportion,interconnectivity_strength_mean,interconnectivity_strength_err
0,0.1,34.48432845780771,4.350888442740713
1,0.30000000000000004,30.31496567402816,3.8606634426522035
2,0.5000000000000001,21.55938444321705,5.470129670554848
3,0.7000000000000001,13.327687320685166,2.814340132378673
4,0.9000000000000001,17.672822151317398,2.2922877465231375
