,discretized_reward_proportion,interconnectivity_strength_mean,interconnectivity_strength_err
0,0.1,20.490056096383434,1.8098873623053118
1,0.30000000000000004,27.002864222176008,4.009063479822906
2,0.5000000000000001,22.628266343131227,4.763473889472074
3,0.7000000000000001,33.01920989972489,4.142432517818606
4,0.9000000000000001,60.5813533583008,8.982046634701073
