,discretized_reward_proportion,interconnectivity_strength_mean,interconnectivity_strength_err
0,0.1,31.61857697150209,5.1528137702859445
1,0.30000000000000004,13.725073111599349,2.984994503817903
2,0.5000000000000001,11.320994643461924,1.326363821194497
3,0.7000000000000001,17.05892168667166,1.240592755615058
4,0.9000000000000001,14.416986547175597,0.7143727682485681
