,discretized_reward_proportion,interconnectivity_strength_mean,interconnectivity_strength_err
0,0.1,7.018822183015191,0.18805171835257464
1,0.30000000000000004,6.394643326256301,0.20346872290249093
2,0.5000000000000001,5.3022783654211265,0.2777476365600592
3,0.7000000000000001,4.40434014158565,0.16483170201124095
4,0.9000000000000001,3.9758706920480438,0.10601377439888902
