,discretized_reward_proportion,interconnectivity_strength_mean,interconnectivity_strength_err
0,0.1,25.392965541394158,3.282200464128863
1,0.30000000000000004,26.365844500037777,2.3129067679831623
2,0.5000000000000001,25.372292808085618,2.039507102477774
3,0.7000000000000001,31.5247917308922,2.5500515309987035
4,0.9000000000000001,49.774748504297115,3.180892181651165
