,discretized_reward_proportion,interconnectivity_strength_mean,interconnectivity_strength_err
0,0.1,3.485272075175587,0.11830955999152416
1,0.30000000000000004,9.17879382008488,1.5787211904339178
2,0.5000000000000001,8.577568514040399,0.8173409940715382
3,0.7000000000000001,7.575526590818397,0.4638576995788021
4,0.9000000000000001,6.329794762431615,0.3226176535986149
