,discretized_reward_proportion,interconnectivity_strength_mean,interconnectivity_strength_err
0,0.1,11.961578958449344,1.2724982488008865
1,0.30000000000000004,8.712796431327487,0.6067361939410811
2,0.5000000000000001,14.626098651614372,1.7073589243312237
3,0.7000000000000001,12.706864636887367,0.8655471317873253
4,0.9000000000000001,14.461007156487536,2.169291801372869
