,discretized_reward_proportion,interconnectivity_strength_mean,interconnectivity_strength_err
0,0.1,8.772298757857554,0.46671392778972864
1,0.30000000000000004,9.27738721136122,0.37951698150122487
2,0.5000000000000001,7.430085908679335,0.3760354598039035
3,0.7000000000000001,7.3978031134504585,0.22037736312048314
4,0.9000000000000001,8.59807476845289,0.36675611362903987
