,discretized_reward_proportion,interconnectivity_strength_mean,interconnectivity_strength_err
0,0.1,8.221291384512007,0.45418214999616774
1,0.30000000000000004,7.159826548673152,0.389130188305188
2,0.5000000000000001,6.344310061963195,0.33239704282067567
3,0.7000000000000001,5.90452715126483,0.1777334666031166
4,0.9000000000000001,6.322439268559717,0.14771946631031196
