,discretized_reward_proportion,interconnectivity_strength_mean,interconnectivity_strength_err
0,0.1,120.66032965105636,24.577387674084125
1,0.30000000000000004,32.1455084488685,7.661855115699308
2,0.5000000000000001,37.92109984678233,7.3220990706999585
3,0.7000000000000001,19.77469406339625,3.9203788936010575
4,0.9000000000000001,8.989033287762481,1.3873689386561692
