,discretized_reward_proportion,interconnectivity_strength_mean,interconnectivity_strength_err
0,0.1,46.266708940544326,3.3789086170245897
1,0.30000000000000004,34.978820891485974,5.6158026861142645
2,0.5000000000000001,84.437421710981,13.210268883150444
3,0.7000000000000001,148.88380291031785,32.95533037735212
4,0.9000000000000001,240.31937773750113,49.737854198735256
