,discretized_reward_proportion,interconnectivity_strength_mean,interconnectivity_strength_err
0,0.1,122.7944301241235,21.778144463672387
1,0.30000000000000004,59.346223071949986,8.978513161393346
2,0.5000000000000001,37.31976928927356,5.429802829756731
3,0.7000000000000001,21.678203079426527,2.887266169607543
4,0.9000000000000001,23.9722868538425,2.8902032525690413
