,discretized_reward_proportion,interconnectivity_strength_mean,interconnectivity_strength_err
0,0.1,34.125123729841874,4.96372624600746
1,0.30000000000000004,28.021169168491134,4.5532702351855425
2,0.5000000000000001,30.506030972302256,3.020138132251787
3,0.7000000000000001,30.727364870820633,2.918792573988345
4,0.9000000000000001,23.127557138833023,1.339507605886883
