,discretized_reward_proportion,interconnectivity_strength_mean,interconnectivity_strength_err
0,0.1,17.55008457257698,2.5089324736106446
1,0.30000000000000004,17.624551710920027,1.2523302162538517
2,0.5000000000000001,9.758160061843483,0.6147612759917807
3,0.7000000000000001,7.832553578336679,0.30959411667535125
4,0.9000000000000001,8.035514370185648,0.2682909862508148
