,discretized_reward_proportion,interconnectivity_strength_mean,interconnectivity_strength_err
0,0.1,16.524758331298166,2.090672365746081
1,0.30000000000000004,40.520227759037134,4.1118706322612635
2,0.5000000000000001,30.032974720680116,3.4351968077399047
3,0.7000000000000001,26.42239815080732,6.659361515684759
4,0.9000000000000001,0.27090544286273077,0.2646768989495149
