,discretized_reward_proportion,interconnectivity_strength_mean,interconnectivity_strength_err
0,0.1,6.634156626814293,0.5652294938071339
1,0.30000000000000004,4.628436787940161,0.4276209394439299
2,0.5000000000000001,2.9098488130259454,0.31364173705929166
3,0.7000000000000001,2.6258440469555695,0.0904839505895248
4,0.9000000000000001,3.397176744222552,0.16899152888673424
