,discretized_reward_proportion,interconnectivity_strength_mean,interconnectivity_strength_err
0,0.1,42.54028977958599,27.157784826392994
1,0.30000000000000004,465.83493490308524,221.38031110384637
2,0.5000000000000001,668.8946215099929,268.3582281345096
3,0.7000000000000001,268.3277775482509,86.31107988320194
4,0.9000000000000001,6.649580705373007,1.6128898167748615
