,discretized_reward_proportion,interconnectivity_strength_mean,interconnectivity_strength_err
0,0.1,26.30008535370843,7.353061658887797
1,0.30000000000000004,60.25177707147582,17.956293232182446
2,0.5000000000000001,61.75873464142345,16.79961248560064
3,0.7000000000000001,20.668608968778205,9.033960377398808
4,0.9000000000000001,54.650028151667364,13.134977367523232
