,discretized_reward_proportion,interconnectivity_strength_mean,interconnectivity_strength_err
0,0.1,18.394098366994736,0.9673904465509771
1,0.30000000000000004,27.52122196351211,3.136856038772339
2,0.5000000000000001,20.270612217275566,1.426642716304877
3,0.7000000000000001,22.72306890776761,1.3890625778646715
4,0.9000000000000001,15.32525251007322,1.3447187502904647
