,discretized_reward_proportion,interconnectivity_strength_mean,interconnectivity_strength_err
0,0.1,5.958177387149376,1.6904881814999122
1,0.30000000000000004,9.109419791840661,1.4150514329728243
2,0.5000000000000001,20.178552504732107,2.7586153132226396
3,0.7000000000000001,22.443735682509423,1.8282597091430073
4,0.9000000000000001,19.1518183222941,1.4647150136406741
