,discretized_reward_proportion,interconnectivity_strength_mean,interconnectivity_strength_err
0,0.1,3.5792486645546995,0.09785458893949157
1,0.30000000000000004,4.3072793902160065,0.3194714028182033
2,0.5000000000000001,7.487869772450052,0.5605410501140727
3,0.7000000000000001,8.967942174325051,0.7342821897526759
4,0.9000000000000001,12.960814118209813,1.6956439577352327
