,discretized_reward_proportion,interconnectivity_strength_mean,interconnectivity_strength_err
0,0.1,31.652467927920057,5.61826445948426
1,0.30000000000000004,56.35319992249183,7.574700077658636
2,0.5000000000000001,61.205868492410204,4.9745303336173
3,0.7000000000000001,26.386142196320876,11.334767902723971
4,0.9000000000000001,1.1271957208787813,0.45566503563914074
