,discretized_reward_proportion,interconnectivity_strength_mean,interconnectivity_strength_err
0,0.1,16.092706146334198,0.4525836744969682
1,0.30000000000000004,9.340410842987446,0.5768213074497612
2,0.5000000000000001,6.570496531934604,0.206190627785939
3,0.7000000000000001,5.935870118201833,0.20661609127955644
4,0.9000000000000001,5.147009942338086,0.16266387408187152
