,discretized_reward_proportion,interconnectivity_strength_mean,interconnectivity_strength_err
0,0.1,33.287413015700395,4.0379529863038535
1,0.30000000000000004,10.510276000922305,2.1447910410486495
2,0.5000000000000001,8.36886308410144,0.5165060443347843
3,0.7000000000000001,7.9346404448147085,0.5580129097380566
4,0.9000000000000001,5.957380560453069,0.2861297395968052
