,discretized_reward_proportion,interconnectivity_strength_mean,interconnectivity_strength_err
0,0.1,29.010712473690827,8.322701235381498
1,0.30000000000000004,14.743254951673354,3.090163552838561
2,0.5000000000000001,8.5025118360361,2.051214130880089
3,0.7000000000000001,14.027512553051453,2.1542317314580655
4,0.9000000000000001,18.244543000601066,1.99050105705771
