,discretized_reward_proportion,interconnectivity_strength_mean,interconnectivity_strength_err
0,0.1,11.13496058118644,0.1463998729096909
1,0.30000000000000004,8.955952266426106,0.23065418727382478
2,0.5000000000000001,7.277902003688491,0.20592436843925396
3,0.7000000000000001,6.024092005300827,0.2698977040009227
4,0.9000000000000001,8.499504966737156,0.4170745272333133
