,discretized_reward_proportion,interconnectivity_strength_mean,interconnectivity_strength_err
0,0.1,23.204151277669798,1.4945137046484256
1,0.30000000000000004,32.030390467439666,5.046722711809059
2,0.5000000000000001,50.65944572655143,6.2453137822849065
3,0.7000000000000001,21.71578118144067,3.8613145857911366
4,0.9000000000000001,1.7821572762337268,1.5496571288943923
