,discretized_reward_proportion,interconnectivity_strength_mean,interconnectivity_strength_err
0,0.1,7.249932580444453,0.2087310420337254
1,0.30000000000000004,7.108414516449981,0.6977211794192092
2,0.5000000000000001,11.176272724468593,1.0032125910862655
3,0.7000000000000001,9.25487226060271,0.48735011669521805
4,0.9000000000000001,9.060501680112095,0.4779152341732123
