,discretized_reward_proportion,interconnectivity_strength_mean,interconnectivity_strength_err
0,0.1,0.0,0.0
1,0.30000000000000004,12.577882440805391,5.049712279243358
2,0.5000000000000001,25.80705673676577,4.489278078477112
3,0.7000000000000001,31.670052567016047,3.5644684888351894
4,0.9000000000000001,18.800490726736996,2.239530319912173
