,discretized_reward_proportion,interconnectivity_strength_mean,interconnectivity_strength_err
0,0.1,7.95449718718085,0.7900349847801832
1,0.30000000000000004,22.016771166103524,8.380987449513121
2,0.5000000000000001,7.880109838929475,5.068154292197119
3,0.7000000000000001,8.639703360994693,1.950494222864179
4,0.9000000000000001,10.898310332319122,2.109887968363144
