,discretized_reward_proportion,interconnectivity_strength_mean,interconnectivity_strength_err
0,0.1,19.008894638081742,1.3505723230857491
1,0.30000000000000004,15.402142332015185,1.6893764799183308
2,0.5000000000000001,12.11500739616377,1.4431603729033364
3,0.7000000000000001,11.817139816842767,0.9682502170920287
4,0.9000000000000001,10.860091227958993,0.6748672387930164
