,discretized_reward_proportion,interconnectivity_strength_mean,interconnectivity_strength_err
0,0.1,5.3582045657099515,1.2333576347915738
1,0.30000000000000004,7.556399882989497,1.2921004094459887
2,0.5000000000000001,5.343967145185537,0.6198211503538851
3,0.7000000000000001,7.634113547463857,0.7259682338950875
4,0.9000000000000001,10.761688027452454,0.8113570398661704
