,discretized_reward_proportion,interconnectivity_strength_mean,interconnectivity_strength_err
0,0.1,13.702499865426766,0.8924867902599564
1,0.30000000000000004,15.48456006163802,1.2841472061489045
2,0.5000000000000001,16.779391217843997,1.526248694553538
3,0.7000000000000001,14.883589402705471,0.6767737153439563
4,0.9000000000000001,19.537857200808425,1.3294897770603695
