,discretized_reward_proportion,interconnectivity_strength_mean,interconnectivity_strength_err
0,0.1,67.13995568661693,15.674659869671139
1,0.30000000000000004,33.421834035140705,14.227205387403023
2,0.5000000000000001,8.21200101968133,5.615884831615927
3,0.7000000000000001,32.019494944164286,12.989447554300993
4,0.9000000000000001,49.16598661519948,16.71925826254997
