,discretized_reward_proportion,interconnectivity_strength_mean,interconnectivity_strength_err
0,0.1,30.854356894470286,2.289722386419777
1,0.30000000000000004,18.113758265620934,2.27698500448262
2,0.5000000000000001,19.71572064631052,1.9524066974146161
3,0.7000000000000001,13.979545121850277,0.41406040829846935
4,0.9000000000000001,12.270020154549206,0.5570961423022472
