,discretized_reward_proportion,interconnectivity_strength_mean,interconnectivity_strength_err
0,0.1,0.11494252873563218,0.024179732158595965
1,0.30000000000000004,0.328125,0.05869132500514344
2,0.5000000000000001,0.18032786885245902,0.04922509831769472
3,0.7000000000000001,0.0,0.0
4,0.9000000000000001,0.0,0.0
