,discretized_reward_proportion,interconnectivity_strength_mean,interconnectivity_strength_err
0,0.1,22.417754185080046,2.664956903168521
1,0.30000000000000004,25.691277449555407,2.753608277271125
2,0.5000000000000001,30.372038207240045,5.0711259982452255
3,0.7000000000000001,41.88241004284347,7.216473876881979
4,0.9000000000000001,36.49505730437616,7.957435913969635
