,discretized_reward_proportion,interconnectivity_strength_mean,interconnectivity_strength_err
0,0.1,102.11645655028566,23.199192141932865
1,0.30000000000000004,38.86750582186446,16.47861529432237
2,0.5000000000000001,19.889688380286618,1.8016163836608903
3,0.7000000000000001,20.108691599360807,1.5870722187352093
4,0.9000000000000001,32.61613768137616,2.786095603926026
