,discretized_reward_proportion,interconnectivity_strength_mean,interconnectivity_strength_err
0,0.1,4.213974484938089,0.16786863217910855
1,0.30000000000000004,8.865656615019978,2.0919311615092426
2,0.5000000000000001,11.596396912803778,1.071067590424469
3,0.7000000000000001,12.186033962051546,0.8327417304491945
4,0.9000000000000001,11.023085621755486,0.8956499212677881
