,discretized_reward_proportion,interconnectivity_strength_mean,interconnectivity_strength_err
0,0.1,13.533512640033525,1.1217833441754803
1,0.30000000000000004,10.962273545108234,1.5041564617025651
2,0.5000000000000001,9.900806504517451,1.753698219534329
3,0.7000000000000001,19.78614910848522,2.1869882338458417
4,0.9000000000000001,21.583903980042773,3.107058556716718
