,discretized_reward_proportion,interconnectivity_strength_mean,interconnectivity_strength_err
0,0.1,71.29027769773427,12.661449415528473
1,0.30000000000000004,30.323131612289824,4.851370783799099
2,0.5000000000000001,30.209323519093907,6.003774475345559
3,0.7000000000000001,7.9006600615404725,0.39038845050449883
4,0.9000000000000001,6.091992277649959,0.2074071159444642
