,discretized_reward_proportion,interconnectivity_strength_mean,interconnectivity_strength_err
0,0.1,9.575473018550777,2.246506318329349
1,0.30000000000000004,5.84005867685544,0.5461856368627026
2,0.5000000000000001,6.179547330551962,0.43421768231725744
3,0.7000000000000001,2.1715095966663114,0.729685109009474
4,0.9000000000000001,0.0,0.0
