,discretized_reward_proportion,interconnectivity_strength_mean,interconnectivity_strength_err
0,0.1,10.802995392338895,0.4824594549245375
1,0.30000000000000004,10.075742809630121,0.9183954045746404
2,0.5000000000000001,13.484897568210403,1.95106718852332
3,0.7000000000000001,7.042199722927733,0.4333099744097874
4,0.9000000000000001,4.306880578087183,0.28472935677014716
