,discretized_reward_proportion,interconnectivity_strength_mean,interconnectivity_strength_err
0,0.1,45.68525578361673,15.143118248842114
1,0.30000000000000004,11.07160375612373,0.8198909659578678
2,0.5000000000000001,10.885267977793108,1.137906618938121
3,0.7000000000000001,9.35663553735109,0.6750735628321384
4,0.9000000000000001,8.436486561732204,0.7628310993709783
