,discretized_reward_proportion,interconnectivity_strength_mean,interconnectivity_strength_err
0,0.1,79.31624960833415,14.203453839650143
1,0.30000000000000004,87.90104313774216,16.27153204982514
2,0.5000000000000001,75.88713765337002,21.113032941167457
3,0.7000000000000001,16.53453696763306,6.93991701499341
4,0.9000000000000001,7.1594092645767695,6.804320780823056
