,discretized_reward_proportion,interconnectivity_strength_mean,interconnectivity_strength_err
0,0.1,12.879865822780951,2.7824866856692796
1,0.30000000000000004,18.5454514694328,4.54174389363267
2,0.5000000000000001,9.502642019073829,0.35297081791626095
3,0.7000000000000001,9.87988452316507,0.43270048628555297
4,0.9000000000000001,12.063842675655236,0.8002573673228564
