,discretized_reward_proportion,interconnectivity_strength_mean,interconnectivity_strength_err
0,0.1,40.08701515601908,2.947845068679861
1,0.30000000000000004,46.33388752580917,3.284167033915568
2,0.5000000000000001,32.57710826011318,2.7093637032442643
3,0.7000000000000001,20.683618331631283,1.1928219532370326
4,0.9000000000000001,22.8903359111397,0.9674063456767249
