,discretized_reward_proportion,interconnectivity_strength_mean,interconnectivity_strength_err
0,0.1,7.829452128136053,0.18198090444103435
1,0.30000000000000004,7.143542201456231,0.1543168146029034
2,0.5000000000000001,7.436672814003846,0.16085357664459934
3,0.7000000000000001,6.9935356392454775,0.21666449828875606
4,0.9000000000000001,6.297847757406573,0.12278338960565648
