,discretized_reward_proportion,interconnectivity_strength_mean,interconnectivity_strength_err
0,0.1,16.233595159604043,2.589314791923896
1,0.30000000000000004,10.169773648533136,1.1476181333682556
2,0.5000000000000001,4.364422155549477,0.33745344223934426
3,0.7000000000000001,4.10241290611338,0.18748470712082907
4,0.9000000000000001,3.8255158254180617,0.165086257463968
