,discretized_reward_proportion,interconnectivity_strength_mean,interconnectivity_strength_err
0,0.1,0.24,0.08541662601625048
1,0.30000000000000004,0.4666666666666667,0.09108400680852977
2,0.5000000000000001,2.310144565291611,1.5726738707379941
3,0.7000000000000001,19.559154840013438,2.661819594495121
4,0.9000000000000001,18.24139100566897,2.1887825515811996
