,discretized_reward_proportion,interconnectivity_strength_mean,interconnectivity_strength_err
0,0.1,93.76395295213914,16.67829078753528
1,0.30000000000000004,36.28660544450665,10.51788193925462
2,0.5000000000000001,22.45811772527781,6.851642446872251
3,0.7000000000000001,54.16658796768214,16.581118951841603
4,0.9000000000000001,68.02015851438249,18.558536299832024
