,discretized_reward_proportion,interconnectivity_strength_mean,interconnectivity_strength_err
0,0.1,7.3039115246664235,0.7848530993759774
1,0.30000000000000004,8.69083971617072,1.0799087501860518
2,0.5000000000000001,10.653557162939485,0.8850743359691912
3,0.7000000000000001,3.5017780004197188,1.0603503640145648
4,0.9000000000000001,7.751097971467014,1.602692324795856
