,discretized_reward_proportion,interconnectivity_strength_mean,interconnectivity_strength_err
0,0.1,27.475014411452918,1.4382873629431339
1,0.30000000000000004,25.505391812094327,2.230874938680414
2,0.5000000000000001,17.40467911903989,1.9094924396890103
3,0.7000000000000001,35.08049694937942,5.976377568476933
4,0.9000000000000001,19.173645439044584,3.4068024508899497
