,discretized_reward_proportion,interconnectivity_strength_mean,interconnectivity_strength_err
0,0.1,11.143371028758143,0.8835894956135734
1,0.30000000000000004,7.932249888606746,0.8454168193770761
2,0.5000000000000001,10.359173925707584,0.9611313085477293
3,0.7000000000000001,7.994996541361749,0.49301697592562976
4,0.9000000000000001,6.775003000897292,0.755141395532321
