,discretized_reward_proportion,interconnectivity_strength_mean,interconnectivity_strength_err
0,0.1,19.459982497965775,3.3727978062683155
1,0.30000000000000004,22.710544001457222,3.852849361426662
2,0.5000000000000001,21.644770033002157,2.507725840034039
3,0.7000000000000001,23.25350005061791,4.9483680075978285
4,0.9000000000000001,18.255756673573202,6.152473371942147
