,discretized_reward_proportion,interconnectivity_strength_mean,interconnectivity_strength_err
0,0.1,3.9999863590524924,0.4956079004466767
1,0.30000000000000004,11.418036133406398,1.7764104335010449
2,0.5000000000000001,25.055969866834268,2.153730336830336
3,0.7000000000000001,25.26965644991615,2.3156030867622523
4,0.9000000000000001,27.707027916243252,2.558917259695773
