,discretized_reward_proportion,interconnectivity_strength_mean,interconnectivity_strength_err
0,0.1,28.62044680330385,2.899141202322647
1,0.30000000000000004,19.342962404297417,1.7238421065769847
2,0.5000000000000001,14.288810038996907,1.8985576390213672
3,0.7000000000000001,11.144402387596527,1.5512496702578682
4,0.9000000000000001,15.546047394037295,1.6727670347618457
