,discretized_reward_proportion,interconnectivity_strength_mean,interconnectivity_strength_err
0,0.1,3.7617636549510585,0.8480300848214234
1,0.30000000000000004,4.2411412978646466,0.39216154593744573
2,0.5000000000000001,5.658922520837584,0.4155383306462205
3,0.7000000000000001,2.026657360202357,0.684964565850331
4,0.9000000000000001,0.0,0.0
