,discretized_reward_proportion,interconnectivity_strength_mean,interconnectivity_strength_err
0,0.1,34.61524084358305,3.239505032399583
1,0.30000000000000004,40.16160149217692,8.495415136010182
2,0.5000000000000001,53.91135143024407,17.47267197058173
3,0.7000000000000001,58.99357562080463,9.78909123894328
4,0.9000000000000001,26.353162160486733,3.9915286578279128
