,discretized_reward_proportion,interconnectivity_strength_mean,interconnectivity_strength_err
0,0.1,47.93585987673993,6.201877457184306
1,0.30000000000000004,32.67848886260816,4.943253748762956
2,0.5000000000000001,41.39747270473498,5.247634898391153
3,0.7000000000000001,44.35638096076556,2.9945965575456657
4,0.9000000000000001,35.587639271093245,4.769357217257099
