,discretized_reward_proportion,interconnectivity_strength_mean,interconnectivity_strength_err
0,0.1,14.377056848550225,0.3503948525819645
1,0.30000000000000004,10.998851170657824,0.8691106428843521
2,0.5000000000000001,9.97666056537711,0.8672845255443798
3,0.7000000000000001,7.831775033817309,0.6516103238496185
4,0.9000000000000001,10.574520502158324,0.506885046450945
