,discretized_reward_proportion,interconnectivity_strength_mean,interconnectivity_strength_err
0,0.1,19.262442151768667,2.2963217472479527
1,0.30000000000000004,17.772647977222405,2.454850822505569
2,0.5000000000000001,7.58265282911466,0.7560070089183608
3,0.7000000000000001,4.498168197757231,0.24616013371456155
4,0.9000000000000001,3.7661758773264515,0.06867253268066681
