,discretized_reward_proportion,interconnectivity_strength_mean,interconnectivity_strength_err
0,0.1,7.6136749155275885,1.6237253456528837
1,0.30000000000000004,13.81069307048585,4.722140247086619
2,0.5000000000000001,12.786987614595803,4.392849493204797
3,0.7000000000000001,11.805607854189898,1.5836798085662063
4,0.9000000000000001,10.829378655453382,1.5733254062268531
