,discretized_reward_proportion,interconnectivity_strength_mean,interconnectivity_strength_err
0,0.1,124.59030579940622,19.872780832208083
1,0.30000000000000004,176.49350273837214,25.06002408921528
2,0.5000000000000001,227.27187184716564,47.65315294879591
3,0.7000000000000001,131.27827790111326,15.428684119354246
4,0.9000000000000001,85.8669382093106,7.624595513978953
