,discretized_reward_proportion,interconnectivity_strength_mean,interconnectivity_strength_err
0,0.1,10.874954819548126,4.7368567974287314
1,0.30000000000000004,173.2272570376012,44.54549899990266
2,0.5000000000000001,536.5353134153744,109.70800816684196
3,0.7000000000000001,403.24769360673594,144.3274763994426
4,0.9000000000000001,0.7727272727272727,0.08934606739851098
