,discretized_reward_proportion,interconnectivity_strength_mean,interconnectivity_strength_err
0,0.1,61.03804219552129,9.73983663042079
1,0.30000000000000004,62.59063606953153,18.34001450048962
2,0.5000000000000001,106.69310193139344,24.777924124157206
3,0.7000000000000001,18.604475593903484,14.887451044688236
4,0.9000000000000001,11.19425168013144,1.0534947642726626
