,discretized_reward_proportion,interconnectivity_strength_mean,interconnectivity_strength_err
0,0.1,67.05744755026666,13.217740272870428
1,0.30000000000000004,9.580273661947,2.829197497939598
2,0.5000000000000001,6.563978213927642,2.950237405496537
3,0.7000000000000001,2.7645623484864372,0.7942625320449893
4,0.9000000000000001,9.057111348821975,1.1767273348454657
