,discretized_reward_proportion,interconnectivity_strength_mean,interconnectivity_strength_err
0,0.1,45.27272742620874,2.2863589567540052
1,0.30000000000000004,42.91597156172883,4.343991566012934
2,0.5000000000000001,65.67467597684956,6.199947878459465
3,0.7000000000000001,33.22288238874501,4.436760437401878
4,0.9000000000000001,32.525736778526806,2.5595228553048543
