,discretized_reward_proportion,interconnectivity_strength_mean,interconnectivity_strength_err
0,0.1,20.64808894947203,1.9921099273167817
1,0.30000000000000004,21.270074358780466,2.341658886536623
2,0.5000000000000001,25.744436268228053,2.804030602976203
3,0.7000000000000001,17.8718467151537,2.1634843796964156
4,0.9000000000000001,24.36590359745231,2.240850438013836
