,discretized_reward_proportion,interconnectivity_strength_mean,interconnectivity_strength_err
0,0.1,38.16879187758076,1.7335360045718033
1,0.30000000000000004,24.4198792625972,2.328095451908832
2,0.5000000000000001,18.482074344476793,1.439633102495694
3,0.7000000000000001,14.924638816187711,1.0976098395999259
4,0.9000000000000001,11.702945045212571,0.6835136961760876
