,discretized_reward_proportion,interconnectivity_strength_mean,interconnectivity_strength_err
0,0.1,253.6883569508016,46.01248198666852
1,0.30000000000000004,159.82395587095385,15.92336771592642
2,0.5000000000000001,96.26267003705799,20.373461227451656
3,0.7000000000000001,61.16771199499423,7.740050802659041
4,0.9000000000000001,86.46849258808119,11.55636745726308
