,discretized_reward_proportion,interconnectivity_strength_mean,interconnectivity_strength_err
0,0.1,11.701157808970551,2.329811821003247
1,0.30000000000000004,10.204502349561666,2.187564643458304
2,0.5000000000000001,8.908632950954598,1.8312515532165843
3,0.7000000000000001,12.192076732391358,1.2259546319436574
4,0.9000000000000001,15.086969039462016,1.3560919766687782
