,discretized_reward_proportion,interconnectivity_strength_mean,interconnectivity_strength_err
0,0.1,10.25852966199161,0.5519244923878149
1,0.30000000000000004,8.999564550246323,0.6179472107077142
2,0.5000000000000001,12.131377742829724,1.2167445500448961
3,0.7000000000000001,12.07447799162726,0.896672787295964
4,0.9000000000000001,11.829631248481173,0.7723054142107237
