,discretized_reward_proportion,interconnectivity_strength_mean,interconnectivity_strength_err
0,0.1,73.76680328831578,8.299704194232648
1,0.30000000000000004,37.6563477137184,4.795276509288203
2,0.5000000000000001,47.351101288042805,7.765067620110207
3,0.7000000000000001,47.2081152390593,8.212437981893006
4,0.9000000000000001,40.10505444380827,7.115270652371404
