,discretized_reward_proportion,interconnectivity_strength_mean,interconnectivity_strength_err
0,0.1,21.737960194370054,0.46081954444844647
1,0.30000000000000004,17.347217045598693,0.8161078819775859
2,0.5000000000000001,18.156333087083066,1.0146412443044022
3,0.7000000000000001,16.59129977644587,1.4287854275075529
4,0.9000000000000001,12.273173182115592,1.1777841620941851
