,discretized_reward_proportion,interconnectivity_strength_mean,interconnectivity_strength_err
0,0.1,6.24469627653669,0.6987750500391027
1,0.30000000000000004,21.0944431504597,3.2634200302080933
2,0.5000000000000001,19.20645193984058,2.904342353560904
3,0.7000000000000001,51.05221605434472,18.706408510234848
4,0.9000000000000001,6.432267036940927,2.607762742133183
