,discretized_reward_proportion,interconnectivity_strength_mean,interconnectivity_strength_err
0,0.1,36.09096703970362,4.2390386494036525
1,0.30000000000000004,51.06833722549813,9.678964752122809
2,0.5000000000000001,61.53949548879506,10.210977399732782
3,0.7000000000000001,28.35519660984547,10.1342433079539
4,0.9000000000000001,1.2275177884887598,1.1992952161806427
