,discretized_reward_proportion,interconnectivity_strength_mean,interconnectivity_strength_err
0,0.1,11.971390556670604,0.5704301272384743
1,0.30000000000000004,7.942824356205664,0.30276539349560605
2,0.5000000000000001,6.736077860222069,0.15098355012183584
3,0.7000000000000001,6.930013328845539,0.1683480940298168
4,0.9000000000000001,7.220968854904834,0.1701136631864615
