,discretized_reward_proportion,interconnectivity_strength_mean,interconnectivity_strength_err
0,0.1,31.780529092606685,1.5046418664133048
1,0.30000000000000004,28.111236237552315,1.502722120997592
2,0.5000000000000001,15.537779562692656,1.4920101820337652
3,0.7000000000000001,8.824278531484719,1.7082712271615308
4,0.9000000000000001,18.70766230691671,2.5178647804532037
