,discretized_reward_proportion,interconnectivity_strength_mean,interconnectivity_strength_err
0,0.1,0.5454545454545454,0.10615894693111676
1,0.30000000000000004,0.358974358974359,0.07681342173272795
2,0.5000000000000001,35.327055966174974,21.88071173926844
3,0.7000000000000001,98.28904616502973,26.091154198661812
4,0.9000000000000001,58.26526898361404,14.296401126853413
