,discretized_reward_proportion,interconnectivity_strength_mean,interconnectivity_strength_err
0,0.1,3.193751172354151,3.129224295073297
1,0.30000000000000004,10.657735459130254,4.962502575821696
2,0.5000000000000001,6.130525385670101,3.4008056028252938
3,0.7000000000000001,13.143463957213568,2.87547094457235
4,0.9000000000000001,28.097346427262984,3.7178936756766428
