,discretized_reward_proportion,interconnectivity_strength_mean,interconnectivity_strength_err
0,0.1,9.927164988064918,4.691329498160139
1,0.30000000000000004,18.680531550297008,3.457361213749537
2,0.5000000000000001,9.425814284343836,1.345184129551214
3,0.7000000000000001,16.656693482267514,1.6335340776188902
4,0.9000000000000001,19.02896018137869,2.2520625941914267
