,discretized_reward_proportion,interconnectivity_strength_mean,interconnectivity_strength_err
0,0.1,8.300336312713544,1.4963592066057847
1,0.30000000000000004,20.31868757305993,2.608160093913212
2,0.5000000000000001,34.87846150946258,12.155535117493105
3,0.7000000000000001,72.72243762500693,24.12117503838719
4,0.9000000000000001,50.33675544649151,11.707505970606473
