,discretized_reward_proportion,interconnectivity_strength_mean,interconnectivity_strength_err
0,0.1,43.20505241690713,8.454112433952545
1,0.30000000000000004,18.210416512001412,3.754811309199402
2,0.5000000000000001,10.507820034271802,4.307111443000825
3,0.7000000000000001,21.20260097151916,6.232647557660973
4,0.9000000000000001,20.267549669328666,7.681175851940276
