,discretized_reward_proportion,interconnectivity_strength_mean,interconnectivity_strength_err
0,0.1,6.057533922354455,0.0819014760077523
1,0.30000000000000004,7.850785427392864,0.9368131201200031
2,0.5000000000000001,7.529428253806648,0.6485578616114944
3,0.7000000000000001,12.80788448114952,0.8231153350390791
4,0.9000000000000001,12.748900916112115,1.211310163956206
