,discretized_reward_proportion,interconnectivity_strength_mean,interconnectivity_strength_err
0,0.1,12.686733847671471,1.5269222675578857
1,0.30000000000000004,38.08819225751972,5.120889090796419
2,0.5000000000000001,40.53197219015038,9.048045703910446
3,0.7000000000000001,25.075849312722614,8.873022309656545
4,0.9000000000000001,12.206955217571792,3.3130452898812686
