,discretized_reward_proportion,interconnectivity_strength_mean,interconnectivity_strength_err
0,0.1,17.529500137587636,0.9580980130388431
1,0.30000000000000004,13.296712857240836,0.8979277856072194
2,0.5000000000000001,11.439974901732935,0.5680398832551677
3,0.7000000000000001,30.103015905028048,5.03095933181685
4,0.9000000000000001,14.507432358906893,2.6122621136610924
