,discretized_reward_proportion,interconnectivity_strength_mean,interconnectivity_strength_err
0,0.1,76.80363040166768,11.823590359331105
1,0.30000000000000004,46.026033750302,5.003499375194298
2,0.5000000000000001,26.890016683801704,2.570621638102171
3,0.7000000000000001,17.43064729366223,1.3459679730612466
4,0.9000000000000001,20.417820157101122,1.526585887277694
