,discretized_reward_proportion,interconnectivity_strength_mean,interconnectivity_strength_err
0,0.1,0.1686746987951807,0.041102801590314014
1,0.30000000000000004,0.057692307692307696,0.03233356951833491
2,0.5000000000000001,0.07142857142857142,0.0344151468449797
3,0.7000000000000001,0.0,0.0
4,0.9000000000000001,0.0,0.0
