,discretized_reward_proportion,interconnectivity_strength_mean,interconnectivity_strength_err
0,0.1,23.206536867606655,4.696361686870916
1,0.30000000000000004,44.04272201463898,7.412220934188563
2,0.5000000000000001,40.15782302525681,6.461146876183911
3,0.7000000000000001,31.27654437528674,3.6575671419102167
4,0.9000000000000001,45.46788002471244,3.414870842456421
