,discretized_reward_proportion,interconnectivity_strength_mean,interconnectivity_strength_err
0,0.1,15.644947879820247,3.234413370198879
1,0.30000000000000004,13.67420317932901,4.098580255928198
2,0.5000000000000001,9.301999363282219,2.8148633234214966
3,0.7000000000000001,14.946186432239513,4.963485643776942
4,0.9000000000000001,3.0962479089392874,2.5619312247443626
