,discretized_reward_proportion,interconnectivity_strength_mean,interconnectivity_strength_err
0,0.1,512.3731206421465,112.50913901430292
1,0.30000000000000004,322.60985958665333,88.6251492896862
2,0.5000000000000001,177.2649459443065,55.666209747196284
3,0.7000000000000001,16.889010910444874,2.4795675088547897
4,0.9000000000000001,17.121715253910686,1.5508204806109327
