,discretized_reward_proportion,interconnectivity_strength_mean,interconnectivity_strength_err
0,0.1,22.439217834366705,3.1441008906039105
1,0.30000000000000004,20.34391423408183,3.495147082770712
2,0.5000000000000001,8.35279223943957,1.788322949238024
3,0.7000000000000001,12.03966352445541,1.1294582068722743
4,0.9000000000000001,11.793889036867533,1.9003282018850889
