,discretized_reward_proportion,interconnectivity_strength_mean,interconnectivity_strength_err
0,0.1,14.876264502097163,3.5697905426185126
1,0.30000000000000004,8.47842988581403,1.651623541339113
2,0.5000000000000001,21.58324050241551,3.5086982157192366
3,0.7000000000000001,21.04943886408662,1.733213843548295
4,0.9000000000000001,19.09351403377155,2.306754285453211
