,discretized_reward_proportion,interconnectivity_strength_mean,interconnectivity_strength_err
0,0.1,46.253893400678606,6.049875045494362
1,0.30000000000000004,29.223429775077587,5.3950643384492105
2,0.5000000000000001,20.273828704451724,2.4214262569281595
3,0.7000000000000001,22.605319849167312,1.9349037609522481
4,0.9000000000000001,23.68244670470307,3.115359910473027
