,discretized_reward_proportion,interconnectivity_strength_mean,interconnectivity_strength_err
0,0.1,9.656782651379155,2.302760216564235
1,0.30000000000000004,29.294030272454247,5.674699356546835
2,0.5000000000000001,19.900823265389835,6.7154311738253964
3,0.7000000000000001,6.238308086727919,2.9564518225061334
4,0.9000000000000001,0.18181818181818182,0.06714081326145421
