,discretized_reward_proportion,interconnectivity_strength_mean,interconnectivity_strength_err
0,0.1,93.0308361613467,17.923549707557243
1,0.30000000000000004,28.695109277085884,8.527720793422304
2,0.5000000000000001,45.87900306513651,11.287748459648949
3,0.7000000000000001,45.729910825528876,11.361765774551317
4,0.9000000000000001,11.288879294974885,3.6510333968546766
