,discretized_reward_proportion,interconnectivity_strength_mean,interconnectivity_strength_err
0,0.1,3.4051173841632427,0.29394830662658405
1,0.30000000000000004,9.783276255767598,2.643823412059334
2,0.5000000000000001,7.731519892314106,1.8533909941142486
3,0.7000000000000001,10.222255034177087,2.187324363924677
4,0.9000000000000001,3.794922760075985,0.5633923166192993
