,discretized_reward_proportion,interconnectivity_strength_mean,interconnectivity_strength_err
0,0.1,16.403935495663685,2.307796507328759
1,0.30000000000000004,21.145257829691992,5.909950965749024
2,0.5000000000000001,13.870852244061355,3.32315142850861
3,0.7000000000000001,10.004357011660453,1.2713023182906094
4,0.9000000000000001,16.337839366143598,1.706074970533876
