,discretized_reward_proportion,interconnectivity_strength_mean,interconnectivity_strength_err
0,0.1,32.931400622100504,5.290024906549785
1,0.30000000000000004,36.01350646400432,4.83929808778872
2,0.5000000000000001,107.93918386146534,24.958299002252037
3,0.7000000000000001,27.96708606580987,4.213353885869319
4,0.9000000000000001,15.71130579881944,3.431517256861326
