,discretized_reward_proportion,interconnectivity_strength_mean,interconnectivity_strength_err
0,0.1,50.32907369910714,26.30426193032332
1,0.30000000000000004,67.11297347899493,12.31925674000569
2,0.5000000000000001,22.558892404715905,2.7449465545074863
3,0.7000000000000001,16.118400574292835,1.2516774019350205
4,0.9000000000000001,12.520284306575121,0.6066217880439982
