,discretized_reward_proportion,interconnectivity_strength_mean,interconnectivity_strength_err
0,0.1,21.78636888153962,0.8696174177506306
1,0.30000000000000004,19.432653816533403,1.2991267631230452
2,0.5000000000000001,19.075667167044138,1.1349766782320874
3,0.7000000000000001,13.419274472489118,1.2454569868816194
4,0.9000000000000001,12.649847599589119,0.7704798425806042
