,discretized_reward_proportion,interconnectivity_strength_mean,interconnectivity_strength_err
0,0.1,43.849930662479125,5.241985218122271
1,0.30000000000000004,31.564576085870648,8.368320170420432
2,0.5000000000000001,76.89855216939559,12.87058508136388
3,0.7000000000000001,26.438988177424253,2.770589209776943
4,0.9000000000000001,22.219668082884308,2.1043860560774763
