,discretized_reward_proportion,interconnectivity_strength_mean,interconnectivity_strength_err
0,0.1,90.18015420365572,10.853567390635213
1,0.30000000000000004,59.524468852486,4.713725619308022
2,0.5000000000000001,54.510004962424716,4.961162752988443
3,0.7000000000000001,56.61744482686258,5.399088172570516
4,0.9000000000000001,36.70892978724209,4.449596811138548
