,discretized_reward_proportion,interconnectivity_strength_mean,interconnectivity_strength_err
0,0.1,39.21572053227313,11.693341456964083
1,0.30000000000000004,23.361383232085885,2.989779484323794
2,0.5000000000000001,19.880962874851686,1.9281815758891168
3,0.7000000000000001,20.181707565840703,1.631520672625299
4,0.9000000000000001,16.805544547254545,1.0651831790530852
