,discretized_reward_proportion,interconnectivity_strength_mean,interconnectivity_strength_err
0,0.1,18.56265988246478,2.194214112168537
1,0.30000000000000004,14.11836180597349,0.6996327897737994
2,0.5000000000000001,14.25752934248593,0.8419191471377724
3,0.7000000000000001,9.134828990174562,1.0193488330100233
4,0.9000000000000001,7.7490013797109984,1.2766530312900766
