,discretized_reward_proportion,interconnectivity_strength_mean,interconnectivity_strength_err
0,0.1,79.76898107842132,15.627809838963204
1,0.30000000000000004,69.39615553466244,18.34352199192443
2,0.5000000000000001,74.57739689775619,18.105833910202318
3,0.7000000000000001,24.035008551257512,2.718373851348334
4,0.9000000000000001,31.407903941911144,2.4228297290366485
