,discretized_reward_proportion,interconnectivity_strength_mean,interconnectivity_strength_err
0,0.1,9.759280395670343,0.2538434465798894
1,0.30000000000000004,9.274908673749623,0.255809367711911
2,0.5000000000000001,11.202911280073943,0.8193152087443726
3,0.7000000000000001,11.191330183500769,0.8373103940814948
4,0.9000000000000001,9.997369871441524,0.7427629183489107
