,discretized_reward_proportion,interconnectivity_strength_mean,interconnectivity_strength_err
0,0.1,2.8276074157416815,0.4255264227463114
1,0.30000000000000004,6.913657852513261,1.70612901779035
2,0.5000000000000001,11.945884438077348,2.461976165556782
3,0.7000000000000001,18.55588312021799,2.214869601454534
4,0.9000000000000001,8.506731786574331,1.327012422926682
