,discretized_reward_proportion,interconnectivity_strength_mean,interconnectivity_strength_err
0,0.1,6.51664186121654,0.3183769775210483
1,0.30000000000000004,5.863770302665046,0.29718869733524145
2,0.5000000000000001,5.613061805368201,0.2683093035378466
3,0.7000000000000001,5.3886458338535945,0.1596647849960612
4,0.9000000000000001,4.954816784463738,0.10916473729867426
