,discretized_reward_proportion,interconnectivity_strength_mean,interconnectivity_strength_err
0,0.1,6.748214731347277,1.2025422194612445
1,0.30000000000000004,19.35025881502851,6.993124644565868
2,0.5000000000000001,30.042441485765398,6.3273457442223755
3,0.7000000000000001,23.982753686506605,3.275194330938383
4,0.9000000000000001,16.202318227877115,2.6045934350359135
