,discretized_reward_proportion,interconnectivity_strength_mean,interconnectivity_strength_err
0,0.1,20.52382161813009,2.332858053116054
1,0.30000000000000004,17.49760584825929,2.032252206472612
2,0.5000000000000001,10.663685250706031,1.3460724676275384
3,0.7000000000000001,7.43192938685745,0.18749466914797305
4,0.9000000000000001,7.20547079675229,0.1871542884522776
