,discretized_reward_proportion,interconnectivity_strength_mean,interconnectivity_strength_err
0,0.1,64.26976312865686,21.796951805187977
1,0.30000000000000004,63.53262678064874,9.987636711193653
2,0.5000000000000001,38.38015873781634,7.170607930034399
3,0.7000000000000001,20.83876829214508,4.197837656236099
4,0.9000000000000001,20.711799285055353,5.191618018782231
