,discretized_reward_proportion,interconnectivity_strength_mean,interconnectivity_strength_err
0,0.1,6.623044531296592,0.3041632015916669
1,0.30000000000000004,16.929991257857775,4.949603305209084
2,0.5000000000000001,20.21893175815115,6.379806268993699
3,0.7000000000000001,5.227225276711053,0.19638842799651435
4,0.9000000000000001,4.977169367147406,0.10402687422122832
