,discretized_reward_proportion,interconnectivity_strength_mean,interconnectivity_strength_err
0,0.1,74.75761956190905,8.615441836424491
1,0.30000000000000004,26.04461980651247,2.71875784377691
2,0.5000000000000001,28.493019597177238,3.6803133992382233
3,0.7000000000000001,22.86389954901375,1.7682492748547816
4,0.9000000000000001,22.823893027341626,1.363693002822929
