,discretized_reward_proportion,interconnectivity_strength_mean,interconnectivity_strength_err
0,0.1,22.80248997764129,2.2277309914758736
1,0.30000000000000004,15.693995941685277,2.0771980831503045
2,0.5000000000000001,9.40632470514876,1.704361903787081
3,0.7000000000000001,18.278076653671985,2.369535876978747
4,0.9000000000000001,9.02970698623117,1.376397414545807
