,discretized_reward_proportion,interconnectivity_strength_mean,interconnectivity_strength_err
0,0.1,44.71236814568111,5.978553801316984
1,0.30000000000000004,22.090178455773568,5.133578304030519
2,0.5000000000000001,71.43252489474467,24.912772271840517
3,0.7000000000000001,79.71265227085844,14.654711443927209
4,0.9000000000000001,85.8066504775049,14.109435969310491
