,discretized_reward_proportion,interconnectivity_strength_mean,interconnectivity_strength_err
0,0.1,31.57162046337715,2.3438820417910526
1,0.30000000000000004,28.054690698184135,1.3669643902120345
2,0.5000000000000001,28.257200946091338,1.5267548221283462
3,0.7000000000000001,23.816500640741864,1.1038140684762079
4,0.9000000000000001,19.09665277139709,0.8238857876237474
