,discretized_reward_proportion,interconnectivity_strength_mean,interconnectivity_strength_err
0,0.1,30.855853225876395,1.4768470199695845
1,0.30000000000000004,17.809432003310853,1.2736685199570077
2,0.5000000000000001,15.256230084993504,0.9635707977458461
3,0.7000000000000001,14.764290020250282,1.2639126229332525
4,0.9000000000000001,23.876012282743396,2.4776941866502824
