,discretized_reward_proportion,interconnectivity_strength_mean,interconnectivity_strength_err
0,0.1,15.849456016372242,0.2781960630632665
1,0.30000000000000004,15.49295818438012,0.424536131835891
2,0.5000000000000001,15.325046947433448,0.4307367747963734
3,0.7000000000000001,16.615277906826265,1.0150159423732246
4,0.9000000000000001,24.184974786548604,1.1335113797383782
