,discretized_reward_proportion,interconnectivity_strength_mean,interconnectivity_strength_err
0,0.1,17.505606976500868,1.1731985779899683
1,0.30000000000000004,13.14655507186948,0.5285290016234112
2,0.5000000000000001,9.613070420736694,0.7808002382319666
3,0.7000000000000001,6.428753448324503,0.3538198797987202
4,0.9000000000000001,6.928070558840176,0.19642924006110152
