,discretized_reward_proportion,interconnectivity_strength_mean,interconnectivity_strength_err
0,0.1,5.441016398014319,2.4584168248079035
1,0.30000000000000004,39.706122235584814,11.480333561385978
2,0.5000000000000001,25.527886961735476,11.502435079017081
3,0.7000000000000001,0.0,0.0
4,0.9000000000000001,0.0,0.0
