,discretized_reward_proportion,interconnectivity_strength_mean,interconnectivity_strength_err
0,0.1,87.24351402580531,10.070961432674059
1,0.30000000000000004,71.69001546349254,16.47243097407781
2,0.5000000000000001,19.61646668649075,3.135310502611323
3,0.7000000000000001,36.600249713273485,13.884577460135223
4,0.9000000000000001,24.555038935043942,8.971417081265537
