,discretized_reward_proportion,interconnectivity_strength_mean,interconnectivity_strength_err
0,0.1,13.228961533337976,1.3882345485728116
1,0.30000000000000004,12.327003157222107,1.042445035704071
2,0.5000000000000001,11.22072478595968,0.712056959737808
3,0.7000000000000001,8.085017537300242,0.40781231683579977
4,0.9000000000000001,6.868409185294356,0.20276376477779093
