,discretized_reward_proportion,interconnectivity_strength_mean,interconnectivity_strength_err
0,0.1,71.69805238377168,9.591990128405582
1,0.30000000000000004,65.70294758969965,8.821008941390383
2,0.5000000000000001,41.58200988804109,5.145008529049079
3,0.7000000000000001,27.774236005650405,2.98127966900673
4,0.9000000000000001,23.20200831785679,3.231144600636225
