,discretized_reward_proportion,interconnectivity_strength_mean,interconnectivity_strength_err
0,0.1,14.544246044716525,1.694934192659336
1,0.30000000000000004,19.376781175544284,2.4789382248825986
2,0.5000000000000001,21.17754869587485,2.4168848436031847
3,0.7000000000000001,12.853474157953222,1.1588104611322683
4,0.9000000000000001,20.59798907263349,1.9477689163119194
