,discretized_reward_proportion,interconnectivity_strength_mean,interconnectivity_strength_err
0,0.1,16.60368240463325,3.3065198616039138
1,0.30000000000000004,11.89984854121221,1.2740027345401927
2,0.5000000000000001,21.98676102595819,4.109356679165797
3,0.7000000000000001,13.981444232917479,2.726229444355877
4,0.9000000000000001,18.761241193487013,3.085648489762974
