,discretized_reward_proportion,interconnectivity_strength_mean,interconnectivity_strength_err
0,0.1,17.854177280933207,1.366684930924965
1,0.30000000000000004,17.316356690997576,1.7733446123134906
2,0.5000000000000001,18.56620070449703,1.422755570294553
3,0.7000000000000001,14.96860388513189,1.1232698848908087
4,0.9000000000000001,18.496610691477922,1.6476667447389182
