,discretized_reward_proportion,interconnectivity_strength_mean,interconnectivity_strength_err
0,0.1,45.14757232909322,4.334177524910868
1,0.30000000000000004,27.524458414370844,4.330598026032557
2,0.5000000000000001,38.64858620652835,6.637461905204324
3,0.7000000000000001,29.62172933424502,3.6707596997463705
4,0.9000000000000001,48.91010013531407,6.887269720887306
