,discretized_reward_proportion,interconnectivity_strength_mean,interconnectivity_strength_err
0,0.1,22.05612512223215,2.3731376456410773
1,0.30000000000000004,30.286411287868045,4.765802576331258
2,0.5000000000000001,30.210805424820446,4.601806786179449
3,0.7000000000000001,14.707669282311269,1.3835975408643517
4,0.9000000000000001,14.185682540014614,1.1390653417099195
