,discretized_reward_proportion,interconnectivity_strength_mean,interconnectivity_strength_err
0,0.1,18.777466114880042,2.6340003835040404
1,0.30000000000000004,6.525721292692368,2.3792467754139253
2,0.5000000000000001,22.64186193048339,4.979750449087973
3,0.7000000000000001,37.622849958755054,8.285020245630362
4,0.9000000000000001,0.8150125439423523,0.7962741185858015
