,discretized_reward_proportion,interconnectivity_strength_mean,interconnectivity_strength_err
0,0.1,75.54163855348673,4.63550036261001
1,0.30000000000000004,60.76563341969988,5.610033180288108
2,0.5000000000000001,11.460416488426013,4.282556019359373
3,0.7000000000000001,27.86230137812879,5.606872561934976
4,0.9000000000000001,19.580743578003457,4.025728662305226
