,discretized_reward_proportion,interconnectivity_strength_mean,interconnectivity_strength_err
0,0.1,23.730467547987985,2.014997201321221
1,0.30000000000000004,21.93876104523624,1.9879782164334936
2,0.5000000000000001,23.18873299306918,1.7141785746816876
3,0.7000000000000001,31.190930827172007,3.1058136988748477
4,0.9000000000000001,36.35960356028174,4.120760579589714
