,discretized_reward_proportion,interconnectivity_strength_mean,interconnectivity_strength_err
0,0.1,404.8668470727534,53.7221799623607
1,0.30000000000000004,36.95722013684289,8.104601592556268
2,0.5000000000000001,20.75923918252258,3.7936982997659787
3,0.7000000000000001,14.231218243627271,3.1210893346509185
4,0.9000000000000001,17.706325227805053,4.373508914020587
