,discretized_reward_proportion,interconnectivity_strength_mean,interconnectivity_strength_err
0,0.1,29.083549405759477,4.613637133811534
1,0.30000000000000004,44.341715124085304,5.717141734744892
2,0.5000000000000001,28.248130724320884,3.251001418189565
3,0.7000000000000001,32.88941558071652,3.8474694470299893
4,0.9000000000000001,43.42225956053223,5.252227106325771
