,discretized_reward_proportion,interconnectivity_strength_mean,interconnectivity_strength_err
0,0.1,35.43835929212866,3.3643752138686884
1,0.30000000000000004,19.343475254537825,2.8869207449024095
2,0.5000000000000001,18.09027740373065,2.7854584912843716
3,0.7000000000000001,11.581581901852196,1.12390820577871
4,0.9000000000000001,11.843614483578266,0.58826688785404
