,discretized_reward_proportion,interconnectivity_strength_mean,interconnectivity_strength_err
0,0.1,40.994799765197726,8.804795269467071
1,0.30000000000000004,61.40316236278465,17.056140310661743
2,0.5000000000000001,75.46075097426456,12.852854417510144
3,0.7000000000000001,65.57492732517491,7.93854348775632
4,0.9000000000000001,54.79629187713222,4.579156340302477
