,discretized_reward_proportion,interconnectivity_strength_mean,interconnectivity_strength_err
0,0.1,12.641126653889486,0.7776907763663474
1,0.30000000000000004,14.168236313059245,1.49571328196587
2,0.5000000000000001,15.367885752348421,2.333381423437537
3,0.7000000000000001,11.083028124832717,0.5924131464155222
4,0.9000000000000001,13.993685250952812,0.768254082384763
