,discretized_reward_proportion,interconnectivity_strength_mean,interconnectivity_strength_err
0,0.1,52.31783011276914,3.7019533923260273
1,0.30000000000000004,55.213968390878,7.891625448934351
2,0.5000000000000001,66.80596274934464,8.759680921507869
3,0.7000000000000001,40.16810147854967,2.0846951072277204
4,0.9000000000000001,36.67373192332981,2.3081343138332358
