,discretized_reward_proportion,interconnectivity_strength_mean,interconnectivity_strength_err
0,0.1,56.916651773378746,7.499458445679276
1,0.30000000000000004,67.71198870846132,10.062441146319095
2,0.5000000000000001,62.422893703043094,9.210888837431964
3,0.7000000000000001,53.65111697529579,11.206103392525227
4,0.9000000000000001,36.71684666188892,4.897803454683446
