,discretized_reward_proportion,interconnectivity_strength_mean,interconnectivity_strength_err
0,0.1,71.74965099177253,8.852193883977986
1,0.30000000000000004,81.78942536946396,18.084402184185315
2,0.5000000000000001,51.834328750942674,4.947111233168649
3,0.7000000000000001,20.414813555705415,5.363640461365931
4,0.9000000000000001,10.844576348349653,2.8128744777773855
