,discretized_reward_proportion,interconnectivity_strength_mean,interconnectivity_strength_err
0,0.1,11.690637810897892,0.6682624624268514
1,0.30000000000000004,8.825716150030953,0.6323550568600129
2,0.5000000000000001,8.366219424230461,0.8135412958940089
3,0.7000000000000001,5.377889417637648,0.20519402444570525
4,0.9000000000000001,4.936812158932754,0.18897969160210445
