,discretized_reward_proportion,interconnectivity_strength_mean,interconnectivity_strength_err
0,0.1,53.87953544767296,9.129962137872592
1,0.30000000000000004,22.38095043886672,5.649348875090762
2,0.5000000000000001,29.486339350190086,6.588713132606168
3,0.7000000000000001,10.244650172816955,1.3040096156821184
4,0.9000000000000001,11.798373576961877,0.46154031247746397
