,discretized_reward_proportion,interconnectivity_strength_mean,interconnectivity_strength_err
0,0.1,5.999013688666417,0.9892572876191862
1,0.30000000000000004,9.23101928936946,1.8481031638781464
2,0.5000000000000001,12.705959197772197,2.9069390720998225
3,0.7000000000000001,19.556969918200913,4.7157301455992195
4,0.9000000000000001,84.06832039060606,15.30395671915956
