,discretized_reward_proportion,interconnectivity_strength_mean,interconnectivity_strength_err
0,0.1,11.412383702732374,1.1407703647592908
1,0.30000000000000004,15.185565838767198,1.118555054331313
2,0.5000000000000001,15.551591829356985,0.6582330814796247
3,0.7000000000000001,16.278769470437556,0.6368693899601547
4,0.9000000000000001,17.020608334502903,0.7288070995005567
