,discretized_reward_proportion,interconnectivity_strength_mean,interconnectivity_strength_err
0,0.1,70.9094606905769,11.524868504856864
1,0.30000000000000004,106.12363781218026,17.542510920647647
2,0.5000000000000001,68.4173687258555,14.339811823066546
3,0.7000000000000001,17.208823128157228,2.6365892950328815
4,0.9000000000000001,10.92108472693442,3.132271962547662
