,discretized_reward_proportion,interconnectivity_strength_mean,interconnectivity_strength_err
0,0.1,8.050189195958197,0.13383964534003895
1,0.30000000000000004,8.696204675636286,0.32099441672575596
2,0.5000000000000001,25.621477649343383,3.0847866595037603
3,0.7000000000000001,19.916911844485885,1.2849726583789272
4,0.9000000000000001,15.906126778610512,1.1103879519915418
