,discretized_reward_proportion,interconnectivity_strength_mean,interconnectivity_strength_err
0,0.1,17.91991024744581,0.6835569902730146
1,0.30000000000000004,14.916279268905257,0.8873814308226304
2,0.5000000000000001,13.831042465939511,0.5916311324420516
3,0.7000000000000001,14.20315968443274,2.5085509665427104
4,0.9000000000000001,7.989185211635524,1.3627502689305584
