,discretized_reward_proportion,interconnectivity_strength_mean,interconnectivity_strength_err
0,0.1,9.815627887487608,0.7258722402568779
1,0.30000000000000004,29.446018936757795,6.207395548592952
2,0.5000000000000001,35.28493024082757,3.5071697720924764
3,0.7000000000000001,33.95249123869233,3.5227099009207974
4,0.9000000000000001,40.23981624007376,5.587369647358172
