,discretized_reward_proportion,interconnectivity_strength_mean,interconnectivity_strength_err
0,0.1,14.17221726489081,0.9076717669035419
1,0.30000000000000004,23.263523895312378,5.280614871889402
2,0.5000000000000001,28.935360350414058,3.471786545380201
3,0.7000000000000001,21.836211799548405,2.1777873185053567
4,0.9000000000000001,36.858641433835125,4.176423934883101
