,discretized_reward_proportion,interconnectivity_strength_mean,interconnectivity_strength_err
0,0.1,12.527811497636057,2.7973310073693036
1,0.30000000000000004,20.103735987661416,3.0889932957433834
2,0.5000000000000001,27.031481792542504,3.7289710960685025
3,0.7000000000000001,26.791536880390947,3.6799683339563787
4,0.9000000000000001,21.76027871574308,2.211355804099273
