,discretized_reward_proportion,interconnectivity_strength_mean,interconnectivity_strength_err
0,0.1,13.084952451028297,1.1780556554621051
1,0.30000000000000004,9.38151212151906,0.6372727915572869
2,0.5000000000000001,7.687909241710631,0.5218869904075177
3,0.7000000000000001,6.798567466281062,0.14002570598866942
4,0.9000000000000001,6.933348762513734,0.18253228150826442
