,discretized_reward_proportion,interconnectivity_strength_mean,interconnectivity_strength_err
0,0.1,106.78956543683562,18.575022726699906
1,0.30000000000000004,117.54407317950873,21.052061372265676
2,0.5000000000000001,70.98373894597657,13.321598816199776
3,0.7000000000000001,30.74345451686454,9.618123855560404
4,0.9000000000000001,0.5454545454545454,0.10615894693111676
