,discretized_reward_proportion,interconnectivity_strength_mean,interconnectivity_strength_err
0,0.1,42.9191870452722,7.218385764337586
1,0.30000000000000004,30.963853001887216,6.068269127716614
2,0.5000000000000001,23.9372548271171,6.8509544435896
3,0.7000000000000001,8.916119338895609,0.48625436675895883
4,0.9000000000000001,7.129249511151846,0.3039134885358949
