,discretized_reward_proportion,interconnectivity_strength_mean,interconnectivity_strength_err
0,0.1,6.492264834864385,0.19351782391696934
1,0.30000000000000004,5.9785991278314965,0.6520899358447338
2,0.5000000000000001,5.7527889283099825,0.670203628506652
3,0.7000000000000001,16.564082876894133,2.513473210877771
4,0.9000000000000001,14.230837427793961,2.389358216128301
