,discretized_reward_proportion,interconnectivity_strength_mean,interconnectivity_strength_err
0,0.1,11.170971880017234,0.8675815010571486
1,0.30000000000000004,17.78246315305898,1.5680837991496308
2,0.5000000000000001,11.29007713377381,0.7483700296862522
3,0.7000000000000001,10.632277100517436,0.7184183253477656
4,0.9000000000000001,9.377967056057644,0.33728668779690657
