,discretized_reward_proportion,interconnectivity_strength_mean,interconnectivity_strength_err
0,0.1,22.02662585123946,3.187310967854925
1,0.30000000000000004,24.703585759484547,2.951093912373323
2,0.5000000000000001,21.41098953819901,3.2529396781714213
3,0.7000000000000001,16.07351225475291,1.7367365091545577
4,0.9000000000000001,19.09880871845437,1.4728483501348888
