,discretized_reward_proportion,interconnectivity_strength_mean,interconnectivity_strength_err
0,0.1,14.370763252618728,1.4437391327472713
1,0.30000000000000004,14.654355979756332,1.1985179498003318
2,0.5000000000000001,6.158584246737084,0.556040954325861
3,0.7000000000000001,6.547476645575894,0.31504669053180934
4,0.9000000000000001,7.217289300730424,0.2895173083648164
