,discretized_reward_proportion,interconnectivity_strength_mean,interconnectivity_strength_err
0,0.1,30.968587491260763,4.380982149608049
1,0.30000000000000004,65.15666374302981,10.148918834330107
2,0.5000000000000001,133.13413216289575,30.95755895531812
3,0.7000000000000001,28.306166777517586,5.752937409454718
4,0.9000000000000001,23.807348885061288,1.9483892060537933
