,discretized_reward_proportion,interconnectivity_strength_mean,interconnectivity_strength_err
0,0.1,12.926491174969078,0.24091218564301037
1,0.30000000000000004,10.314577557139096,0.27642468828719313
2,0.5000000000000001,9.50836721987158,0.2802127221016126
3,0.7000000000000001,8.553677328162136,0.34531481577453416
4,0.9000000000000001,7.38278093987147,0.36367779144720114
