,discretized_reward_proportion,interconnectivity_strength_mean,interconnectivity_strength_err
0,0.1,14.095976995039823,1.2459670057997279
1,0.30000000000000004,16.135206280027713,2.085627240253244
2,0.5000000000000001,21.308070824943115,4.16981487809617
3,0.7000000000000001,46.775066316373234,11.52635858807144
4,0.9000000000000001,171.1095498290496,41.324693809753064
