,discretized_reward_proportion,interconnectivity_strength_mean,interconnectivity_strength_err
0,0.1,35.09548156181428,4.532852528658332
1,0.30000000000000004,15.7609617629916,2.286338555663756
2,0.5000000000000001,20.203795210342278,3.655758658018478
3,0.7000000000000001,20.361251953354127,5.524715492484799
4,0.9000000000000001,24.05770220085498,3.3733170515586175
