,discretized_reward_proportion,interconnectivity_strength_mean,interconnectivity_strength_err
0,0.1,18.533104637753347,2.725407519227006
1,0.30000000000000004,17.499993872378006,3.497568833910734
2,0.5000000000000001,32.04296993670709,5.979030826075875
3,0.7000000000000001,22.7138918871691,3.172766355152439
4,0.9000000000000001,17.105302699721047,2.6158535052064704
