,discretized_reward_proportion,interconnectivity_strength_mean,interconnectivity_strength_err
0,0.1,17.262754252162942,2.4755740702370943
1,0.30000000000000004,24.451345610082605,2.787348684583654
2,0.5000000000000001,22.70971173197585,1.8444773680528943
3,0.7000000000000001,16.318088261059337,3.2887552593117357
4,0.9000000000000001,0.9265412513996775,0.9052386049457518
