,discretized_reward_proportion,interconnectivity_strength_mean,interconnectivity_strength_err
0,0.1,7.102002653713716,0.6972913771043538
1,0.30000000000000004,15.209275126502726,1.645333767927331
2,0.5000000000000001,13.904538986225203,1.028274337464143
3,0.7000000000000001,14.852585150469972,0.6616172193314801
4,0.9000000000000001,15.502887281515909,0.7118391954657658
