,discretized_reward_proportion,interconnectivity_strength_mean,interconnectivity_strength_err
0,0.1,50.858335370829806,6.066918894313397
1,0.30000000000000004,31.95217484415354,6.690644661402225
2,0.5000000000000001,8.117787292519393,2.6876136311646035
3,0.7000000000000001,13.647582215416238,4.629311447292468
4,0.9000000000000001,67.49930682924946,3.2103239014652036
