,discretized_reward_proportion,interconnectivity_strength_mean,interconnectivity_strength_err
0,0.1,157.00739236279372,19.506731043567928
1,0.30000000000000004,56.216433448526004,8.376933343818278
2,0.5000000000000001,49.23361307896403,7.443780193246682
3,0.7000000000000001,42.200239546353366,5.328828204274719
4,0.9000000000000001,45.278946774917856,3.8923583764297165
