,discretized_reward_proportion,interconnectivity_strength_mean,interconnectivity_strength_err
0,0.1,1.116961757438646,0.6780896584727338
1,0.30000000000000004,9.200874708277796,3.6672631074798807
2,0.5000000000000001,34.439096228645546,6.562141827270913
3,0.7000000000000001,58.974249569137775,8.75386332091104
4,0.9000000000000001,30.924491733166352,2.704286268189467
