,discretized_reward_proportion,interconnectivity_strength_mean,interconnectivity_strength_err
0,0.1,44.51163719137613,8.842626646046332
1,0.30000000000000004,42.51119782700672,13.292662606953797
2,0.5000000000000001,10.005270279526691,3.142726616804581
3,0.7000000000000001,29.689592472096137,3.8031502041247105
4,0.9000000000000001,24.02463730395889,4.825327543591041
