,discretized_reward_proportion,interconnectivity_strength_mean,interconnectivity_strength_err
0,0.1,7.932209902875349,0.7997433959205967
1,0.30000000000000004,5.3786962979955035,0.427614839934362
2,0.5000000000000001,8.487338239559294,1.1918268085811903
3,0.7000000000000001,17.05121966191243,2.121035334142408
4,0.9000000000000001,34.3773072514871,4.8931310404466295
