,discretized_reward_proportion,interconnectivity_strength_mean,interconnectivity_strength_err
0,0.1,32.13176695550691,3.2216902384595194
1,0.30000000000000004,28.47383619840055,1.6684485169692627
2,0.5000000000000001,28.939437438222008,1.6182141133698231
3,0.7000000000000001,32.805290391084455,2.842645092439614
4,0.9000000000000001,43.02665521421435,2.6231343843094796
