,discretized_reward_proportion,interconnectivity_strength_mean,interconnectivity_strength_err
0,0.1,34.262054291744406,4.224814081713525
1,0.30000000000000004,31.73575091016336,2.1832846978290674
2,0.5000000000000001,18.960283824065577,1.1321623072986813
3,0.7000000000000001,15.089140025494961,0.7876979813650448
4,0.9000000000000001,20.799723977105824,0.9418975525104865
