,discretized_reward_proportion,interconnectivity_strength_mean,interconnectivity_strength_err
0,0.1,22.680657503210675,5.241388393031502
1,0.30000000000000004,91.0218274930833,13.564223980595669
2,0.5000000000000001,45.934069367744875,3.692615917622987
3,0.7000000000000001,31.1801388672252,4.083213967386856
4,0.9000000000000001,38.520513446490476,6.060050049456494
