,discretized_reward_proportion,interconnectivity_strength_mean,interconnectivity_strength_err
0,0.1,122.21230970441323,23.096125549863725
1,0.30000000000000004,129.07812193729362,34.24447312470251
2,0.5000000000000001,223.4071532803038,64.81061253336799
3,0.7000000000000001,336.1548243902883,136.8268130579742
4,0.9000000000000001,54.77401853512314,46.04140590400994
