,discretized_reward_proportion,interconnectivity_strength_mean,interconnectivity_strength_err
0,0.1,78.00544373146295,4.175735804295555
1,0.30000000000000004,53.42957873168924,4.36036573731121
2,0.5000000000000001,50.034735300584416,3.9886594923561165
3,0.7000000000000001,33.58087982706393,5.129754424048047
4,0.9000000000000001,16.82604435018387,4.875222556009684
