,discretized_reward_proportion,interconnectivity_strength_mean,interconnectivity_strength_err
0,0.1,30.42659740319338,2.1347490608437703
1,0.30000000000000004,31.13953444148117,2.261646899132808
2,0.5000000000000001,32.77653384790384,3.108041595662876
3,0.7000000000000001,35.321476426457686,8.252753709821796
4,0.9000000000000001,,
