,discretized_reward_proportion,interconnectivity_strength_mean,interconnectivity_strength_err
0,0.1,13.412569583319446,1.9635097102390808
1,0.30000000000000004,15.720126600405935,1.3925601724967285
2,0.5000000000000001,10.043606874007583,0.9590620102982795
3,0.7000000000000001,12.103829032483098,1.0850970089736671
4,0.9000000000000001,11.128949380935552,0.6596824287206372
