,discretized_reward_proportion,interconnectivity_strength_mean,interconnectivity_strength_err
0,0.1,21.097298401584897,1.0028906472703367
1,0.30000000000000004,26.90312329411962,1.8500259114694277
2,0.5000000000000001,26.458526411844595,2.1965233524113006
3,0.7000000000000001,25.90646781741519,3.402441553318489
4,0.9000000000000001,50.19555541236986,3.5273856644482473
