,discretized_reward_proportion,interconnectivity_strength_mean,interconnectivity_strength_err
0,0.1,1.0978367240829403,0.5536112903374513
1,0.30000000000000004,9.773662965272118,1.8353006413961535
2,0.5000000000000001,3.465842679881168,1.1442024594063966
3,0.7000000000000001,9.517423650138246,0.8617409245691265
4,0.9000000000000001,4.169540258525932,0.65932540991056
