,discretized_reward_proportion,interconnectivity_strength_mean,interconnectivity_strength_err
0,0.1,12.625685804414463,1.088731581906678
1,0.30000000000000004,12.725064756140021,0.9494496513354511
2,0.5000000000000001,26.232946822277732,4.736139351943648
3,0.7000000000000001,24.549747424265018,2.2815314451239828
4,0.9000000000000001,23.446862607315005,3.083647432059532
