,discretized_reward_proportion,interconnectivity_strength_mean,interconnectivity_strength_err
0,0.1,15.408768906674712,0.7531352971741399
1,0.30000000000000004,13.726241853464737,1.0756728054127358
2,0.5000000000000001,12.325698140109864,0.9010082225435334
3,0.7000000000000001,10.785097822363415,0.5656213858550175
4,0.9000000000000001,11.254369014292141,0.49650211621022217
