,discretized_reward_proportion,interconnectivity_strength_mean,interconnectivity_strength_err
0,0.1,22.211534951606847,1.8956995435909416
1,0.30000000000000004,20.661436102145924,1.7323953997804713
2,0.5000000000000001,21.104347036713744,1.7024877056781507
3,0.7000000000000001,20.624907977957008,0.9515830241856535
4,0.9000000000000001,25.897451165352134,1.8468032829317858
