,discretized_reward_proportion,interconnectivity_strength_mean,interconnectivity_strength_err
0,0.1,8.019444975260964,0.4676330413291116
1,0.30000000000000004,10.886101011646083,0.7663360877083625
2,0.5000000000000001,12.088945335641059,0.7087782605252354
3,0.7000000000000001,12.980176358252239,0.9846389956208076
4,0.9000000000000001,10.947103749447766,0.6631456841567744
