,discretized_reward_proportion,interconnectivity_strength_mean,interconnectivity_strength_err
0,0.1,24.356962425009513,4.466529878930179
1,0.30000000000000004,29.701410523395605,5.3009630386757
2,0.5000000000000001,18.395808431434588,2.413511045930482
3,0.7000000000000001,16.679874065203595,1.4039036658361745
4,0.9000000000000001,20.84503675538145,2.0925740198261362
