,discretized_reward_proportion,interconnectivity_strength_mean,interconnectivity_strength_err
0,0.1,31.950553937904164,4.14273356163638
1,0.30000000000000004,23.501273585377916,2.4272420678035447
2,0.5000000000000001,25.058116637700945,2.5410732760776797
3,0.7000000000000001,16.896051018587777,1.8967147121636903
4,0.9000000000000001,17.01123491405022,1.0063702633479217
