,discretized_reward_proportion,interconnectivity_strength_mean,interconnectivity_strength_err
0,0.1,12.092029718780886,0.20114939545195393
1,0.30000000000000004,11.940464513361228,0.38485741143491703
2,0.5000000000000001,10.467849475083375,0.35214518637899983
3,0.7000000000000001,8.893815281439778,0.5403255076197332
4,0.9000000000000001,8.314891475592804,0.3973167783144449
