,discretized_reward_proportion,interconnectivity_strength_mean,interconnectivity_strength_err
0,0.1,55.21057459524286,9.155472863006143
1,0.30000000000000004,15.71353999012424,2.913153766883858
2,0.5000000000000001,25.539325959195263,3.1312587056136802
3,0.7000000000000001,23.006528087367602,2.4794994759883746
4,0.9000000000000001,17.469243597236343,1.106570145521583
