,discretized_reward_proportion,interconnectivity_strength_mean,interconnectivity_strength_err
0,0.1,3.7724310398155163,0.1768466000189305
1,0.30000000000000004,5.14120146232598,0.7043315003797521
2,0.5000000000000001,6.079328607107507,0.2869633108902332
3,0.7000000000000001,6.837276066000884,0.2111404735376359
4,0.9000000000000001,6.3442105311872465,0.2029693747192468
