,discretized_reward_proportion,interconnectivity_strength_mean,interconnectivity_strength_err
0,0.1,58.88447561158677,6.395065772528503
1,0.30000000000000004,89.79576114996004,18.175169591207915
2,0.5000000000000001,50.28930138340408,16.698266988933245
3,0.7000000000000001,12.363769848786163,3.6325411223079653
4,0.9000000000000001,3.0772191620178586,2.369423264648944
