,discretized_reward_proportion,interconnectivity_strength_mean,interconnectivity_strength_err
0,0.1,14.549002518312935,0.3064228750500389
1,0.30000000000000004,12.309547866680743,0.45101420088995126
2,0.5000000000000001,10.84696783223548,0.37068539719545296
3,0.7000000000000001,9.730582996804994,0.4647042089787446
4,0.9000000000000001,8.273648594760365,0.3579048140468949
