,discretized_reward_proportion,interconnectivity_strength_mean,interconnectivity_strength_err
0,0.1,37.91658273018336,3.0606308980183083
1,0.30000000000000004,35.97134122064128,5.617228446652949
2,0.5000000000000001,12.048766900179642,3.1148335133343625
3,0.7000000000000001,64.27349102994768,12.542938680331302
4,0.9000000000000001,39.03432633760627,10.376733110414913
