,discretized_reward_proportion,interconnectivity_strength_mean,interconnectivity_strength_err
0,0.1,4.79297514920107,0.2125780931363159
1,0.30000000000000004,4.306999420862622,0.16656479820363398
2,0.5000000000000001,3.8671020419354494,0.1294424605746694
3,0.7000000000000001,3.752484518107765,0.06193420495968099
4,0.9000000000000001,3.595654000726344,0.046043179871275826
