,discretized_reward_proportion,interconnectivity_strength_mean,interconnectivity_strength_err
0,0.1,20.562471952748385,1.2861892772985337
1,0.30000000000000004,15.884767111988497,1.493265081848897
2,0.5000000000000001,9.812024249472389,0.703613733732561
3,0.7000000000000001,23.040905539150803,3.1664162005924448
4,0.9000000000000001,26.650562706477686,2.6026139786579137
