,discretized_reward_proportion,interconnectivity_strength_mean,interconnectivity_strength_err
0,0.1,27.814275009848963,3.7612995326822887
1,0.30000000000000004,16.527837694759064,3.2866787416957304
2,0.5000000000000001,29.197033138483285,3.8745516983204955
3,0.7000000000000001,28.10257407986197,2.560409090122623
4,0.9000000000000001,23.723045251575034,2.8873291523148237
