,discretized_reward_proportion,interconnectivity_strength_mean,interconnectivity_strength_err
0,0.1,13.827468966497129,1.0987944201039495
1,0.30000000000000004,16.720268638902315,2.623152073557358
2,0.5000000000000001,6.5989983668414895,0.657504843739458
3,0.7000000000000001,5.346089725634152,0.6312416884108539
4,0.9000000000000001,5.642851493996172,0.27467256636345544
