,discretized_reward_proportion,interconnectivity_strength_mean,interconnectivity_strength_err
0,0.1,12.148794723970544,0.26814483582457393
1,0.30000000000000004,10.734166493256282,0.3190882196019698
2,0.5000000000000001,10.572993658781334,0.29598827241105163
3,0.7000000000000001,7.800386457548844,0.5131869045757351
4,0.9000000000000001,7.939907300239835,0.3352672448049226
