,discretized_reward_proportion,interconnectivity_strength_mean,interconnectivity_strength_err
0,0.1,14.382670670064101,1.4648148968667865
1,0.30000000000000004,17.649340285860454,2.560440122501922
2,0.5000000000000001,17.740539074723475,2.605440394144591
3,0.7000000000000001,13.399745756157218,1.1360680749639773
4,0.9000000000000001,10.777561881510529,1.491056859012154
