,discretized_reward_proportion,interconnectivity_strength_mean,interconnectivity_strength_err
0,0.1,16.804910863442082,0.8037745091590127
1,0.30000000000000004,13.366381293368255,0.9437180167129811
2,0.5000000000000001,8.744449009411008,0.5670559569248095
3,0.7000000000000001,13.116730338864366,0.9584316345751531
4,0.9000000000000001,8.414046159767237,0.6127980407127492
