,discretized_reward_proportion,interconnectivity_strength_mean,interconnectivity_strength_err
0,0.1,15.64394961423538,2.887975764249706
1,0.30000000000000004,17.16443250032631,2.1133826193213237
2,0.5000000000000001,20.50422176172527,5.938223147030141
3,0.7000000000000001,25.764435583610208,4.297481509267287
4,0.9000000000000001,17.320887350169052,2.9363130739132908
