,discretized_reward_proportion,interconnectivity_strength_mean,interconnectivity_strength_err
0,0.1,21.135387633561535,3.4855563900797257
1,0.30000000000000004,26.89810465455789,2.845155229466799
2,0.5000000000000001,69.7768473275464,12.833214672924402
3,0.7000000000000001,59.950353511396536,7.720875120285603
4,0.9000000000000001,42.07327377495315,3.653063943999519
