,discretized_reward_proportion,interconnectivity_strength_mean,interconnectivity_strength_err
0,0.1,110.159031462096,18.500269820985668
1,0.30000000000000004,57.29081025532235,9.158686929232722
2,0.5000000000000001,50.1340461523274,7.521966263959971
3,0.7000000000000001,62.77913562164611,8.58916591222196
4,0.9000000000000001,124.85151681616159,9.977742161401997
