,discretized_reward_proportion,interconnectivity_strength_mean,interconnectivity_strength_err
0,0.1,51.40304712865245,2.6324263236931573
1,0.30000000000000004,27.900495823975483,3.315935015461824
2,0.5000000000000001,21.90009930139985,2.5319871382819916
3,0.7000000000000001,12.92538700202898,1.837388756858454
4,0.9000000000000001,7.172958889638798,0.6861444890587268
