,discretized_reward_proportion,interconnectivity_strength_mean,interconnectivity_strength_err
0,0.1,62.205555600421604,27.162032765337806
1,0.30000000000000004,48.26148337532904,13.810784320714994
2,0.5000000000000001,53.2182831487642,9.850850386768162
3,0.7000000000000001,27.38957425627579,4.233520987567104
4,0.9000000000000001,26.36628883084291,2.7526702879964127
