,discretized_reward_proportion,interconnectivity_strength_mean,interconnectivity_strength_err
0,0.1,5.556788676712622,0.20054554792850768
1,0.30000000000000004,5.380791742076615,0.26687650375142047
2,0.5000000000000001,4.6623565950383155,0.20871842920083009
3,0.7000000000000001,3.979184166329431,0.14843159183668064
4,0.9000000000000001,3.5217221251803665,0.08874149006695772
