,discretized_reward_proportion,interconnectivity_strength_mean,interconnectivity_strength_err
0,0.1,19.60399492591126,6.147568346582378
1,0.30000000000000004,23.48250869650457,5.876666970041017
2,0.5000000000000001,13.996911819348725,4.952685051428604
3,0.7000000000000001,4.418208118976838,0.18409419207122255
4,0.9000000000000001,4.456433040436737,0.2538773224312598
