,discretized_reward_proportion,interconnectivity_strength_mean,interconnectivity_strength_err
0,0.1,5.192634259469113,0.2109854708319384
1,0.30000000000000004,6.12058881321001,0.5248944144448928
2,0.5000000000000001,8.49318832856153,0.40693807874880483
3,0.7000000000000001,9.40431178341029,0.35234904344595763
4,0.9000000000000001,7.988170572354701,0.28656270738752976
