,discretized_reward_proportion,interconnectivity_strength_mean,interconnectivity_strength_err
0,0.1,39.76733346452562,4.035175442584917
1,0.30000000000000004,48.14527220185529,5.703127358352586
2,0.5000000000000001,26.108657075668845,5.40342378229769
3,0.7000000000000001,3.6668292877186244,3.600754879596773
4,0.9000000000000001,0.0,0.0
