,discretized_reward_proportion,interconnectivity_strength_mean,interconnectivity_strength_err
0,0.1,59.06291043453058,6.46871668411223
1,0.30000000000000004,55.510646350057,5.870841449640944
2,0.5000000000000001,79.16795277541354,9.851912816426687
3,0.7000000000000001,18.961761835972645,4.414126794013766
4,0.9000000000000001,7.742004358193544,1.8825983178450023
