,discretized_reward_proportion,interconnectivity_strength_mean,interconnectivity_strength_err
0,0.1,5.979382659608922,0.7603494206104944
1,0.30000000000000004,10.540631355840599,2.3534834278097607
2,0.5000000000000001,6.520769173684057,0.19013030659807625
3,0.7000000000000001,6.223842818581825,0.21685669002149652
4,0.9000000000000001,5.8862595396764945,0.2511536531676879
