,discretized_reward_proportion,interconnectivity_strength_mean,interconnectivity_strength_err
0,0.1,17.827335020552702,0.7661392811896096
1,0.30000000000000004,11.590497552162441,0.4396626254949154
2,0.5000000000000001,11.46658731814988,1.714722030368805
3,0.7000000000000001,21.336207705893624,2.5487014504984367
4,0.9000000000000001,15.66287810606302,1.238245730370575
