,discretized_reward_proportion,interconnectivity_strength_mean,interconnectivity_strength_err
0,0.1,14.959481304499441,1.6034033255891011
1,0.30000000000000004,9.901832091080609,0.8087050890846326
2,0.5000000000000001,7.493364842730953,0.5157857482090165
3,0.7000000000000001,9.122052821706221,0.4501503595733231
4,0.9000000000000001,12.738889042359808,0.6968436688972148
