,discretized_reward_proportion,interconnectivity_strength_mean,interconnectivity_strength_err
0,0.1,41.61973789565619,3.584094515236287
1,0.30000000000000004,27.561456886735698,4.4476572932155864
2,0.5000000000000001,30.908058731443614,3.2484825274519906
3,0.7000000000000001,23.011706488998264,2.9646712975335956
4,0.9000000000000001,18.263511294855203,2.258127259034254
