,discretized_reward_proportion,interconnectivity_strength_mean,interconnectivity_strength_err
0,0.1,42.53264325669738,4.618293586386793
1,0.30000000000000004,20.068687374713104,2.920009054124146
2,0.5000000000000001,11.401602934754246,1.2379446558078686
3,0.7000000000000001,12.424448359138902,1.5965131620451678
4,0.9000000000000001,8.846716091283554,0.42641197662615127
