,discretized_reward_proportion,interconnectivity_strength_mean,interconnectivity_strength_err
0,0.1,21.106170766675103,0.6274709908104641
1,0.30000000000000004,14.82573537303691,1.7495033736965835
2,0.5000000000000001,15.96243996479006,2.605021333494876
3,0.7000000000000001,7.791999540634094,0.6843866778843735
4,0.9000000000000001,9.074700802714824,0.4728988278542684
