,discretized_reward_proportion,interconnectivity_strength_mean,interconnectivity_strength_err
0,0.1,158.93424418707735,19.087646694041208
1,0.30000000000000004,37.62758645712108,6.711068299227042
2,0.5000000000000001,63.666373295402735,14.191863879362723
3,0.7000000000000001,57.22365210153233,15.04399368360683
4,0.9000000000000001,83.90587570848531,17.24459468371759
