,discretized_reward_proportion,interconnectivity_strength_mean,interconnectivity_strength_err
0,0.1,22.626644691296168,4.796300680046579
1,0.30000000000000004,5.353739077962377,2.420213327763818
2,0.5000000000000001,1.8137965897620145,1.04720032255782
3,0.7000000000000001,1.3751601980993116,0.48813831052726775
4,0.9000000000000001,2.7199655291379887,0.7158998655085728
