,discretized_reward_proportion,interconnectivity_strength_mean,interconnectivity_strength_err
0,0.1,12.153708557331289,2.302754971439587
1,0.30000000000000004,54.3574391630204,5.434637184085086
2,0.5000000000000001,37.75196708437885,2.1935375128347316
3,0.7000000000000001,42.627577553369804,4.160141957484224
4,0.9000000000000001,53.46676692557378,8.56673287416816
