,discretized_reward_proportion,interconnectivity_strength_mean,interconnectivity_strength_err
0,0.1,19.95205272926744,0.8136096083082023
1,0.30000000000000004,12.618051418496062,0.854304749904083
2,0.5000000000000001,8.291222486691037,0.25436371314689094
3,0.7000000000000001,7.587073636482913,0.3753619480205919
4,0.9000000000000001,8.86600408661203,0.3855952199976913
