,discretized_reward_proportion,interconnectivity_strength_mean,interconnectivity_strength_err
0,0.1,20.41556655717055,1.9509333205476418
1,0.30000000000000004,41.649037885022196,3.0081300246273543
2,0.5000000000000001,53.1241986610257,4.12097132810354
3,0.7000000000000001,27.94879283138783,4.101041247976653
4,0.9000000000000001,33.25805175151549,2.265613356275915
