,discretized_reward_proportion,interconnectivity_strength_mean,interconnectivity_strength_err
0,0.1,13.426388228919649,3.2647053583489125
1,0.30000000000000004,17.23814301672666,4.640872453240897
2,0.5000000000000001,1.744010346454288,0.4064367519741001
3,0.7000000000000001,0.9090909090909091,0.08667841720414475
4,0.9000000000000001,,
