,discretized_reward_proportion,interconnectivity_strength_mean,interconnectivity_strength_err
0,0.1,24.605276381389466,3.4867133498450293
1,0.30000000000000004,28.737923049669263,4.8501750305530535
2,0.5000000000000001,20.484886704703793,2.855739204545536
3,0.7000000000000001,34.74052931258582,3.941233170129259
4,0.9000000000000001,52.08282274267106,5.878447385594928
