,discretized_reward_proportion,interconnectivity_strength_mean,interconnectivity_strength_err
0,0.1,11.601856492142693,1.3443451563808124
1,0.30000000000000004,7.588263309922268,0.7221602525794814
2,0.5000000000000001,4.400796802839685,0.48737176383129144
3,0.7000000000000001,3.425047340209109,0.16679086731146478
4,0.9000000000000001,4.148532204142929,0.25049111949614633
