,discretized_reward_proportion,interconnectivity_strength_mean,interconnectivity_strength_err
0,0.1,41.52808130807539,9.218080061104661
1,0.30000000000000004,20.216533419937754,5.040514074253449
2,0.5000000000000001,13.812942758141595,3.9479230983843583
3,0.7000000000000001,19.082759449158193,4.62091139849692
4,0.9000000000000001,24.45190018226709,5.559553416455419
