,discretized_reward_proportion,interconnectivity_strength_mean,interconnectivity_strength_err
0,0.1,18.222630708075137,0.9148613925361135
1,0.30000000000000004,28.791993069509424,3.9027387087643057
2,0.5000000000000001,21.081102233965826,2.1658272014350133
3,0.7000000000000001,22.340081985344103,1.36718368818664
4,0.9000000000000001,22.48775531541433,1.4282791927657466
