,discretized_reward_proportion,interconnectivity_strength_mean,interconnectivity_strength_err
0,0.1,10.022834092365951,1.1201715881241543
1,0.30000000000000004,8.574049161575212,0.39494156506569966
2,0.5000000000000001,5.634174753748836,0.2031014622954633
3,0.7000000000000001,5.1142443014189585,0.09456639851127299
4,0.9000000000000001,5.274651271226242,0.09578948427811282
