,discretized_reward_proportion,interconnectivity_strength_mean,interconnectivity_strength_err
0,0.1,5.854860928312204,1.0943294535067125
1,0.30000000000000004,5.343097220300129,0.7447438626453985
2,0.5000000000000001,8.039185118660097,0.9345362133837283
3,0.7000000000000001,16.27784261124292,1.8117586439084865
4,0.9000000000000001,21.5565230707016,3.18681143344752
