,discretized_reward_proportion,interconnectivity_strength_mean,interconnectivity_strength_err
0,0.1,5.13356484313948,0.21215686533983655
1,0.30000000000000004,5.678435457668372,0.3590783981504522
2,0.5000000000000001,5.561946952878392,0.25000436627764216
3,0.7000000000000001,4.60392495980571,0.08501787662547208
4,0.9000000000000001,4.384431266642161,0.0847464003719291
