,discretized_reward_proportion,interconnectivity_strength_mean,interconnectivity_strength_err
0,0.1,183.77118461677844,33.790748049184806
1,0.30000000000000004,170.24853356866242,53.66287709117621
2,0.5000000000000001,105.3221738696144,36.43022065131577
3,0.7000000000000001,211.32587265977307,72.39348989117687
4,0.9000000000000001,55.37480967425386,38.4130510680802
