,discretized_reward_proportion,interconnectivity_strength_mean,interconnectivity_strength_err
0,0.1,22.37167092807905,2.776512928863776
1,0.30000000000000004,18.712138654113964,6.597619831759136
2,0.5000000000000001,109.39440983537386,33.82152360572707
3,0.7000000000000001,273.4286279641891,73.59638653985107
4,0.9000000000000001,396.7714666045494,133.32553267691978
