,discretized_reward_proportion,interconnectivity_strength_mean,interconnectivity_strength_err
0,0.1,5.193888721609924,0.20108191352354435
1,0.30000000000000004,6.0310488171249785,0.5314039991360976
2,0.5000000000000001,6.937541412861886,0.2993576492581948
3,0.7000000000000001,7.78778804289061,0.23153305226365462
4,0.9000000000000001,7.498603726028131,0.3101863717595467
