,discretized_reward_proportion,interconnectivity_strength_mean,interconnectivity_strength_err
0,0.1,48.71946059614497,5.126548278980223
1,0.30000000000000004,39.64668911267457,10.650790631406636
2,0.5000000000000001,66.09972903649785,16.473808648997693
3,0.7000000000000001,18.831175984340074,4.137283648711277
4,0.9000000000000001,22.037402925222413,6.608292572823698
