,discretized_reward_proportion,interconnectivity_strength_mean,interconnectivity_strength_err
0,0.1,11.468100037349439,0.6736424961744994
1,0.30000000000000004,13.700909820661094,1.1372455495871137
2,0.5000000000000001,14.270352486863638,0.9889182494344937
3,0.7000000000000001,10.42165929167925,0.5093702299731047
4,0.9000000000000001,10.328308537874445,0.7189421271293548
