,discretized_reward_proportion,interconnectivity_strength_mean,interconnectivity_strength_err
0,0.1,27.443611065795498,9.79526628908858
1,0.30000000000000004,44.35160546531353,8.159341881029444
2,0.5000000000000001,20.638320662160737,7.005771785883145
3,0.7000000000000001,14.599263469587285,3.238502607266366
4,0.9000000000000001,6.632696081854641,2.216103350450685
