,discretized_reward_proportion,interconnectivity_strength_mean,interconnectivity_strength_err
0,0.1,39.86946737191691,9.8022366546843
1,0.30000000000000004,69.24130908900915,23.916817266016718
2,0.5000000000000001,88.62468917336457,26.679999083873955
3,0.7000000000000001,50.63671797011165,8.441648787382773
4,0.9000000000000001,45.972855541792114,5.859169952251989
