,discretized_reward_proportion,interconnectivity_strength_mean,interconnectivity_strength_err
0,0.1,19.71717659236018,2.4102499037552194
1,0.30000000000000004,41.28179758917773,13.591039188704443
2,0.5000000000000001,35.84390446664879,9.62674593860868
3,0.7000000000000001,20.95355032349512,4.627439240119807
4,0.9000000000000001,12.06384079415972,4.279909759468794
