,discretized_reward_proportion,interconnectivity_strength_mean,interconnectivity_strength_err
0,0.1,6.177901087729902,1.6303860491374138
1,0.30000000000000004,29.96405684527071,9.803986092082797
2,0.5000000000000001,72.81673200587592,14.87889834238801
3,0.7000000000000001,56.931426745373834,7.369512042754712
4,0.9000000000000001,64.44764103188099,5.462113757789559
