,discretized_reward_proportion,interconnectivity_strength_mean,interconnectivity_strength_err
0,0.1,5.302264612756042,2.2834841613108283
1,0.30000000000000004,5.143624196745069,1.6873944019304814
2,0.5000000000000001,2.942940216848567,0.8956803036049268
3,0.7000000000000001,5.866990250029865,1.1937210889123369
4,0.9000000000000001,5.661834582575091,0.8813747834020339
