,discretized_reward_proportion,interconnectivity_strength_mean,interconnectivity_strength_err
0,0.1,13.084118119236996,0.23042079095070445
1,0.30000000000000004,13.177113834174941,0.4399865689285011
2,0.5000000000000001,12.442642272707742,0.48562595067069464
3,0.7000000000000001,12.810433540158513,1.1451281542083571
4,0.9000000000000001,21.066852952540494,1.46143680961866
