,discretized_reward_proportion,interconnectivity_strength_mean,interconnectivity_strength_err
0,0.1,20.296764210193377,3.346848406090628
1,0.30000000000000004,14.003786775122308,1.3148976073641183
2,0.5000000000000001,20.7590091978684,3.087829485422214
3,0.7000000000000001,13.225125256051037,1.1250046266754
4,0.9000000000000001,16.766414971266865,1.5278166016504486
