,discretized_reward_proportion,interconnectivity_strength_mean,interconnectivity_strength_err
0,0.1,18.09968793204245,1.1155701408177787
1,0.30000000000000004,19.73169179821647,2.2852587316825383
2,0.5000000000000001,13.197373574820078,2.1931468653633672
3,0.7000000000000001,10.337926563038119,0.37597279521290455
4,0.9000000000000001,10.346438302208286,0.8190688156219965
