,discretized_reward_proportion,interconnectivity_strength_mean,interconnectivity_strength_err
0,0.1,5.411753551844616,0.19981890069319136
1,0.30000000000000004,5.149114209285698,0.17656793776336854
2,0.5000000000000001,5.0919052914241405,0.21543333971775025
3,0.7000000000000001,5.051607759134878,0.14251802644706338
4,0.9000000000000001,6.23588926157565,0.21866035606687956
