,discretized_reward_proportion,interconnectivity_strength_mean,interconnectivity_strength_err
0,0.1,14.167941718096866,1.123080427156509
1,0.30000000000000004,10.583521364453288,0.5163844355404964
2,0.5000000000000001,10.252735421697944,0.49036068903741103
3,0.7000000000000001,10.211600144699592,0.44205013977744945
4,0.9000000000000001,8.62551852334165,0.28186813529592425
