,discretized_reward_proportion,interconnectivity_strength_mean,interconnectivity_strength_err
0,0.1,35.9362115963959,3.7146998337784525
1,0.30000000000000004,26.903577322171788,3.2053512309135335
2,0.5000000000000001,33.34927193824183,5.370154218726595
3,0.7000000000000001,89.75878647502435,19.308698148816177
4,0.9000000000000001,48.131362572968165,6.9558857645729075
