,discretized_reward_proportion,interconnectivity_strength_mean,interconnectivity_strength_err
0,0.1,10.514717172977981,1.3127239555914794
1,0.30000000000000004,17.246004188069328,2.4264826302453875
2,0.5000000000000001,10.568865018987019,2.7071692370320397
3,0.7000000000000001,6.332148016857528,1.003592212890347
4,0.9000000000000001,6.92258959049934,1.532433143813616
