,discretized_reward_proportion,interconnectivity_strength_mean,interconnectivity_strength_err
0,0.1,18.085649113056114,0.7008555428636656
1,0.30000000000000004,12.653999236889163,1.3963697541055526
2,0.5000000000000001,6.836806351607257,0.21030641138898803
3,0.7000000000000001,6.347240305049984,0.317271035443599
4,0.9000000000000001,5.273795576211286,0.20347308220488886
