,discretized_reward_proportion,interconnectivity_strength_mean,interconnectivity_strength_err
0,0.1,30.776442113627056,2.7423932324749996
1,0.30000000000000004,17.56892059999647,2.2993185476523816
2,0.5000000000000001,13.166428994081276,1.4146227358812167
3,0.7000000000000001,18.458388805468594,1.2561312798831243
4,0.9000000000000001,22.815188294315302,1.602277827659038
