,discretized_reward_proportion,interconnectivity_strength_mean,interconnectivity_strength_err
0,0.1,26.925778911426924,3.9342046358151443
1,0.30000000000000004,47.826687877702334,10.32421652575215
2,0.5000000000000001,10.52665684618391,1.420589800635769
3,0.7000000000000001,3.1860736781514736,1.1981542005587933
4,0.9000000000000001,0.6545454545454545,0.06411859785221005
