,discretized_reward_proportion,interconnectivity_strength_mean,interconnectivity_strength_err
0,0.1,12.153297312887332,0.2737284101218017
1,0.30000000000000004,8.489054538040472,0.25833970221033487
2,0.5000000000000001,7.361038586730238,0.17566100075533173
3,0.7000000000000001,6.50280127230468,0.26004075739722027
4,0.9000000000000001,6.554601133486885,0.181427475199368
