,discretized_reward_proportion,interconnectivity_strength_mean,interconnectivity_strength_err
0,0.1,14.245022330225124,1.9888549239219226
1,0.30000000000000004,12.258811469303044,1.609544986401127
2,0.5000000000000001,11.553940528472237,1.869647985205451
3,0.7000000000000001,9.314421515359106,1.028065594632949
4,0.9000000000000001,7.1509259694256215,0.46509959347518715
