,discretized_reward_proportion,interconnectivity_strength_mean,interconnectivity_strength_err
0,0.1,11.751178909148498,0.834068280325019
1,0.30000000000000004,9.053439199909924,0.5237824106074325
2,0.5000000000000001,7.633902067623115,0.6539870759973676
3,0.7000000000000001,6.052653101494483,0.3116129065804195
4,0.9000000000000001,5.086441530731473,0.17160773256527048
