,discretized_reward_proportion,interconnectivity_strength_mean,interconnectivity_strength_err
0,0.1,35.19416742580304,8.58184442892023
1,0.30000000000000004,214.9683720526475,69.51564162101768
2,0.5000000000000001,132.05470352572485,29.807654962896354
3,0.7000000000000001,509.0549244997866,112.58467031227285
4,0.9000000000000001,285.85017064982145,96.43106422420244
