,discretized_reward_proportion,interconnectivity_strength_mean,interconnectivity_strength_err
0,0.1,15.524472548525193,1.2042310049293712
1,0.30000000000000004,15.913722421308522,1.4622834717716373
2,0.5000000000000001,14.657408145493067,1.7079647130936995
3,0.7000000000000001,11.066388271158418,0.9481502034294702
4,0.9000000000000001,11.408448269091107,0.8723828032021758
