,discretized_reward_proportion,interconnectivity_strength_mean,interconnectivity_strength_err
0,0.1,55.2868129228518,9.512535530567488
1,0.30000000000000004,21.433862085249487,2.3777096233137187
2,0.5000000000000001,15.473429754263606,2.118134308254789
3,0.7000000000000001,7.131037425874238,1.607054847693029
4,0.9000000000000001,4.331985258888916,0.9498081265517656
