,discretized_reward_proportion,interconnectivity_strength_mean,interconnectivity_strength_err
0,0.1,15.21172350684379,1.464835058409534
1,0.30000000000000004,17.752806881284844,4.065720021706626
2,0.5000000000000001,28.55571719221836,5.75167180131177
3,0.7000000000000001,24.94226224872721,4.169338900096778
4,0.9000000000000001,29.145585549019778,5.246443559110874
