,discretized_reward_proportion,interconnectivity_strength_mean,interconnectivity_strength_err
0,0.1,9.87807873372349,1.8335629048698907
1,0.30000000000000004,19.88113286764683,5.452540546608398
2,0.5000000000000001,19.281200519340523,3.018172176425039
3,0.7000000000000001,29.62128851582112,4.428247344329904
4,0.9000000000000001,25.863410388747308,4.656712227308068
