,discretized_reward_proportion,interconnectivity_strength_mean,interconnectivity_strength_err
0,0.1,17.814279253254213,4.776759459165862
1,0.30000000000000004,15.132439811063602,3.0511709628848322
2,0.5000000000000001,8.57575293011656,0.41004384282109224
3,0.7000000000000001,9.526586691061505,0.4952762378042664
4,0.9000000000000001,10.654287958944053,0.538097105644182
