,discretized_reward_proportion,interconnectivity_strength_mean,interconnectivity_strength_err
0,0.1,26.230075331574678,2.659766241034191
1,0.30000000000000004,23.92531365813731,2.095754304332657
2,0.5000000000000001,13.12116825731757,2.0824382972135926
3,0.7000000000000001,7.0492716490424705,1.2632693001038486
4,0.9000000000000001,0.5,0.17677669529663687
