,discretized_reward_proportion,interconnectivity_strength_mean,interconnectivity_strength_err
0,0.1,27.083362616697617,2.4874746280555846
1,0.30000000000000004,27.138855172457323,5.199417912061588
2,0.5000000000000001,24.72852006148008,2.467400324768339
3,0.7000000000000001,25.43723322769648,1.6525920580559097
4,0.9000000000000001,33.83602554682771,2.1623159036361796
