,discretized_reward_proportion,interconnectivity_strength_mean,interconnectivity_strength_err
0,0.1,32.51038190452655,2.55612088910997
1,0.30000000000000004,31.83111909053188,5.599299761298886
2,0.5000000000000001,17.082006321157806,2.543022399929934
3,0.7000000000000001,11.005057257915654,3.26568804499873
4,0.9000000000000001,47.30943801476929,13.029783330177935
