,discretized_reward_proportion,interconnectivity_strength_mean,interconnectivity_strength_err
0,0.1,16.076820333911968,2.09796790485458
1,0.30000000000000004,18.837751419935135,2.3995750586238382
2,0.5000000000000001,12.434407749338257,1.0516874485132102
3,0.7000000000000001,14.271873215146092,0.8612656084308893
4,0.9000000000000001,18.00407644431623,1.2641563942654086
