,discretized_reward_proportion,interconnectivity_strength_mean,interconnectivity_strength_err
0,0.1,8.709336475305125,0.38408708006074604
1,0.30000000000000004,8.0259479229139,0.29097557851039907
2,0.5000000000000001,6.996140395226636,0.6664957000930144
3,0.7000000000000001,5.572927334812675,0.24051551890305134
4,0.9000000000000001,6.647489767660339,0.39303826314220563
