,discretized_reward_proportion,interconnectivity_strength_mean,interconnectivity_strength_err
0,0.1,67.12445449443666,8.585010211825114
1,0.30000000000000004,49.716700584639824,7.201421591448189
2,0.5000000000000001,55.45272814349244,9.949128834851903
3,0.7000000000000001,87.39332370934332,18.430604055819863
4,0.9000000000000001,96.29360826514001,25.49500104886169
