,discretized_reward_proportion,interconnectivity_strength_mean,interconnectivity_strength_err
0,0.1,20.865977681972396,4.553926564817316
1,0.30000000000000004,16.60506545677122,1.6681526409843133
2,0.5000000000000001,21.017700286352586,1.1786206416879346
3,0.7000000000000001,27.271857438208198,1.874008769887878
4,0.9000000000000001,33.86240635136358,2.114271283938622
