,discretized_reward_proportion,interconnectivity_strength_mean,interconnectivity_strength_err
0,0.1,22.797255034135883,6.719161277026867
1,0.30000000000000004,12.34227914137944,1.9887586817041838
2,0.5000000000000001,9.665127530322456,1.398819908032613
3,0.7000000000000001,8.598750856634105,0.6849383772618194
4,0.9000000000000001,12.474404719216285,1.1837387569003996
