,discretized_reward_proportion,interconnectivity_strength_mean,interconnectivity_strength_err
0,0.1,35.73559999161748,1.038646043308756
1,0.30000000000000004,23.31196368274071,1.4662410747858183
2,0.5000000000000001,23.74630635724417,1.444516216451689
3,0.7000000000000001,18.741713706468655,1.190878719917327
4,0.9000000000000001,14.142233552980315,0.6007054313990288
