,discretized_reward_proportion,interconnectivity_strength_mean,interconnectivity_strength_err
0,0.1,44.64003868662208,2.957116326276524
1,0.30000000000000004,24.009387201547476,2.349190740714997
2,0.5000000000000001,27.0372191614322,4.55182542700708
3,0.7000000000000001,42.08535220208381,5.253512638790645
4,0.9000000000000001,22.672015963067583,4.575209940624989
