,discretized_reward_proportion,interconnectivity_strength_mean,interconnectivity_strength_err
0,0.1,34.77846667190632,2.1185978894376056
1,0.30000000000000004,28.919225903801973,3.0135251235958394
2,0.5000000000000001,18.95407100315965,1.5941293992519072
3,0.7000000000000001,38.763429404957435,5.5673608656107705
4,0.9000000000000001,30.162282277478198,5.642458541129343
