,discretized_reward_proportion,interconnectivity_strength_mean,interconnectivity_strength_err
0,0.1,33.99379290218903,7.242819534094979
1,0.30000000000000004,62.99688326699981,15.681341317764746
2,0.5000000000000001,25.34888633542815,3.3049223610616094
3,0.7000000000000001,24.557985353744467,1.7222654128091173
4,0.9000000000000001,21.274714280644126,1.1079479521764277
