,discretized_reward_proportion,interconnectivity_strength_mean,interconnectivity_strength_err
0,0.1,35.010042553457104,1.43831080823634
1,0.30000000000000004,28.350428988282363,1.5507143499000973
2,0.5000000000000001,32.36600667889179,3.6326064391630037
3,0.7000000000000001,30.523808461316904,4.354398792675319
4,0.9000000000000001,43.51272765823475,8.70446514174361
