,discretized_reward_proportion,interconnectivity_strength_mean,interconnectivity_strength_err
0,0.1,31.46206582561337,7.979585570737852
1,0.30000000000000004,27.579710355351352,3.2208146141038574
2,0.5000000000000001,7.375928708384938,0.9832251284481457
3,0.7000000000000001,7.018113424649447,0.5488540899090945
4,0.9000000000000001,7.562007611508967,1.0525715230804593
