,discretized_reward_proportion,interconnectivity_strength_mean,interconnectivity_strength_err
0,0.1,54.51945330929564,5.364384832596316
1,0.30000000000000004,75.78583590916902,8.051348820778783
2,0.5000000000000001,45.5518356502553,9.373454365811158
3,0.7000000000000001,83.09353975670756,12.394865945207863
4,0.9000000000000001,79.43373944202547,9.190242498169422
