,discretized_reward_proportion,interconnectivity_strength_mean,interconnectivity_strength_err
0,0.1,15.356617201933634,1.5404620575753847
1,0.30000000000000004,8.925029050721077,0.8310031942172603
2,0.5000000000000001,8.591983427504138,0.6961525248885727
3,0.7000000000000001,8.272087978455833,0.3786823052795238
4,0.9000000000000001,7.652997630621101,0.44023420156962384
