,discretized_reward_proportion,interconnectivity_strength_mean,interconnectivity_strength_err
0,0.1,42.90099143186378,1.4087972641767967
1,0.30000000000000004,41.72933405351443,2.4504400964644195
2,0.5000000000000001,26.87359743266419,2.324162117610998
3,0.7000000000000001,26.310913744750163,7.423478842121066
4,0.9000000000000001,24.769254150833437,3.398365707024577
