,discretized_reward_proportion,interconnectivity_strength_mean,interconnectivity_strength_err
0,0.1,28.608527649372895,2.943701400503581
1,0.30000000000000004,32.063821122411674,4.1738443472111015
2,0.5000000000000001,31.537843814174813,2.6432945313231233
3,0.7000000000000001,32.43855410778261,2.7029580204941093
4,0.9000000000000001,24.913227293573648,1.5534044682917931
