,discretized_reward_proportion,interconnectivity_strength_mean,interconnectivity_strength_err
0,0.1,42.93152665345069,6.837297139153855
1,0.30000000000000004,25.641004495522914,3.4267349435505343
2,0.5000000000000001,29.3755345669398,9.733159419266864
3,0.7000000000000001,82.88258891850376,20.886233822252816
4,0.9000000000000001,126.90237951129625,57.604291473475676
