,discretized_reward_proportion,interconnectivity_strength_mean,interconnectivity_strength_err
0,0.1,27.8641778928651,5.32601639623288
1,0.30000000000000004,10.486158238593235,0.6865050603921514
2,0.5000000000000001,6.678624399478686,0.355677440858749
3,0.7000000000000001,6.294093100088897,0.22100490930434435
4,0.9000000000000001,7.916346936158551,0.29955531391786877
