,discretized_reward_proportion,interconnectivity_strength_mean,interconnectivity_strength_err
0,0.1,106.60003808744179,18.43486373850168
1,0.30000000000000004,67.43819870784739,15.869015604362671
2,0.5000000000000001,17.162465240371002,6.828155609871101
3,0.7000000000000001,3.68267502020375,1.3948525137974006
4,0.9000000000000001,3.912432685279902,1.3129635308541379
