,discretized_reward_proportion,interconnectivity_strength_mean,interconnectivity_strength_err
0,0.1,0.12,0.06499230723708768
1,0.30000000000000004,0.2,0.07302967433402216
2,0.5000000000000001,21.35629883891328,7.90824327491237
3,0.7000000000000001,18.032504164397483,5.408764376174335
4,0.9000000000000001,39.75894367733234,8.03097171589154
