,discretized_reward_proportion,interconnectivity_strength_mean,interconnectivity_strength_err
0,0.1,107.70296782890082,25.52677665562951
1,0.30000000000000004,50.944894760401844,25.539680275268516
2,0.5000000000000001,6.539721612588748,1.8193099486263569
3,0.7000000000000001,5.31361949144672,1.1042497804024858
4,0.9000000000000001,10.14164880576181,1.2616431735950346
