,discretized_reward_proportion,interconnectivity_strength_mean,interconnectivity_strength_err
0,0.1,5.2148037308254,0.7918429120012297
1,0.30000000000000004,7.26847745261571,0.9648437254149044
2,0.5000000000000001,16.250563069411637,1.7836221511679449
3,0.7000000000000001,17.038198107354702,1.0675401653118834
4,0.9000000000000001,12.150952089404676,0.8297172322203072
