,discretized_reward_proportion,interconnectivity_strength_mean,interconnectivity_strength_err
0,0.1,16.458729721648552,6.759514384699907
1,0.30000000000000004,39.683198593330914,14.693808752795915
2,0.5000000000000001,85.21286143573577,16.77547938691818
3,0.7000000000000001,78.312342152817,11.462746882934265
4,0.9000000000000001,59.3937318876833,8.396550996587825
