,discretized_reward_proportion,interconnectivity_strength_mean,interconnectivity_strength_err
0,0.1,12.625177845212496,0.29933872650822313
1,0.30000000000000004,8.229507167009935,0.5689810096539223
2,0.5000000000000001,6.246737626523203,0.2598082577245586
3,0.7000000000000001,5.455953266978619,0.20839896905229585
4,0.9000000000000001,4.297454001510463,0.1827537572945712
