,discretized_reward_proportion,interconnectivity_strength_mean,interconnectivity_strength_err
0,0.1,7.709776394553031,1.3065320823836923
1,0.30000000000000004,11.558185216787395,2.3113501656943085
2,0.5000000000000001,12.081594031495163,2.196567151926098
3,0.7000000000000001,7.7926428572735755,0.905646663603902
4,0.9000000000000001,8.6462811216451,0.7571604819807973
