,discretized_reward_proportion,interconnectivity_strength_mean,interconnectivity_strength_err
0,0.1,35.7514461562063,6.681511277829741
1,0.30000000000000004,50.33689087957596,3.7673237031396174
2,0.5000000000000001,31.04578264057261,3.8379799208399135
3,0.7000000000000001,36.04672219046465,3.587955811057655
4,0.9000000000000001,55.12775565312387,5.025561064010036
