,discretized_reward_proportion,interconnectivity_strength_mean,interconnectivity_strength_err
0,0.1,18.5810505183551,5.286840386842507
1,0.30000000000000004,11.224723281628343,2.196021143330951
2,0.5000000000000001,9.083211504281518,1.9238545359363808
3,0.7000000000000001,14.531826577231936,1.760144156215296
4,0.9000000000000001,14.750160616210902,1.517858796341623
