,discretized_reward_proportion,interconnectivity_strength_mean,interconnectivity_strength_err
0,0.1,39.44101698836709,5.574865051521781
1,0.30000000000000004,107.5030726593524,20.097831657359073
2,0.5000000000000001,93.22230903347975,19.462906390754846
3,0.7000000000000001,54.86984381062813,7.3544877212323385
4,0.9000000000000001,47.9772757697596,6.470868518409931
