,discretized_reward_proportion,interconnectivity_strength_mean,interconnectivity_strength_err
0,0.1,7.191643321537591,0.32467913749888666
1,0.30000000000000004,7.2946364679382185,0.36457259993105245
2,0.5000000000000001,5.8502383670520794,0.2213669617919086
3,0.7000000000000001,5.4397211698651375,0.09316440261533238
4,0.9000000000000001,5.466207692408961,0.10262448113981341
