,discretized_reward_proportion,interconnectivity_strength_mean,interconnectivity_strength_err
0,0.1,21.19994761297213,3.5978419829701047
1,0.30000000000000004,15.06180320337421,2.7094597628949626
2,0.5000000000000001,7.402444353222602,0.9386015771496543
3,0.7000000000000001,3.9264798319848113,0.6408604782245368
4,0.9000000000000001,3.2556867319493716,0.7952448519819403
