,discretized_reward_proportion,interconnectivity_strength_mean,interconnectivity_strength_err
0,0.1,23.238561444500018,2.7086117120876447
1,0.30000000000000004,35.24226909040239,7.989070868229843
2,0.5000000000000001,47.36325196413947,9.568182454042221
3,0.7000000000000001,40.156613525413135,6.900333976379198
4,0.9000000000000001,45.3085373938594,5.514787686644209
