,discretized_reward_proportion,interconnectivity_strength_mean,interconnectivity_strength_err
0,0.1,15.877580748670352,0.2808522225258228
1,0.30000000000000004,15.508703282815027,0.9227327064981665
2,0.5000000000000001,16.938689727898783,1.06449091512472
3,0.7000000000000001,15.91964170291902,1.9738540258220914
4,0.9000000000000001,10.143830879467268,0.9128397505889505
