,discretized_reward_proportion,interconnectivity_strength_mean,interconnectivity_strength_err
0,0.1,33.0026399620185,2.6671726929814343
1,0.30000000000000004,28.35795185942685,4.37271788734527
2,0.5000000000000001,11.696941224194646,4.745277341573362
3,0.7000000000000001,6.379583240969258,3.3459581491868593
4,0.9000000000000001,0.2727272727272727,0.06005256900689239
