,discretized_reward_proportion,interconnectivity_strength_mean,interconnectivity_strength_err
0,0.1,9.144234424149182,0.579872369580016
1,0.30000000000000004,8.121641135195883,0.37337241133493443
2,0.5000000000000001,7.60583935337711,0.43896632799991026
3,0.7000000000000001,7.766867177032593,0.2245705531780548
4,0.9000000000000001,7.779626076459629,0.19321658756126625
