,discretized_reward_proportion,interconnectivity_strength_mean,interconnectivity_strength_err
0,0.1,4.338582613168766,1.0843381768127938
1,0.30000000000000004,12.664545677482208,2.8810119135583503
2,0.5000000000000001,94.54445058163402,11.975523613434289
3,0.7000000000000001,18.97817883128622,6.459864562978462
4,0.9000000000000001,28.544169559718284,9.065509779384422
