,discretized_reward_proportion,interconnectivity_strength_mean,interconnectivity_strength_err
0,0.1,15.387279878009046,2.2175019395537143
1,0.30000000000000004,38.10677406833077,7.340270956248638
2,0.5000000000000001,53.71181172076542,8.276740433101084
3,0.7000000000000001,17.88418325226824,7.073829263939411
4,0.9000000000000001,12.926942846219083,2.228643599290822
