,discretized_reward_proportion,interconnectivity_strength_mean,interconnectivity_strength_err
0,0.1,7.614206197825401,0.4294745423054134
1,0.30000000000000004,8.786570336500732,0.6098019776278714
2,0.5000000000000001,10.33795759521037,0.4693606662994349
3,0.7000000000000001,12.584217149434712,0.3741427409102998
4,0.9000000000000001,12.647847479555505,0.5138104779632016
