,discretized_reward_proportion,interconnectivity_strength_mean,interconnectivity_strength_err
0,0.1,55.65135729394261,25.072172226269803
1,0.30000000000000004,45.95457600200391,10.476032127424686
2,0.5000000000000001,14.80764463501939,1.6150054964662217
3,0.7000000000000001,7.781436029835926,1.6376569351429537
4,0.9000000000000001,3.6050665600762075,0.9857793148212466
