,discretized_reward_proportion,interconnectivity_strength_mean,interconnectivity_strength_err
0,0.1,3.090130955785386,0.27319343266242596
1,0.30000000000000004,7.853517129530106,0.8951032676544437
2,0.5000000000000001,9.39684912679843,0.9927709803591694
3,0.7000000000000001,14.470313366884987,4.837643076803543
4,0.9000000000000001,9.482737918149542,1.7480836437705083
