,discretized_reward_proportion,interconnectivity_strength_mean,interconnectivity_strength_err
0,0.1,19.36443913452182,1.7977774690597432
1,0.30000000000000004,38.287166667236086,9.513187331946982
2,0.5000000000000001,33.61856012502689,6.226905060307857
3,0.7000000000000001,26.884612807647784,3.258716198948573
4,0.9000000000000001,33.52269158514347,3.7223988456453045
