,discretized_reward_proportion,interconnectivity_strength_mean,interconnectivity_strength_err
0,0.1,740.5990491213925,152.11036768534092
1,0.30000000000000004,248.86232022552787,99.50751587084979
2,0.5000000000000001,36.09662786142507,5.811424845928597
3,0.7000000000000001,80.21114364202172,26.638850964406792
4,0.9000000000000001,155.18568129738483,35.164495278709545
