,discretized_reward_proportion,interconnectivity_strength_mean,interconnectivity_strength_err
0,0.1,19.420849227343204,5.208125406158357
1,0.30000000000000004,34.098385772540865,8.899702296210773
2,0.5000000000000001,64.71768431272933,11.70444148211124
3,0.7000000000000001,38.15070411621713,11.38676663367928
4,0.9000000000000001,13.524805440161835,2.8901747383778447
