,discretized_reward_proportion,interconnectivity_strength_mean,interconnectivity_strength_err
0,0.1,0.7777777777777778,0.1385799032138497
1,0.30000000000000004,20.123347244248865,5.148462459130055
2,0.5000000000000001,11.990808108804151,2.609313124625154
3,0.7000000000000001,4.457235012853862,1.2336103774494198
4,0.9000000000000001,6.751899957601368,1.866286256397421
