,discretized_reward_proportion,interconnectivity_strength_mean,interconnectivity_strength_err
0,0.1,32.048714862420496,5.018375341866485
1,0.30000000000000004,42.7213900662566,4.27619337241689
2,0.5000000000000001,39.50505330218579,6.793196722585372
3,0.7000000000000001,52.40602743101766,7.824757081867095
4,0.9000000000000001,80.92926392372529,7.856490231126367
