,discretized_reward_proportion,interconnectivity_strength_mean,interconnectivity_strength_err
0,0.1,51.0101324830606,4.490240167187757
1,0.30000000000000004,31.9518082580936,3.6385089809907307
2,0.5000000000000001,17.222315151739412,2.0934478511564705
3,0.7000000000000001,32.76233725445397,6.717229567617976
4,0.9000000000000001,13.807209340527624,2.9259510077112956
