,discretized_reward_proportion,interconnectivity_strength_mean,interconnectivity_strength_err
0,0.1,22.636775690446804,0.6848758274940434
1,0.30000000000000004,21.974020132108564,1.1895988944086402
2,0.5000000000000001,15.976919649438734,0.6977053580970612
3,0.7000000000000001,13.43503182735453,0.6605701556052199
4,0.9000000000000001,15.07116427204258,0.8783496605311084
