,discretized_reward_proportion,interconnectivity_strength_mean,interconnectivity_strength_err
0,0.1,16.77842579195363,2.3919202992741386
1,0.30000000000000004,15.794421642945476,5.211634583112346
2,0.5000000000000001,9.980951413502495,2.0669785944917183
3,0.7000000000000001,11.609722249605685,2.355921860865679
4,0.9000000000000001,17.05525872218764,1.445693875523769
