,discretized_reward_proportion,interconnectivity_strength_mean,interconnectivity_strength_err
0,0.1,94.24127252100621,10.58843485998729
1,0.30000000000000004,63.733981524035684,7.536525519901945
2,0.5000000000000001,30.215299389163608,6.4894574783960435
3,0.7000000000000001,24.84957325807085,5.126325445069092
4,0.9000000000000001,1051.5857443905775,213.52474602561864
