,discretized_reward_proportion,interconnectivity_strength_mean,interconnectivity_strength_err
0,0.1,7.670838365366401,2.045816670055756
1,0.30000000000000004,12.839684156763962,2.9071520116374794
2,0.5000000000000001,12.70712391063731,3.0379403148431225
3,0.7000000000000001,9.00089666334237,2.801466440031807
4,0.9000000000000001,15.581827278561239,2.905094834146162
