,discretized_reward_proportion,interconnectivity_strength_mean,interconnectivity_strength_err
0,0.1,48.562555361495775,6.864331992263921
1,0.30000000000000004,29.381716848974158,7.616975862231644
2,0.5000000000000001,17.47919935027997,5.833926290759481
3,0.7000000000000001,23.360578173693654,4.7371229430889485
4,0.9000000000000001,76.95593378324874,13.85034006209824
