,discretized_reward_proportion,interconnectivity_strength_mean,interconnectivity_strength_err
0,0.1,43.73346262214042,5.258839650674567
1,0.30000000000000004,21.728473601619342,1.60093912893936
2,0.5000000000000001,18.24664913910023,1.5025570554885925
3,0.7000000000000001,19.741450167586716,2.186644069854501
4,0.9000000000000001,24.904042098532635,2.409804662164484
