,discretized_reward_proportion,interconnectivity_strength_mean,interconnectivity_strength_err
0,0.1,61.67880876994451,8.760132607826929
1,0.30000000000000004,99.93938615910808,22.617049014717097
2,0.5000000000000001,17.883146632952258,2.4998776571446153
3,0.7000000000000001,11.923100910284369,1.6013137290632813
4,0.9000000000000001,14.377208814984042,1.1537832864576016
