,discretized_reward_proportion,interconnectivity_strength_mean,interconnectivity_strength_err
0,0.1,49.49750986467997,15.242699725458616
1,0.30000000000000004,52.538140076338536,10.241152414551292
2,0.5000000000000001,22.579241318368165,2.4413988092221417
3,0.7000000000000001,14.315073996205648,1.0327160709017367
4,0.9000000000000001,13.712542274934611,3.4733475174889663
