,discretized_reward_proportion,interconnectivity_strength_mean,interconnectivity_strength_err
0,0.1,3.594283169754034,0.2114666256676241
1,0.30000000000000004,4.52670820575229,0.17318884704736281
2,0.5000000000000001,4.767375241981683,0.20013823243836384
3,0.7000000000000001,4.694784983985944,0.12039450345425746
4,0.9000000000000001,4.197401618133528,0.09399686484391538
