,discretized_reward_proportion,interconnectivity_strength_mean,interconnectivity_strength_err
0,0.1,16.73712474502095,5.33083086972133
1,0.30000000000000004,12.365174479394003,1.8469950056399544
2,0.5000000000000001,18.343043068317264,1.3509976373270312
3,0.7000000000000001,15.582677495932256,0.7193601024727911
4,0.9000000000000001,17.07832958904749,1.1957572766343558
