,discretized_reward_proportion,interconnectivity_strength_mean,interconnectivity_strength_err
0,0.1,5.408998320215159,0.16440500039726313
1,0.30000000000000004,5.3430902752146725,0.137478530328068
2,0.5000000000000001,5.491055440852062,0.1694429073666669
3,0.7000000000000001,6.441437367684169,0.16545173187455967
4,0.9000000000000001,5.915978652049137,0.14044654607619966
