,discretized_reward_proportion,interconnectivity_strength_mean,interconnectivity_strength_err
0,0.1,19.93589673675963,2.1999819070981563
1,0.30000000000000004,10.102538773650148,1.2941092140583508
2,0.5000000000000001,8.46425634006189,0.9594735946000604
3,0.7000000000000001,10.621192511835435,1.4866987010313744
4,0.9000000000000001,20.653758993929276,2.3438330610082714
