,discretized_reward_proportion,interconnectivity_strength_mean,interconnectivity_strength_err
0,0.1,6.721116605944734,0.21037217068103756
1,0.30000000000000004,5.535881595516997,0.5352448200076759
2,0.5000000000000001,5.6079441518326645,1.1723723604838896
3,0.7000000000000001,3.929746808691787,0.6903297153566127
4,0.9000000000000001,4.078250615783378,0.41796005515800966
