,discretized_reward_proportion,interconnectivity_strength_mean,interconnectivity_strength_err
0,0.1,5.130494209485204,0.18437946407703779
1,0.30000000000000004,7.350191920197288,0.5587517157225389
2,0.5000000000000001,6.289910598380327,0.33526901359011674
3,0.7000000000000001,6.291053956558171,0.30387214990104144
4,0.9000000000000001,8.400528283261501,0.6771581944070847
