,discretized_reward_proportion,interconnectivity_strength_mean,interconnectivity_strength_err
0,0.1,22.833082665467806,5.930629728691623
1,0.30000000000000004,24.018924277041886,6.897055706127877
2,0.5000000000000001,27.90569352715695,6.669450941977396
3,0.7000000000000001,35.827834079509806,4.802682316271663
4,0.9000000000000001,43.3462178594556,5.691672385482764
