,discretized_reward_proportion,interconnectivity_strength_mean,interconnectivity_strength_err
0,0.1,24.002256080252533,2.739702365117844
1,0.30000000000000004,18.730145619680965,2.0497722714836413
2,0.5000000000000001,18.49191785956881,1.0458563859708476
3,0.7000000000000001,18.218982265662195,1.3708618648597748
4,0.9000000000000001,22.45038169092603,1.9201711330574518
