,discretized_reward_proportion,interconnectivity_strength_mean,interconnectivity_strength_err
0,0.1,11.610155592035335,3.410721835554354
1,0.30000000000000004,21.01598900983836,3.9819659872096214
2,0.5000000000000001,53.73348519607058,6.643068509125991
3,0.7000000000000001,24.19926066302227,3.744600569735981
4,0.9000000000000001,9.12202033656373,1.7033446823119684
