,discretized_reward_proportion,interconnectivity_strength_mean,interconnectivity_strength_err
0,0.1,63.1082237765059,9.321453935883284
1,0.30000000000000004,131.63528849820003,19.466112381659606
2,0.5000000000000001,133.98612488292449,35.12400187639344
3,0.7000000000000001,31.03967492245531,9.232243389357452
4,0.9000000000000001,65.83520568837771,20.366011379640543
