,discretized_reward_proportion,interconnectivity_strength_mean,interconnectivity_strength_err
0,0.1,28.842063884269965,2.660371789635035
1,0.30000000000000004,24.9999058511415,2.680853080867521
2,0.5000000000000001,22.177468237760518,2.6517854200075006
3,0.7000000000000001,35.065096677420385,2.28216455565857
4,0.9000000000000001,33.68096134424009,3.1818347886540614
