,discretized_reward_proportion,interconnectivity_strength_mean,interconnectivity_strength_err
0,0.1,7.517913870136904,0.36073133280742464
1,0.30000000000000004,13.732359840113814,2.8568668546923557
2,0.5000000000000001,15.9659464407528,2.828976884435424
3,0.7000000000000001,29.30280804151939,4.160077994775258
4,0.9000000000000001,18.172439933193647,1.9869070276304193
