,discretized_reward_proportion,interconnectivity_strength_mean,interconnectivity_strength_err
0,0.1,8.078182912665046,0.5716895188905438
1,0.30000000000000004,7.108549435053631,0.8037698966284049
2,0.5000000000000001,6.645656049875519,1.902459002466675
3,0.7000000000000001,22.54271324916596,3.082549145131969
4,0.9000000000000001,48.83267063540203,6.52235361003464
