,discretized_reward_proportion,interconnectivity_strength_mean,interconnectivity_strength_err
0,0.1,24.638365695216393,2.7690542156235503
1,0.30000000000000004,19.02932354586462,1.9020180577908996
2,0.5000000000000001,24.04512289768263,2.377227602733131
3,0.7000000000000001,32.92380434749839,3.508409664517541
4,0.9000000000000001,30.549715676711124,3.187952667018667
