,discretized_reward_proportion,interconnectivity_strength_mean,interconnectivity_strength_err
0,0.1,53.44625194511688,2.9670621146001497
1,0.30000000000000004,56.07573411178836,5.180165752712478
2,0.5000000000000001,61.68274708079175,15.617862763285594
3,0.7000000000000001,48.664014525550904,14.541246088151144
4,0.9000000000000001,27.78518222007427,11.342320313380217
