,discretized_reward_proportion,interconnectivity_strength_mean,interconnectivity_strength_err
0,0.1,26.20731696723744,1.3734783507429236
1,0.30000000000000004,16.100671265528252,2.249452956278758
2,0.5000000000000001,7.038637728491784,0.21441179894690968
3,0.7000000000000001,6.298765803747949,0.40305598540436127
4,0.9000000000000001,5.720707405372164,0.23594032661010036
