,discretized_reward_proportion,interconnectivity_strength_mean,interconnectivity_strength_err
0,0.1,18.67945931160515,0.48291643089159725
1,0.30000000000000004,16.31965441260461,0.7540654903239276
2,0.5000000000000001,12.956174074264581,0.5382749769704143
3,0.7000000000000001,11.487811806518916,0.7079875759691618
4,0.9000000000000001,12.732730250590901,0.7193941954304117
