,discretized_reward_proportion,interconnectivity_strength_mean,interconnectivity_strength_err
0,0.1,35.36488131086786,6.683441721814581
1,0.30000000000000004,15.121591967637206,2.781201934507035
2,0.5000000000000001,12.047011414461052,2.1174877485464445
3,0.7000000000000001,14.225418037902248,1.7377359007278215
4,0.9000000000000001,9.970330602969517,0.8112088568385368
