,discretized_reward_proportion,interconnectivity_strength_mean,interconnectivity_strength_err
0,0.1,0.31758529444366784,0.31060454540692417
1,0.30000000000000004,2.672520536375142,0.5762200372314791
2,0.5000000000000001,8.335409925533346,1.4073969993208273
3,0.7000000000000001,20.943064047001496,2.9091020193633765
4,0.9000000000000001,18.875880294840297,2.9028494732778123
