,discretized_reward_proportion,interconnectivity_strength_mean,interconnectivity_strength_err
0,0.1,13.91391845993778,1.220665984028925
1,0.30000000000000004,15.46150931476227,2.289678945727892
2,0.5000000000000001,11.90369065028288,2.6604171185067607
3,0.7000000000000001,11.00679132584182,1.3201505955215218
4,0.9000000000000001,9.935436979528225,0.8888163576978079
