,discretized_reward_proportion,interconnectivity_strength_mean,interconnectivity_strength_err
0,0.1,11.663809242846328,4.105676531045978
1,0.30000000000000004,14.052637087400202,1.9932616734368223
2,0.5000000000000001,15.595446664169414,2.6069724040919806
3,0.7000000000000001,24.50392582827501,2.1337580224985233
4,0.9000000000000001,19.707073815604243,4.039462810857172
