,discretized_reward_proportion,interconnectivity_strength_mean,interconnectivity_strength_err
0,0.1,19.091672461243856,2.6887067249120746
1,0.30000000000000004,18.71139840049239,2.598985264106984
2,0.5000000000000001,9.752495301933639,1.8061446248417705
3,0.7000000000000001,10.193292252647634,0.8728190699456332
4,0.9000000000000001,25.385756960787564,8.04783632991457
