,discretized_reward_proportion,interconnectivity_strength_mean,interconnectivity_strength_err
0,0.1,47.762506880124214,10.516350899305884
1,0.30000000000000004,83.01061348969158,15.941241253813917
2,0.5000000000000001,50.11262481016763,10.70014874932131
3,0.7000000000000001,18.741308031184612,4.581983466186865
4,0.9000000000000001,11.625194015673564,2.1471706751678794
