,discretized_reward_proportion,interconnectivity_strength_mean,interconnectivity_strength_err
0,0.1,10.615188860587207,0.671569905406157
1,0.30000000000000004,10.708504425242337,0.6111865670294172
2,0.5000000000000001,8.192847616175664,0.6391190760024191
3,0.7000000000000001,7.29227538828819,0.4067434928951411
4,0.9000000000000001,9.263665582472418,0.49327244873549797
