,discretized_reward_proportion,interconnectivity_strength_mean,interconnectivity_strength_err
0,0.1,20.97015020092697,1.6862694140496959
1,0.30000000000000004,16.75463832886049,1.338824329127879
2,0.5000000000000001,22.6039315865037,1.925313878379369
3,0.7000000000000001,24.146307575117763,1.2241519969620263
4,0.9000000000000001,25.95565499940511,1.8461629649382254
