,discretized_reward_proportion,interconnectivity_strength_mean,interconnectivity_strength_err
0,0.1,19.04286412646977,1.2071475834268002
1,0.30000000000000004,23.81546765862128,2.1027554894446263
2,0.5000000000000001,23.376153833283382,1.6498428439901054
3,0.7000000000000001,15.896286236724952,1.3055984901344868
4,0.9000000000000001,10.684191579696277,0.8677618184842438
