,discretized_reward_proportion,interconnectivity_strength_mean,interconnectivity_strength_err
0,0.1,5.2061364436290445,0.19636900129743426
1,0.30000000000000004,6.989084516611079,0.6714313925627828
2,0.5000000000000001,9.10148362759866,0.49603773335836693
3,0.7000000000000001,11.345581042030695,0.6569532000954688
4,0.9000000000000001,12.562406885789946,0.7378606435786915
