,discretized_reward_proportion,interconnectivity_strength_mean,interconnectivity_strength_err
0,0.1,13.072249567090243,2.6609555559836773
1,0.30000000000000004,9.419564848860448,2.085537986197155
2,0.5000000000000001,22.13909324928833,2.8377640702566347
3,0.7000000000000001,20.01119716203684,3.0417652992356965
4,0.9000000000000001,17.51383053056091,1.7257925295826433
