,discretized_reward_proportion,interconnectivity_strength_mean,interconnectivity_strength_err
0,0.1,6.056399164255984,1.7577795181168414
1,0.30000000000000004,163.22790465544742,84.89784677228472
2,0.5000000000000001,280.48886715877524,129.82322985081126
3,0.7000000000000001,39.57209938980855,22.439203161367512
4,0.9000000000000001,48.89517647065697,7.8148903285393905
