,discretized_reward_proportion,interconnectivity_strength_mean,interconnectivity_strength_err
0,0.1,11.420347467594393,1.1333287075548129
1,0.30000000000000004,6.219664721554333,0.30547924277687494
2,0.5000000000000001,4.1784785272894975,0.1487535009231388
3,0.7000000000000001,3.368112739287534,0.0998509100899197
4,0.9000000000000001,3.404874073115238,0.08417855449235805
