,discretized_reward_proportion,interconnectivity_strength_mean,interconnectivity_strength_err
0,0.1,3.751315618960418,0.14005920411655984
1,0.30000000000000004,5.456774097442561,0.7710753182615857
2,0.5000000000000001,8.757815360812364,1.0809231941918107
3,0.7000000000000001,14.05489367994987,1.302598542643394
4,0.9000000000000001,9.521936424602796,0.8161029435187769
