,discretized_reward_proportion,interconnectivity_strength_mean,interconnectivity_strength_err
0,0.1,8.723004680531062,3.2268483620783677
1,0.30000000000000004,110.66954563319885,45.4009930238194
2,0.5000000000000001,47.61362124410572,16.880183381700434
3,0.7000000000000001,48.34239463839033,15.928152166203915
4,0.9000000000000001,41.701191586397876,7.432151697808567
