,discretized_reward_proportion,interconnectivity_strength_mean,interconnectivity_strength_err
0,0.1,24.870200688429758,2.0158081102864593
1,0.30000000000000004,24.54344304692846,5.40735391726307
2,0.5000000000000001,13.03397250999795,1.628044402853705
3,0.7000000000000001,7.208113000385311,0.2772450677392703
4,0.9000000000000001,7.88505759260739,0.3037978806503859
