,discretized_reward_proportion,interconnectivity_strength_mean,interconnectivity_strength_err
0,0.1,14.225393104743917,0.7144258377184058
1,0.30000000000000004,12.468706380808886,1.9477752719080381
2,0.5000000000000001,10.119702086078517,1.4071095524085726
3,0.7000000000000001,5.68220151032638,0.204471227441976
4,0.9000000000000001,4.697893357589732,0.12484951651450285
