,discretized_reward_proportion,interconnectivity_strength_mean,interconnectivity_strength_err
0,0.1,11.586116687202736,0.7065423718187036
1,0.30000000000000004,10.755418285003966,0.6993502433907851
2,0.5000000000000001,9.549062434045227,0.5214444341533125
3,0.7000000000000001,10.442285694680825,0.26570372260835834
4,0.9000000000000001,11.042256636389043,0.3389542590205163
