,discretized_reward_proportion,interconnectivity_strength_mean,interconnectivity_strength_err
0,0.1,33.77368718320399,3.728012958553236
1,0.30000000000000004,28.02690862531391,4.933640603869693
2,0.5000000000000001,31.151003843932923,4.560155702663836
3,0.7000000000000001,9.413615992590747,1.517965261786461
4,0.9000000000000001,8.370615010071429,0.6346999910594427
