,discretized_reward_proportion,interconnectivity_strength_mean,interconnectivity_strength_err
0,0.1,0.14754098360655737,0.04540756089329339
1,0.30000000000000004,0.11538461538461539,0.044304671987786794
2,0.5000000000000001,0.12195121951219512,0.05110465578801792
3,0.7000000000000001,4.8120378611686485,1.4044887886491921
4,0.9000000000000001,13.56480995127515,2.364807023229753
