,discretized_reward_proportion,interconnectivity_strength_mean,interconnectivity_strength_err
0,0.1,33.10926044685222,2.94566027775466
1,0.30000000000000004,29.763602529685844,5.141199784593717
2,0.5000000000000001,38.41908280388924,4.051765930084489
3,0.7000000000000001,14.284378612425455,3.7757117226786248
4,0.9000000000000001,7.9257828396744054,2.1019774638784665
