,discretized_reward_proportion,interconnectivity_strength_mean,interconnectivity_strength_err
0,0.1,24.028503405726756,2.197623034024047
1,0.30000000000000004,15.099399043271491,4.744802345000271
2,0.5000000000000001,16.34791531558458,3.1024760023354894
3,0.7000000000000001,23.250975129487685,2.2448623755365174
4,0.9000000000000001,29.318065140382505,2.3168916034437776
