,discretized_reward_proportion,interconnectivity_strength_mean,interconnectivity_strength_err
0,0.1,14.430282594254207,0.6236876043025047
1,0.30000000000000004,14.026532206783308,0.9376873911583515
2,0.5000000000000001,8.65231128976154,2.5515356140408025
3,0.7000000000000001,8.436204186949395,2.235512767725085
4,0.9000000000000001,6.336042217779713,2.0436827843517102
