,discretized_reward_proportion,interconnectivity_strength_mean,interconnectivity_strength_err
0,0.1,9.985100613900023,0.5070528483789221
1,0.30000000000000004,23.49891344302702,4.445520084906373
2,0.5000000000000001,23.143034901686175,3.651772824185996
3,0.7000000000000001,30.58467025491654,3.018745168562677
4,0.9000000000000001,23.504533178311608,2.4850550467587476
