,discretized_reward_proportion,interconnectivity_strength_mean,interconnectivity_strength_err
0,0.1,51.804112587844976,12.083336294005113
1,0.30000000000000004,80.69683792509122,28.497010002212246
2,0.5000000000000001,94.62770856433153,24.681436702931745
3,0.7000000000000001,14.970542175390637,1.1507467988459752
4,0.9000000000000001,9.287703963506534,0.42124817037833
