,discretized_reward_proportion,interconnectivity_strength_mean,interconnectivity_strength_err
0,0.1,13.369988737380421,0.9360900226024239
1,0.30000000000000004,9.596566994426688,0.812074900090183
2,0.5000000000000001,7.34681550162846,0.49802996714030034
3,0.7000000000000001,7.4649087368799085,0.3525956041678416
4,0.9000000000000001,8.847339856685647,0.4685210096414864
