,discretized_reward_proportion,interconnectivity_strength_mean,interconnectivity_strength_err
0,0.1,12.884337568849851,3.5682406492656082
1,0.30000000000000004,6.951114120451455,1.7179217251100753
2,0.5000000000000001,28.662680959967755,5.473393729013575
3,0.7000000000000001,32.766606726007986,5.177697854438473
4,0.9000000000000001,38.76603935524917,7.207732990916788
