,discretized_reward_proportion,interconnectivity_strength_mean,interconnectivity_strength_err
0,0.1,37.026916181006406,6.781173904703719
1,0.30000000000000004,54.80757281488875,7.453379657957705
2,0.5000000000000001,8.856697159854251,2.061937181666553
3,0.7000000000000001,1.488271805313499,1.2885831161826642
4,0.9000000000000001,0.3333333333333333,0.08206099398622183
