,discretized_reward_proportion,interconnectivity_strength_mean,interconnectivity_strength_err
0,0.1,21.542029115523476,1.7281525108588767
1,0.30000000000000004,31.072289106467892,3.3866779767615203
2,0.5000000000000001,44.77752791719898,8.35457851171615
3,0.7000000000000001,53.87054421161347,8.415776910422954
4,0.9000000000000001,63.965370978661966,11.243367049945245
