,discretized_reward_proportion,interconnectivity_strength_mean,interconnectivity_strength_err
0,0.1,8.1426484929168,1.1215838723006095
1,0.30000000000000004,5.546617700065416,1.1425854626862333
2,0.5000000000000001,4.767845017956795,1.011902863455411
3,0.7000000000000001,1.8705239522491726,0.5464284142787081
4,0.9000000000000001,1.6775415331947656,0.3689165645133892
