,discretized_reward_proportion,interconnectivity_strength_mean,interconnectivity_strength_err
0,0.1,20.06772322945362,1.1445869382031162
1,0.30000000000000004,22.445668041530308,2.1066298768298197
2,0.5000000000000001,16.087681965971797,1.086886288179314
3,0.7000000000000001,17.581464212711115,1.0057005133691435
4,0.9000000000000001,25.480060114624436,2.9127646326260597
