,discretized_reward_proportion,interconnectivity_strength_mean,interconnectivity_strength_err
0,0.1,259.53501689346706,84.54043695220541
1,0.30000000000000004,68.8778217623708,23.367780370306097
2,0.5000000000000001,87.08734678284979,10.179812578602206
3,0.7000000000000001,80.54652801465511,12.527233038846015
4,0.9000000000000001,95.3590041518456,10.74132753361007
