,discretized_reward_proportion,interconnectivity_strength_mean,interconnectivity_strength_err
0,0.1,19.647031630063104,1.9996718094456702
1,0.30000000000000004,22.398354374232127,3.83074564261487
2,0.5000000000000001,31.232737070495403,5.013373139713082
3,0.7000000000000001,20.340965310362698,2.2449426995638286
4,0.9000000000000001,10.813657910757568,1.4737656323114943
