,discretized_reward_proportion,interconnectivity_strength_mean,interconnectivity_strength_err
0,0.1,10.873712930717002,1.1679197543608584
1,0.30000000000000004,15.359391073334558,1.5207136193101343
2,0.5000000000000001,15.417464194738159,1.6195321062427241
3,0.7000000000000001,5.082172746651291,0.8822704389674382
4,0.9000000000000001,5.883491129483814,0.5063112364402252
