,discretized_reward_proportion,interconnectivity_strength_mean,interconnectivity_strength_err
0,0.1,5.350371370153397,0.20427871740467426
1,0.30000000000000004,8.172793554525922,0.9971334108723441
2,0.5000000000000001,7.20677326023306,0.5390153721298823
3,0.7000000000000001,5.446281300466266,0.12218504214857932
4,0.9000000000000001,5.274930359463171,0.13552668321987055
