,discretized_reward_proportion,interconnectivity_strength_mean,interconnectivity_strength_err
0,0.1,23.27093750311581,6.079776981745349
1,0.30000000000000004,0.015625,0.015502449088269086
2,0.5000000000000001,15.666225944251794,6.116087479099316
3,0.7000000000000001,26.202265667045214,10.097372999023035
4,0.9000000000000001,4.580433005561013,4.475121617885662
