,discretized_reward_proportion,interconnectivity_strength_mean,interconnectivity_strength_err
0,0.1,17.137484536685207,0.8857866242365071
1,0.30000000000000004,14.287095769336846,0.937291037956736
2,0.5000000000000001,16.71954285822517,1.022646892711503
3,0.7000000000000001,9.90652387897372,1.8858629253337784
4,0.9000000000000001,10.585647388439146,1.3209705689217695
