,discretized_reward_proportion,interconnectivity_strength_mean,interconnectivity_strength_err
0,0.1,24.251038242870433,6.9060388654458205
1,0.30000000000000004,12.31596689685165,1.1437920304970726
2,0.5000000000000001,10.60556589169566,1.4292761808332237
3,0.7000000000000001,5.879833602247079,0.48783481134801765
4,0.9000000000000001,7.646408199308042,0.6827425157418816
