,discretized_reward_proportion,interconnectivity_strength_mean,interconnectivity_strength_err
0,0.1,16.059344366462813,7.105456888354807
1,0.30000000000000004,58.543988730293236,11.008602869079365
2,0.5000000000000001,40.05715702764546,6.294527424878858
3,0.7000000000000001,24.912637973382257,4.443828586572165
4,0.9000000000000001,35.33997121924443,3.059379706285971
