,discretized_reward_proportion,interconnectivity_strength_mean,interconnectivity_strength_err
0,0.1,8.709316338949542,0.7447340467231514
1,0.30000000000000004,8.735860523943806,0.628424207401938
2,0.5000000000000001,7.403330003063775,0.3811070391011276
3,0.7000000000000001,8.023441769309004,0.5466102196142765
4,0.9000000000000001,11.596534777881754,1.0894949328770773
