,discretized_reward_proportion,interconnectivity_strength_mean,interconnectivity_strength_err
0,0.1,14.282268597995902,1.1177207531549234
1,0.30000000000000004,18.64998703859758,1.3269146468157451
2,0.5000000000000001,61.63076418107833,9.967663021408299
3,0.7000000000000001,37.69653594601801,5.220438126849195
4,0.9000000000000001,39.18622708868661,6.990265712130366
