,discretized_reward_proportion,interconnectivity_strength_mean,interconnectivity_strength_err
0,0.1,15.68684025011219,1.898869813782285
1,0.30000000000000004,15.971230506992425,1.2752184967434432
2,0.5000000000000001,13.873166041409895,2.050668246022553
3,0.7000000000000001,20.866362848332223,2.933025169271297
4,0.9000000000000001,11.944382302763962,1.4437254488301938
