,discretized_reward_proportion,interconnectivity_strength_mean,interconnectivity_strength_err
0,0.1,147.45646466163865,31.36939776403799
1,0.30000000000000004,53.37779031945432,6.972602115163267
2,0.5000000000000001,7.340676129609028,0.5020066033271198
3,0.7000000000000001,9.85575140639586,0.8582966082706607
4,0.9000000000000001,5.732171593605484,0.2921968325967754
