,discretized_reward_proportion,interconnectivity_strength_mean,interconnectivity_strength_err
0,0.1,7.995841526133365,2.4846542213188703
1,0.30000000000000004,25.154088144882344,7.621235706970049
2,0.5000000000000001,81.65478173707592,18.261053240943866
3,0.7000000000000001,23.740562227001472,1.9726983181163924
4,0.9000000000000001,26.38989142023815,2.885076145700616
