,discretized_reward_proportion,interconnectivity_strength_mean,interconnectivity_strength_err
0,0.1,0.19540229885057472,0.030059351295614056
1,0.30000000000000004,0.109375,0.03901364131921519
2,0.5000000000000001,0.0,0.0
3,0.7000000000000001,0.0,0.0
4,0.9000000000000001,0.0,0.0
