,discretized_reward_proportion,interconnectivity_strength_mean,interconnectivity_strength_err
0,0.1,11.2823128105526,0.7263183307837248
1,0.30000000000000004,8.506007077335857,0.48231502210142346
2,0.5000000000000001,9.8010122710716,0.6866211312108162
3,0.7000000000000001,14.420661356249482,1.733797089906319
4,0.9000000000000001,15.155933834699251,1.0685680775593966
