,discretized_reward_proportion,interconnectivity_strength_mean,interconnectivity_strength_err
0,0.1,12.563829693621463,0.8192787731627789
1,0.30000000000000004,12.957231278982244,1.1726630721795182
2,0.5000000000000001,10.37005992008152,1.4498124375408998
3,0.7000000000000001,13.436402435693868,1.4354536851076904
4,0.9000000000000001,7.882019010436106,0.4929781655249534
