,discretized_reward_proportion,interconnectivity_strength_mean,interconnectivity_strength_err
0,0.1,77.18996741718028,12.42685702297226
1,0.30000000000000004,82.11577362314495,21.912911442636847
2,0.5000000000000001,8.707785375693483,1.077147401966596
3,0.7000000000000001,5.165438356329665,1.9177640138728937
4,0.9000000000000001,0.14893617021276595,0.05193166283277494
