,discretized_reward_proportion,interconnectivity_strength_mean,interconnectivity_strength_err
0,0.1,31.570595400778405,3.120644091048353
1,0.30000000000000004,25.707019997731493,2.869353888964822
2,0.5000000000000001,21.482950228872284,2.2907541163921685
3,0.7000000000000001,18.389138337050735,1.384139856036649
4,0.9000000000000001,16.296224383417808,1.159863466836186
