,discretized_reward_proportion,interconnectivity_strength_mean,interconnectivity_strength_err
0,0.1,10.234607019379176,1.4828568171086118
1,0.30000000000000004,21.182810958056447,4.607501761845733
2,0.5000000000000001,10.9987875688937,0.40845606300543097
3,0.7000000000000001,11.45819144331089,0.4812864761479273
4,0.9000000000000001,14.441531387764508,0.9333578870136329
