,discretized_reward_proportion,interconnectivity_strength_mean,interconnectivity_strength_err
0,0.1,56.837059866375206,4.38189246235428
1,0.30000000000000004,51.42411284490073,3.495680755597261
2,0.5000000000000001,87.99409590162824,8.768754171856889
3,0.7000000000000001,51.03229403412103,6.41196732345901
4,0.9000000000000001,,
