,discretized_reward_proportion,interconnectivity_strength_mean,interconnectivity_strength_err
0,0.1,38.251274429977094,14.107597776684198
1,0.30000000000000004,18.631600592623712,5.264577252969956
2,0.5000000000000001,9.323127625970365,2.254282616688176
3,0.7000000000000001,6.646429622600508,0.9633631776690288
4,0.9000000000000001,10.06191123340914,1.0951475177691723
