,discretized_reward_proportion,interconnectivity_strength_mean,interconnectivity_strength_err
0,0.1,39.061024852743394,2.1987484633695327
1,0.30000000000000004,35.29351302269321,4.332365030183166
2,0.5000000000000001,33.6690056549096,3.8438184159303677
3,0.7000000000000001,39.35788778191136,5.490316553262651
4,0.9000000000000001,16.98844966608552,3.7709214909832163
