,discretized_reward_proportion,interconnectivity_strength_mean,interconnectivity_strength_err
0,0.1,19.610720712732387,1.8009788251357268
1,0.30000000000000004,23.78572752711664,2.84009520395619
2,0.5000000000000001,29.471738899729846,3.454574238223907
3,0.7000000000000001,12.599959635527826,2.4681951273114544
4,0.9000000000000001,10.270836742057432,2.33619068897126
