,discretized_reward_proportion,interconnectivity_strength_mean,interconnectivity_strength_err
0,0.1,110.64645343260368,18.04035311195356
1,0.30000000000000004,41.11449388924656,11.959831874768543
2,0.5000000000000001,59.587276915076394,32.896824743326064
3,0.7000000000000001,7.686146671225014,1.8277967597354459
4,0.9000000000000001,2.9908957753753884,0.854328222358378
