,discretized_reward_proportion,interconnectivity_strength_mean,interconnectivity_strength_err
0,0.1,14.371045450532149,3.0404113662462304
1,0.30000000000000004,7.584033251690722,1.7417399914051839
2,0.5000000000000001,15.71702477090127,1.8219727277928197
3,0.7000000000000001,10.700971815982529,1.4784215045079327
4,0.9000000000000001,8.224165731495122,0.6902907605920678
