,discretized_reward_proportion,interconnectivity_strength_mean,interconnectivity_strength_err
0,0.1,14.137807259343766,1.0277344338468444
1,0.30000000000000004,14.188305254498129,1.1232320691289963
2,0.5000000000000001,9.538298982649687,0.6568171393307891
3,0.7000000000000001,8.799050572446003,0.3210738168033736
4,0.9000000000000001,8.376250778366174,0.2960616449362694
