,discretized_reward_proportion,interconnectivity_strength_mean,interconnectivity_strength_err
0,0.1,90.56178515851335,23.243021621272675
1,0.30000000000000004,133.25705905705428,29.560004974526464
2,0.5000000000000001,38.82182355969799,8.225673578576584
3,0.7000000000000001,51.90140179927129,7.7751713401815215
4,0.9000000000000001,36.70302902466353,5.106556960856008
