,discretized_reward_proportion,interconnectivity_strength_mean,interconnectivity_strength_err
0,0.1,53.92351849097544,11.307362826470415
1,0.30000000000000004,28.794862609869718,4.715982564443396
2,0.5000000000000001,34.947602977806085,3.794749079762369
3,0.7000000000000001,55.217808503239276,7.353514814010315
4,0.9000000000000001,75.21671368926704,8.581829698618858
