,discretized_reward_proportion,interconnectivity_strength_mean,interconnectivity_strength_err
0,0.1,19.988375481056863,2.4646014018619535
1,0.30000000000000004,14.169816312544436,1.1122448194988137
2,0.5000000000000001,13.900167276039348,1.8618907020417221
3,0.7000000000000001,9.876372116544484,0.6938539007163228
4,0.9000000000000001,14.412819554011765,1.0562433061499044
