,discretized_reward_proportion,interconnectivity_strength_mean,interconnectivity_strength_err
0,0.1,2.458757110389379,0.05835769297000473
1,0.30000000000000004,2.519064943603647,0.28140330929897434
2,0.5000000000000001,2.7226473794505357,0.34167489561297953
3,0.7000000000000001,3.4424924322387973,0.3148142402925268
4,0.9000000000000001,3.3896194111656026,0.509354137165072
