,discretized_reward_proportion,interconnectivity_strength_mean,interconnectivity_strength_err
0,0.1,52.47604300008259,10.620177814740527
1,0.30000000000000004,36.15706755113217,7.364445680503304
2,0.5000000000000001,21.951874940718312,2.721071356207074
3,0.7000000000000001,34.14497099316227,6.124691887511722
4,0.9000000000000001,69.0595273065682,11.274623116608026
