,discretized_reward_proportion,interconnectivity_strength_mean,interconnectivity_strength_err
0,0.1,53.36441529056697,5.215890898363998
1,0.30000000000000004,153.98441277712882,20.88217398990884
2,0.5000000000000001,265.8465095572439,41.36110028643037
3,0.7000000000000001,92.476812478301,23.15598741984989
4,0.9000000000000001,51.5712764869618,6.861988622162107
