,discretized_reward_proportion,interconnectivity_strength_mean,interconnectivity_strength_err
0,0.1,47.56363138307145,10.858966672202966
1,0.30000000000000004,14.077351221630687,4.889390620125417
2,0.5000000000000001,3.2840856932707143,0.8566561571573403
3,0.7000000000000001,37.10416963651278,25.408230072831444
4,0.9000000000000001,176.15996657516706,43.845881703015785
