,discretized_reward_proportion,interconnectivity_strength_mean,interconnectivity_strength_err
0,0.1,34.44783954482722,0.7848766372008652
1,0.30000000000000004,29.400037498755523,2.0361928867346224
2,0.5000000000000001,33.9737649481422,3.270162200469494
3,0.7000000000000001,39.36627712569322,2.7443257690325593
4,0.9000000000000001,37.60559120374741,2.743216144177019
