,discretized_reward_proportion,interconnectivity_strength_mean,interconnectivity_strength_err
0,0.1,71.65848035102631,13.408841211698313
1,0.30000000000000004,54.823965154585025,10.023890194276504
2,0.5000000000000001,65.32678228832894,25.992404965323534
3,0.7000000000000001,345.1002436934614,99.56006486957875
4,0.9000000000000001,651.8131042388088,297.49948962769497
