,discretized_reward_proportion,interconnectivity_strength_mean,interconnectivity_strength_err
0,0.1,8.946882649898438,0.41484391836300966
1,0.30000000000000004,7.326873907808418,0.28851704839611747
2,0.5000000000000001,6.342576916282602,0.12651014761602297
3,0.7000000000000001,6.117287934743404,0.40786475990113263
4,0.9000000000000001,5.43457852038331,0.18699950928980627
