,discretized_reward_proportion,interconnectivity_strength_mean,interconnectivity_strength_err
0,0.1,23.261796124534065,2.269433903967314
1,0.30000000000000004,20.252689467079726,1.81657767426207
2,0.5000000000000001,13.26035903736093,1.1351541132071996
3,0.7000000000000001,13.5807296217141,1.8709393479386074
4,0.9000000000000001,7.803467544358776,0.3359792418202914
