,discretized_reward_proportion,interconnectivity_strength_mean,interconnectivity_strength_err
0,0.1,18.27484870217854,0.9302753944681209
1,0.30000000000000004,12.914029373351642,0.836443800771821
2,0.5000000000000001,14.951677536943654,1.2380880527220806
3,0.7000000000000001,11.24148614843217,0.9856678500139756
4,0.9000000000000001,15.56549340465808,1.942355349484185
