,discretized_reward_proportion,interconnectivity_strength_mean,interconnectivity_strength_err
0,0.1,38.44907280813839,7.083411778528328
1,0.30000000000000004,46.74951250394326,17.322351156934502
2,0.5000000000000001,11.714813061228316,1.9374950446062387
3,0.7000000000000001,12.65607367174328,0.7346024007929624
4,0.9000000000000001,11.485961377628065,0.5618530460892814
