,discretized_reward_proportion,interconnectivity_strength_mean,interconnectivity_strength_err
0,0.1,16.854453663579292,0.3165096726575012
1,0.30000000000000004,13.980201567455774,0.5406777968243791
2,0.5000000000000001,11.746261814546802,0.3702074213439736
3,0.7000000000000001,10.639049063882707,0.6122690424001792
4,0.9000000000000001,15.22770074173571,0.7964503479089508
