,discretized_reward_proportion,interconnectivity_strength_mean,interconnectivity_strength_err
0,0.1,10.073982582796418,1.6258659422724666
1,0.30000000000000004,14.90330620844095,2.6727560458139688
2,0.5000000000000001,21.793952050740284,3.1732013453641787
3,0.7000000000000001,13.224403361920782,1.5297794574817984
4,0.9000000000000001,10.872761986311708,0.9335448210875964
