,discretized_reward_proportion,interconnectivity_strength_mean,interconnectivity_strength_err
0,0.1,18.28511348502866,5.220070599160905
1,0.30000000000000004,5.636147463739435,1.186492974396588
2,0.5000000000000001,4.689416375606249,1.2704572889794672
3,0.7000000000000001,8.243749248217076,1.7096965084028235
4,0.9000000000000001,10.935285585587922,1.6357255942730384
