,discretized_reward_proportion,interconnectivity_strength_mean,interconnectivity_strength_err
0,0.1,56.407153949945645,7.011146938067975
1,0.30000000000000004,83.02898878426645,13.716098912435303
2,0.5000000000000001,61.214503020784456,5.006012159404319
3,0.7000000000000001,54.169919397007796,8.480563037171596
4,0.9000000000000001,179.61400414281124,23.310125367337516
