,discretized_reward_proportion,interconnectivity_strength_mean,interconnectivity_strength_err
0,0.1,26.843178606488625,2.0723689353933556
1,0.30000000000000004,34.89133154629093,5.448548965266105
2,0.5000000000000001,27.580100557027166,3.661965487737874
3,0.7000000000000001,32.8673350577568,4.0805062202680915
4,0.9000000000000001,21.227084208512665,1.5275256871625928
