,discretized_reward_proportion,interconnectivity_strength_mean,interconnectivity_strength_err
0,0.1,22.084433676668255,6.9978506387828086
1,0.30000000000000004,12.371093204907703,1.4340760638960728
2,0.5000000000000001,12.326284126420392,0.9762484713836228
3,0.7000000000000001,2.3998683773340237,1.2726264143051473
4,0.9000000000000001,0.0,0.0
