,discretized_reward_proportion,interconnectivity_strength_mean,interconnectivity_strength_err
0,0.1,25.318408191244494,4.171037439381849
1,0.30000000000000004,37.20583592972718,3.0183153418720967
2,0.5000000000000001,24.60362592987973,2.908693687198172
3,0.7000000000000001,16.890976308786264,2.5959084150118445
4,0.9000000000000001,31.950939579589846,4.019827163030192
