,discretized_reward_proportion,interconnectivity_strength_mean,interconnectivity_strength_err
0,0.1,21.47386317748704,0.8679556115197906
1,0.30000000000000004,14.420343604393565,0.5799372170663899
2,0.5000000000000001,14.911161333873212,0.9046965196951371
3,0.7000000000000001,9.391909372497699,1.3281987120554497
4,0.9000000000000001,25.683676804186558,7.815598226761756
