,discretized_reward_proportion,interconnectivity_strength_mean,interconnectivity_strength_err
0,0.1,1.834563331386093,0.6994664883190803
1,0.30000000000000004,1.5343485196220188,0.48138762132312646
2,0.5000000000000001,0.11842105263157894,0.03706280354898463
3,0.7000000000000001,0.140625,0.04345428801032615
4,0.9000000000000001,0.25806451612903225,0.05557140446542638
