,discretized_reward_proportion,interconnectivity_strength_mean,interconnectivity_strength_err
0,0.1,5.031857401181163,0.5092756410762119
1,0.30000000000000004,6.4208617257627605,0.999965183541073
2,0.5000000000000001,14.010492420460789,3.260873978997088
3,0.7000000000000001,8.195101131295068,0.7567505730505057
4,0.9000000000000001,5.679561820562184,0.7108732395368785
