,discretized_reward_proportion,interconnectivity_strength_mean,interconnectivity_strength_err
0,0.1,113.18043880924039,17.169354673608325
1,0.30000000000000004,211.5568493448753,45.5124576894427
2,0.5000000000000001,236.61632975574614,71.42941228990846
3,0.7000000000000001,439.42731617424295,202.36876541057944
4,0.9000000000000001,17.3166678583439,17.052275723819516
