,discretized_reward_proportion,interconnectivity_strength_mean,interconnectivity_strength_err
0,0.1,10.54911173571349,0.4281624426610373
1,0.30000000000000004,10.698207429815847,0.48791411365609877
2,0.5000000000000001,26.33648778212432,5.339830886298104
3,0.7000000000000001,27.38451418022591,1.894597664223458
4,0.9000000000000001,24.28307601093706,1.796134641273847
