,discretized_reward_proportion,interconnectivity_strength_mean,interconnectivity_strength_err
0,0.1,0.25301204819277107,0.047718672516866255
1,0.30000000000000004,0.3076923076923077,0.06400386879521876
2,0.5000000000000001,4.323336862660476,2.2807349585300924
3,0.7000000000000001,9.885872279204943,2.550504900526237
4,0.9000000000000001,10.140544121323963,1.8508006317454346
