,discretized_reward_proportion,interconnectivity_strength_mean,interconnectivity_strength_err
0,0.1,15.879549648618436,0.6395578579637715
1,0.30000000000000004,10.857828717418027,0.45942514088111897
2,0.5000000000000001,10.928443858886913,0.456122560966585
3,0.7000000000000001,8.841979025555839,0.34083886028042326
4,0.9000000000000001,8.719823153657225,0.42697936912269935
