,discretized_reward_proportion,interconnectivity_strength_mean,interconnectivity_strength_err
0,0.1,18.124546862203488,4.852994017610286
1,0.30000000000000004,15.606084902152292,2.995466435522259
2,0.5000000000000001,28.964196220163625,3.6012589503465713
3,0.7000000000000001,32.362848579762364,6.042162692458525
4,0.9000000000000001,7.856660395729108,0.37569555295810914
