,discretized_reward_proportion,interconnectivity_strength_mean,interconnectivity_strength_err
0,0.1,59.74828981063056,7.48046576531212
1,0.30000000000000004,77.4840661592622,11.99025871220052
2,0.5000000000000001,47.11079245032561,16.391226256421454
3,0.7000000000000001,50.16038541579811,15.27678852155638
4,0.9000000000000001,24.987544650852755,5.858814865133851
