,discretized_reward_proportion,interconnectivity_strength_mean,interconnectivity_strength_err
0,0.1,6.871497239474419,0.4350889961147029
1,0.30000000000000004,6.13271635031302,0.3835742193329303
2,0.5000000000000001,4.400727959372456,0.2914068530489094
3,0.7000000000000001,4.090766549840938,0.13173924052879823
4,0.9000000000000001,4.546136176842996,0.14210003565403964
