,discretized_reward_proportion,interconnectivity_strength_mean,interconnectivity_strength_err
0,0.1,9.168265320849269,0.9416684029377377
1,0.30000000000000004,13.798357820754767,1.0101614974165583
2,0.5000000000000001,8.666629761866158,0.5864397695243715
3,0.7000000000000001,9.445352097137992,0.3582431264155357
4,0.9000000000000001,11.082998132616423,0.5999605534779016
