,discretized_reward_proportion,interconnectivity_strength_mean,interconnectivity_strength_err
0,0.1,67.7644717180858,15.05709403454047
1,0.30000000000000004,80.3105033036701,14.59748383321694
2,0.5000000000000001,34.9243679353917,4.637732816657283
3,0.7000000000000001,24.708901035848882,1.4674141090832213
4,0.9000000000000001,38.83643819859767,7.596581086875401
