,discretized_reward_proportion,interconnectivity_strength_mean,interconnectivity_strength_err
0,0.1,19.80387427656916,0.8797826966381226
1,0.30000000000000004,13.871872596901426,0.748929857686819
2,0.5000000000000001,12.048179507735725,0.7783200218849209
3,0.7000000000000001,14.977777687005048,1.6797514063628614
4,0.9000000000000001,12.332055505887126,0.8931351940494628
