,discretized_reward_proportion,interconnectivity_strength_mean,interconnectivity_strength_err
0,0.1,24.12622895249495,1.4344307574366544
1,0.30000000000000004,18.4880714168802,1.417924578943941
2,0.5000000000000001,17.20441507273527,1.6310947128522604
3,0.7000000000000001,16.96717631964161,2.343219145968563
4,0.9000000000000001,9.427110219156942,1.8035622112252991
