,discretized_reward_proportion,interconnectivity_strength_mean,interconnectivity_strength_err
0,0.1,11.86343320497624,4.201896805880575
1,0.30000000000000004,42.41514270464704,14.392849001121963
2,0.5000000000000001,27.700381817935643,7.596620944267592
3,0.7000000000000001,21.029053058014476,2.363524572776136
4,0.9000000000000001,22.74518208632666,1.6878927562339219
