,discretized_reward_proportion,interconnectivity_strength_mean,interconnectivity_strength_err
0,0.1,3.0011951035168916,0.11694320984130611
1,0.30000000000000004,3.123088223260005,0.123846985386392
2,0.5000000000000001,3.8202926710919445,0.13640287023555697
3,0.7000000000000001,4.103506136020412,0.16463791739492123
4,0.9000000000000001,3.987721364377276,0.10714531188526266
