,discretized_reward_proportion,interconnectivity_strength_mean,interconnectivity_strength_err
0,0.1,0.0,0.0
1,0.30000000000000004,0.0,0.0
2,0.5000000000000001,0.10256410256410256,0.048581073509299584
3,0.7000000000000001,11.516810139762242,3.920992181982525
4,0.9000000000000001,10.738126372453994,2.7349158442032624
