,discretized_reward_proportion,interconnectivity_strength_mean,interconnectivity_strength_err
0,0.1,26.151551186242788,2.915771937504592
1,0.30000000000000004,25.790298852427778,3.092629986765585
2,0.5000000000000001,32.35953738628782,5.066694730004804
3,0.7000000000000001,26.273757209938363,6.655319388454482
4,0.9000000000000001,4.7801666250935,2.144799719634177
