,discretized_reward_proportion,interconnectivity_strength_mean,interconnectivity_strength_err
0,0.1,18.792694553804683,3.383664219987153
1,0.30000000000000004,41.60222691094502,4.1817112472116404
2,0.5000000000000001,37.01043800307313,5.47840397594253
3,0.7000000000000001,27.037003693845083,3.7299285691108817
4,0.9000000000000001,23.97518424500582,7.5452005162625015
