,discretized_reward_proportion,interconnectivity_strength_mean,interconnectivity_strength_err
0,0.1,6.755872284857348,0.6534207160568424
1,0.30000000000000004,10.41671644099547,0.9662666921782628
2,0.5000000000000001,7.270951433931794,0.2724277649236943
3,0.7000000000000001,8.239805026871421,0.2682793316510444
4,0.9000000000000001,7.395097001099884,0.19541557494821118
