,discretized_reward_proportion,interconnectivity_strength_mean,interconnectivity_strength_err
0,0.1,17.568312788160043,0.9886434715358243
1,0.30000000000000004,22.928610254331375,2.024285080126738
2,0.5000000000000001,13.12257492719486,1.0869840868125589
3,0.7000000000000001,8.518831652608169,1.5981882366532563
4,0.9000000000000001,3.9776107866703363,0.9031391715511492
