,discretized_reward_proportion,interconnectivity_strength_mean,interconnectivity_strength_err
0,0.1,268.3925724541304,64.9462609612659
1,0.30000000000000004,54.43967572153801,10.54959281676823
2,0.5000000000000001,47.80826985928524,10.102045584787374
3,0.7000000000000001,29.081256229977075,5.629096784996413
4,0.9000000000000001,68.93321834585215,6.533834180596509
