,discretized_reward_proportion,interconnectivity_strength_mean,interconnectivity_strength_err
0,0.1,9.930343986214075,0.2615855639169291
1,0.30000000000000004,9.004163925503608,0.25700750172913794
2,0.5000000000000001,8.612955784167134,0.3383663382528423
3,0.7000000000000001,14.720615504470283,0.9028086754658892
4,0.9000000000000001,,
