,discretized_reward_proportion,interconnectivity_strength_mean,interconnectivity_strength_err
0,0.1,16.41570826054704,0.48900460706171406
1,0.30000000000000004,12.413255410733932,0.5772969820470286
2,0.5000000000000001,10.036943321853654,0.3781712833830217
3,0.7000000000000001,9.16046070140319,0.43671508243442186
4,0.9000000000000001,7.5194374480330035,0.2861211302523632
