,discretized_reward_proportion,interconnectivity_strength_mean,interconnectivity_strength_err
0,0.1,135.21094613964723,21.93914245469224
1,0.30000000000000004,96.8466946021979,14.244446427658195
2,0.5000000000000001,74.3759092480257,9.976224993867428
3,0.7000000000000001,28.035122144281452,5.2516087393399475
4,0.9000000000000001,15.133318764085857,1.4264762037189518
