,discretized_reward_proportion,interconnectivity_strength_mean,interconnectivity_strength_err
0,0.1,30.867127417671202,1.2891796551643768
1,0.30000000000000004,19.455370441429864,1.7444376821083272
2,0.5000000000000001,19.467484499170617,2.9324669557348657
3,0.7000000000000001,11.871521544982885,0.9603762930886992
4,0.9000000000000001,8.932035365865294,0.9652007527313408
