,discretized_reward_proportion,interconnectivity_strength_mean,interconnectivity_strength_err
0,0.1,32.5991499424165,2.0736552009251974
1,0.30000000000000004,22.964878676161174,3.7625658558181585
2,0.5000000000000001,17.434587508126715,1.8495442018614168
3,0.7000000000000001,14.340901329069531,0.9196305559708499
4,0.9000000000000001,11.083405052114818,0.7342134106461992
