,discretized_reward_proportion,interconnectivity_strength_mean,interconnectivity_strength_err
0,0.1,94.43369541724938,9.615171268839338
1,0.30000000000000004,183.98139584806532,20.42076278793666
2,0.5000000000000001,51.277624510065905,12.121206987780925
3,0.7000000000000001,10.710141811753545,3.8602252710333738
4,0.9000000000000001,0.5757575757575758,0.08603395906609153
