,discretized_reward_proportion,interconnectivity_strength_mean,interconnectivity_strength_err
0,0.1,26.77478993084481,7.983129944249519
1,0.30000000000000004,16.0701852758334,3.4023000907912966
2,0.5000000000000001,16.240798113025452,2.043738831869786
3,0.7000000000000001,9.769469748148422,1.0969583215376206
4,0.9000000000000001,14.963961458794754,1.2457476387714301
