,discretized_reward_proportion,interconnectivity_strength_mean,interconnectivity_strength_err
0,0.1,13.819960022454618,0.7953832708606436
1,0.30000000000000004,9.151181476268786,0.799968705853396
2,0.5000000000000001,8.766613939063971,0.9035703777532795
3,0.7000000000000001,5.779343313102319,0.21215299311977293
4,0.9000000000000001,4.93947546333876,0.1703372331057642
