,discretized_reward_proportion,interconnectivity_strength_mean,interconnectivity_strength_err
0,0.1,154.7205718101454,15.113577668469373
1,0.30000000000000004,135.28212159638,11.881596581430802
2,0.5000000000000001,79.94648854394511,14.626497326543305
3,0.7000000000000001,74.88504031830479,14.513374925967991
4,0.9000000000000001,57.523006392690746,10.607309567934955
