,discretized_reward_proportion,interconnectivity_strength_mean,interconnectivity_strength_err
0,0.1,30.48676006339949,1.560651980829812
1,0.30000000000000004,21.77539132395462,1.1551162369931771
2,0.5000000000000001,22.67848790460227,1.8464975415470013
3,0.7000000000000001,12.926473804864479,1.044118417294614
4,0.9000000000000001,11.920519450039151,0.7871377908194325
