,discretized_reward_proportion,interconnectivity_strength_mean,interconnectivity_strength_err
0,0.1,14.85781527836595,0.33924487472813775
1,0.30000000000000004,15.901125963836765,0.8705170440210114
2,0.5000000000000001,14.709507590226806,0.5881904920381557
3,0.7000000000000001,12.058724568228351,1.1745007896337296
4,0.9000000000000001,16.657791849087012,0.870980376428311
