,discretized_reward_proportion,interconnectivity_strength_mean,interconnectivity_strength_err
0,0.1,9.090842217187943,1.0572430655751488
1,0.30000000000000004,9.547878201736367,0.8948962932213441
2,0.5000000000000001,37.679141594099576,5.407337882007103
3,0.7000000000000001,22.555242836325167,2.7244256858431344
4,0.9000000000000001,21.21834653799946,2.4437542769313847
