,discretized_reward_proportion,interconnectivity_strength_mean,interconnectivity_strength_err
0,0.1,19.14234222338778,0.5802501980851396
1,0.30000000000000004,19.505453293083765,1.057371299198692
2,0.5000000000000001,19.544795230433703,1.2903646364523913
3,0.7000000000000001,12.870880929732817,0.8838587312175425
4,0.9000000000000001,10.397000298821034,0.4809803605265683
