,discretized_reward_proportion,interconnectivity_strength_mean,interconnectivity_strength_err
0,0.1,56.621075662872194,8.85696022049625
1,0.30000000000000004,64.53118152891523,12.85645774071054
2,0.5000000000000001,29.99235573657139,7.324390827887921
3,0.7000000000000001,38.34034285203273,15.269702733122246
4,0.9000000000000001,281.43782729990414,70.57921863107478
