,discretized_reward_proportion,interconnectivity_strength_mean,interconnectivity_strength_err
0,0.1,144.50664734817934,28.912343949272397
1,0.30000000000000004,67.75980341300158,17.32204584849728
2,0.5000000000000001,23.81954977761569,6.755122741065803
3,0.7000000000000001,25.91755856326224,3.621322119911392
4,0.9000000000000001,23.35409814262955,4.119097729948786
