,discretized_reward_proportion,interconnectivity_strength_mean,interconnectivity_strength_err
0,0.1,28.265460214763955,2.3866707084945924
1,0.30000000000000004,30.841814730623806,4.51905275004698
2,0.5000000000000001,47.93501973505894,6.310065716636113
3,0.7000000000000001,13.600072498545634,1.9583020456705673
4,0.9000000000000001,9.325923309878798,2.1846463532405216
