,discretized_reward_proportion,interconnectivity_strength_mean,interconnectivity_strength_err
0,0.1,21.566520371694683,1.1656943182481139
1,0.30000000000000004,14.500849981184933,0.9015446262110316
2,0.5000000000000001,11.565870049810075,0.6245823950104274
3,0.7000000000000001,10.303092728698646,0.2955215898795389
4,0.9000000000000001,7.885429348273135,0.2955477746143564
