,discretized_reward_proportion,interconnectivity_strength_mean,interconnectivity_strength_err
0,0.1,27.830092181986256,2.128501948220837
1,0.30000000000000004,33.22487040413497,7.682099450944491
2,0.5000000000000001,11.953207786206649,1.4634057495771144
3,0.7000000000000001,11.06410161077321,0.821847427719313
4,0.9000000000000001,7.7128485815086485,0.2769984575631894
