,discretized_reward_proportion,interconnectivity_strength_mean,interconnectivity_strength_err
0,0.1,17.57760614103108,0.5069730951863983
1,0.30000000000000004,15.448216743118952,0.780547410506914
2,0.5000000000000001,14.767291411950714,0.9035735397469017
3,0.7000000000000001,13.938646320401174,1.034232785257419
4,0.9000000000000001,7.306126136246877,0.3888547292485824
