,discretized_reward_proportion,interconnectivity_strength_mean,interconnectivity_strength_err
0,0.1,19.46776428369274,1.2357006489536064
1,0.30000000000000004,12.30391220091596,0.990274456196815
2,0.5000000000000001,10.58158483247925,0.9177260641463263
3,0.7000000000000001,6.02320015272648,0.18755387771574172
4,0.9000000000000001,5.872026585282852,0.20855209837280567
