,discretized_reward_proportion,interconnectivity_strength_mean,interconnectivity_strength_err
0,0.1,22.540025348549893,1.8768683522106648
1,0.30000000000000004,27.463433774245118,2.9566749562395813
2,0.5000000000000001,26.627940141207493,3.885199388095487
3,0.7000000000000001,23.563049311987815,5.594979834098654
4,0.9000000000000001,22.34410209490649,3.153606147755231
