,discretized_reward_proportion,interconnectivity_strength_mean,interconnectivity_strength_err
0,0.1,44.797569674417836,5.269436249645946
1,0.30000000000000004,85.91386230980947,8.276502957383594
2,0.5000000000000001,40.08472230346478,4.943731195627826
3,0.7000000000000001,30.198045920394787,4.540674461936334
4,0.9000000000000001,18.12411275780346,4.35147526442346
