,discretized_reward_proportion,interconnectivity_strength_mean,interconnectivity_strength_err
0,0.1,44.74028086246838,5.083867081441231
1,0.30000000000000004,24.745142129168023,4.255226309110092
2,0.5000000000000001,28.209835013370625,7.754379980993476
3,0.7000000000000001,29.409390249635578,4.729364245960581
4,0.9000000000000001,8.828280410418914,1.3407974139495948
