,discretized_reward_proportion,interconnectivity_strength_mean,interconnectivity_strength_err
0,0.1,61.10365625437835,7.414832855230782
1,0.30000000000000004,56.737701351826885,14.678536187106593
2,0.5000000000000001,13.74251087511835,1.5900704714873737
3,0.7000000000000001,9.493624880554304,3.1312907113984605
4,0.9000000000000001,0.14893617021276595,0.05193166283277494
