,discretized_reward_proportion,interconnectivity_strength_mean,interconnectivity_strength_err
0,0.1,48.50482961753262,2.3619148633003144
1,0.30000000000000004,48.89789109737939,2.561921306575517
2,0.5000000000000001,49.61255469044757,3.8507275327065598
3,0.7000000000000001,53.537302341832365,9.176977573447502
4,0.9000000000000001,47.859337697831684,5.242998611505649
