,discretized_reward_proportion,interconnectivity_strength_mean,interconnectivity_strength_err
0,0.1,20.03080404123359,4.32312916227439
1,0.30000000000000004,31.436603884130278,3.5574874779886185
2,0.5000000000000001,19.410915731300857,2.2899156898426716
3,0.7000000000000001,17.01512432165826,0.7187397489319345
4,0.9000000000000001,14.386018572775065,1.570890113768999
