,discretized_reward_proportion,interconnectivity_strength_mean,interconnectivity_strength_err
0,0.1,10.558557917603657,1.5709265539780735
1,0.30000000000000004,7.56903516252496,1.3718336403861724
2,0.5000000000000001,24.017910071967314,7.702045263656212
3,0.7000000000000001,43.1575874026335,13.5596018460647
4,0.9000000000000001,46.565330250210714,16.282374701155987
