,discretized_reward_proportion,interconnectivity_strength_mean,interconnectivity_strength_err
0,0.1,84.98404439157154,36.242958875448224
1,0.30000000000000004,143.88486375275937,45.55324445543607
2,0.5000000000000001,36.20858430001855,16.482341137739652
3,0.7000000000000001,56.85425157003295,15.536103963998743
4,0.9000000000000001,16.75370541707084,5.386846122141943
