,discretized_reward_proportion,interconnectivity_strength_mean,interconnectivity_strength_err
0,0.1,6.472949982007186,0.2949076483870076
1,0.30000000000000004,8.478318279399922,0.6796358201249056
2,0.5000000000000001,8.299881558164925,0.5167595076413217
3,0.7000000000000001,6.651008038583188,0.1859801408364995
4,0.9000000000000001,7.2022262388920355,0.16685565783589926
