,discretized_reward_proportion,interconnectivity_strength_mean,interconnectivity_strength_err
0,0.1,11.86804604520741,0.4309702845430667
1,0.30000000000000004,10.325661757300908,0.39001524211252236
2,0.5000000000000001,8.495514240871927,0.32127748828936215
3,0.7000000000000001,7.461190931636975,0.2103881364540231
4,0.9000000000000001,7.365955732677545,0.17477712611632862
