,discretized_reward_proportion,interconnectivity_strength_mean,interconnectivity_strength_err
0,0.1,34.578857473305696,2.131758495127378
1,0.30000000000000004,43.84730394490892,2.211311350467965
2,0.5000000000000001,76.94378520950701,6.876050321479534
3,0.7000000000000001,59.695054049895845,5.539204435227272
4,0.9000000000000001,79.91393544150128,6.441861880451231
