,discretized_reward_proportion,interconnectivity_strength_mean,interconnectivity_strength_err
0,0.1,9.64936710214367,1.9381047386531625
1,0.30000000000000004,26.709913970644994,8.493659643381152
2,0.5000000000000001,96.63645111373576,24.763949773590053
3,0.7000000000000001,13.961431612454712,1.177983775727007
4,0.9000000000000001,13.824005553957655,1.976922813553665
