,discretized_reward_proportion,interconnectivity_strength_mean,interconnectivity_strength_err
0,0.1,6.227243478915313,0.47461587716760356
1,0.30000000000000004,5.025024183778933,0.4380702241494182
2,0.5000000000000001,3.918386390605983,0.3029588075184637
3,0.7000000000000001,3.719712391386628,0.12028553341837947
4,0.9000000000000001,3.784384444990642,0.08327775072317067
