,discretized_reward_proportion,interconnectivity_strength_mean,interconnectivity_strength_err
0,0.1,5.615386304703162,0.44842521102632915
1,0.30000000000000004,5.488767466557397,0.8193684073368086
2,0.5000000000000001,4.7581945491674995,0.5837098032946029
3,0.7000000000000001,3.9328608815999275,0.49186956590740105
4,0.9000000000000001,4.0450694293385805,0.46912050233871444
