,discretized_reward_proportion,interconnectivity_strength_mean,interconnectivity_strength_err
0,0.1,11.078173852346408,0.700540461114916
1,0.30000000000000004,8.990555776574675,0.6073570520600609
2,0.5000000000000001,6.963848285235399,0.4574050190216272
3,0.7000000000000001,6.74608725140411,0.3391189397454349
4,0.9000000000000001,8.151133358955896,0.5119617273535736
