,discretized_reward_proportion,interconnectivity_strength_mean,interconnectivity_strength_err
0,0.1,44.64505773042782,2.4217634453655803
1,0.30000000000000004,40.49901781455207,3.9450714840691483
2,0.5000000000000001,24.36932192246617,2.6290291248954163
3,0.7000000000000001,35.53322576901854,4.435369801099401
4,0.9000000000000001,18.20565248274923,2.9698010460290463
