,discretized_reward_proportion,interconnectivity_strength_mean,interconnectivity_strength_err
0,0.1,9.868828816358233,2.023590459057059
1,0.30000000000000004,9.767683239388312,1.8885089903117809
2,0.5000000000000001,16.011413445643505,2.6590061406338767
3,0.7000000000000001,20.71614225181452,1.3923502795418419
4,0.9000000000000001,51.09649513699224,8.02174474166085
