,discretized_reward_proportion,interconnectivity_strength_mean,interconnectivity_strength_err
0,0.1,51.636372560855406,4.360951265215633
1,0.30000000000000004,65.21822896865291,7.463133972679172
2,0.5000000000000001,44.94287357282129,4.103361579821015
3,0.7000000000000001,30.423510572719287,4.2564496060967745
4,0.9000000000000001,25.11661294061531,7.569027837037305
