,discretized_reward_proportion,interconnectivity_strength_mean,interconnectivity_strength_err
0,0.1,34.44487580498425,7.50831956262581
1,0.30000000000000004,15.911320314527241,5.0844144157349564
2,0.5000000000000001,24.498122057565393,4.800026187400908
3,0.7000000000000001,17.910784113186907,4.287829970367868
4,0.9000000000000001,25.493390409304364,6.151303551774333
