,discretized_reward_proportion,interconnectivity_strength_mean,interconnectivity_strength_err
0,0.1,16.40629496929759,1.6501388128197547
1,0.30000000000000004,13.63822272622951,0.780902787144619
2,0.5000000000000001,11.45438188020525,0.6156727023501769
3,0.7000000000000001,10.371167506540534,0.4135415635193334
4,0.9000000000000001,13.967265822907274,0.8974536590311077
