,discretized_reward_proportion,interconnectivity_strength_mean,interconnectivity_strength_err
0,0.1,14.02442805141301,0.9835437514674851
1,0.30000000000000004,13.44958978962837,1.2977061055234957
2,0.5000000000000001,11.766969376270485,0.9759200105318543
3,0.7000000000000001,13.571857633139784,0.5436918576136517
4,0.9000000000000001,10.199760672287972,0.3599181135344752
