,discretized_reward_proportion,interconnectivity_strength_mean,interconnectivity_strength_err
0,0.1,19.14458998824971,4.962130451339819
1,0.30000000000000004,9.30942499088217,2.093080108860062
2,0.5000000000000001,6.631083935451084,2.5759325054968607
3,0.7000000000000001,18.00900286512561,2.380573897201055
4,0.9000000000000001,21.034638054050824,2.081149639233219
