,discretized_reward_proportion,interconnectivity_strength_mean,interconnectivity_strength_err
0,0.1,17.958645289852043,2.4656319874101187
1,0.30000000000000004,26.525416185257,3.7225458063657775
2,0.5000000000000001,16.29390069350442,1.9207521166973351
3,0.7000000000000001,13.088614545688829,0.9069688486014164
4,0.9000000000000001,14.232368276423996,0.8103249963076877
