,discretized_reward_proportion,interconnectivity_strength_mean,interconnectivity_strength_err
0,0.1,24.111672365270987,4.898471797422243
1,0.30000000000000004,12.597585288859866,1.0084910180868287
2,0.5000000000000001,9.9341419359702,0.5477579683392175
3,0.7000000000000001,8.223996183137091,0.26215824678979494
4,0.9000000000000001,10.583957093972522,0.5204661269941298
