,discretized_reward_proportion,interconnectivity_strength_mean,interconnectivity_strength_err
0,0.1,4.033141559027749,0.2173516078446995
1,0.30000000000000004,3.6296225912674083,0.35830813662140903
2,0.5000000000000001,6.802861314272218,0.7079567971160143
3,0.7000000000000001,9.150717086577849,0.7447806653442524
4,0.9000000000000001,7.998184358642825,0.6590296343927371
