,discretized_reward_proportion,interconnectivity_strength_mean,interconnectivity_strength_err
0,0.1,9.237381442876016,0.3320327773014082
1,0.30000000000000004,8.295330227433865,0.7175977896132422
2,0.5000000000000001,10.826669652077207,0.8633562016240759
3,0.7000000000000001,9.268523293430961,0.3628885546322697
4,0.9000000000000001,9.262227300100637,0.42437500850026105
