,discretized_reward_proportion,interconnectivity_strength_mean,interconnectivity_strength_err
0,0.1,20.58757663122445,2.048119461877089
1,0.30000000000000004,14.04931013527905,1.1385315598485306
2,0.5000000000000001,13.245708187986033,1.0059931699434095
3,0.7000000000000001,13.964018992032074,0.5638915390971104
4,0.9000000000000001,13.162467621153656,0.6060551150329246
