,discretized_reward_proportion,interconnectivity_strength_mean,interconnectivity_strength_err
0,0.1,266.27987923604377,50.11048329577998
1,0.30000000000000004,175.58554601997216,81.56281288156377
2,0.5000000000000001,14.1500666323263,2.5413338950129107
3,0.7000000000000001,11.806302258160047,5.16281416070999
4,0.9000000000000001,10.25991169282544,4.424738654750114
