,discretized_reward_proportion,interconnectivity_strength_mean,interconnectivity_strength_err
0,0.1,0.5370370370370371,0.06785445451786482
1,0.30000000000000004,5.36347587561802,3.0301563229903596
2,0.5000000000000001,9.43068837315998,5.527711207854717
3,0.7000000000000001,17.403489232688564,7.269840800456324
4,0.9000000000000001,3.988675035953793,2.4700470029255572
