,discretized_reward_proportion,interconnectivity_strength_mean,interconnectivity_strength_err
0,0.1,16.592026887512784,0.8622244266377518
1,0.30000000000000004,15.051143973155577,0.5507432004577071
2,0.5000000000000001,12.565530142481284,0.6150640247986725
3,0.7000000000000001,13.237763503053197,1.1915811565506074
4,0.9000000000000001,12.345919737561877,0.8470394694513885
