,discretized_reward_proportion,interconnectivity_strength_mean,interconnectivity_strength_err
0,0.1,20.309778354265653,0.683939113362994
1,0.30000000000000004,20.063991751093134,2.079452475568157
2,0.5000000000000001,25.824592872883084,2.676390551572431
3,0.7000000000000001,28.011118092954497,3.2740817394773702
4,0.9000000000000001,15.042261411307686,1.1273777975662773
