,discretized_reward_proportion,interconnectivity_strength_mean,interconnectivity_strength_err
0,0.1,0.7272727272727273,0.09495144870310791
1,0.30000000000000004,12.773143762914334,3.908967162570414
2,0.5000000000000001,79.51391503349544,10.310424658216684
3,0.7000000000000001,72.33073161033268,7.31296583440637
4,0.9000000000000001,88.1245308563585,9.34929764451261
