,discretized_reward_proportion,interconnectivity_strength_mean,interconnectivity_strength_err
0,0.1,23.501581240521773,4.05066912896948
1,0.30000000000000004,152.64460079114548,76.28941556331719
2,0.5000000000000001,200.730933544038,116.61162373889093
3,0.7000000000000001,282.5716606452486,141.4719261106996
4,0.9000000000000001,311.11912857596207,98.55143956516247
