,discretized_reward_proportion,interconnectivity_strength_mean,interconnectivity_strength_err
0,0.1,6.570538705072774,0.6289836508529326
1,0.30000000000000004,6.072376501533014,0.7616660782797209
2,0.5000000000000001,4.081376205347234,0.522584332907148
3,0.7000000000000001,3.000688228784693,0.04642387240078498
4,0.9000000000000001,2.9988551324889756,0.03191495702396684
