,discretized_reward_proportion,interconnectivity_strength_mean,interconnectivity_strength_err
0,0.1,34.783250768502505,9.22928690445716
1,0.30000000000000004,35.394774739288636,4.879270323368813
2,0.5000000000000001,44.74233697368572,8.587171660074379
3,0.7000000000000001,36.540238980285025,3.9318920250011784
4,0.9000000000000001,23.496888010067945,3.19505819271894
