,discretized_reward_proportion,interconnectivity_strength_mean,interconnectivity_strength_err
0,0.1,15.811719535962471,1.6482622183089397
1,0.30000000000000004,18.81870740371083,1.0800139137038087
2,0.5000000000000001,9.350878670980624,0.6190786625929398
3,0.7000000000000001,8.427962369249562,0.35348795612308004
4,0.9000000000000001,9.329703851247336,0.43311129176542096
