,discretized_reward_proportion,interconnectivity_strength_mean,interconnectivity_strength_err
0,0.1,7.77292360023551,0.5035852463582033
1,0.30000000000000004,8.613811905894517,0.6674547923919218
2,0.5000000000000001,10.260858920820235,0.7496706866425943
3,0.7000000000000001,11.649458171190261,1.3532978043328294
4,0.9000000000000001,13.32262497874433,1.4550579149823435
