,discretized_reward_proportion,interconnectivity_strength_mean,interconnectivity_strength_err
0,0.1,42.72336032667226,11.526487024572456
1,0.30000000000000004,55.423553085407306,24.82911092974202
2,0.5000000000000001,17.225060517180292,1.706072450925041
3,0.7000000000000001,20.760465773958714,2.8023041777599733
4,0.9000000000000001,19.62980938306636,3.416566074882571
