,discretized_reward_proportion,interconnectivity_strength_mean,interconnectivity_strength_err
0,0.1,6.904390269998971,0.4565490394326286
1,0.30000000000000004,14.6423301120501,2.5254274327337356
2,0.5000000000000001,13.679353711590112,2.1630461917482435
3,0.7000000000000001,6.1235831877629785,0.34002834507039037
4,0.9000000000000001,5.660263185118413,0.34215896116497035
