,discretized_reward_proportion,interconnectivity_strength_mean,interconnectivity_strength_err
0,0.1,12.487606109820236,1.8951662392799613
1,0.30000000000000004,18.08771388613748,1.4452295610473855
2,0.5000000000000001,14.101080785599073,1.493579585468228
3,0.7000000000000001,12.025874224864012,0.808165878722296
4,0.9000000000000001,31.4293607057987,4.252803511671864
