,discretized_reward_proportion,interconnectivity_strength_mean,interconnectivity_strength_err
0,0.1,0.022988505747126436,0.011361366871446002
1,0.30000000000000004,0.3125,0.05793905068043487
2,0.5000000000000001,0.2786885245901639,0.057405836061901645
3,0.7000000000000001,0.03571428571428571,0.03507073235935592
4,0.9000000000000001,0.0,0.0
