,discretized_reward_proportion,interconnectivity_strength_mean,interconnectivity_strength_err
0,0.1,20.740017808105137,1.2187565049646238
1,0.30000000000000004,19.39567018758974,2.0351694666576323
2,0.5000000000000001,38.69134666740262,3.966461103332053
3,0.7000000000000001,14.952619452554803,1.7443060787552036
4,0.9000000000000001,10.574854106226208,1.1100298660390702
