,discretized_reward_proportion,interconnectivity_strength_mean,interconnectivity_strength_err
0,0.1,11.255079075125472,1.5354517242654888
1,0.30000000000000004,14.316713800814258,1.7428116522691024
2,0.5000000000000001,25.188800096875376,8.937435196406987
3,0.7000000000000001,19.891936570397366,5.504498458600069
4,0.9000000000000001,12.093839478012674,0.6585638431111895
