,discretized_reward_proportion,interconnectivity_strength_mean,interconnectivity_strength_err
0,0.1,52.59292749502353,6.599675639493381
1,0.30000000000000004,36.01622019327627,4.732066413938384
2,0.5000000000000001,60.23538988183953,12.490251051359811
3,0.7000000000000001,42.40788488375232,16.260244370248962
4,0.9000000000000001,95.19461583603217,25.054221678101484
