,discretized_reward_proportion,interconnectivity_strength_mean,interconnectivity_strength_err
0,0.1,20.965194484409707,4.265014787696555
1,0.30000000000000004,28.671131578775224,2.939061720369008
2,0.5000000000000001,53.75430470704575,5.182109501329843
3,0.7000000000000001,46.20881046265845,6.348769229226772
4,0.9000000000000001,50.12603367289644,8.586053830157022
