,discretized_reward_proportion,interconnectivity_strength_mean,interconnectivity_strength_err
0,0.1,8.573327481371747,0.6199641048649364
1,0.30000000000000004,6.909841775512837,0.33856349781696427
2,0.5000000000000001,6.1102348313515105,0.6301498192425293
3,0.7000000000000001,5.051250330446502,0.2547695384974467
4,0.9000000000000001,6.060994028901638,0.3690168479180333
