,discretized_reward_proportion,interconnectivity_strength_mean,interconnectivity_strength_err
0,0.1,85.45390970798204,12.82963047748541
1,0.30000000000000004,24.566877247691878,9.55656739384848
2,0.5000000000000001,21.157500459114754,7.361003778944432
3,0.7000000000000001,6.891268255344047,6.767091088791508
4,0.9000000000000001,0.0,0.0
