,discretized_reward_proportion,interconnectivity_strength_mean,interconnectivity_strength_err
0,0.1,6.719072445402123,3.393169217424694
1,0.30000000000000004,25.80694834890264,7.273130087744556
2,0.5000000000000001,19.467205166518323,3.567306604783925
3,0.7000000000000001,6.050874236700444,1.5758511419545604
4,0.9000000000000001,9.014065626670975,2.125038483583977
