,discretized_reward_proportion,interconnectivity_strength_mean,interconnectivity_strength_err
0,0.1,27.23624190458052,6.4779241750406475
1,0.30000000000000004,15.41858284278896,3.33191952045158
2,0.5000000000000001,28.984146286855946,2.806027398568213
3,0.7000000000000001,26.697330022682166,4.203963062693572
4,0.9000000000000001,6.658505535380647,0.5774497280071466
