,discretized_reward_proportion,interconnectivity_strength_mean,interconnectivity_strength_err
0,0.1,9.741637340624083,1.335689844571826
1,0.30000000000000004,9.747353081641846,1.4739749939780549
2,0.5000000000000001,3.5882208229910972,0.2606805375097302
3,0.7000000000000001,2.817637958923289,0.2414819533852354
4,0.9000000000000001,3.6679665120974123,0.1549397411318021
