,discretized_reward_proportion,interconnectivity_strength_mean,interconnectivity_strength_err
0,0.1,4.844634628379487,0.8306904743116129
1,0.30000000000000004,12.726607445585431,1.436378719290854
2,0.5000000000000001,15.910212481240576,1.87576748635352
3,0.7000000000000001,24.476569954056394,2.518556679587718
4,0.9000000000000001,12.515744315959985,1.3459041267164957
