,discretized_reward_proportion,interconnectivity_strength_mean,interconnectivity_strength_err
0,0.1,0.028735632183908046,0.012664979234296748
1,0.30000000000000004,0.15625,0.045386523588368165
2,0.5000000000000001,0.06557377049180328,0.03169368016727884
3,0.7000000000000001,0.17857142857142858,0.07237888244444442
4,0.9000000000000001,0.7727272727272727,0.08934606739851098
