,discretized_reward_proportion,interconnectivity_strength_mean,interconnectivity_strength_err
0,0.1,14.82317762917444,1.3090920798832615
1,0.30000000000000004,14.426952296382904,1.55013623868965
2,0.5000000000000001,14.297596110981313,2.5808526564484864
3,0.7000000000000001,27.675876717515564,4.646363898403835
4,0.9000000000000001,11.661987929977867,2.5091404087696323
