,discretized_reward_proportion,interconnectivity_strength_mean,interconnectivity_strength_err
0,0.1,8.746965504665082,0.31025721629863345
1,0.30000000000000004,9.35350702232134,0.6354786253162749
2,0.5000000000000001,6.356258405424826,0.2739741322756592
3,0.7000000000000001,5.5153527450161315,0.1326108570129872
4,0.9000000000000001,5.866081412522875,0.0912496848311757
