,discretized_reward_proportion,interconnectivity_strength_mean,interconnectivity_strength_err
0,0.1,6.727443560850691,0.7212427412031658
1,0.30000000000000004,13.084556011162023,2.7869661864191655
2,0.5000000000000001,18.98626251259916,2.007920767114892
3,0.7000000000000001,20.04792697716617,1.5685925589589997
4,0.9000000000000001,21.8413931552157,1.7621879137686092
