,discretized_reward_proportion,interconnectivity_strength_mean,interconnectivity_strength_err
0,0.1,18.549706430469154,1.4248768609703697
1,0.30000000000000004,46.77728394541623,10.93422399615528
2,0.5000000000000001,31.46304962378715,3.3260960529518084
3,0.7000000000000001,24.631488129929934,2.012984986866012
4,0.9000000000000001,22.380763179990847,1.7669043343361865
