,discretized_reward_proportion,interconnectivity_strength_mean,interconnectivity_strength_err
0,0.1,23.80245032857163,1.2607092208262485
1,0.30000000000000004,19.65731857700419,1.0202174363073842
2,0.5000000000000001,25.023133198365663,2.970044702157426
3,0.7000000000000001,14.587144112206932,0.895059116505706
4,0.9000000000000001,16.340657360544093,1.1386013552396426
