,discretized_reward_proportion,interconnectivity_strength_mean,interconnectivity_strength_err
0,0.1,68.69172348876177,14.376696143641
1,0.30000000000000004,88.46299822077575,20.965071749882725
2,0.5000000000000001,69.66581307375937,19.69060410712471
3,0.7000000000000001,28.237360901135386,4.399199225305149
4,0.9000000000000001,17.795979764659307,3.9030836067081722
