,discretized_reward_proportion,interconnectivity_strength_mean,interconnectivity_strength_err
0,0.1,17.248891810147004,1.5392651734338654
1,0.30000000000000004,9.933491005814062,0.36596493273860703
2,0.5000000000000001,8.93864511401891,0.5653723683993674
3,0.7000000000000001,8.74536561808031,0.33453544248152767
4,0.9000000000000001,,
