,discretized_reward_proportion,interconnectivity_strength_mean,interconnectivity_strength_err
0,0.1,18.584182761085742,0.8227437478127919
1,0.30000000000000004,12.314922779282387,0.7028732723062747
2,0.5000000000000001,12.156454066699698,0.8405076850783252
3,0.7000000000000001,10.82500703624696,0.7713903053725027
4,0.9000000000000001,10.500401317372535,0.3657950525236653
