,discretized_reward_proportion,interconnectivity_strength_mean,interconnectivity_strength_err
0,0.1,22.863702344697682,2.8636168695654183
1,0.30000000000000004,31.51635087527908,7.306659834627397
2,0.5000000000000001,15.982688261971601,3.8881838422151347
3,0.7000000000000001,19.481555535371637,1.8191436371124088
4,0.9000000000000001,32.496972371466846,3.7248256103235344
