,discretized_reward_proportion,interconnectivity_strength_mean,interconnectivity_strength_err
0,0.1,64.19808824639786,13.058556985191084
1,0.30000000000000004,63.39636980731848,14.047483428110905
2,0.5000000000000001,64.58658280047838,14.898587884042483
3,0.7000000000000001,61.228136787620265,26.48693474331358
4,0.9000000000000001,104.67864787414626,16.570420833355012
