,discretized_reward_proportion,interconnectivity_strength_mean,interconnectivity_strength_err
0,0.1,41.800568939148654,5.654327435373209
1,0.30000000000000004,94.22468089969111,9.5056826968635
2,0.5000000000000001,54.156488860357804,8.833913340245054
3,0.7000000000000001,17.59978822328659,5.65087940011436
4,0.9000000000000001,7.1827389082335396,2.013535549796274
