,discretized_reward_proportion,interconnectivity_strength_mean,interconnectivity_strength_err
0,0.1,18.298579223230067,0.8869471393970683
1,0.30000000000000004,15.688203498030118,1.4269134825236602
2,0.5000000000000001,10.558703024836,1.0916276078897498
3,0.7000000000000001,16.330850904127356,1.1572963528132914
4,0.9000000000000001,9.858824122117976,0.6372185770629453
