,discretized_reward_proportion,interconnectivity_strength_mean,interconnectivity_strength_err
0,0.1,4.613680066053604,0.23473604417936103
1,0.30000000000000004,10.60134686020326,1.4617114674513996
2,0.5000000000000001,13.35579196411024,1.7634231985058062
3,0.7000000000000001,13.800103089959306,0.8987985020169332
4,0.9000000000000001,14.740182865657102,1.287309887356582
