,discretized_reward_proportion,interconnectivity_strength_mean,interconnectivity_strength_err
0,0.1,33.59636371382132,3.2933149768669328
1,0.30000000000000004,41.12546441692889,4.8572157523671144
2,0.5000000000000001,48.29125838164969,4.151434087465043
3,0.7000000000000001,31.204797151587563,3.4269241327496194
4,0.9000000000000001,38.133315093274284,3.3080512897778114
