,discretized_reward_proportion,interconnectivity_strength_mean,interconnectivity_strength_err
0,0.1,28.593012465790874,1.167457238290581
1,0.30000000000000004,18.979554259377075,2.145638041770607
2,0.5000000000000001,14.835921401298878,1.3052438570210994
3,0.7000000000000001,11.680734632400847,1.7860486574269487
4,0.9000000000000001,5.905388050706126,0.4077725171323668
