,discretized_reward_proportion,interconnectivity_strength_mean,interconnectivity_strength_err
0,0.1,22.450203841593584,5.552472680370277
1,0.30000000000000004,44.723338239081336,12.898099455806415
2,0.5000000000000001,37.49173111540914,7.824431501903553
3,0.7000000000000001,7.13720083393132,2.7622924399949302
4,0.9000000000000001,4.399481254925751,1.7101795241537867
