,discretized_reward_proportion,interconnectivity_strength_mean,interconnectivity_strength_err
0,0.1,31.90782873126113,1.9069294389092146
1,0.30000000000000004,25.496973722065952,6.972631079198636
2,0.5000000000000001,12.28551501851417,2.2086666589474397
3,0.7000000000000001,20.679503374839005,2.455065195458673
4,0.9000000000000001,15.540079355057351,1.732770314853755
