,discretized_reward_proportion,interconnectivity_strength_mean,interconnectivity_strength_err
0,0.1,11.030608239385153,4.047787342673204
1,0.30000000000000004,17.764096126247562,7.3613012020531645
2,0.5000000000000001,18.198371240145278,3.896457137031885
3,0.7000000000000001,20.430855772146007,1.950839208702247
4,0.9000000000000001,28.484707285897432,2.2639192699906907
