,discretized_reward_proportion,interconnectivity_strength_mean,interconnectivity_strength_err
0,0.1,13.43835691099253,4.800660133106422
1,0.30000000000000004,58.364474188601534,13.28752241674932
2,0.5000000000000001,28.52219070739436,4.8048186333447935
3,0.7000000000000001,44.309641060061,5.418520704960935
4,0.9000000000000001,28.174216054459563,3.6413756512381634
