,discretized_reward_proportion,interconnectivity_strength_mean,interconnectivity_strength_err
0,0.1,58.00823244282749,3.484857251417162
1,0.30000000000000004,52.53409454105301,12.037024257705227
2,0.5000000000000001,67.92754908955064,11.495439906675655
3,0.7000000000000001,65.79238068131772,13.34363858978924
4,0.9000000000000001,133.4601311383019,15.188769169068289
