,discretized_reward_proportion,interconnectivity_strength_mean,interconnectivity_strength_err
0,0.1,19.247949019466486,0.8874259435876882
1,0.30000000000000004,27.553297641230206,2.9951223197414603
2,0.5000000000000001,34.67509068429362,4.067690602021579
3,0.7000000000000001,20.158059661334,1.1949012700429715
4,0.9000000000000001,15.718535937826628,1.2296333769214427
