,discretized_reward_proportion,interconnectivity_strength_mean,interconnectivity_strength_err
0,0.1,4.4211335776948015,0.5612484854005759
1,0.30000000000000004,3.887836087827743,0.48560414128972684
2,0.5000000000000001,4.518809846234823,0.4374735481039446
3,0.7000000000000001,4.082312598153622,0.1507435706097964
4,0.9000000000000001,4.086021930219251,0.11208787333845195
