,discretized_reward_proportion,interconnectivity_strength_mean,interconnectivity_strength_err
0,0.1,73.50321084947939,5.419504824846937
1,0.30000000000000004,50.7806264721196,4.95955382436611
2,0.5000000000000001,39.100102709189294,5.12375489427232
3,0.7000000000000001,52.0371503309149,12.782919135308976
4,0.9000000000000001,66.83861252003055,16.119164452456552
