,discretized_reward_proportion,interconnectivity_strength_mean,interconnectivity_strength_err
0,0.1,24.310378203599544,8.070632849612219
1,0.30000000000000004,8.589571981950499,2.853430869359756
2,0.5000000000000001,18.205950752556742,7.2067968174915995
3,0.7000000000000001,23.133458226552076,6.377033455792076
4,0.9000000000000001,20.49685252442814,2.670999642283302
