,discretized_reward_proportion,interconnectivity_strength_mean,interconnectivity_strength_err
0,0.1,8.45313250030839,1.0909205346508772
1,0.30000000000000004,3.2565168264550683,0.37238414793426206
2,0.5000000000000001,4.281859875101923,0.3585634592772365
3,0.7000000000000001,6.0370338278149065,0.44325547895947354
4,0.9000000000000001,5.898525653848634,0.336516954053472
