,discretized_reward_proportion,interconnectivity_strength_mean,interconnectivity_strength_err
0,0.1,153.09243414832312,10.023970039958067
1,0.30000000000000004,83.6674377396208,9.777739553138797
2,0.5000000000000001,69.69934966974367,7.803417985114386
3,0.7000000000000001,48.37376197164675,7.296445559122132
4,0.9000000000000001,18.577228901220934,2.5944499431990904
