,discretized_reward_proportion,interconnectivity_strength_mean,interconnectivity_strength_err
0,0.1,28.953659369646818,1.9742539398110452
1,0.30000000000000004,20.325571433353556,2.2246490271450647
2,0.5000000000000001,12.507452549365812,1.033407292507655
3,0.7000000000000001,5.547702703908181,1.026367932829038
4,0.9000000000000001,3.502499619449054,0.7431663112999225
