,discretized_reward_proportion,interconnectivity_strength_mean,interconnectivity_strength_err
0,0.1,10.026375187376006,1.451658161588684
1,0.30000000000000004,21.30747375786629,3.312994648368969
2,0.5000000000000001,6.041941486767356,0.23025848805190613
3,0.7000000000000001,5.338145460932968,0.10321484429215112
4,0.9000000000000001,5.138946994029679,0.0901888200020087
