,discretized_reward_proportion,interconnectivity_strength_mean,interconnectivity_strength_err
0,0.1,5.131248209430849,0.14042293993278102
1,0.30000000000000004,7.318848834127635,0.6823826952653673
2,0.5000000000000001,22.736480078144595,4.37359839202434
3,0.7000000000000001,16.059988981530335,1.7545228766166234
4,0.9000000000000001,11.944537556771474,0.7251410471266908
