,discretized_reward_proportion,interconnectivity_strength_mean,interconnectivity_strength_err
0,0.1,12.61612783958927,0.3999926258226607
1,0.30000000000000004,19.306246210185215,4.2923303701456685
2,0.5000000000000001,10.910532978228643,1.2340821205575636
3,0.7000000000000001,12.69298701607319,1.2285705067881576
4,0.9000000000000001,6.299352778178843,0.646176586558508
