,discretized_reward_proportion,interconnectivity_strength_mean,interconnectivity_strength_err
0,0.1,15.930954994539428,1.1808509280714066
1,0.30000000000000004,32.40015274072217,3.812776699006216
2,0.5000000000000001,31.252022430931678,3.9975114450284868
3,0.7000000000000001,9.00728499267185,1.9785623450462302
4,0.9000000000000001,1.7541210204334288,0.747936141978405
