,discretized_reward_proportion,interconnectivity_strength_mean,interconnectivity_strength_err
0,0.1,9.699248874913872,2.697075246962724
1,0.30000000000000004,30.06488878877428,8.77875654655356
2,0.5000000000000001,15.811066903054948,5.811912829607181
3,0.7000000000000001,22.22228865652352,4.071850009478596
4,0.9000000000000001,20.708969508963236,4.266879635013564
