,discretized_reward_proportion,interconnectivity_strength_mean,interconnectivity_strength_err
0,0.1,9.236816792909268,1.0015972310074708
1,0.30000000000000004,6.954363096854945,0.38904985910167933
2,0.5000000000000001,5.67332715536058,0.5139941698892961
3,0.7000000000000001,4.606241386572201,0.20850178318526624
4,0.9000000000000001,5.385698477087498,0.28603677071949457
