,discretized_reward_proportion,interconnectivity_strength_mean,interconnectivity_strength_err
0,0.1,21.836748212100403,2.001295524950264
1,0.30000000000000004,17.56974080381002,1.5163651717324949
2,0.5000000000000001,12.426680189634414,0.8574136894356171
3,0.7000000000000001,12.523319058748712,0.29507343378094286
4,0.9000000000000001,12.22124589001348,0.31065750647875295
