,discretized_reward_proportion,interconnectivity_strength_mean,interconnectivity_strength_err
0,0.1,41.895270105546835,1.7092948525814515
1,0.30000000000000004,72.60622390248834,6.539265171197599
2,0.5000000000000001,53.60251291735636,5.559575674877534
3,0.7000000000000001,39.15033675386554,5.7032087571396
4,0.9000000000000001,35.58227156405184,2.468767336969095
