,discretized_reward_proportion,interconnectivity_strength_mean,interconnectivity_strength_err
0,0.1,17.087678097488322,1.7621068475659634
1,0.30000000000000004,33.064682958747305,4.997655371020611
2,0.5000000000000001,55.55939151442726,13.095992354399547
3,0.7000000000000001,56.02070127587423,14.01930982290409
4,0.9000000000000001,9.423397925394665,1.1371426225344667
