,discretized_reward_proportion,interconnectivity_strength_mean,interconnectivity_strength_err
0,0.1,109.54102704538397,7.006642660103172
1,0.30000000000000004,87.3473426528589,5.544338241687479
2,0.5000000000000001,57.92124291525121,8.745701392233393
3,0.7000000000000001,63.510344400604644,11.266108212716247
4,0.9000000000000001,42.07813881759497,13.76614969902293
