,discretized_reward_proportion,interconnectivity_strength_mean,interconnectivity_strength_err
0,0.1,20.454968171088364,0.5276401467967207
1,0.30000000000000004,14.7814500360813,1.1280039479436037
2,0.5000000000000001,10.116414183245107,0.4009290452296315
3,0.7000000000000001,10.546527535739608,0.6812005809625494
4,0.9000000000000001,11.525699636383544,0.5877121480754216
