,discretized_reward_proportion,interconnectivity_strength_mean,interconnectivity_strength_err
0,0.1,2.636910124141641,0.4215639057467145
1,0.30000000000000004,4.017317621962571,0.4123724154141787
2,0.5000000000000001,3.4051174969868176,0.32259569759907203
3,0.7000000000000001,9.97174054976103,1.3316177184849531
4,0.9000000000000001,15.633774585189915,1.7359739353375927
