,discretized_reward_proportion,interconnectivity_strength_mean,interconnectivity_strength_err
0,0.1,8.608232771367787,3.2485318512631873
1,0.30000000000000004,8.77948347552209,2.5393092410060385
2,0.5000000000000001,9.607279411126694,1.6202404008726459
3,0.7000000000000001,6.798198406290604,0.8494539040602584
4,0.9000000000000001,9.291907377772388,0.930854744429157
