,discretized_reward_proportion,interconnectivity_strength_mean,interconnectivity_strength_err
0,0.1,10.570082100556625,0.5952360144788374
1,0.30000000000000004,10.987657176201681,0.7626131328821852
2,0.5000000000000001,8.789953552488697,0.5598726355645799
3,0.7000000000000001,5.968836513757524,0.19858339048900406
4,0.9000000000000001,5.647070157406301,0.11766205784329141
