,discretized_reward_proportion,interconnectivity_strength_mean,interconnectivity_strength_err
0,0.1,53.912169643633824,6.897204486005796
1,0.30000000000000004,27.496876979252736,4.38692351569893
2,0.5000000000000001,9.251717269433373,3.6124494331184556
3,0.7000000000000001,13.311436440112242,4.518352229227491
4,0.9000000000000001,7.760340551996388,2.5605606298059036
