,discretized_reward_proportion,interconnectivity_strength_mean,interconnectivity_strength_err
0,0.1,5.628387657742602,0.4537939591738734
1,0.30000000000000004,7.5237833932292855,0.446606378529284
2,0.5000000000000001,6.981605816902292,0.564265781210488
3,0.7000000000000001,5.6668401284983485,0.1372095707375971
4,0.9000000000000001,5.219322023329089,0.12837296568704887
