,discretized_reward_proportion,interconnectivity_strength_mean,interconnectivity_strength_err
0,0.1,52.70565253304577,17.168347410748524
1,0.30000000000000004,114.79775184368911,25.257190739270435
2,0.5000000000000001,23.654120424568898,5.545691690537747
3,0.7000000000000001,7.3749381289696565,1.597190001363055
4,0.9000000000000001,8.267618790942429,1.4631574800509914
