,discretized_reward_proportion,interconnectivity_strength_mean,interconnectivity_strength_err
0,0.1,52.30312853146463,9.80855703454979
1,0.30000000000000004,123.98939002916853,14.0960363753682
2,0.5000000000000001,113.91697352897734,32.611017935289254
3,0.7000000000000001,37.17852325259925,14.785335610609167
4,0.9000000000000001,34.06771694567387,7.718278795874493
