,discretized_reward_proportion,interconnectivity_strength_mean,interconnectivity_strength_err
0,0.1,7.205562890474111,1.56230055754703
1,0.30000000000000004,7.123328422746877,0.532322503019978
2,0.5000000000000001,9.292967419034733,0.2473800667201416
3,0.7000000000000001,10.167714463376841,0.4112629099422113
4,0.9000000000000001,11.731671485921865,0.5599426610120688
