,discretized_reward_proportion,interconnectivity_strength_mean,interconnectivity_strength_err
0,0.1,0.15333333333333332,0.029419066631718307
1,0.30000000000000004,61.232897354371886,13.242405608363542
2,0.5000000000000001,28.387668643692162,9.031243269673032
3,0.7000000000000001,45.38509642428564,17.73526821234441
4,0.9000000000000001,16.45496608931242,7.465112297140202
