,discretized_reward_proportion,interconnectivity_strength_mean,interconnectivity_strength_err
0,0.1,69.53694085943273,6.198660430928685
1,0.30000000000000004,28.087229030403044,4.73671543527761
2,0.5000000000000001,4.440720068472649,2.1221529238188346
3,0.7000000000000001,4.832715234763957,3.112558508614721
4,0.9000000000000001,46.709747974481935,5.2832963230579315
