,discretized_reward_proportion,interconnectivity_strength_mean,interconnectivity_strength_err
0,0.1,132.20616407976536,31.29506242712817
1,0.30000000000000004,179.91167431840722,33.20935569529994
2,0.5000000000000001,138.71023173052097,37.06005503002565
3,0.7000000000000001,52.56305253005579,22.269951690398557
4,0.9000000000000001,7.073484892015712,2.0263049405189824
