,discretized_reward_proportion,interconnectivity_strength_mean,interconnectivity_strength_err
0,0.1,27.374626565581146,1.0973066640982263
1,0.30000000000000004,18.318607347426756,1.1274694341095526
2,0.5000000000000001,11.12567411027358,0.6658248959300059
3,0.7000000000000001,10.560659543595545,0.8681832651440435
4,0.9000000000000001,13.137494679025878,1.107231582259698
