,discretized_reward_proportion,interconnectivity_strength_mean,interconnectivity_strength_err
0,0.1,14.380541543722815,0.47080046066428777
1,0.30000000000000004,14.032335294038987,0.8894547196808538
2,0.5000000000000001,11.031718054022429,0.24813876980526736
3,0.7000000000000001,8.281503993067407,0.45088370679666845
4,0.9000000000000001,10.947450708065691,0.5477707407388317
