,discretized_reward_proportion,interconnectivity_strength_mean,interconnectivity_strength_err
0,0.1,90.80533247062108,19.462623011517195
1,0.30000000000000004,28.792653741075224,7.66070771799196
2,0.5000000000000001,76.14771547829253,46.45530496481792
3,0.7000000000000001,59.68990722691459,58.94773975572288
4,0.9000000000000001,0.30303030303030304,0.08000055652754638
