,discretized_reward_proportion,interconnectivity_strength_mean,interconnectivity_strength_err
0,0.1,55.267145751003305,6.151610023333764
1,0.30000000000000004,26.439800851668284,7.276615070426534
2,0.5000000000000001,11.17908461039702,3.5505574933479798
3,0.7000000000000001,17.94769211004889,7.894832331557254
4,0.9000000000000001,12.05737296598583,5.891593084785983
