,discretized_reward_proportion,interconnectivity_strength_mean,interconnectivity_strength_err
0,0.1,4.46330066735602,2.1799431726506273
1,0.30000000000000004,18.821686089344585,2.1947414077607035
2,0.5000000000000001,12.996696093442182,1.8686890007972417
3,0.7000000000000001,19.175286980732338,1.532798738132135
4,0.9000000000000001,16.669418181221594,1.3215559688355079
