,discretized_reward_proportion,interconnectivity_strength_mean,interconnectivity_strength_err
0,0.1,20.790332455465883,3.169384297849964
1,0.30000000000000004,6.6966732955918005,0.8543191081806825
2,0.5000000000000001,13.396427686076546,1.4810928225126259
3,0.7000000000000001,15.9418799300272,1.192546424178163
4,0.9000000000000001,10.906311049276608,1.3317590777398916
