,discretized_reward_proportion,interconnectivity_strength_mean,interconnectivity_strength_err
0,0.1,37.966294052377584,3.3165970830544818
1,0.30000000000000004,23.929872333263457,3.2164565639857874
2,0.5000000000000001,12.522862382266203,1.3554561258317703
3,0.7000000000000001,8.313222562188106,0.6903538119030673
4,0.9000000000000001,4.876024857916833,0.1521636236652231
