,discretized_reward_proportion,interconnectivity_strength_mean,interconnectivity_strength_err
0,0.1,27.927786598445053,2.146894678316416
1,0.30000000000000004,23.44419529315176,2.787388817217329
2,0.5000000000000001,11.70746914035742,1.4863735814976862
3,0.7000000000000001,12.452147958381078,0.7603880507605256
4,0.9000000000000001,11.481245533807025,0.590721948721515
