,discretized_reward_proportion,interconnectivity_strength_mean,interconnectivity_strength_err
0,0.1,72.49597369583478,4.696301768623181
1,0.30000000000000004,56.821971176108015,3.458017234381939
2,0.5000000000000001,50.067338686203975,3.73558846424529
3,0.7000000000000001,51.61482638087742,3.6194327189782265
4,0.9000000000000001,54.182991617800276,2.9185941079841484
