,discretized_reward_proportion,interconnectivity_strength_mean,interconnectivity_strength_err
0,0.1,19.9184106519287,4.181391887687512
1,0.30000000000000004,15.550815227854947,1.6126961923949892
2,0.5000000000000001,16.590515115141837,1.2220235035094154
3,0.7000000000000001,13.688675761399685,0.911539127406125
4,0.9000000000000001,16.628319908440243,2.7499634848671333
