,discretized_reward_proportion,interconnectivity_strength_mean,interconnectivity_strength_err
0,0.1,36.71379498046192,3.8706704989555876
1,0.30000000000000004,31.545394106357243,7.619511077191545
2,0.5000000000000001,26.757068872972074,5.742593043179044
3,0.7000000000000001,10.103684535404826,0.504477102055368
4,0.9000000000000001,14.542505912382136,0.7909957562895727
