,discretized_reward_proportion,interconnectivity_strength_mean,interconnectivity_strength_err
0,0.1,81.2843225881239,19.28632371927145
1,0.30000000000000004,26.498353541660023,5.703189473053826
2,0.5000000000000001,26.320931078842246,8.65712148373951
3,0.7000000000000001,28.93443758356224,11.617740277821508
4,0.9000000000000001,4.941078765510609,4.712184731025867
