,discretized_reward_proportion,interconnectivity_strength_mean,interconnectivity_strength_err
0,0.1,141.51048843526758,43.25891812558528
1,0.30000000000000004,94.47793483514694,12.60225081844575
2,0.5000000000000001,58.49727308572363,18.77881460461615
3,0.7000000000000001,180.46320669005917,43.19047776140306
4,0.9000000000000001,75.60360145950209,17.253094023449645
