,discretized_reward_proportion,interconnectivity_strength_mean,interconnectivity_strength_err
0,0.1,17.256283978913096,2.5458454650317885
1,0.30000000000000004,29.864104129214212,2.931100803586978
2,0.5000000000000001,31.529723862281635,5.313648445937893
3,0.7000000000000001,35.52312314064597,7.918026563456327
4,0.9000000000000001,43.177530996155,10.967214802651268
