,discretized_reward_proportion,interconnectivity_strength_mean,interconnectivity_strength_err
0,0.1,43.656573280451326,3.574478734635052
1,0.30000000000000004,68.51147388799588,4.62933608794517
2,0.5000000000000001,83.58121714797737,7.896345484661769
3,0.7000000000000001,57.4193519892172,11.499417123445154
4,0.9000000000000001,154.147854707393,59.491360851474845
