,discretized_reward_proportion,interconnectivity_strength_mean,interconnectivity_strength_err
0,0.1,39.28484095699296,7.630914843920975
1,0.30000000000000004,26.786189041743047,8.171936981026407
2,0.5000000000000001,4.687204053582589,3.2604582568949136
3,0.7000000000000001,44.743925668709885,14.624308778136955
4,0.9000000000000001,34.08602246417967,10.29240927297143
