,discretized_reward_proportion,interconnectivity_strength_mean,interconnectivity_strength_err
0,0.1,24.27717265921123,4.09116961131179
1,0.30000000000000004,20.983985787757973,2.3710808283762623
2,0.5000000000000001,19.224215138838698,2.2272328751819983
3,0.7000000000000001,25.199354552675253,4.004514030456228
4,0.9000000000000001,22.581620401522894,2.8434388297811175
