,discretized_reward_proportion,interconnectivity_strength_mean,interconnectivity_strength_err
0,0.1,35.50536413235113,2.068325338381101
1,0.30000000000000004,26.395213433274606,2.382701687504796
2,0.5000000000000001,21.743743423692244,1.1772734004167174
3,0.7000000000000001,14.148660025346672,1.1847813137965628
4,0.9000000000000001,13.780671719617203,1.0595608046425147
