,discretized_reward_proportion,interconnectivity_strength_mean,interconnectivity_strength_err
0,0.1,152.855182917918,18.783163088945567
1,0.30000000000000004,102.8218617260307,12.480973758839843
2,0.5000000000000001,111.07420266447023,18.953500523187568
3,0.7000000000000001,99.27795316221118,21.336115144815388
4,0.9000000000000001,66.87059933428026,13.682431552300349
