,discretized_reward_proportion,interconnectivity_strength_mean,interconnectivity_strength_err
0,0.1,46.84254465951132,5.915576395248352
1,0.30000000000000004,28.217441651776696,4.813266068476405
2,0.5000000000000001,22.82449728553422,4.704083924729287
3,0.7000000000000001,29.141656058229124,2.909153414145914
4,0.9000000000000001,25.110126114176175,2.3587784993550125
