,discretized_reward_proportion,interconnectivity_strength_mean,interconnectivity_strength_err
0,0.1,20.44291237552443,1.3020758154086054
1,0.30000000000000004,17.18156988052308,1.3876293237590753
2,0.5000000000000001,18.846653225583587,1.8877914202877548
3,0.7000000000000001,16.28760314026699,1.1681622990974605
4,0.9000000000000001,14.768806717153211,1.1076908187617533
