,discretized_reward_proportion,interconnectivity_strength_mean,interconnectivity_strength_err
0,0.1,59.291424541291434,6.4096325732857
1,0.30000000000000004,46.73113783071814,11.058314840801211
2,0.5000000000000001,8.460498744606651,0.30109851109724894
3,0.7000000000000001,7.597396766861514,0.4051979760865922
4,0.9000000000000001,6.259945670945942,0.22112528892830474
