,discretized_reward_proportion,interconnectivity_strength_mean,interconnectivity_strength_err
0,0.1,12.315583706945686,0.8886467941996709
1,0.30000000000000004,17.473004131813667,1.6895963544751735
2,0.5000000000000001,18.11567100170353,1.598400011052013
3,0.7000000000000001,14.52849624193569,1.176947638311362
4,0.9000000000000001,12.104482683793666,0.9621908850773081
