,discretized_reward_proportion,interconnectivity_strength_mean,interconnectivity_strength_err
0,0.1,67.94747063994224,13.432979736582784
1,0.30000000000000004,54.4149769991257,11.496032262485341
2,0.5000000000000001,32.933177974340296,14.247651639760953
3,0.7000000000000001,49.8876682455057,18.56214465554061
4,0.9000000000000001,96.51990163194715,19.71692411867844
