,discretized_reward_proportion,interconnectivity_strength_mean,interconnectivity_strength_err
0,0.1,37.0024528021,2.1891297875517584
1,0.30000000000000004,30.602672165794864,1.9341213592300164
2,0.5000000000000001,25.88669722417711,1.3629434276526844
3,0.7000000000000001,24.031489939073275,1.6480636802899948
4,0.9000000000000001,19.56299389346367,1.4741092885351985
