,discretized_reward_proportion,interconnectivity_strength_mean,interconnectivity_strength_err
0,0.1,58.37835448947396,5.746204522312814
1,0.30000000000000004,25.548234669587373,6.955647060057948
2,0.5000000000000001,46.89238672456967,11.801662302107841
3,0.7000000000000001,8.50757685309605,3.0985960741036775
4,0.9000000000000001,35.20676346006907,2.06804930677379
