,discretized_reward_proportion,interconnectivity_strength_mean,interconnectivity_strength_err
0,0.1,14.013265925967291,0.7444655400466523
1,0.30000000000000004,12.822898748813126,1.1488461066910725
2,0.5000000000000001,9.606283667454182,0.30244111645396043
3,0.7000000000000001,8.213956541991287,0.547975119343074
4,0.9000000000000001,8.08353779865304,0.32319326678163063
