,discretized_reward_proportion,interconnectivity_strength_mean,interconnectivity_strength_err
0,0.1,94.31189310353507,6.278427523541979
1,0.30000000000000004,99.52397598493103,13.169037497236504
2,0.5000000000000001,92.24112706658822,12.478320025086207
3,0.7000000000000001,92.72440804331791,14.270471340832751
4,0.9000000000000001,37.2030404855967,5.049791720589976
