,discretized_reward_proportion,interconnectivity_strength_mean,interconnectivity_strength_err
0,0.1,38.57415539077308,6.438373614631325
1,0.30000000000000004,44.341644620056094,10.588397846865588
2,0.5000000000000001,91.64343066587115,29.82751871280132
3,0.7000000000000001,63.4943288029959,22.968011666897592
4,0.9000000000000001,14.040925440876714,13.826547577977276
