,discretized_reward_proportion,interconnectivity_strength_mean,interconnectivity_strength_err
0,0.1,27.016170838413288,6.813033604585899
1,0.30000000000000004,35.960251338314116,5.107807328797748
2,0.5000000000000001,37.3107107795668,5.792025221738559
3,0.7000000000000001,27.850017958542683,2.8349620221545173
4,0.9000000000000001,33.264185733902465,3.1424127487545777
