,discretized_reward_proportion,interconnectivity_strength_mean,interconnectivity_strength_err
0,0.1,16.502660277954526,4.885686589412503
1,0.30000000000000004,12.616306365821776,7.195352255864048
2,0.5000000000000001,34.63571588674828,12.33744177712248
3,0.7000000000000001,0.0,0.0
4,0.9000000000000001,0.0,0.0
