,discretized_reward_proportion,interconnectivity_strength_mean,interconnectivity_strength_err
0,0.1,4.713844005190561,0.26416599741886776
1,0.30000000000000004,9.729092905972488,0.7171249018100914
2,0.5000000000000001,9.583568508642436,0.9152376743813136
3,0.7000000000000001,8.700892139672918,0.5803250313391054
4,0.9000000000000001,7.577208787411533,0.31138507448174935
