,discretized_reward_proportion,interconnectivity_strength_mean,interconnectivity_strength_err
0,0.1,21.46716033523235,5.729368748271331
1,0.30000000000000004,32.95043087059292,6.068393337935308
2,0.5000000000000001,15.71008047853619,4.227524847872132
3,0.7000000000000001,10.786116091628994,2.692075245173861
4,0.9000000000000001,5.706392723468538,2.366407452616449
