,discretized_reward_proportion,interconnectivity_strength_mean,interconnectivity_strength_err
0,0.1,403.17957585335,56.16010519960232
1,0.30000000000000004,277.88265190180016,69.75877458988661
2,0.5000000000000001,319.4568770822924,80.53573318851292
3,0.7000000000000001,1.9389791827279121,0.40521526155017773
4,0.9000000000000001,3.560330505633976,0.6116336356926948
