,discretized_reward_proportion,interconnectivity_strength_mean,interconnectivity_strength_err
0,0.1,1.537852570072287,0.5750818761178292
1,0.30000000000000004,13.025416679058603,2.6310824627367295
2,0.5000000000000001,13.144061992384822,1.7909822710980636
3,0.7000000000000001,12.695165356918663,1.1305212525508375
4,0.9000000000000001,9.339739446370146,0.7668405927290549
