,discretized_reward_proportion,interconnectivity_strength_mean,interconnectivity_strength_err
0,0.1,11.015268059629086,0.8098003477201066
1,0.30000000000000004,10.833057985270335,1.0057828356061778
2,0.5000000000000001,16.24388509430146,2.535821599967513
3,0.7000000000000001,135.35905715199306,25.923658055764307
4,0.9000000000000001,92.47543924552038,12.740948068040009
