,discretized_reward_proportion,interconnectivity_strength_mean,interconnectivity_strength_err
0,0.1,22.325700176560836,3.080748532679972
1,0.30000000000000004,15.76855940885448,2.461854746075265
2,0.5000000000000001,56.20591204342269,17.746507470731814
3,0.7000000000000001,200.5991169675127,48.762446414659394
4,0.9000000000000001,216.0342488970705,59.763263960828425
