,discretized_reward_proportion,interconnectivity_strength_mean,interconnectivity_strength_err
0,0.1,88.1581365417438,9.347272561630481
1,0.30000000000000004,46.375811339960144,6.720483759281291
2,0.5000000000000001,43.803481007870865,7.886417500608554
3,0.7000000000000001,22.24660195299178,1.8974871814622578
4,0.9000000000000001,13.208379303265758,0.8252176876109245
