,discretized_reward_proportion,interconnectivity_strength_mean,interconnectivity_strength_err
0,0.1,54.457217006833034,3.0184662373092195
1,0.30000000000000004,42.0584121530577,3.185744521025784
2,0.5000000000000001,39.045720247856494,3.1957163527926395
3,0.7000000000000001,10.462140611844497,2.3165458532390013
4,0.9000000000000001,21.512278081048855,2.646996763418262
