,discretized_reward_proportion,interconnectivity_strength_mean,interconnectivity_strength_err
0,0.1,52.69748228546121,7.829349564850909
1,0.30000000000000004,16.647050544014434,6.375121201932557
2,0.5000000000000001,0.13114754098360656,0.043220339678526475
3,0.7000000000000001,6.680265658409998,4.42200983727662
4,0.9000000000000001,183.1201820786479,16.686843448156765
