,discretized_reward_proportion,interconnectivity_strength_mean,interconnectivity_strength_err
0,0.1,136.95098220124618,28.59194643380815
1,0.30000000000000004,95.35444048370037,20.961542894341186
2,0.5000000000000001,75.31887243932864,10.09582950857917
3,0.7000000000000001,73.28371681786076,8.983800564562427
4,0.9000000000000001,55.487692385235384,7.713624366228193
