,discretized_reward_proportion,interconnectivity_strength_mean,interconnectivity_strength_err
0,0.1,6.625972612282074,0.5427015203011495
1,0.30000000000000004,21.53824799754933,5.613808995369676
2,0.5000000000000001,38.047210607586834,8.148164506471298
3,0.7000000000000001,23.212274904986813,3.904997344258736
4,0.9000000000000001,29.94782943194581,5.970635436012256
