,discretized_reward_proportion,interconnectivity_strength_mean,interconnectivity_strength_err
0,0.1,9.340382281988681,4.47227530395725
1,0.30000000000000004,134.7599702080617,35.57023388580254
2,0.5000000000000001,313.39211301302043,56.69179205738978
3,0.7000000000000001,48.66482016426265,45.01935969980057
4,0.9000000000000001,3.6398701061777574,1.9481518296726046
