,discretized_reward_proportion,interconnectivity_strength_mean,interconnectivity_strength_err
0,0.1,55.43216912302217,26.946588440823433
1,0.30000000000000004,208.02191706218434,47.49293025789161
2,0.5000000000000001,106.41098456879685,58.680230997381884
3,0.7000000000000001,84.8394497276073,29.51419701655716
4,0.9000000000000001,54.83668607113988,16.417105955402512
