,discretized_reward_proportion,interconnectivity_strength_mean,interconnectivity_strength_err
0,0.1,13.869558606578039,3.007234236294179
1,0.30000000000000004,16.614424771818353,3.2654318611396445
2,0.5000000000000001,22.108282723034115,3.239119413987681
3,0.7000000000000001,16.414824883074697,0.9982387902529521
4,0.9000000000000001,12.830194159331853,1.729230675141733
