,discretized_reward_proportion,interconnectivity_strength_mean,interconnectivity_strength_err
0,0.1,25.95467598013344,1.1473619996800513
1,0.30000000000000004,22.187975441232652,2.6995773356221515
2,0.5000000000000001,17.327144159356713,1.675603994333845
3,0.7000000000000001,15.962572247092313,1.42506522343877
4,0.9000000000000001,11.227647837806934,0.578209916299428
