,discretized_reward_proportion,interconnectivity_strength_mean,interconnectivity_strength_err
0,0.1,28.517126158656,4.723987807909248
1,0.30000000000000004,34.436683717246424,3.902360979451378
2,0.5000000000000001,10.87563331649107,1.8136699044884124
3,0.7000000000000001,14.712957088373726,1.2221212903068255
4,0.9000000000000001,13.631700712402187,1.5929795190517686
