,discretized_reward_proportion,interconnectivity_strength_mean,interconnectivity_strength_err
0,0.1,16.166982488799015,1.0180132688961356
1,0.30000000000000004,15.807870610730854,1.145053271094657
2,0.5000000000000001,12.012800446235113,1.3195315312503428
3,0.7000000000000001,8.294364562811246,0.5389966598603919
4,0.9000000000000001,10.245926969644604,0.5892506464595275
