,discretized_reward_proportion,interconnectivity_strength_mean,interconnectivity_strength_err
0,0.1,5.233238104269601,2.9587247751216355
1,0.30000000000000004,19.587395100716915,9.517899456717823
2,0.5000000000000001,14.996713014832363,7.273912041968269
3,0.7000000000000001,45.595598618589854,15.122450056339515
4,0.9000000000000001,21.449984087731146,11.55762532773713
