,discretized_reward_proportion,interconnectivity_strength_mean,interconnectivity_strength_err
0,0.1,20.78886183271954,1.1951894264104073
1,0.30000000000000004,14.788669279445383,1.426720642257404
2,0.5000000000000001,6.655674847497976,0.5081509075136704
3,0.7000000000000001,2.4122807281150624,0.4839771868367537
4,0.9000000000000001,1.4496425481281694,0.32821536873189244
