,discretized_reward_proportion,interconnectivity_strength_mean,interconnectivity_strength_err
0,0.1,59.86367118230578,13.88543623319785
1,0.30000000000000004,24.991577499546942,3.4931585420314297
2,0.5000000000000001,28.51284844597876,5.198481600362922
3,0.7000000000000001,28.479144855990327,3.4236119007396493
4,0.9000000000000001,25.36374219988372,2.109334237642299
