,discretized_reward_proportion,interconnectivity_strength_mean,interconnectivity_strength_err
0,0.1,2.907413468649516,0.7002263927434467
1,0.30000000000000004,1.5219960582272907,0.4375944879647109
2,0.5000000000000001,2.877065491429838,0.41891992089126023
3,0.7000000000000001,1.576868486762482,0.2553123213599234
4,0.9000000000000001,2.6251708085547536,0.30584470703017663
