,discretized_reward_proportion,interconnectivity_strength_mean,interconnectivity_strength_err
0,0.1,16.111225971211,0.9146798665140107
1,0.30000000000000004,13.814128500043354,0.6711760286501876
2,0.5000000000000001,13.116177637925079,0.9103742317889294
3,0.7000000000000001,13.294687036973823,0.6113034944185544
4,0.9000000000000001,13.24849233294277,0.7514051224618089
