,discretized_reward_proportion,interconnectivity_strength_mean,interconnectivity_strength_err
0,0.1,16.4960511491529,0.9926468612835164
1,0.30000000000000004,13.192461629245745,0.9707368774487564
2,0.5000000000000001,8.214264190491978,0.5436917613172884
3,0.7000000000000001,11.955908999128447,1.0817534539003792
4,0.9000000000000001,7.366462312189237,0.48068708077193784
