,discretized_reward_proportion,interconnectivity_strength_mean,interconnectivity_strength_err
0,0.1,11.795900732906217,0.653698796385243
1,0.30000000000000004,13.546745809110233,0.6493018902554389
2,0.5000000000000001,9.735191087258297,0.7735781395731761
3,0.7000000000000001,8.972443253513564,0.6512400636847788
4,0.9000000000000001,8.356408742229712,0.3425559900834715
