,discretized_reward_proportion,interconnectivity_strength_mean,interconnectivity_strength_err
0,0.1,14.187600938595436,1.7355243723978226
1,0.30000000000000004,10.974944481564052,1.503347479126157
2,0.5000000000000001,11.286373659964918,2.6018256116820573
3,0.7000000000000001,12.245715873662151,2.2025931169487887
4,0.9000000000000001,37.496805156998214,10.682992927518756
