,discretized_reward_proportion,interconnectivity_strength_mean,interconnectivity_strength_err
0,0.1,10.180651663567625,0.9967767431452156
1,0.30000000000000004,7.896657708688076,0.24915260899737024
2,0.5000000000000001,5.325203428762381,0.4341266374485892
3,0.7000000000000001,3.082640313580651,0.5150776525895214
4,0.9000000000000001,2.09298230306332,0.572346129875799
