,discretized_reward_proportion,interconnectivity_strength_mean,interconnectivity_strength_err
0,0.1,0.4444444444444444,0.0676200688277983
1,0.30000000000000004,0.2903225806451613,0.047068399075540654
2,0.5000000000000001,0.17105263157894737,0.04319381486071701
3,0.7000000000000001,0.296875,0.05711012311411502
4,0.9000000000000001,0.14516129032258066,0.044737494218417835
