,discretized_reward_proportion,interconnectivity_strength_mean,interconnectivity_strength_err
0,0.1,45.941719692639666,4.954564953033992
1,0.30000000000000004,29.464623549796187,2.859528113810321
2,0.5000000000000001,27.194074030415692,1.6253254374344874
3,0.7000000000000001,36.1979387689917,2.1939390180390785
4,0.9000000000000001,24.388997751579915,1.9556047077834808
