,discretized_reward_proportion,interconnectivity_strength_mean,interconnectivity_strength_err
0,0.1,295.4065319594889,67.1619116157318
1,0.30000000000000004,124.2745301690129,40.52212267879972
2,0.5000000000000001,36.354103366787776,11.268333776592854
3,0.7000000000000001,28.956444456455316,2.2802973377806586
4,0.9000000000000001,15.52979753194165,1.8769462179900929
