,discretized_reward_proportion,interconnectivity_strength_mean,interconnectivity_strength_err
0,0.1,10.41565457029212,1.2707353964411399
1,0.30000000000000004,23.82661705965331,2.2323740069744966
2,0.5000000000000001,27.46863006020412,2.3569194627315997
3,0.7000000000000001,31.106220226315926,2.7330178981835416
4,0.9000000000000001,32.84420030244058,1.4743686129537708
