,discretized_reward_proportion,interconnectivity_strength_mean,interconnectivity_strength_err
0,0.1,9.547522843202977,0.22779906640181768
1,0.30000000000000004,10.370879264005808,0.4953572423547838
2,0.5000000000000001,12.184215418063902,0.8707147879248799
3,0.7000000000000001,6.957328207048886,1.160943397808127
4,0.9000000000000001,7.774598509092326,0.9032868139539615
