,discretized_reward_proportion,interconnectivity_strength_mean,interconnectivity_strength_err
0,0.1,19.492131078437293,2.6838402777785393
1,0.30000000000000004,24.316650316840004,3.401652698731848
2,0.5000000000000001,12.457090583595795,1.2503626173770985
3,0.7000000000000001,10.112381572288898,0.6483313206638245
4,0.9000000000000001,13.611352308268682,0.9410460317860453
