,discretized_reward_proportion,interconnectivity_strength_mean,interconnectivity_strength_err
0,0.1,22.539170789239066,3.3842662045953644
1,0.30000000000000004,17.87908654828203,2.6017117789811355
2,0.5000000000000001,9.720667571567214,1.374117639659631
3,0.7000000000000001,3.8597952464734133,0.7570666282926899
4,0.9000000000000001,3.6460107820842094,0.9862415578809881
