,discretized_reward_proportion,interconnectivity_strength_mean,interconnectivity_strength_err
0,0.1,26.189235914886304,3.8250357643354573
1,0.30000000000000004,34.18672597902642,6.17297470220146
2,0.5000000000000001,86.43658158561239,9.885131423307543
3,0.7000000000000001,11.581048569866978,4.855467798462747
4,0.9000000000000001,10.406417787590454,1.3885605971993034
