,discretized_reward_proportion,interconnectivity_strength_mean,interconnectivity_strength_err
0,0.1,18.767206631210215,1.4372922526368317
1,0.30000000000000004,23.616918367035623,2.294979147094574
2,0.5000000000000001,14.789918691396162,2.46137941635637
3,0.7000000000000001,9.468367935166665,2.8832350315248805
4,0.9000000000000001,0.0,0.0
