,discretized_reward_proportion,interconnectivity_strength_mean,interconnectivity_strength_err
0,0.1,41.54015613759798,4.618260049128543
1,0.30000000000000004,24.267385054794467,3.565229203274564
2,0.5000000000000001,20.099419843689642,2.127938698481721
3,0.7000000000000001,19.80066342474741,2.1050733460966757
4,0.9000000000000001,12.082625988137448,1.0731765542231384
