,discretized_reward_proportion,interconnectivity_strength_mean,interconnectivity_strength_err
0,0.1,18.726487763800836,0.7266458420523492
1,0.30000000000000004,22.936089500411327,2.5594682176007484
2,0.5000000000000001,15.571751408806115,0.8257742977918104
3,0.7000000000000001,11.505710414971475,1.2753131655823888
4,0.9000000000000001,9.022911148801027,0.6165846958025167
