,discretized_reward_proportion,interconnectivity_strength_mean,interconnectivity_strength_err
0,0.1,42.50253926092816,8.522927289982821
1,0.30000000000000004,58.83917105024009,13.156681624986692
2,0.5000000000000001,47.68258689868806,9.429468490383162
3,0.7000000000000001,39.624580470922496,4.584103145915598
4,0.9000000000000001,42.18960644712778,5.24849605974176
