,discretized_reward_proportion,interconnectivity_strength_mean,interconnectivity_strength_err
0,0.1,48.213854209876956,4.954301168694089
1,0.30000000000000004,32.81182585044843,5.964549171440287
2,0.5000000000000001,20.733767798363395,8.227709698662968
3,0.7000000000000001,76.85531756943884,30.843894504861343
4,0.9000000000000001,390.25157113080377,73.46079242718811
