,discretized_reward_proportion,interconnectivity_strength_mean,interconnectivity_strength_err
0,0.1,27.592280073079866,3.3990591278067557
1,0.30000000000000004,32.28629956867639,3.514544207556124
2,0.5000000000000001,23.581914067945984,6.1194674232085475
3,0.7000000000000001,10.15836741530983,0.5743056698864896
4,0.9000000000000001,16.31954085788405,1.0603569073185575
