,discretized_reward_proportion,interconnectivity_strength_mean,interconnectivity_strength_err
0,0.1,8.434549785529429,1.252229249777635
1,0.30000000000000004,15.925530992760102,2.5503421169544445
2,0.5000000000000001,18.682718641423964,3.7214614683723624
3,0.7000000000000001,27.670322874196405,4.614436754791773
4,0.9000000000000001,24.708413206490537,4.213856461534315
