,discretized_reward_proportion,interconnectivity_strength_mean,interconnectivity_strength_err
0,0.1,1.6941831307917057,0.39100994524306193
1,0.30000000000000004,1.2043218439233414,0.342120169140228
2,0.5000000000000001,3.99765736849695,0.3038487417754053
3,0.7000000000000001,3.1052610069568582,0.31368484303547517
4,0.9000000000000001,3.6341266173200624,0.14448570506158515
