,discretized_reward_proportion,interconnectivity_strength_mean,interconnectivity_strength_err
0,0.1,3.8456412447583057,0.5156239722190483
1,0.30000000000000004,4.8722749287527956,0.6025986690668473
2,0.5000000000000001,7.327446912706985,0.9012755621184838
3,0.7000000000000001,13.08577346586491,0.9487069797187554
4,0.9000000000000001,16.912051299951163,2.066449982395156
