,discretized_reward_proportion,interconnectivity_strength_mean,interconnectivity_strength_err
0,0.1,395.25695906563675,76.89627063161504
1,0.30000000000000004,130.5282476034717,24.803327510962532
2,0.5000000000000001,70.3834364892213,6.320004563002063
3,0.7000000000000001,40.97908651444555,6.905588394835595
4,0.9000000000000001,10.330470967190042,3.947813487565275
