,discretized_reward_proportion,interconnectivity_strength_mean,interconnectivity_strength_err
0,0.1,75.18787389706313,19.11021561445325
1,0.30000000000000004,39.85346551357331,5.7766379213341486
2,0.5000000000000001,10.266539241092781,1.28330063648184
3,0.7000000000000001,23.110953019032717,4.920092186559944
4,0.9000000000000001,14.735946477131876,6.666148083169451
