,discretized_reward_proportion,interconnectivity_strength_mean,interconnectivity_strength_err
0,0.1,16.53878547189545,1.3246808402820114
1,0.30000000000000004,15.182825800407912,2.2414001355806947
2,0.5000000000000001,13.871329481838842,2.41240216138581
3,0.7000000000000001,11.17050137785327,0.5904040572927677
4,0.9000000000000001,8.665626025973665,0.33164658374653566
