,discretized_reward_proportion,interconnectivity_strength_mean,interconnectivity_strength_err
0,0.1,16.165841919478748,1.7006550042067694
1,0.30000000000000004,20.808291212626827,3.566775881163324
2,0.5000000000000001,25.37662063339773,4.899800607929194
3,0.7000000000000001,35.391678730535894,7.7156376390654025
4,0.9000000000000001,28.213929295232948,5.412907903016388
