,discretized_reward_proportion,interconnectivity_strength_mean,interconnectivity_strength_err
0,0.1,15.855786221182639,0.34502794441982004
1,0.30000000000000004,16.002983156455624,0.4685824268615332
2,0.5000000000000001,15.991864490178925,0.6323449860495157
3,0.7000000000000001,15.226069917175913,2.0163463340090257
4,0.9000000000000001,33.15862166902289,2.808992092552679
