,discretized_reward_proportion,interconnectivity_strength_mean,interconnectivity_strength_err
0,0.1,0.0,0.0
1,0.30000000000000004,7.19852493170452,3.414908647451429
2,0.5000000000000001,5.447673462876187,1.165003057720323
3,0.7000000000000001,3.4822712158430837,0.8277470843028258
4,0.9000000000000001,1.9510590684139508,0.5342292339250893
