,discretized_reward_proportion,interconnectivity_strength_mean,interconnectivity_strength_err
0,0.1,11.029321725275143,0.2772842550198259
1,0.30000000000000004,9.811419011727088,0.4029813920009023
2,0.5000000000000001,7.129957324257116,0.3888863291696552
3,0.7000000000000001,8.622426318996578,0.5158878325981943
4,0.9000000000000001,6.371769240710249,0.3092084905702
