,discretized_reward_proportion,interconnectivity_strength_mean,interconnectivity_strength_err
0,0.1,12.920067239146512,0.966153987196384
1,0.30000000000000004,10.02641510328469,1.6483661020393834
2,0.5000000000000001,19.701184939418674,4.534913898964535
3,0.7000000000000001,8.507576532898046,1.4364199818118988
4,0.9000000000000001,15.826476067205805,1.712934915581533
