,discretized_reward_proportion,interconnectivity_strength_mean,interconnectivity_strength_err
0,0.1,95.51089766824185,13.231918341042947
1,0.30000000000000004,32.694948235593884,2.8382995881507673
2,0.5000000000000001,21.691487796769984,1.6040388451085947
3,0.7000000000000001,16.80429913216489,1.1363642685594388
4,0.9000000000000001,18.946194542772737,0.9631216127826681
