,discretized_reward_proportion,interconnectivity_strength_mean,interconnectivity_strength_err
0,0.1,8.069868757198249,0.7141310785440619
1,0.30000000000000004,11.1204849434194,0.8572512021510363
2,0.5000000000000001,10.51899312363968,0.7580996089948482
3,0.7000000000000001,9.21052543379126,0.4180409129589099
4,0.9000000000000001,5.850432528300118,0.26983692648769875
