,discretized_reward_proportion,interconnectivity_strength_mean,interconnectivity_strength_err
0,0.1,42.3319789364144,4.897319184206428
1,0.30000000000000004,29.24806882070561,4.586943120003835
2,0.5000000000000001,16.442489019167308,3.847465457142957
3,0.7000000000000001,19.613020817200525,2.0234326917318946
4,0.9000000000000001,12.422694283152063,2.030212565213567
