,discretized_reward_proportion,interconnectivity_strength_mean,interconnectivity_strength_err
0,0.1,23.903319792252198,3.072252194858924
1,0.30000000000000004,22.57787785653786,2.1181134254106193
2,0.5000000000000001,20.631826804719648,2.0800458039313177
3,0.7000000000000001,20.198717176580388,2.0237452970981527
4,0.9000000000000001,14.360153198238116,1.1685795205632632
