,discretized_reward_proportion,interconnectivity_strength_mean,interconnectivity_strength_err
0,0.1,7.0639374661202,0.47637796595184695
1,0.30000000000000004,40.29270779520494,14.347537469552504
2,0.5000000000000001,37.12185984072395,9.673360582083701
3,0.7000000000000001,73.59667486756308,11.941921203464528
4,0.9000000000000001,20.587840226505737,2.5354037438674246
