,discretized_reward_proportion,interconnectivity_strength_mean,interconnectivity_strength_err
0,0.1,25.149838737951953,7.223809682299448
1,0.30000000000000004,31.021710790354064,7.466273983447118
2,0.5000000000000001,18.060293595793933,6.347298877337941
3,0.7000000000000001,42.128382369313435,11.269029309862102
4,0.9000000000000001,81.12859574381572,11.391041078531114
