,discretized_reward_proportion,interconnectivity_strength_mean,interconnectivity_strength_err
0,0.1,10.59383223268778,0.5668282278619962
1,0.30000000000000004,8.40371191302277,0.37961337221079544
2,0.5000000000000001,7.820159789308131,0.20439533812500663
3,0.7000000000000001,7.387948323882668,0.2532350414040962
4,0.9000000000000001,7.454791457984802,0.20982731066304375
