,discretized_reward_proportion,interconnectivity_strength_mean,interconnectivity_strength_err
0,0.1,19.457922351165884,1.5611250385559388
1,0.30000000000000004,24.543108662227493,2.7072429448988213
2,0.5000000000000001,22.68737100126102,2.0029577609496734
3,0.7000000000000001,22.467699768607517,1.2770640645856357
4,0.9000000000000001,18.676200481017602,1.0200860983866418
