,discretized_reward_proportion,interconnectivity_strength_mean,interconnectivity_strength_err
0,0.1,47.72479012339836,3.6821119976967056
1,0.30000000000000004,52.54447952184793,3.794861365674361
2,0.5000000000000001,39.851918494121314,5.863500851271639
3,0.7000000000000001,26.089221967021476,4.5908440146745315
4,0.9000000000000001,45.81338182218227,4.745315539590595
