,discretized_reward_proportion,interconnectivity_strength_mean,interconnectivity_strength_err
0,0.1,43.871837823125595,3.9311384564879357
1,0.30000000000000004,52.723371072590794,4.561885441120795
2,0.5000000000000001,37.921412658059765,6.3321249527154855
3,0.7000000000000001,14.3105552516133,2.8372445134742166
4,0.9000000000000001,17.786367360449706,4.564853341079795
