,discretized_reward_proportion,interconnectivity_strength_mean,interconnectivity_strength_err
0,0.1,105.46380769408024,24.173132510500388
1,0.30000000000000004,78.5664135566691,28.557019430872465
2,0.5000000000000001,25.36382424255578,6.141035168213286
3,0.7000000000000001,25.701784442033386,2.3379204175210884
4,0.9000000000000001,13.860805340949865,1.7148733523241322
