,discretized_reward_proportion,interconnectivity_strength_mean,interconnectivity_strength_err
0,0.1,39.77474363566483,5.034912207484941
1,0.30000000000000004,15.873848999563572,1.6341728071557104
2,0.5000000000000001,13.694261059313249,1.1359911091610242
3,0.7000000000000001,12.52506114860066,0.8555602901350613
4,0.9000000000000001,10.776182805966497,0.32007604657558036
