,discretized_reward_proportion,interconnectivity_strength_mean,interconnectivity_strength_err
0,0.1,8.007997354715405,0.2320728297773868
1,0.30000000000000004,6.860250256326968,0.2884937334988037
2,0.5000000000000001,5.461589938440304,0.18561712281267925
3,0.7000000000000001,5.536370153908369,0.17765986841716033
4,0.9000000000000001,5.644035352172916,0.16020126041616278
