,discretized_reward_proportion,interconnectivity_strength_mean,interconnectivity_strength_err
0,0.1,23.36363552567731,4.176696844005376
1,0.30000000000000004,46.77341855020581,10.562486655915365
2,0.5000000000000001,60.42372002247775,10.291887512257484
3,0.7000000000000001,76.84221668549371,8.622377073402072
4,0.9000000000000001,35.96242859943274,8.568730724554277
