,discretized_reward_proportion,interconnectivity_strength_mean,interconnectivity_strength_err
0,0.1,8.46243447891364,0.6037589728511413
1,0.30000000000000004,9.758530215471543,1.5061695475707115
2,0.5000000000000001,13.077507021517192,2.011643267479193
3,0.7000000000000001,15.780600041851828,1.4746817246292496
4,0.9000000000000001,26.38594018757314,2.689743583176603
