,discretized_reward_proportion,interconnectivity_strength_mean,interconnectivity_strength_err
0,0.1,19.848881202288172,2.064754133117291
1,0.30000000000000004,12.650201349097248,1.211612841336027
2,0.5000000000000001,13.288579287436647,1.0957796339491248
3,0.7000000000000001,14.657731284935753,1.1052226192337056
4,0.9000000000000001,14.097991368788765,1.373778794488911
