,discretized_reward_proportion,interconnectivity_strength_mean,interconnectivity_strength_err
0,0.1,31.166899942320565,7.126828006347237
1,0.30000000000000004,76.25737955591626,15.534129763948458
2,0.5000000000000001,15.706087771399483,4.015524038650936
3,0.7000000000000001,13.499978576743345,2.3311992121065153
4,0.9000000000000001,5.237790648679978,0.7361935030498291
