,discretized_reward_proportion,interconnectivity_strength_mean,interconnectivity_strength_err
0,0.1,11.765695387683012,1.8681954368391187
1,0.30000000000000004,13.903837482497373,1.9187859572890062
2,0.5000000000000001,29.399150284803508,2.41607828090836
3,0.7000000000000001,30.320667894138516,3.180512756632647
4,0.9000000000000001,40.95648826966445,3.2964048461188415
