,discretized_reward_proportion,interconnectivity_strength_mean,interconnectivity_strength_err
0,0.1,6.752386491234418,0.2087724184833838
1,0.30000000000000004,8.680246484870201,0.7365934803936047
2,0.5000000000000001,12.580264711548383,0.6172520417159089
3,0.7000000000000001,15.548932761314573,0.4834348322038024
4,0.9000000000000001,15.169369796551317,0.6218592181614129
