,discretized_reward_proportion,interconnectivity_strength_mean,interconnectivity_strength_err
0,0.1,55.02197938547525,14.910063247355108
1,0.30000000000000004,32.522528445593096,13.695719347600674
2,0.5000000000000001,61.51664673811146,16.310500231313107
3,0.7000000000000001,76.69127002181723,12.08445821728412
4,0.9000000000000001,71.46516900130607,13.08611820558953
