,discretized_reward_proportion,interconnectivity_strength_mean,interconnectivity_strength_err
0,0.1,19.30784138669517,1.2641769059108354
1,0.30000000000000004,19.3389410602165,1.8055509579936286
2,0.5000000000000001,18.86776980447044,1.7248443685306825
3,0.7000000000000001,7.266821520302719,1.7941597136554326
4,0.9000000000000001,0.48904178767483447,0.4777979447392988
