,discretized_reward_proportion,interconnectivity_strength_mean,interconnectivity_strength_err
0,0.1,17.901359740272163,3.2005639243631947
1,0.30000000000000004,7.393665363485874,0.40064960298375885
2,0.5000000000000001,5.414153350912376,0.25726854398143295
3,0.7000000000000001,4.75175348645735,0.18599123596989026
4,0.9000000000000001,5.518299455378723,0.16919677346110792
