,discretized_reward_proportion,interconnectivity_strength_mean,interconnectivity_strength_err
0,0.1,28.74518710484235,4.073636751044507
1,0.30000000000000004,21.859546200479084,4.346931736074243
2,0.5000000000000001,18.62267752804511,2.1299854460696297
3,0.7000000000000001,20.269037303527128,1.6863255971116418
4,0.9000000000000001,22.126889413207113,1.3707794277167658
