,discretized_reward_proportion,interconnectivity_strength_mean,interconnectivity_strength_err
0,0.1,9.921459229329699,0.9445252868320959
1,0.30000000000000004,7.693863095279359,0.3630353032242164
2,0.5000000000000001,6.30615288995502,0.18029685629002223
3,0.7000000000000001,5.915577778812219,0.21902127394935297
4,0.9000000000000001,6.343950019131535,0.2001928515078856
