,discretized_reward_proportion,interconnectivity_strength_mean,interconnectivity_strength_err
0,0.1,3.76385463585557,0.14186479031424562
1,0.30000000000000004,4.022595471734461,0.13545512366188345
2,0.5000000000000001,4.171801530110485,0.15847993796814125
3,0.7000000000000001,4.705032306331267,0.16302994040993604
4,0.9000000000000001,4.619989343196926,0.11372538964900379
