,discretized_reward_proportion,interconnectivity_strength_mean,interconnectivity_strength_err
0,0.1,5.690135865401002,0.9180913184919524
1,0.30000000000000004,5.60304468472202,1.6053543855498564
2,0.5000000000000001,14.897083315472836,2.16463927720528
3,0.7000000000000001,13.014172430548554,1.7421063045133238
4,0.9000000000000001,3.6304316342389327,0.6921139599271589
