,discretized_reward_proportion,interconnectivity_strength_mean,interconnectivity_strength_err
0,0.1,25.002036965280567,1.6177162729066694
1,0.30000000000000004,21.288647953476822,1.5422060532652413
2,0.5000000000000001,25.331365658225018,2.1502229719550665
3,0.7000000000000001,17.777177936528084,4.8517182329206445
4,0.9000000000000001,19.188761152118268,3.1209087179191606
