,discretized_reward_proportion,interconnectivity_strength_mean,interconnectivity_strength_err
0,0.1,15.418096120570448,1.0832926781914762
1,0.30000000000000004,10.233621246330248,0.6772269844374651
2,0.5000000000000001,9.1271987042487,1.0152340411375291
3,0.7000000000000001,7.366133582303827,0.617998495674733
4,0.9000000000000001,6.5934061251231295,0.674650271214903
