,discretized_reward_proportion,interconnectivity_strength_mean,interconnectivity_strength_err
0,0.1,21.173263752352405,0.6586013165528082
1,0.30000000000000004,15.408814565612346,0.9838617836798395
2,0.5000000000000001,12.345656647300284,0.6101589895364412
3,0.7000000000000001,12.596189880933059,0.7462170562286367
4,0.9000000000000001,17.281874167798467,0.9126125856520608
