,discretized_reward_proportion,interconnectivity_strength_mean,interconnectivity_strength_err
0,0.1,84.1750995351944,13.203284427776104
1,0.30000000000000004,105.68509378739789,10.443364667665097
2,0.5000000000000001,153.52902764118159,37.52599082745574
3,0.7000000000000001,44.14222065596947,4.114416328591006
4,0.9000000000000001,36.596909078644266,4.212625329493723
