,discretized_reward_proportion,interconnectivity_strength_mean,interconnectivity_strength_err
0,0.1,22.910948135020853,1.2757352727804365
1,0.30000000000000004,11.56415894571935,1.9276496147428017
2,0.5000000000000001,4.288505710324863,1.5330776652233387
3,0.7000000000000001,9.361931983239383,2.7267035213492097
4,0.9000000000000001,24.477651060709206,1.7609729180856606
