,discretized_reward_proportion,interconnectivity_strength_mean,interconnectivity_strength_err
0,0.1,19.381939726741084,4.012695359272584
1,0.30000000000000004,20.220829507118058,1.8536156970760929
2,0.5000000000000001,28.725510198912147,2.393142263416573
3,0.7000000000000001,26.798815149565907,1.5910887117193115
4,0.9000000000000001,26.96844577730332,2.305963096635374
