,discretized_reward_proportion,interconnectivity_strength_mean,interconnectivity_strength_err
0,0.1,5.433218434324105,0.14833821164882996
1,0.30000000000000004,8.544547719128147,1.1090284018130632
2,0.5000000000000001,35.4184600784074,9.753363556877044
3,0.7000000000000001,19.236667712621664,3.9338547995732402
4,0.9000000000000001,33.09044313084242,6.739693891024724
