,discretized_reward_proportion,interconnectivity_strength_mean,interconnectivity_strength_err
0,0.1,13.29550488678649,2.4833946306750296
1,0.30000000000000004,19.81620796865529,2.5182630209790124
2,0.5000000000000001,44.240076562959565,11.06703189428378
3,0.7000000000000001,49.34185499050591,7.401574806692504
4,0.9000000000000001,13.152002393553962,3.841095082982568
