,discretized_reward_proportion,interconnectivity_strength_mean,interconnectivity_strength_err
0,0.1,65.05839101651203,18.009134356707342
1,0.30000000000000004,60.34103221828155,14.75614408182902
2,0.5000000000000001,20.064329961151344,4.23651348527475
3,0.7000000000000001,15.37629018482145,1.2389025664320534
4,0.9000000000000001,13.748750747539766,1.4309532911759133
