,discretized_reward_proportion,interconnectivity_strength_mean,interconnectivity_strength_err
0,0.1,28.744193608256797,1.1508312146366204
1,0.30000000000000004,30.383822419356058,3.047051805223599
2,0.5000000000000001,31.930858373058644,3.3975936837628726
3,0.7000000000000001,16.933002699674127,3.7761457089633494
4,0.9000000000000001,15.789473971487574,3.209564919443083
