,discretized_reward_proportion,interconnectivity_strength_mean,interconnectivity_strength_err
0,0.1,16.4499735352076,1.6241666747677068
1,0.30000000000000004,13.17263276041456,2.6358916351321615
2,0.5000000000000001,17.303827847860337,3.088215507525121
3,0.7000000000000001,36.390339925506225,5.444613238321358
4,0.9000000000000001,30.962996211897106,4.097134003180165
