,discretized_reward_proportion,interconnectivity_strength_mean,interconnectivity_strength_err
0,0.1,14.147150671959496,2.4823449122863877
1,0.30000000000000004,12.278936975233185,3.3577262159561734
2,0.5000000000000001,13.498785460359482,2.8635973941269857
3,0.7000000000000001,33.95969414014149,8.687034690915988
4,0.9000000000000001,30.71941748386794,4.228720443875687
