,discretized_reward_proportion,interconnectivity_strength_mean,interconnectivity_strength_err
0,0.1,45.140443033440924,7.4153355688913845
1,0.30000000000000004,29.251409073762822,4.147142309932056
2,0.5000000000000001,28.243015818550266,3.3811775332561465
3,0.7000000000000001,21.27164656203264,1.073147319985781
4,0.9000000000000001,20.902976353318014,1.6365978927383174
