,discretized_reward_proportion,interconnectivity_strength_mean,interconnectivity_strength_err
0,0.1,15.315278748553732,0.5875648727586964
1,0.30000000000000004,15.579041277985205,0.7142138692055725
2,0.5000000000000001,14.694421283188571,1.2253279321435324
3,0.7000000000000001,5.186854468204547,0.9397381687912668
4,0.9000000000000001,2.974878558054452,0.6749146504914475
