,discretized_reward_proportion,interconnectivity_strength_mean,interconnectivity_strength_err
0,0.1,47.74185878553223,6.565871163204632
1,0.30000000000000004,94.68852129207524,17.859615826528174
2,0.5000000000000001,140.1565115752754,20.697368583734935
3,0.7000000000000001,166.1309717272156,46.29266689890463
4,0.9000000000000001,54.7102263139826,19.70166061566878
