,discretized_reward_proportion,interconnectivity_strength_mean,interconnectivity_strength_err
0,0.1,45.37685291500409,5.868186379282161
1,0.30000000000000004,46.23223943050327,3.787067915109848
2,0.5000000000000001,37.570309598542316,2.8124544904593436
3,0.7000000000000001,13.48083264851787,3.9487976548043657
4,0.9000000000000001,17.878832653608352,2.7908718329667663
