,discretized_reward_proportion,interconnectivity_strength_mean,interconnectivity_strength_err
0,0.1,53.17656589473476,10.002083082633888
1,0.30000000000000004,27.3443700246276,4.512712710679113
2,0.5000000000000001,11.123785715588536,1.9441179597819656
3,0.7000000000000001,17.569016640897193,2.914426809011463
4,0.9000000000000001,11.263856620703336,2.04758087758495
