,discretized_reward_proportion,interconnectivity_strength_mean,interconnectivity_strength_err
0,0.1,29.994198279018782,13.456367337350908
1,0.30000000000000004,48.124181733795005,13.943825046721646
2,0.5000000000000001,28.161249108855166,6.360215190058097
3,0.7000000000000001,18.205529268548748,2.6627392364391014
4,0.9000000000000001,18.675366263816382,2.372177888923571
