,discretized_reward_proportion,interconnectivity_strength_mean,interconnectivity_strength_err
0,0.1,16.810695198726393,1.6877954873316727
1,0.30000000000000004,16.00349877262336,2.4970591650033818
2,0.5000000000000001,24.25895299120346,2.9256235809156848
3,0.7000000000000001,10.542894905506019,2.316586914639083
4,0.9000000000000001,1.9687475934253966,0.7748318402641236
