,discretized_reward_proportion,interconnectivity_strength_mean,interconnectivity_strength_err
0,0.1,32.36603581855923,4.50087752674694
1,0.30000000000000004,28.45572964661481,2.105573802127034
2,0.5000000000000001,19.803947438262746,1.64431589286678
3,0.7000000000000001,23.407831358351995,3.309606285939608
4,0.9000000000000001,23.95928714931763,2.4093187035635575
