,discretized_reward_proportion,interconnectivity_strength_mean,interconnectivity_strength_err
0,0.1,28.0085853852427,2.0581361585740625
1,0.30000000000000004,24.051343544474435,1.241554978755759
2,0.5000000000000001,21.1085320332557,1.5412377718054673
3,0.7000000000000001,16.181598784233817,1.4956332292113368
4,0.9000000000000001,14.810262554771983,1.0262183725523315
