,discretized_reward_proportion,interconnectivity_strength_mean,interconnectivity_strength_err
0,0.1,22.6253861334462,2.3091488002507377
1,0.30000000000000004,20.284420261615207,1.2680079659740278
2,0.5000000000000001,15.48087719574321,1.090014372980958
3,0.7000000000000001,19.774681795920127,0.9785908206815155
4,0.9000000000000001,20.267357692627332,1.894665665182808
