,discretized_reward_proportion,interconnectivity_strength_mean,interconnectivity_strength_err
0,0.1,31.283789379085093,3.8346180163586103
1,0.30000000000000004,27.57278968680046,3.941164584397274
2,0.5000000000000001,39.700529840953386,4.764841674665022
3,0.7000000000000001,32.20672104882584,2.850333771734431
4,0.9000000000000001,53.89659263156782,4.800301060726626
