,discretized_reward_proportion,interconnectivity_strength_mean,interconnectivity_strength_err
0,0.1,7.628714726978942,0.4289783469781999
1,0.30000000000000004,11.086339307470514,1.5165337446256366
2,0.5000000000000001,10.898219452723023,1.3799062033971703
3,0.7000000000000001,5.306969076576483,0.16171248686821366
4,0.9000000000000001,5.530106348136239,0.338557963459601
