,discretized_reward_proportion,interconnectivity_strength_mean,interconnectivity_strength_err
0,0.1,27.111590035322976,5.755562565753518
1,0.30000000000000004,24.99292961229222,2.7350655338525205
2,0.5000000000000001,38.8758004191094,6.146076116442817
3,0.7000000000000001,22.12196401807955,3.5735979131987055
4,0.9000000000000001,20.77669110186564,3.2880294507548804
