,discretized_reward_proportion,interconnectivity_strength_mean,interconnectivity_strength_err
0,0.1,15.07152328940411,3.440387915631648
1,0.30000000000000004,12.767663318371962,2.572137427302586
2,0.5000000000000001,28.630287790710863,4.4352543701917915
3,0.7000000000000001,11.37715317852941,1.2452518567016526
4,0.9000000000000001,6.763031319462587,0.922887097832755
