,discretized_reward_proportion,interconnectivity_strength_mean,interconnectivity_strength_err
0,0.1,10.524149174699394,1.904930785495299
1,0.30000000000000004,9.514626936176425,0.7222722928927632
2,0.5000000000000001,8.12564749913983,0.3468711945524698
3,0.7000000000000001,7.49871861302245,0.28311512531971467
4,0.9000000000000001,7.488455925433679,0.27209469400761227
