,discretized_reward_proportion,interconnectivity_strength_mean,interconnectivity_strength_err
0,0.1,11.831522986021117,11.154866846906721
1,0.30000000000000004,103.28471360587533,31.075592891118188
2,0.5000000000000001,61.18212793999891,12.085756614712011
3,0.7000000000000001,60.55749558997053,12.873992974009584
4,0.9000000000000001,25.905572363222866,4.093925980422388
