,discretized_reward_proportion,interconnectivity_strength_mean,interconnectivity_strength_err
0,0.1,11.952087852397614,0.6566630494294318
1,0.30000000000000004,15.384583784953804,1.2085468968038977
2,0.5000000000000001,20.097968469057044,2.8640227632329776
3,0.7000000000000001,13.65102452799524,0.8077106359967395
4,0.9000000000000001,12.293533170172283,0.5086249760640369
