,discretized_reward_proportion,interconnectivity_strength_mean,interconnectivity_strength_err
0,0.1,31.422244040285417,10.769321541597066
1,0.30000000000000004,97.45983875164394,22.850575546361735
2,0.5000000000000001,37.82833839230447,9.039278042587718
3,0.7000000000000001,31.293692056925188,6.156904990140437
4,0.9000000000000001,20.148248537863875,4.930397955574951
