,discretized_reward_proportion,interconnectivity_strength_mean,interconnectivity_strength_err
0,0.1,21.272887624639615,1.2073446303423865
1,0.30000000000000004,107.11047594555924,25.74959203791444
2,0.5000000000000001,67.3273945388115,13.805944453796673
3,0.7000000000000001,157.72250799356823,31.910914571417734
4,0.9000000000000001,115.31298488583704,18.43487809979916
