,discretized_reward_proportion,interconnectivity_strength_mean,interconnectivity_strength_err
0,0.1,26.646594726006228,3.902503827223479
1,0.30000000000000004,17.41208490163657,1.0886276129330532
2,0.5000000000000001,14.32314361990126,0.7820317203502658
3,0.7000000000000001,10.323085684506777,0.6684716996548802
4,0.9000000000000001,9.389258555618698,0.3565007852466954
