,discretized_reward_proportion,interconnectivity_strength_mean,interconnectivity_strength_err
0,0.1,11.997398223126826,0.44712589416782306
1,0.30000000000000004,37.85697128695192,8.962802302973445
2,0.5000000000000001,24.812308484364568,3.257134761771461
3,0.7000000000000001,20.67931295906908,2.1294024555600393
4,0.9000000000000001,21.633994430600087,1.9411563882306548
