,discretized_reward_proportion,interconnectivity_strength_mean,interconnectivity_strength_err
0,0.1,22.11634057596683,1.940792803091912
1,0.30000000000000004,14.357690096080441,2.6735977396374064
2,0.5000000000000001,6.774321203853183,1.7655007122636555
3,0.7000000000000001,18.02421106334426,2.3371189250327875
4,0.9000000000000001,70.8785033881415,25.636753291302238
