,discretized_reward_proportion,interconnectivity_strength_mean,interconnectivity_strength_err
0,0.1,33.08227055576201,4.01180356946566
1,0.30000000000000004,15.621767681600566,2.52216888880796
2,0.5000000000000001,15.765491000710114,1.8057256180054366
3,0.7000000000000001,21.56862290189027,1.7734405892581888
4,0.9000000000000001,19.00611065549909,2.496027496217161
