,discretized_reward_proportion,interconnectivity_strength_mean,interconnectivity_strength_err
0,0.1,5.927491418136889,1.5804986423640237
1,0.30000000000000004,7.654373056896335,1.6256280986280336
2,0.5000000000000001,16.452931715780966,3.328505711436039
3,0.7000000000000001,8.974496653986064,1.3463096494763729
4,0.9000000000000001,8.875043718453504,0.9476482869065815
