,discretized_reward_proportion,interconnectivity_strength_mean,interconnectivity_strength_err
0,0.1,51.28328747785393,8.03990627701386
1,0.30000000000000004,22.958756615040617,4.784461937211455
2,0.5000000000000001,31.004037137305872,5.660524729834088
3,0.7000000000000001,40.20549621125176,8.865459063659916
4,0.9000000000000001,82.18806119961343,11.602176359651942
