,discretized_reward_proportion,interconnectivity_strength_mean,interconnectivity_strength_err
0,0.1,51.020202733926865,12.147980687297942
1,0.30000000000000004,39.866712972865606,6.932212874133785
2,0.5000000000000001,6.679489301667538,3.5952241246164696
3,0.7000000000000001,11.39621042685666,1.8269444654607807
4,0.9000000000000001,7.223049849478842,1.6859778352141241
