,discretized_reward_proportion,interconnectivity_strength_mean,interconnectivity_strength_err
0,0.1,23.414834524424922,1.8672527544260158
1,0.30000000000000004,16.979066657173284,1.9807931626620363
2,0.5000000000000001,40.36701464458088,3.9378940232019337
3,0.7000000000000001,13.21608065821927,2.8718317535141527
4,0.9000000000000001,19.428622262347144,4.5663745713971
