,discretized_reward_proportion,interconnectivity_strength_mean,interconnectivity_strength_err
0,0.1,21.564560910948842,3.334398018600055
1,0.30000000000000004,14.906091282904413,2.9827854772277362
2,0.5000000000000001,11.48439073198585,4.122982937141901
3,0.7000000000000001,36.57161024975056,12.820514992806052
4,0.9000000000000001,58.09879288842655,13.18410797397591
