,discretized_reward_proportion,interconnectivity_strength_mean,interconnectivity_strength_err
0,0.1,3.7880081733810678,0.2247952636539459
1,0.30000000000000004,5.37839766930045,0.5695048869321535
2,0.5000000000000001,38.89735535080871,11.957696004166033
3,0.7000000000000001,20.496992120048738,5.468828360783332
4,0.9000000000000001,10.150326868063916,1.288569536568756
