,discretized_reward_proportion,interconnectivity_strength_mean,interconnectivity_strength_err
0,0.1,46.24274166047269,5.147417445920788
1,0.30000000000000004,38.4956055758655,5.548519977205788
2,0.5000000000000001,18.379074629834232,1.666357552099663
3,0.7000000000000001,45.47771696739771,7.121976466762228
4,0.9000000000000001,35.191148368053895,6.009663144333005
