,discretized_reward_proportion,interconnectivity_strength_mean,interconnectivity_strength_err
0,0.1,124.25064046168639,22.46663335506732
1,0.30000000000000004,116.29317814941362,33.51594239043155
2,0.5000000000000001,53.89950134667299,16.013794987806087
3,0.7000000000000001,89.81211449394418,22.514832337481785
4,0.9000000000000001,0.9545454545454546,0.044409473678108845
