,discretized_reward_proportion,interconnectivity_strength_mean,interconnectivity_strength_err
0,0.1,25.223921817220575,10.722636633498166
1,0.30000000000000004,39.02160211615155,5.507104326537205
2,0.5000000000000001,24.27107280717858,3.22570127828677
3,0.7000000000000001,18.698858593071517,1.980581026364879
4,0.9000000000000001,24.236221329516997,1.8447408032945696
