,discretized_reward_proportion,interconnectivity_strength_mean,interconnectivity_strength_err
0,0.1,193.40323469592218,39.27183487300636
1,0.30000000000000004,42.41127395568899,10.118081939229015
2,0.5000000000000001,24.416924411671157,8.88163211866145
3,0.7000000000000001,55.336110089357966,18.722613697541355
4,0.9000000000000001,132.89977028626862,30.929675700690638
