,discretized_reward_proportion,interconnectivity_strength_mean,interconnectivity_strength_err
0,0.1,8.450440930779282,1.3089894871308443
1,0.30000000000000004,4.864694407151981,0.7918226727442441
2,0.5000000000000001,18.25403041475603,5.200400097479728
3,0.7000000000000001,19.230945239819995,3.8591596328264717
4,0.9000000000000001,10.865869598883489,1.9506261825230649
