,discretized_reward_proportion,interconnectivity_strength_mean,interconnectivity_strength_err
0,0.1,52.02888186485666,11.522013052952882
1,0.30000000000000004,376.81089456563933,128.14997628873053
2,0.5000000000000001,814.9112791815933,189.97718964877433
3,0.7000000000000001,465.7481604228423,145.58264579709783
4,0.9000000000000001,94.5256059896957,92.40541317555743
