,discretized_reward_proportion,interconnectivity_strength_mean,interconnectivity_strength_err
0,0.1,422.6609500930973,70.57633339014787
1,0.30000000000000004,358.3359273377958,163.93283437118532
2,0.5000000000000001,96.31747223813882,19.783569838945407
3,0.7000000000000001,105.15731764225265,32.713082197829934
4,0.9000000000000001,230.83237208967512,40.17849725063974
