,discretized_reward_proportion,interconnectivity_strength_mean,interconnectivity_strength_err
0,0.1,17.170363369401876,1.7098224782084934
1,0.30000000000000004,16.5402984217479,1.2774134130610715
2,0.5000000000000001,9.221196999843862,0.7364286861594745
3,0.7000000000000001,10.380917363552555,0.7362398695609882
4,0.9000000000000001,12.967528457092767,0.9047106549372526
