,discretized_reward_proportion,interconnectivity_strength_mean,interconnectivity_strength_err
0,0.1,42.15279405379503,13.095146809780122
1,0.30000000000000004,45.19123866633505,9.665814287410635
2,0.5000000000000001,8.91369460299193,1.3705869266915707
3,0.7000000000000001,9.524854532330101,1.0460103320170044
4,0.9000000000000001,6.769550261937975,0.4918582313254481
