,discretized_reward_proportion,interconnectivity_strength_mean,interconnectivity_strength_err
0,0.1,16.736669494618422,1.3061405566016582
1,0.30000000000000004,14.26445436954367,0.8802291716309442
2,0.5000000000000001,7.958216306249045,0.6912075857302356
3,0.7000000000000001,6.231566553927496,0.4062939485298063
4,0.9000000000000001,6.522450037919742,0.3807527544120587
