,discretized_reward_proportion,interconnectivity_strength_mean,interconnectivity_strength_err
0,0.1,32.85404760468513,10.06016386423688
1,0.30000000000000004,41.198740551129895,6.048494159352406
2,0.5000000000000001,7.462684909132688,0.858087916058481
3,0.7000000000000001,8.393144835573311,0.6682341425240126
4,0.9000000000000001,6.680579141165371,0.6861053804362421
