,discretized_reward_proportion,interconnectivity_strength_mean,interconnectivity_strength_err
0,0.1,7.525740146385135,1.7758535117784948
1,0.30000000000000004,19.23621365979451,8.638999814605464
2,0.5000000000000001,78.9499675542886,19.254262678640405
3,0.7000000000000001,183.1415761285689,42.58297811785722
4,0.9000000000000001,4.880885825012623,4.7686665525785585
