,discretized_reward_proportion,interconnectivity_strength_mean,interconnectivity_strength_err
0,0.1,4.172074580934467,1.268833317939193
1,0.30000000000000004,8.918399008847471,2.444489771940097
2,0.5000000000000001,16.316778444975927,4.292285870773535
3,0.7000000000000001,7.325193952957808,2.3484524954082313
4,0.9000000000000001,19.012383879062472,2.6237115935628528
