,discretized_reward_proportion,interconnectivity_strength_mean,interconnectivity_strength_err
0,0.1,12.380569175327269,1.1316817157320767
1,0.30000000000000004,17.27744020903446,2.13976250844245
2,0.5000000000000001,24.989732217678075,4.120712750227307
3,0.7000000000000001,33.424362616850104,5.297651151251659
4,0.9000000000000001,27.43772979806872,4.834424498244258
