,discretized_reward_proportion,interconnectivity_strength_mean,interconnectivity_strength_err
0,0.1,29.41353159609612,3.5839212436683905
1,0.30000000000000004,31.676279854044083,3.8241774790359586
2,0.5000000000000001,22.606156877074625,1.8063540819584527
3,0.7000000000000001,24.089610301686164,2.031939430984247
4,0.9000000000000001,14.03765576146721,1.1367750464680841
