,discretized_reward_proportion,interconnectivity_strength_mean,interconnectivity_strength_err
0,0.1,8.348688679829143,1.173318784298782
1,0.30000000000000004,12.331602741528432,1.943875849037881
2,0.5000000000000001,11.197670022205802,1.9803039025015254
3,0.7000000000000001,7.998172262490231,3.133323282657327
4,0.9000000000000001,1.4215677423347381,0.5049553454195319
