,discretized_reward_proportion,interconnectivity_strength_mean,interconnectivity_strength_err
0,0.1,8.579211162979831,1.4661453330808758
1,0.30000000000000004,10.851905978482476,1.0839997409103055
2,0.5000000000000001,8.980084575643065,1.0407728702890136
3,0.7000000000000001,6.909902240246995,0.3916792180650159
4,0.9000000000000001,8.511025200949861,0.4457511567185167
