,discretized_reward_proportion,interconnectivity_strength_mean,interconnectivity_strength_err
0,0.1,65.99318237008758,9.202427033730968
1,0.30000000000000004,79.30543368408097,27.999610811885564
2,0.5000000000000001,130.06480274830324,42.56862759508968
3,0.7000000000000001,51.10858245940414,9.14465086538886
4,0.9000000000000001,47.93908774468177,8.128744859048174
