,discretized_reward_proportion,interconnectivity_strength_mean,interconnectivity_strength_err
0,0.1,8.381127299435276,5.005013550989604
1,0.30000000000000004,26.023198487647317,8.998346179755496
2,0.5000000000000001,66.06764218264047,18.351114432866403
3,0.7000000000000001,41.664946258208346,10.312254066693612
4,0.9000000000000001,51.696883851999345,6.732792983581073
