,discretized_reward_proportion,interconnectivity_strength_mean,interconnectivity_strength_err
0,0.1,33.65661313975005,6.766487579307003
1,0.30000000000000004,14.219494553961068,2.3364297479523497
2,0.5000000000000001,20.78601472715474,5.3768284720493105
3,0.7000000000000001,39.44636466295023,8.58527671386422
4,0.9000000000000001,38.16962111987105,4.99756513290511
