,discretized_reward_proportion,interconnectivity_strength_mean,interconnectivity_strength_err
0,0.1,24.541909524069144,1.8049732781699594
1,0.30000000000000004,24.328185816855225,2.636250684081394
2,0.5000000000000001,18.196366571335542,2.541105814085744
3,0.7000000000000001,161.7333766245649,29.178181887168357
4,0.9000000000000001,28.237983268385015,9.33712108015854
