,discretized_reward_proportion,interconnectivity_strength_mean,interconnectivity_strength_err
0,0.1,177.88073194140316,32.8465213396206
1,0.30000000000000004,173.12174470775568,31.70775820212325
2,0.5000000000000001,80.31363423058336,17.71376794236105
3,0.7000000000000001,46.85127278665656,6.983661976159678
4,0.9000000000000001,79.25291184989648,7.5829339347133295
