,discretized_reward_proportion,interconnectivity_strength_mean,interconnectivity_strength_err
0,0.1,37.73547252765243,4.992503089523125
1,0.30000000000000004,31.726943896550488,5.995276163424989
2,0.5000000000000001,63.94952231131223,19.514004550529986
3,0.7000000000000001,115.7412524054131,21.595675238985606
4,0.9000000000000001,113.28148392762947,19.15376223798287
