,discretized_reward_proportion,interconnectivity_strength_mean,interconnectivity_strength_err
0,0.1,9.70458165863222,2.2696069730440187
1,0.30000000000000004,7.451080339744904,2.284971535242454
2,0.5000000000000001,3.7935781620365154,1.808495310114326
3,0.7000000000000001,21.333289379510582,4.142748353667723
4,0.9000000000000001,9.429435273574212,1.6322014716025728
