,discretized_reward_proportion,interconnectivity_strength_mean,interconnectivity_strength_err
0,0.1,17.12752104383791,1.44395074964907
1,0.30000000000000004,20.213166390734393,1.1255263814393295
2,0.5000000000000001,13.328874538190545,1.4057778786084745
3,0.7000000000000001,6.244298217979059,1.1257047140516934
4,0.9000000000000001,3.0676534835463714,0.8470296382615959
