,discretized_reward_proportion,interconnectivity_strength_mean,interconnectivity_strength_err
0,0.1,10.156429573686033,0.5746694118491854
1,0.30000000000000004,16.08381172034648,1.7546550193411705
2,0.5000000000000001,11.4732374213998,1.0252910692095671
3,0.7000000000000001,15.092595992674879,3.45293945808957
4,0.9000000000000001,22.423092299302642,5.589965321370452
