,discretized_reward_proportion,interconnectivity_strength_mean,interconnectivity_strength_err
0,0.1,58.530310648876956,11.002387393375402
1,0.30000000000000004,71.82758778522829,11.155599190733406
2,0.5000000000000001,22.88491022605445,4.411957528696426
3,0.7000000000000001,4.904512286584004,2.35125602608519
4,0.9000000000000001,0.0,0.0
