,discretized_reward_proportion,interconnectivity_strength_mean,interconnectivity_strength_err
0,0.1,59.78166674304417,8.888814522294465
1,0.30000000000000004,36.64200412882137,10.436597927382193
2,0.5000000000000001,13.12728107851948,6.324275275806389
3,0.7000000000000001,31.855771845577344,12.959232928969326
4,0.9000000000000001,16.546524815371868,11.155667784798158
