,discretized_reward_proportion,interconnectivity_strength_mean,interconnectivity_strength_err
0,0.1,20.89288747700048,3.5726408682594535
1,0.30000000000000004,16.222346808455747,2.383643311024195
2,0.5000000000000001,12.929573503015753,1.8927338373146285
3,0.7000000000000001,15.612014191318282,2.6475080371979147
4,0.9000000000000001,11.764508210188772,2.0117228986651066
