,discretized_reward_proportion,interconnectivity_strength_mean,interconnectivity_strength_err
0,0.1,25.856586340081172,4.183064459842925
1,0.30000000000000004,28.184658634227084,6.64175060475412
2,0.5000000000000001,26.61578486316002,5.871976966173937
3,0.7000000000000001,55.009069427921695,10.820325496331037
4,0.9000000000000001,26.21966390702601,4.77135881474465
