,discretized_reward_proportion,interconnectivity_strength_mean,interconnectivity_strength_err
0,0.1,33.6724355245196,7.50038228621892
1,0.30000000000000004,12.909218786359554,4.306949902691199
2,0.5000000000000001,10.364356253576167,4.796117465090572
3,0.7000000000000001,30.974359593413638,11.595721378863018
4,0.9000000000000001,19.433477256130896,10.307574875417522
