,discretized_reward_proportion,interconnectivity_strength_mean,interconnectivity_strength_err
0,0.1,4.5932885904613,4.256382213668088
1,0.30000000000000004,57.39155457952732,10.666113825822322
2,0.5000000000000001,14.90997534664539,5.677553380771635
3,0.7000000000000001,16.219308813754527,3.479193769446012
4,0.9000000000000001,15.204092905090105,2.5570819447645325
