,discretized_reward_proportion,interconnectivity_strength_mean,interconnectivity_strength_err
0,0.1,234.32904466278978,28.51178232564819
1,0.30000000000000004,107.44156991875799,20.36589381850776
2,0.5000000000000001,103.58325942334896,19.231120566459257
3,0.7000000000000001,50.08011912836539,25.28074680030068
4,0.9000000000000001,127.31257320146281,33.65687900853918
