,discretized_reward_proportion,interconnectivity_strength_mean,interconnectivity_strength_err
0,0.1,31.55363175047488,4.3844139575222565
1,0.30000000000000004,30.905176883520305,5.3491166871898574
2,0.5000000000000001,12.482144930421159,3.3993394057234254
3,0.7000000000000001,6.186993111281413,0.3254668130201205
4,0.9000000000000001,6.630060549497483,0.2767020251006448
