,discretized_reward_proportion,interconnectivity_strength_mean,interconnectivity_strength_err
0,0.1,5.840297987471761,0.7376640390618577
1,0.30000000000000004,12.30474346310206,2.411647707928979
2,0.5000000000000001,10.395887528380937,1.3071659838504917
3,0.7000000000000001,6.392358080798036,1.58468338232149
4,0.9000000000000001,17.96610688252401,4.358332132023641
