,discretized_reward_proportion,interconnectivity_strength_mean,interconnectivity_strength_err
0,0.1,9.101395530680048,2.390437624728264
1,0.30000000000000004,23.724225183629912,5.3938532467401705
2,0.5000000000000001,18.72946459357801,2.9651682781089304
3,0.7000000000000001,5.675001685709316,1.9467854466495107
4,0.9000000000000001,0.0,0.0
