,discretized_reward_proportion,interconnectivity_strength_mean,interconnectivity_strength_err
0,0.1,9.436482527772968,1.4853042984638907
1,0.30000000000000004,13.673681011166083,2.717931456245715
2,0.5000000000000001,9.477177887439673,0.7826286114803438
3,0.7000000000000001,14.67328676714612,1.9404794360544386
4,0.9000000000000001,14.238228559935987,2.5226525827146036
