,discretized_reward_proportion,interconnectivity_strength_mean,interconnectivity_strength_err
0,0.1,36.64512672151656,2.5426407910705913
1,0.30000000000000004,42.69535984031354,2.0684044908099866
2,0.5000000000000001,36.35813908581746,2.322160816284757
3,0.7000000000000001,25.220636253301173,1.7104777617878402
4,0.9000000000000001,24.205527496096234,1.6635687657154132
