,discretized_reward_proportion,interconnectivity_strength_mean,interconnectivity_strength_err
0,0.1,13.307084834956703,1.7632033913718683
1,0.30000000000000004,12.234231721599834,2.133030861973986
2,0.5000000000000001,9.624229669417348,0.7857752019381246
3,0.7000000000000001,9.489890074617126,0.34645090909795795
4,0.9000000000000001,10.884055093649023,0.3233529933694757
