,discretized_reward_proportion,interconnectivity_strength_mean,interconnectivity_strength_err
0,0.1,54.191817016870665,3.1533985348573434
1,0.30000000000000004,35.23858302205964,4.430844600675529
2,0.5000000000000001,48.19890289541599,8.600476312983277
3,0.7000000000000001,47.4081938680874,7.328221323831437
4,0.9000000000000001,34.186008682117944,2.8320587747505863
