,discretized_reward_proportion,interconnectivity_strength_mean,interconnectivity_strength_err
0,0.1,15.978885176102516,2.03027712736955
1,0.30000000000000004,18.778505311350028,2.042735626034607
2,0.5000000000000001,15.300779355971741,1.2506488011718597
3,0.7000000000000001,19.228063641963722,1.4979902847376474
4,0.9000000000000001,18.148563647121154,1.1424496807199809
