,discretized_reward_proportion,interconnectivity_strength_mean,interconnectivity_strength_err
0,0.1,8.34269908198652,0.7915120795745606
1,0.30000000000000004,5.116125090395987,0.28980873215552094
2,0.5000000000000001,3.972404262005505,0.0711087148893968
3,0.7000000000000001,4.1431253863817785,0.07973518017939417
4,0.9000000000000001,4.790902913267268,0.11957211525686942
