,discretized_reward_proportion,interconnectivity_strength_mean,interconnectivity_strength_err
0,0.1,9.76670391460704,0.16714303637833341
1,0.30000000000000004,7.815701912323636,0.2943354567739003
2,0.5000000000000001,6.988935910263738,0.2177719930842784
3,0.7000000000000001,6.284689708282949,0.3279420557662022
4,0.9000000000000001,4.420047146242988,0.20872916855042078
