,discretized_reward_proportion,interconnectivity_strength_mean,interconnectivity_strength_err
0,0.1,3.2899349121905277,0.07478295552190621
1,0.30000000000000004,4.898006419429113,0.4042877892130243
2,0.5000000000000001,4.083247801426458,0.2098104143267955
3,0.7000000000000001,3.5175244477298446,0.0994789678077279
4,0.9000000000000001,3.309172425843532,0.07272374704850873
