,discretized_reward_proportion,interconnectivity_strength_mean,interconnectivity_strength_err
0,0.1,336.38270629843373,89.2293531976513
1,0.30000000000000004,336.0959368367735,60.8990884946413
2,0.5000000000000001,138.52880378461552,22.70657694826796
3,0.7000000000000001,71.45093960208231,15.459427656346866
4,0.9000000000000001,226.45508409483082,25.285142069481267
