,discretized_reward_proportion,interconnectivity_strength_mean,interconnectivity_strength_err
0,0.1,113.58531928352053,6.645740268058053
1,0.30000000000000004,89.43918126668933,9.551958776614601
2,0.5000000000000001,77.3799525491365,7.8231030847652745
3,0.7000000000000001,47.569052266220986,10.149128307098369
4,0.9000000000000001,14.742804949655227,5.171811195985915
