,discretized_reward_proportion,interconnectivity_strength_mean,interconnectivity_strength_err
0,0.1,64.73558218150518,8.444903791626134
1,0.30000000000000004,21.995693653441432,4.38342856336752
2,0.5000000000000001,8.499702158325773,1.857896005252814
3,0.7000000000000001,20.694101231061083,3.0849620124182886
4,0.9000000000000001,20.02396853477157,3.8452048221402366
