,discretized_reward_proportion,interconnectivity_strength_mean,interconnectivity_strength_err
0,0.1,61.245733308061546,10.506734308775602
1,0.30000000000000004,30.42096883499666,5.648311896235902
2,0.5000000000000001,13.476819330372539,3.673059857012896
3,0.7000000000000001,17.30556649818728,1.9998330583512838
4,0.9000000000000001,13.592768673848592,1.3047352770265312
