,discretized_reward_proportion,interconnectivity_strength_mean,interconnectivity_strength_err
0,0.1,152.19354740278922,25.883386862016863
1,0.30000000000000004,297.81930110674074,41.98997480617369
2,0.5000000000000001,107.77480965407507,24.651321136386358
3,0.7000000000000001,52.72783526708839,5.906131546937271
4,0.9000000000000001,78.4609778570871,7.594193080709035
