,discretized_reward_proportion,interconnectivity_strength_mean,interconnectivity_strength_err
0,0.1,20.1772588808655,3.5540808458637003
1,0.30000000000000004,9.86215269727719,0.9067624444809181
2,0.5000000000000001,13.868619758150302,1.4128549503455905
3,0.7000000000000001,8.22147718610739,0.7408079559162002
4,0.9000000000000001,6.899888198944798,0.16043179794867898
