,discretized_reward_proportion,interconnectivity_strength_mean,interconnectivity_strength_err
0,0.1,22.607419059966873,1.1227571335285005
1,0.30000000000000004,21.108701996189517,1.665310502968508
2,0.5000000000000001,17.513527779864003,0.6019511599299443
3,0.7000000000000001,15.053662193601902,2.4992293528661618
4,0.9000000000000001,8.546738874968502,1.2957080944098074
