,discretized_reward_proportion,interconnectivity_strength_mean,interconnectivity_strength_err
0,0.1,36.73039279917173,2.622052659894654
1,0.30000000000000004,56.89940453811487,7.174174316517084
2,0.5000000000000001,69.37691820045964,11.663279718929516
3,0.7000000000000001,70.02638213380753,14.721025624826508
4,0.9000000000000001,41.88753307750474,19.342121900941155
