,discretized_reward_proportion,interconnectivity_strength_mean,interconnectivity_strength_err
0,0.1,32.47873977839623,5.784068110055109
1,0.30000000000000004,16.38025214559694,3.4348865884164637
2,0.5000000000000001,9.293519752650667,4.414731763805699
3,0.7000000000000001,10.110427809004848,4.559519092593567
4,0.9000000000000001,12.418208026817128,2.9228353491437375
