,discretized_reward_proportion,interconnectivity_strength_mean,interconnectivity_strength_err
0,0.1,13.518628819123727,2.630246604318574
1,0.30000000000000004,24.086402538546924,3.7424697597101586
2,0.5000000000000001,17.574943809439436,2.428025669713512
3,0.7000000000000001,4.002229983469098,1.2535101658122787
4,0.9000000000000001,4.952703880337044,0.6642832393613359
