,discretized_reward_proportion,interconnectivity_strength_mean,interconnectivity_strength_err
0,0.1,63.661255415428165,9.313110377923278
1,0.30000000000000004,37.77911201014364,5.106903866301171
2,0.5000000000000001,48.84580931461121,9.054024414899208
3,0.7000000000000001,90.39843218503631,15.075134829387341
4,0.9000000000000001,90.74422847987296,10.628733477610693
