,discretized_reward_proportion,interconnectivity_strength_mean,interconnectivity_strength_err
0,0.1,8.695143576446782,1.7561119550345823
1,0.30000000000000004,6.195265919276468,1.5752940889278635
2,0.5000000000000001,38.65995849449572,7.605421351502765
3,0.7000000000000001,43.359491922649084,5.493836011681796
4,0.9000000000000001,44.0598702128033,4.591379793387272
