,discretized_reward_proportion,interconnectivity_strength_mean,interconnectivity_strength_err
0,0.1,4.784308427382858,0.19984389132697133
1,0.30000000000000004,5.925684855445778,0.18842619454489834
2,0.5000000000000001,11.239007327385792,1.2931563693052055
3,0.7000000000000001,9.303853288334793,0.9100934318728188
4,0.9000000000000001,8.200849663798147,0.437744904387572
