,discretized_reward_proportion,interconnectivity_strength_mean,interconnectivity_strength_err
0,0.1,57.0351504924102,8.362791459157684
1,0.30000000000000004,16.07839168747335,5.2490288200283794
2,0.5000000000000001,47.75337383088815,11.159775929686193
3,0.7000000000000001,113.70815177514716,25.68211507268239
4,0.9000000000000001,2.263986096731753,2.2119334813490887
