,discretized_reward_proportion,interconnectivity_strength_mean,interconnectivity_strength_err
0,0.1,69.4262645557922,10.403720344402394
1,0.30000000000000004,52.10537617377048,14.808772137436089
2,0.5000000000000001,0.03278688524590164,0.022800598712937818
3,0.7000000000000001,0.0,0.0
4,0.9000000000000001,0.0,0.0
