,discretized_reward_proportion,interconnectivity_strength_mean,interconnectivity_strength_err
0,0.1,14.657547034001343,2.2081291113108903
1,0.30000000000000004,17.155071717590705,2.5859272265629474
2,0.5000000000000001,5.161603483980964,0.8174676154032781
3,0.7000000000000001,9.626739268758339,4.0371614027552125
4,0.9000000000000001,4.570013671449897,0.37844935633323873
