,discretized_reward_proportion,interconnectivity_strength_mean,interconnectivity_strength_err
0,0.1,14.058952645758325,0.2739964162514149
1,0.30000000000000004,13.37466964844657,0.6836518699316102
2,0.5000000000000001,12.344494063425596,0.61636855307621
3,0.7000000000000001,9.694587457569828,0.4912697778485086
4,0.9000000000000001,20.508230016949582,1.469258429343498
