,discretized_reward_proportion,interconnectivity_strength_mean,interconnectivity_strength_err
0,0.1,1.8620697720845547,0.27770378501968856
1,0.30000000000000004,2.7144294398947753,0.5499025721493002
2,0.5000000000000001,14.88330534464061,6.279368866100118
3,0.7000000000000001,27.057650959738996,4.958759156499294
4,0.9000000000000001,14.936367304431753,4.389806646908131
