,discretized_reward_proportion,interconnectivity_strength_mean,interconnectivity_strength_err
0,0.1,19.71509467665676,3.1967644119595544
1,0.30000000000000004,23.527118734356762,3.648687175780588
2,0.5000000000000001,27.980248786221942,4.597442602944604
3,0.7000000000000001,49.218080820611874,5.280547458061382
4,0.9000000000000001,72.37029310975475,6.411706852439599
