,discretized_reward_proportion,interconnectivity_strength_mean,interconnectivity_strength_err
0,0.1,65.07704805357947,8.445695786355458
1,0.30000000000000004,43.10533268049795,6.466942272071694
2,0.5000000000000001,27.789679996004473,4.516516205772932
3,0.7000000000000001,12.663644347100243,3.2155219605862984
4,0.9000000000000001,12.913446691893691,2.332697922994756
