,discretized_reward_proportion,interconnectivity_strength_mean,interconnectivity_strength_err
0,0.1,267.6987003261211,41.31250737584623
1,0.30000000000000004,168.58274820218026,35.20037955322576
2,0.5000000000000001,14.865934005825299,4.620677677932054
3,0.7000000000000001,28.211228744931663,4.762847535798423
4,0.9000000000000001,19.43389532787215,3.6519624521449985
