,discretized_reward_proportion,interconnectivity_strength_mean,interconnectivity_strength_err
0,0.1,4.829719609043132,0.33144533625325806
1,0.30000000000000004,6.630705391579668,0.3292538106602536
2,0.5000000000000001,7.695650806732924,0.2912158851562426
3,0.7000000000000001,8.116311162667067,0.27655334976516555
4,0.9000000000000001,8.110292385813246,0.2399598670197991
