,discretized_reward_proportion,interconnectivity_strength_mean,interconnectivity_strength_err
0,0.1,14.581693605390537,0.7775000895256259
1,0.30000000000000004,17.505193522402838,1.8141308061305177
2,0.5000000000000001,11.410354446378149,1.7238295305905345
3,0.7000000000000001,13.299740838134396,1.2466822467579237
4,0.9000000000000001,10.313482520466689,0.9992765475081218
