,discretized_reward_proportion,interconnectivity_strength_mean,interconnectivity_strength_err
0,0.1,39.25934602684278,2.506131938002856
1,0.30000000000000004,20.792499112368176,1.4767955094156449
2,0.5000000000000001,17.793644788058778,1.3034659914610942
3,0.7000000000000001,16.072402964916627,2.12259207673015
4,0.9000000000000001,16.762045941416115,1.7083276668507437
