,discretized_reward_proportion,interconnectivity_strength_mean,interconnectivity_strength_err
0,0.1,9.02242439330889,0.33956215097620124
1,0.30000000000000004,7.895017578391387,0.2943707977364051
2,0.5000000000000001,8.27777455359332,0.2753342135753759
3,0.7000000000000001,8.598659701806046,0.46674626741097036
4,0.9000000000000001,9.74688065546013,0.3992102927614784
