,discretized_reward_proportion,interconnectivity_strength_mean,interconnectivity_strength_err
0,0.1,48.14784536479778,10.201427670006352
1,0.30000000000000004,22.97200032897435,4.404511157448856
2,0.5000000000000001,21.558713634219185,2.8587878806957745
3,0.7000000000000001,13.533118461895198,1.2350337722513796
4,0.9000000000000001,30.186474255525074,3.2257377899705193
