,discretized_reward_proportion,interconnectivity_strength_mean,interconnectivity_strength_err
0,0.1,7.803879415110087,0.6602998626307022
1,0.30000000000000004,5.54292240818988,0.4574048977185038
2,0.5000000000000001,4.607445365172912,0.3459591100637724
3,0.7000000000000001,4.049269060613663,0.07646644097169876
4,0.9000000000000001,3.9149992765733637,0.05392574819132887
