,discretized_reward_proportion,interconnectivity_strength_mean,interconnectivity_strength_err
0,0.1,29.862771407495195,2.215015468695145
1,0.30000000000000004,33.18022743193964,3.876808497228457
2,0.5000000000000001,37.15352847467588,4.3678411342825125
3,0.7000000000000001,18.98996767179641,2.941556653189611
4,0.9000000000000001,25.371399646049944,1.8182060551230268
