,discretized_reward_proportion,interconnectivity_strength_mean,interconnectivity_strength_err
0,0.1,15.139483969043916,1.691153652068124
1,0.30000000000000004,11.823024081545164,0.6735760415089829
2,0.5000000000000001,81.26812899292663,14.703172708672598
3,0.7000000000000001,40.9671109205822,7.5374477861207065
4,0.9000000000000001,38.20792638325736,7.7484854215509955
