,discretized_reward_proportion,interconnectivity_strength_mean,interconnectivity_strength_err
0,0.1,225.1921138453719,33.4253496690478
1,0.30000000000000004,234.37866680033926,29.99180690871515
2,0.5000000000000001,81.37326267057715,18.085010522438367
3,0.7000000000000001,12.851463994746462,2.0831048336920914
4,0.9000000000000001,7.3922742951607345,1.811988807263905
