,discretized_reward_proportion,interconnectivity_strength_mean,interconnectivity_strength_err
0,0.1,23.70483521616989,2.8209682012880366
1,0.30000000000000004,21.072074728772368,3.2598930557904264
2,0.5000000000000001,9.46135895040907,1.4952151411868377
3,0.7000000000000001,6.7167711837105,0.32839686981159977
4,0.9000000000000001,5.916356943510476,0.3438125589100135
