,discretized_reward_proportion,interconnectivity_strength_mean,interconnectivity_strength_err
0,0.1,16.807177699385733,0.6475920785380733
1,0.30000000000000004,13.462643961650317,0.6932770821660382
2,0.5000000000000001,11.21831502642621,0.7064950789723343
3,0.7000000000000001,8.423005875787515,0.3035964118924821
4,0.9000000000000001,8.509404022911724,0.34033299078155616
