,discretized_reward_proportion,interconnectivity_strength_mean,interconnectivity_strength_err
0,0.1,36.15971274709989,4.761985692752613
1,0.30000000000000004,81.59358777729565,9.572270643603188
2,0.5000000000000001,152.8272354927783,16.99648029631426
3,0.7000000000000001,94.26507356065355,11.336951008405284
4,0.9000000000000001,96.49790858068518,10.158381432284568
