,discretized_reward_proportion,interconnectivity_strength_mean,interconnectivity_strength_err
0,0.1,29.65603370481934,3.3701023070506926
1,0.30000000000000004,45.60400088409562,6.793595234248933
2,0.5000000000000001,14.816783644841836,4.404584031052847
3,0.7000000000000001,21.952527831203323,4.168103351114034
4,0.9000000000000001,19.9482052957179,2.897649369800637
