,discretized_reward_proportion,interconnectivity_strength_mean,interconnectivity_strength_err
0,0.1,13.824991841431956,1.6030777113228236
1,0.30000000000000004,15.108239867659055,1.4515553829498087
2,0.5000000000000001,12.358125251533416,1.0825970790664006
3,0.7000000000000001,9.317810209909528,0.5625057326153658
4,0.9000000000000001,10.175352646286795,0.5153643615274721
