,discretized_reward_proportion,interconnectivity_strength_mean,interconnectivity_strength_err
0,0.1,20.495627474003747,1.8888052338726067
1,0.30000000000000004,23.13507932586869,2.1336967822380553
2,0.5000000000000001,21.24361300257267,2.0872447253986026
3,0.7000000000000001,20.101458779072566,2.1697733219727318
4,0.9000000000000001,17.255748583169066,1.5200508359287828
