,discretized_reward_proportion,interconnectivity_strength_mean,interconnectivity_strength_err
0,0.1,63.05019916854817,10.029405794235212
1,0.30000000000000004,79.2626239184757,20.902673468075573
2,0.5000000000000001,38.566559761985836,7.436957735696217
3,0.7000000000000001,86.24784163628135,26.093161725657733
4,0.9000000000000001,18.15822099074717,10.33363319391192
