,discretized_reward_proportion,interconnectivity_strength_mean,interconnectivity_strength_err
0,0.1,50.36742324244687,9.113257318498238
1,0.30000000000000004,41.61851956323798,15.009127801447539
2,0.5000000000000001,7.603486843125753,5.044303109487608
3,0.7000000000000001,81.72841917587506,28.457724969893157
4,0.9000000000000001,283.9268511145678,58.85457476697426
