,discretized_reward_proportion,interconnectivity_strength_mean,interconnectivity_strength_err
0,0.1,19.595350967552793,0.8467461998197225
1,0.30000000000000004,18.926484810010464,3.272183992229529
2,0.5000000000000001,13.579140266156877,0.6653083757484748
3,0.7000000000000001,15.393172718662372,1.621780865677779
4,0.9000000000000001,12.315767713536731,0.9703663008247977
