,discretized_reward_proportion,interconnectivity_strength_mean,interconnectivity_strength_err
0,0.1,11.875293539404536,1.4379094073432428
1,0.30000000000000004,24.11034224883798,3.3709027753700305
2,0.5000000000000001,45.24386286344953,9.281204288522115
3,0.7000000000000001,28.75517900696051,3.463761895892806
4,0.9000000000000001,48.19936651977077,8.077563657358848
