,discretized_reward_proportion,interconnectivity_strength_mean,interconnectivity_strength_err
0,0.1,19.406084128107786,0.6281509839746462
1,0.30000000000000004,15.434793760303489,1.1830627893863093
2,0.5000000000000001,13.106333405237477,0.8398292988045084
3,0.7000000000000001,10.309187822936723,1.265700042007994
4,0.9000000000000001,6.7407212144410105,0.7982000061783174
