,discretized_reward_proportion,interconnectivity_strength_mean,interconnectivity_strength_err
0,0.1,3.202928875158674,0.1962966746140874
1,0.30000000000000004,18.937461578094933,6.040879314662896
2,0.5000000000000001,12.250434812709512,2.430085710219506
3,0.7000000000000001,13.560875034784136,1.6273015991493194
4,0.9000000000000001,7.379824798658339,0.6923871797639324
