,discretized_reward_proportion,interconnectivity_strength_mean,interconnectivity_strength_err
0,0.1,267.33681518291854,80.97593894273683
1,0.30000000000000004,401.75323021947736,77.24830908951134
2,0.5000000000000001,91.47542643666489,36.00476227038051
3,0.7000000000000001,34.36464911624963,7.833501596922047
4,0.9000000000000001,23.258753634342412,5.655749429632586
