,discretized_reward_proportion,interconnectivity_strength_mean,interconnectivity_strength_err
0,0.1,45.117880719578004,8.51969531721378
1,0.30000000000000004,19.421643007100265,5.359930511832257
2,0.5000000000000001,13.452650096107929,2.8502224086818373
3,0.7000000000000001,143.00394592539547,26.589736708473236
4,0.9000000000000001,97.62898564858277,17.022344058408887
