,discretized_reward_proportion,interconnectivity_strength_mean,interconnectivity_strength_err
0,0.1,27.827505542509375,2.6105504545281564
1,0.30000000000000004,23.841921392503036,4.040120974844749
2,0.5000000000000001,11.272014467054527,1.192941045923041
3,0.7000000000000001,8.124641310779152,0.23604117453672405
4,0.9000000000000001,7.4543913149836305,0.2002586557653684
