,discretized_reward_proportion,interconnectivity_strength_mean,interconnectivity_strength_err
0,0.1,22.51478132042607,4.75554989212791
1,0.30000000000000004,3.729942442614724,0.49820023236252403
2,0.5000000000000001,5.5533131653679355,0.7194469448256067
3,0.7000000000000001,7.066459460283751,0.46877546561825695
4,0.9000000000000001,11.004438894076893,0.9114445119659709
