,discretized_reward_proportion,interconnectivity_strength_mean,interconnectivity_strength_err
0,0.1,7.266224406429794,0.390735959505093
1,0.30000000000000004,9.99554342554603,0.9277413117436316
2,0.5000000000000001,8.235591919278974,0.7284933341518145
3,0.7000000000000001,6.078363014521866,0.34834441644253944
4,0.9000000000000001,6.454089260671165,0.2880599857010062
