,discretized_reward_proportion,interconnectivity_strength_mean,interconnectivity_strength_err
0,0.1,6.979273449922442,0.8752258744124307
1,0.30000000000000004,5.081128348869355,0.9657674679911251
2,0.5000000000000001,7.507855325169704,1.3768437863230332
3,0.7000000000000001,7.652961751019722,1.4737367166441417
4,0.9000000000000001,7.93088221466277,0.7029419663379972
