,discretized_reward_proportion,interconnectivity_strength_mean,interconnectivity_strength_err
0,0.1,10.932222528031872,0.8848992917929813
1,0.30000000000000004,14.622703114072083,1.0424142681776598
2,0.5000000000000001,17.716300549594497,0.9954149744178045
3,0.7000000000000001,17.19138807413033,1.1048022354793654
4,0.9000000000000001,15.060282836388847,0.979092551455125
