,discretized_reward_proportion,interconnectivity_strength_mean,interconnectivity_strength_err
0,0.1,46.00388776344622,5.368945792505764
1,0.30000000000000004,50.89102504496373,11.090021475336085
2,0.5000000000000001,28.90898176987821,14.237746217538664
3,0.7000000000000001,7.661082448874881,1.656867208873122
4,0.9000000000000001,38.71527446367982,8.711723427143236
