,discretized_reward_proportion,interconnectivity_strength_mean,interconnectivity_strength_err
0,0.1,11.563696806877067,2.503248255336316
1,0.30000000000000004,19.09485050518375,3.369795798149367
2,0.5000000000000001,27.890792601096308,3.492901328664081
3,0.7000000000000001,29.192692446098814,4.578726943012809
4,0.9000000000000001,22.86261984165703,1.744921472360567
