,discretized_reward_proportion,interconnectivity_strength_mean,interconnectivity_strength_err
0,0.1,4.5246676084771575,0.26943744553153703
1,0.30000000000000004,6.453858363904349,0.6407199643368107
2,0.5000000000000001,8.952209942261614,0.49266878011862986
3,0.7000000000000001,9.250048253247313,0.32396891170027775
4,0.9000000000000001,7.64409654961724,0.3278799058457435
