,discretized_reward_proportion,interconnectivity_strength_mean,interconnectivity_strength_err
0,0.1,19.87359302247046,2.7401861934840475
1,0.30000000000000004,30.96573932386476,4.3578078946609455
2,0.5000000000000001,23.04905150147229,4.549702874573014
3,0.7000000000000001,18.872202809454237,4.514145713152948
4,0.9000000000000001,16.713144536111297,3.183240213434229
