,discretized_reward_proportion,interconnectivity_strength_mean,interconnectivity_strength_err
0,0.1,10.380666910903564,0.7653939190927326
1,0.30000000000000004,13.77493336989446,0.9302310237415927
2,0.5000000000000001,18.464202517221857,1.1467825625614332
3,0.7000000000000001,26.27066431232371,1.9214891295201997
4,0.9000000000000001,23.773528187747882,1.6990274844704987
