,discretized_reward_proportion,interconnectivity_strength_mean,interconnectivity_strength_err
0,0.1,39.54197265564192,4.158557451697211
1,0.30000000000000004,30.467605122148584,3.6928748102670474
2,0.5000000000000001,49.39240136986083,4.0199848679298675
3,0.7000000000000001,50.178438173420524,8.736654675500569
4,0.9000000000000001,47.09459826840119,8.226863851023408
