,discretized_reward_proportion,interconnectivity_strength_mean,interconnectivity_strength_err
0,0.1,27.123834388917135,2.9187245583452888
1,0.30000000000000004,18.099262767403935,2.079272839436358
2,0.5000000000000001,10.327706537492524,0.5763409631378253
3,0.7000000000000001,10.764142395771318,0.49384125449994126
4,0.9000000000000001,13.053792909126885,0.7279752252078546
