,discretized_reward_proportion,interconnectivity_strength_mean,interconnectivity_strength_err
0,0.1,15.572218530244562,1.7542800442917657
1,0.30000000000000004,10.554867697147177,0.6524335480816633
2,0.5000000000000001,11.961347258384194,0.9130880157216434
3,0.7000000000000001,13.528682665434497,1.1312934064142945
4,0.9000000000000001,18.50206251806943,1.9720718601277678
