,discretized_reward_proportion,interconnectivity_strength_mean,interconnectivity_strength_err
0,0.1,38.837879318767655,6.589669582928482
1,0.30000000000000004,35.59265608381086,12.999244143154144
2,0.5000000000000001,61.25298927571504,22.158176730574443
3,0.7000000000000001,0.32142857142857145,0.08825940761227648
4,0.9000000000000001,0.045454545454545456,0.044409473678108845
