,discretized_reward_proportion,interconnectivity_strength_mean,interconnectivity_strength_err
0,0.1,27.84384142294385,3.6528805869822816
1,0.30000000000000004,35.983919385545335,4.641989643172254
2,0.5000000000000001,40.02334728557006,4.165740269167725
3,0.7000000000000001,44.36449115646834,4.229654081009663
4,0.9000000000000001,28.103466466675453,3.113547099648111
