,discretized_reward_proportion,interconnectivity_strength_mean,interconnectivity_strength_err
0,0.1,7.8047002858015,2.3326517279311867
1,0.30000000000000004,7.938486880003659,0.9073950485975075
2,0.5000000000000001,7.959524221871072,0.6324869926027615
3,0.7000000000000001,4.549694839153977,1.7262172825152347
4,0.9000000000000001,0.0,0.0
