,discretized_reward_proportion,interconnectivity_strength_mean,interconnectivity_strength_err
0,0.1,21.12160756040591,1.8128843126161085
1,0.30000000000000004,17.44133286361181,1.3723433602843305
2,0.5000000000000001,11.895608169356011,1.1964395591086454
3,0.7000000000000001,9.322711679294986,0.24191457711339326
4,0.9000000000000001,8.343155460979274,0.4161744835704738
