,discretized_reward_proportion,interconnectivity_strength_mean,interconnectivity_strength_err
0,0.1,8.800209672471942,0.32284175577467694
1,0.30000000000000004,7.771176780246286,0.3961535119396401
2,0.5000000000000001,6.491278531162984,0.3007782801585573
3,0.7000000000000001,5.811211653347461,0.20178211154818584
4,0.9000000000000001,5.67266440325762,0.1565419303019033
