,discretized_reward_proportion,interconnectivity_strength_mean,interconnectivity_strength_err
0,0.1,83.86201717832064,12.451261656119895
1,0.30000000000000004,88.20172495250186,8.591186652988473
2,0.5000000000000001,50.84281521014345,6.599356451671775
3,0.7000000000000001,88.42366241283409,18.583382595275186
4,0.9000000000000001,63.32905702667709,9.583182238711762
