,discretized_reward_proportion,interconnectivity_strength_mean,interconnectivity_strength_err
0,0.1,16.33821844096301,6.620320303991916
1,0.30000000000000004,41.55107383570075,8.844700235614363
2,0.5000000000000001,73.05172869060463,13.73059876378209
3,0.7000000000000001,47.309592572188706,6.008242672078281
4,0.9000000000000001,56.4368521264847,6.271465604616668
