,discretized_reward_proportion,interconnectivity_strength_mean,interconnectivity_strength_err
0,0.1,0.36363636363636365,0.1025592863305029
1,0.30000000000000004,3.553199394319359,0.8877230302566144
2,0.5000000000000001,10.768539034074571,4.525287806868505
3,0.7000000000000001,25.34872112462632,5.88087173562419
4,0.9000000000000001,28.14463018291471,4.891362471278458
