,discretized_reward_proportion,interconnectivity_strength_mean,interconnectivity_strength_err
0,0.1,102.50067607273503,25.795435063986563
1,0.30000000000000004,112.71559711398896,27.69622037378264
2,0.5000000000000001,198.54562351641744,37.89251435870973
3,0.7000000000000001,37.42550560783399,11.93780439167493
4,0.9000000000000001,46.145621884437865,12.234727690026453
