,discretized_reward_proportion,interconnectivity_strength_mean,interconnectivity_strength_err
0,0.1,60.8010744526643,10.068981702445193
1,0.30000000000000004,38.85223100998835,7.459022325617319
2,0.5000000000000001,46.2961821129511,5.2736344517460685
3,0.7000000000000001,12.172518417950469,3.545207721229591
4,0.9000000000000001,18.159646659287592,1.579505284767562
