,discretized_reward_proportion,interconnectivity_strength_mean,interconnectivity_strength_err
0,0.1,13.79424827098348,0.7709113021950944
1,0.30000000000000004,13.436285824702216,0.64279928005923
2,0.5000000000000001,11.882813366564514,0.8829314590153715
3,0.7000000000000001,9.197066146885168,0.3523287718469767
4,0.9000000000000001,10.105800756243186,0.3597060969090302
