,discretized_reward_proportion,interconnectivity_strength_mean,interconnectivity_strength_err
0,0.1,33.98649826785046,3.9157357696828723
1,0.30000000000000004,14.687572111881677,1.614433321734133
2,0.5000000000000001,19.7572941206179,1.9753786166333982
3,0.7000000000000001,24.520691341218388,3.2886831126191396
4,0.9000000000000001,29.976641171573895,2.6365104823091006
