,discretized_reward_proportion,interconnectivity_strength_mean,interconnectivity_strength_err
0,0.1,10.504874064394574,2.777775691464605
1,0.30000000000000004,16.78016440415799,2.62852048209573
2,0.5000000000000001,14.184341886144404,1.728253991533701
3,0.7000000000000001,6.846248199559888,2.6657293491366407
4,0.9000000000000001,0.0,0.0
