,discretized_reward_proportion,interconnectivity_strength_mean,interconnectivity_strength_err
0,0.1,22.92587860701381,1.6662336349518287
1,0.30000000000000004,22.6620449196316,1.2520287560510526
2,0.5000000000000001,17.509957561876313,1.0448502765661893
3,0.7000000000000001,17.62448989872158,0.7696794700591034
4,0.9000000000000001,30.798567564329858,2.38031457323063
