,discretized_reward_proportion,interconnectivity_strength_mean,interconnectivity_strength_err
0,0.1,4.311120885395902,1.2999849180927114
1,0.30000000000000004,6.250745065790084,1.6784193926640758
2,0.5000000000000001,8.909835445849655,2.0383450047227316
3,0.7000000000000001,12.597252427660532,1.3153596760874684
4,0.9000000000000001,12.156686059060265,1.0803656838752764
