,discretized_reward_proportion,interconnectivity_strength_mean,interconnectivity_strength_err
0,0.1,7.071737262717111,0.36688101313014615
1,0.30000000000000004,45.57131590546717,16.018216146219824
2,0.5000000000000001,20.691641353618866,6.003255300950673
3,0.7000000000000001,22.909865424088746,5.166329158034556
4,0.9000000000000001,5.729670712809914,0.7517047243359345
