,discretized_reward_proportion,interconnectivity_strength_mean,interconnectivity_strength_err
0,0.1,17.0502624432614,1.3964081704724092
1,0.30000000000000004,14.005610627741351,1.389536043352449
2,0.5000000000000001,18.32126861161816,1.7590938356647414
3,0.7000000000000001,18.32801573901116,1.1593348948788085
4,0.9000000000000001,20.62261523789815,1.9526535660105355
