,discretized_reward_proportion,interconnectivity_strength_mean,interconnectivity_strength_err
0,0.1,22.192394645407813,1.4052233508517027
1,0.30000000000000004,34.062091191826774,2.787846635170616
2,0.5000000000000001,40.45182032758385,3.5704035344533214
3,0.7000000000000001,41.15989704752425,3.5174714307748363
4,0.9000000000000001,49.58145723948837,4.891632406126135
