,discretized_reward_proportion,interconnectivity_strength_mean,interconnectivity_strength_err
0,0.1,0.47540983606557374,0.0639409722460115
1,0.30000000000000004,0.5769230769230769,0.06851204838407936
2,0.5000000000000001,0.3902439024390244,0.07618232287249077
3,0.7000000000000001,0.47368421052631576,0.05122781719918817
4,0.9000000000000001,0.30275229357798167,0.0440072285879621
