,discretized_reward_proportion,interconnectivity_strength_mean,interconnectivity_strength_err
0,0.1,10.427806974790256,0.8327985095649514
1,0.30000000000000004,9.58884322318303,0.7582942683819078
2,0.5000000000000001,9.973560639937828,0.7873435786523811
3,0.7000000000000001,10.369627294284344,0.6471681627529458
4,0.9000000000000001,10.22252544312744,0.4986038084185401
