,discretized_reward_proportion,interconnectivity_strength_mean,interconnectivity_strength_err
0,0.1,83.25530339227255,3.9586133221422823
1,0.30000000000000004,64.5778435923242,9.934551826748931
2,0.5000000000000001,89.64294518667731,11.985152903742284
3,0.7000000000000001,39.629346146661405,7.989708080434711
4,0.9000000000000001,21.58132708621294,3.270870486888261
