,discretized_reward_proportion,interconnectivity_strength_mean,interconnectivity_strength_err
0,0.1,16.253674088165866,6.30135244051673
1,0.30000000000000004,7.173638112211828,3.7711108991567692
2,0.5000000000000001,4.386878016617684,2.820242851933633
3,0.7000000000000001,4.460608475374306,1.712153696821007
4,0.9000000000000001,7.116664317222821,2.4657577548038834
