,discretized_reward_proportion,interconnectivity_strength_mean,interconnectivity_strength_err
0,0.1,87.71647634145226,13.230681889424975
1,0.30000000000000004,87.95256044166679,10.847851263317926
2,0.5000000000000001,85.50408466664636,10.900465075445602
3,0.7000000000000001,38.104215119483534,7.402751628253535
4,0.9000000000000001,37.83097194138646,4.726949281641658
