,discretized_reward_proportion,interconnectivity_strength_mean,interconnectivity_strength_err
0,0.1,29.494028840413247,1.1021708076787715
1,0.30000000000000004,26.354566180591597,2.2634788348980073
2,0.5000000000000001,26.192875754430986,2.290736120542793
3,0.7000000000000001,18.608053767038722,1.4501054433304674
4,0.9000000000000001,25.81184986023072,1.7998783731094452
