,discretized_reward_proportion,interconnectivity_strength_mean,interconnectivity_strength_err
0,0.1,8.944422557729018,1.3132024087629863
1,0.30000000000000004,11.268605712999234,2.9671442017640253
2,0.5000000000000001,29.84174838479507,6.305212539243109
3,0.7000000000000001,0.25925925925925924,0.08433704334123125
4,0.9000000000000001,0.0,0.0
