,discretized_reward_proportion,interconnectivity_strength_mean,interconnectivity_strength_err
0,0.1,74.83059867707652,12.503386888431242
1,0.30000000000000004,73.84678437258682,11.343054450059709
2,0.5000000000000001,56.254192356824426,20.05226479237012
3,0.7000000000000001,21.355252867342095,12.875513145842545
4,0.9000000000000001,0.0,0.0
