,discretized_reward_proportion,interconnectivity_strength_mean,interconnectivity_strength_err
0,0.1,23.620336813371033,5.8078508685274794
1,0.30000000000000004,82.3358580568827,16.167872916610488
2,0.5000000000000001,35.713346303948484,11.812275225858714
3,0.7000000000000001,0.25,0.08183170883849714
4,0.9000000000000001,0.9545454545454546,0.044409473678108845
