,discretized_reward_proportion,interconnectivity_strength_mean,interconnectivity_strength_err
0,0.1,58.22283396768604,12.74764376625
1,0.30000000000000004,28.229018341074728,7.0818688330572215
2,0.5000000000000001,51.06604997355028,12.292322730281063
3,0.7000000000000001,61.018491316838066,7.621108645558387
4,0.9000000000000001,48.77751518139398,6.8926409552560015
