,discretized_reward_proportion,interconnectivity_strength_mean,interconnectivity_strength_err
0,0.1,22.601959397424988,1.883246242626995
1,0.30000000000000004,12.532273271713775,1.347797812944604
2,0.5000000000000001,5.265024305281922,0.479403776782334
3,0.7000000000000001,14.645434532249949,2.2699701098679426
4,0.9000000000000001,16.551298669168666,2.311711820258581
