,discretized_reward_proportion,interconnectivity_strength_mean,interconnectivity_strength_err
0,0.1,56.6883593357577,5.345590161646165
1,0.30000000000000004,44.706816482172826,5.16484445684346
2,0.5000000000000001,68.46742976618363,6.740728713558058
3,0.7000000000000001,22.362166441789,4.404735813125733
4,0.9000000000000001,18.456852957359317,3.6797268429695635
