,discretized_reward_proportion,interconnectivity_strength_mean,interconnectivity_strength_err
0,0.1,11.997831201137512,0.9259542135826156
1,0.30000000000000004,10.791408667454958,0.893323904752737
2,0.5000000000000001,7.970743473250712,0.5870552518264966
3,0.7000000000000001,8.076143556512516,0.5715173719162717
4,0.9000000000000001,15.387120993501245,1.4134747255887952
