,discretized_reward_proportion,interconnectivity_strength_mean,interconnectivity_strength_err
0,0.1,33.340933353193805,5.317849695523141
1,0.30000000000000004,46.638613862235054,7.90252076365309
2,0.5000000000000001,54.35425685957421,9.37451672715387
3,0.7000000000000001,80.51649180242306,8.236408064794993
4,0.9000000000000001,105.38992889056479,12.926317264254836
