,discretized_reward_proportion,interconnectivity_strength_mean,interconnectivity_strength_err
0,0.1,17.00269778852127,0.44008648534144806
1,0.30000000000000004,13.398480721257343,0.42859739896737464
2,0.5000000000000001,11.223113927590534,0.42104282748118377
3,0.7000000000000001,9.206786447483779,0.49897646511755267
4,0.9000000000000001,8.17414549780864,0.428025779087786
