,discretized_reward_proportion,interconnectivity_strength_mean,interconnectivity_strength_err
0,0.1,19.50254983389551,1.9029226955055751
1,0.30000000000000004,23.060711178521846,2.465512097994176
2,0.5000000000000001,17.490222832093785,1.5283328503969467
3,0.7000000000000001,16.999363718934852,0.7357867332700672
4,0.9000000000000001,18.309529930916433,1.064655227832229
