,discretized_reward_proportion,interconnectivity_strength_mean,interconnectivity_strength_err
0,0.1,38.998604723839726,2.259117919247711
1,0.30000000000000004,32.45055820130431,2.724347578002524
2,0.5000000000000001,28.57018227580065,2.57763769410192
3,0.7000000000000001,14.611512177818328,2.127918538225102
4,0.9000000000000001,11.231315077436609,2.407547323176824
