,discretized_reward_proportion,interconnectivity_strength_mean,interconnectivity_strength_err
0,0.1,35.497765462331856,2.7690164500107968
1,0.30000000000000004,29.106404746057883,2.62638584876663
2,0.5000000000000001,23.135625851785438,3.063015332019478
3,0.7000000000000001,24.520656971013864,2.4907401460968273
4,0.9000000000000001,31.305700071519972,4.061878642102312
