,discretized_reward_proportion,interconnectivity_strength_mean,interconnectivity_strength_err
0,0.1,8.339076957016976,0.6186164171423422
1,0.30000000000000004,6.723825667892177,0.7904426858070545
2,0.5000000000000001,9.038032337997342,2.274531235839403
3,0.7000000000000001,56.25474780283664,14.987321434869479
4,0.9000000000000001,77.86353525316885,14.889476036801296
