,discretized_reward_proportion,interconnectivity_strength_mean,interconnectivity_strength_err
0,0.1,25.47705175048154,2.5829099052386426
1,0.30000000000000004,19.703768264091643,1.2622923197290417
2,0.5000000000000001,16.505657818094665,1.5954332834064309
3,0.7000000000000001,12.54716312852035,1.0263160427899245
4,0.9000000000000001,16.65891381736544,1.0259139228996252
