,discretized_reward_proportion,interconnectivity_strength_mean,interconnectivity_strength_err
0,0.1,46.45589549661909,9.86305912235439
1,0.30000000000000004,70.9020590693931,15.684470167113137
2,0.5000000000000001,105.96345341483116,13.879667714901649
3,0.7000000000000001,35.2613415659,16.941170359520342
4,0.9000000000000001,1.5440463216618123,0.6019073331981181
