,discretized_reward_proportion,interconnectivity_strength_mean,interconnectivity_strength_err
0,0.1,23.80566772970527,5.100898853945748
1,0.30000000000000004,38.04738437970153,3.952419551285176
2,0.5000000000000001,28.3723302129174,4.160794252606981
3,0.7000000000000001,24.48948808569399,1.7343499988840387
4,0.9000000000000001,34.0335795238821,3.0054022528650335
