,discretized_reward_proportion,interconnectivity_strength_mean,interconnectivity_strength_err
0,0.1,21.33000828470107,1.2286241852699618
1,0.30000000000000004,16.283010569257186,1.3730515043220561
2,0.5000000000000001,20.403237908839973,4.5980323561312035
3,0.7000000000000001,14.265041975605788,3.997974560453231
4,0.9000000000000001,13.037050751969723,2.2161799241773816
