,discretized_reward_proportion,interconnectivity_strength_mean,interconnectivity_strength_err
0,0.1,16.751786861626588,1.1967177794599937
1,0.30000000000000004,13.643537383573753,0.9862163949457059
2,0.5000000000000001,12.211458222159383,1.0523775261803787
3,0.7000000000000001,10.662382055777313,0.6137770081106737
4,0.9000000000000001,18.284587593531526,1.7688791908572639
