,discretized_reward_proportion,interconnectivity_strength_mean,interconnectivity_strength_err
0,0.1,94.7725656232199,17.702521576203747
1,0.30000000000000004,47.33033037507128,7.7385577028638854
2,0.5000000000000001,21.402123038964117,3.429771289094426
3,0.7000000000000001,16.329572912037314,0.7245241268055145
4,0.9000000000000001,25.563624610800435,5.193471973426888
