,discretized_reward_proportion,interconnectivity_strength_mean,interconnectivity_strength_err
0,0.1,35.435665120688775,5.439082968868348
1,0.30000000000000004,30.42016390971051,10.328077973924849
2,0.5000000000000001,23.534242727085395,6.1341950761264155
3,0.7000000000000001,9.1275288659482,0.8054342937188118
4,0.9000000000000001,8.268465906645835,0.4243501938656074
