,discretized_reward_proportion,interconnectivity_strength_mean,interconnectivity_strength_err
0,0.1,19.209116952681377,2.8470026422562995
1,0.30000000000000004,12.926307654749094,1.2362422338949943
2,0.5000000000000001,13.17110378721938,0.9141407135492648
3,0.7000000000000001,18.132499632189834,1.1958381843982366
4,0.9000000000000001,17.167324482655882,1.3885770684710326
