,discretized_reward_proportion,interconnectivity_strength_mean,interconnectivity_strength_err
0,0.1,11.674115840578848,1.8059388007182482
1,0.30000000000000004,9.42368035260145,1.1441792311305314
2,0.5000000000000001,10.321774641440873,0.6287766995338944
3,0.7000000000000001,10.459054928349664,0.9654838668834631
4,0.9000000000000001,20.994720054112143,2.337147072707921
