,discretized_reward_proportion,interconnectivity_strength_mean,interconnectivity_strength_err
0,0.1,4.222838595612499,0.3082886654041936
1,0.30000000000000004,4.0476085227177165,0.4380264171145505
2,0.5000000000000001,4.01309779044052,0.2912299670340574
3,0.7000000000000001,3.727205430564751,0.13357627153967938
4,0.9000000000000001,3.8341731622384656,0.10719919741572265
