,discretized_reward_proportion,interconnectivity_strength_mean,interconnectivity_strength_err
0,0.1,21.764557560100002,1.4101254900595872
1,0.30000000000000004,19.387233076512178,1.9762588151364309
2,0.5000000000000001,18.9216446960567,2.8583498681589035
3,0.7000000000000001,33.605293827108156,4.038047737183515
4,0.9000000000000001,16.369530872769413,3.687004275060286
