,discretized_reward_proportion,interconnectivity_strength_mean,interconnectivity_strength_err
0,0.1,56.9983809485606,7.3359798711465265
1,0.30000000000000004,52.60179309328572,4.693202637154951
2,0.5000000000000001,35.90257225473453,4.061458569350831
3,0.7000000000000001,34.64965130475847,4.7812665894075
4,0.9000000000000001,36.271046607548804,3.215346914578857
