,discretized_reward_proportion,interconnectivity_strength_mean,interconnectivity_strength_err
0,0.1,83.3612362214796,5.27991747654638
1,0.30000000000000004,70.5322603146178,6.479674347742836
2,0.5000000000000001,43.942097614317845,6.238299021249986
3,0.7000000000000001,26.920125538980564,2.1440236405763082
4,0.9000000000000001,25.299832988741358,2.3949693953171254
