,discretized_reward_proportion,interconnectivity_strength_mean,interconnectivity_strength_err
0,0.1,115.75171664292789,15.258908775625322
1,0.30000000000000004,76.4585956429202,13.814425649930916
2,0.5000000000000001,26.793200003162003,5.593024900717893
3,0.7000000000000001,17.198660310480292,3.7185265728967565
4,0.9000000000000001,2.8142428820502747,1.2322291529675333
