,discretized_reward_proportion,interconnectivity_strength_mean,interconnectivity_strength_err
0,0.1,25.197641785712445,4.829351675838079
1,0.30000000000000004,9.661532744575208,2.812395942311496
2,0.5000000000000001,1.47074551388623,1.4526988732050394
3,0.7000000000000001,0.0,0.0
4,0.9000000000000001,0.0,0.0
