,discretized_reward_proportion,interconnectivity_strength_mean,interconnectivity_strength_err
0,0.1,33.16394717009881,8.15161560831378
1,0.30000000000000004,108.7433010790311,36.05022114594087
2,0.5000000000000001,121.04111602957457,44.560540945387565
3,0.7000000000000001,41.75542478591156,5.277946228459752
4,0.9000000000000001,48.04161530851372,7.874616885465192
