,discretized_reward_proportion,interconnectivity_strength_mean,interconnectivity_strength_err
0,0.1,106.11383976363557,13.477925709398656
1,0.30000000000000004,50.18131126342162,15.47327344608764
2,0.5000000000000001,0.29508196721311475,0.05839500874678362
3,0.7000000000000001,0.03571428571428571,0.03507073235935592
4,0.9000000000000001,0.0,0.0
