,discretized_reward_proportion,interconnectivity_strength_mean,interconnectivity_strength_err
0,0.1,34.973789778775114,7.449875366947486
1,0.30000000000000004,49.33578576946561,5.294210740199304
2,0.5000000000000001,222.44966492301012,66.80246531295018
3,0.7000000000000001,163.01856990336876,36.92113921319295
4,0.9000000000000001,63.58126817134461,16.622471096386228
