,discretized_reward_proportion,interconnectivity_strength_mean,interconnectivity_strength_err
0,0.1,0.21264367816091953,0.0310196771346051
1,0.30000000000000004,0.03125,0.02174907954230477
2,0.5000000000000001,0.14754098360655737,0.04540756089329339
3,0.7000000000000001,0.0,0.0
4,0.9000000000000001,0.0,0.0
