,discretized_reward_proportion,interconnectivity_strength_mean,interconnectivity_strength_err
0,0.1,0.0,0.0
1,0.30000000000000004,14.40595757813044,3.1708368521448986
2,0.5000000000000001,15.04945490475768,1.7114296752831457
3,0.7000000000000001,15.748035890904603,1.303819837137641
4,0.9000000000000001,18.63338782688744,1.477766560441327
