,discretized_reward_proportion,interconnectivity_strength_mean,interconnectivity_strength_err
0,0.1,7.722937955388441,0.584308312660927
1,0.30000000000000004,12.420355184335866,1.68717456583636
2,0.5000000000000001,20.020301909703104,2.6795379584460437
3,0.7000000000000001,24.807307947659755,2.538866356315939
4,0.9000000000000001,16.66067162565376,1.831199330993235
