,discretized_reward_proportion,interconnectivity_strength_mean,interconnectivity_strength_err
0,0.1,11.915488475910802,1.0714304907016847
1,0.30000000000000004,11.956684311584523,0.8103295444655877
2,0.5000000000000001,7.036716076896538,0.48740071651489725
3,0.7000000000000001,6.129122216322683,0.21725657955890995
4,0.9000000000000001,6.581640723146597,0.3161802184861925
