,discretized_reward_proportion,interconnectivity_strength_mean,interconnectivity_strength_err
0,0.1,12.451063319857528,0.46787665515501076
1,0.30000000000000004,13.503827660314354,0.4924909631839355
2,0.5000000000000001,14.731806153841198,1.8097855553526958
3,0.7000000000000001,10.552139172141453,1.1388829002048495
4,0.9000000000000001,10.993910935765115,0.5202659737011064
