,discretized_reward_proportion,interconnectivity_strength_mean,interconnectivity_strength_err
0,0.1,64.53356310599202,18.400961731693187
1,0.30000000000000004,215.10439857666412,47.470876972152915
2,0.5000000000000001,52.904059950571266,24.147946986477425
3,0.7000000000000001,83.99186982069199,16.471540763835254
4,0.9000000000000001,59.73358154192199,13.055530437053312
