,discretized_reward_proportion,interconnectivity_strength_mean,interconnectivity_strength_err
0,0.1,9.691643837361884,0.9256411068954475
1,0.30000000000000004,7.455983573000922,0.4618227463521285
2,0.5000000000000001,6.739765659911555,0.29092517083400105
3,0.7000000000000001,6.640159927032667,0.2452771115712951
4,0.9000000000000001,6.266232237753256,0.1947805651531486
