,discretized_reward_proportion,interconnectivity_strength_mean,interconnectivity_strength_err
0,0.1,0.37037037037037035,0.06571489474350332
1,0.30000000000000004,0.23655913978494625,0.0440672644660157
2,0.5000000000000001,0.4605263157894737,0.05717491954000363
3,0.7000000000000001,0.34375,0.059369859974885406
4,0.9000000000000001,0.12903225806451613,0.04257496887716708
