,discretized_reward_proportion,interconnectivity_strength_mean,interconnectivity_strength_err
0,0.1,23.15103504860188,1.9865520415494753
1,0.30000000000000004,13.078318170065103,0.6789970737455877
2,0.5000000000000001,9.853973051065,0.5556719957610304
3,0.7000000000000001,8.974855903523094,1.2619890443327175
4,0.9000000000000001,13.476070633592562,2.2014799618925465
