,discretized_reward_proportion,interconnectivity_strength_mean,interconnectivity_strength_err
0,0.1,8.482709280187631,0.32149024935382897
1,0.30000000000000004,9.132313578784691,0.360441125648515
2,0.5000000000000001,9.480472884063389,0.5991124517649364
3,0.7000000000000001,8.59454088192464,0.3871392537258158
4,0.9000000000000001,10.591860214271408,0.5356052453151376
