,discretized_reward_proportion,interconnectivity_strength_mean,interconnectivity_strength_err
0,0.1,19.325113724970997,2.3527275088138726
1,0.30000000000000004,25.394491142530335,5.102429912716658
2,0.5000000000000001,16.722807959591925,2.2493604542523014
3,0.7000000000000001,3.5434089328150766,1.4519739802010934
4,0.9000000000000001,0.14893617021276595,0.05193166283277494
