,discretized_reward_proportion,interconnectivity_strength_mean,interconnectivity_strength_err
0,0.1,3.5207705371918157,0.19493438767743898
1,0.30000000000000004,5.4775001783967605,0.306500482387409
2,0.5000000000000001,10.801104769662308,3.3065339331436494
3,0.7000000000000001,8.5095474434077,1.7144599573432249
4,0.9000000000000001,5.482067767902413,0.17159409532417635
