,discretized_reward_proportion,interconnectivity_strength_mean,interconnectivity_strength_err
0,0.1,18.29010033444557,1.5456115334791614
1,0.30000000000000004,19.49988113151675,2.2054430110090317
2,0.5000000000000001,21.451772739426897,2.480375721607196
3,0.7000000000000001,23.070647556867616,2.183331242215117
4,0.9000000000000001,28.9420219907898,2.9567260359151386
