,discretized_reward_proportion,interconnectivity_strength_mean,interconnectivity_strength_err
0,0.1,25.60379340909672,2.545865812529068
1,0.30000000000000004,37.68739276169724,5.470547921294565
2,0.5000000000000001,32.02485926642919,4.144548024791429
3,0.7000000000000001,62.336074711397266,9.68215646039503
4,0.9000000000000001,54.772766131849735,7.086536406803849
