,discretized_reward_proportion,interconnectivity_strength_mean,interconnectivity_strength_err
0,0.1,24.00787438000413,7.314524748301259
1,0.30000000000000004,30.953443641622094,7.384580231078473
2,0.5000000000000001,8.629521767225777,3.617591264330505
3,0.7000000000000001,11.590382386855854,3.9721344233643694
4,0.9000000000000001,41.73626330697955,5.717874312578148
