,discretized_reward_proportion,interconnectivity_strength_mean,interconnectivity_strength_err
0,0.1,4.756415949635289,0.5890886990352633
1,0.30000000000000004,5.09146401646532,1.072487028782014
2,0.5000000000000001,5.2126957534547955,1.9040500967252167
3,0.7000000000000001,1.9578222933667369,0.31992175877793044
4,0.9000000000000001,1.3396543499001978,0.2533968185266907
