,discretized_reward_proportion,interconnectivity_strength_mean,interconnectivity_strength_err
0,0.1,40.99291366283345,4.7310563041392255
1,0.30000000000000004,42.8152695441189,5.811524485981505
2,0.5000000000000001,27.29589888311844,3.214832662861295
3,0.7000000000000001,24.515776737280085,4.786993999332249
4,0.9000000000000001,1.3704706495575876,0.7153222905383618
