,discretized_reward_proportion,interconnectivity_strength_mean,interconnectivity_strength_err
0,0.1,42.14709882065366,2.4780931075411248
1,0.30000000000000004,26.12753342771694,2.391364127303351
2,0.5000000000000001,35.95998968342704,2.3275347603408307
3,0.7000000000000001,22.12128794231741,3.7393338915622762
4,0.9000000000000001,14.27012359179762,3.764706623151177
