,discretized_reward_proportion,interconnectivity_strength_mean,interconnectivity_strength_err
0,0.1,40.78797381821967,4.257569126757177
1,0.30000000000000004,31.258303770943485,3.054993591972938
2,0.5000000000000001,19.123828488701736,2.069486482086458
3,0.7000000000000001,16.505153613230902,1.3722474917478518
4,0.9000000000000001,11.782806492058723,0.9312057634032327
