,discretized_reward_proportion,interconnectivity_strength_mean,interconnectivity_strength_err
0,0.1,13.443038096473746,0.26747186595459777
1,0.30000000000000004,15.201521768358468,0.5635345444459416
2,0.5000000000000001,15.324663724908799,0.6412509921785394
3,0.7000000000000001,16.1438996924504,0.9262722519422575
4,0.9000000000000001,15.71326515136718,1.2154399798797402
