,discretized_reward_proportion,interconnectivity_strength_mean,interconnectivity_strength_err
0,0.1,10.571148166458078,0.8743907998321445
1,0.30000000000000004,23.421132364331093,4.353599302427683
2,0.5000000000000001,22.39042123740826,3.086766152136267
3,0.7000000000000001,7.180033390251255,1.615805712332289
4,0.9000000000000001,19.44051266713336,1.7143072520872005
