,discretized_reward_proportion,interconnectivity_strength_mean,interconnectivity_strength_err
0,0.1,41.626724168067625,3.634539328365183
1,0.30000000000000004,28.94607841901783,1.3403971520183993
2,0.5000000000000001,20.146409634975864,0.9512463048843914
3,0.7000000000000001,12.97354344740147,0.8510161798571799
4,0.9000000000000001,8.99978954185451,0.3898774357338197
