,discretized_reward_proportion,interconnectivity_strength_mean,interconnectivity_strength_err
0,0.1,13.395981945762308,0.28409733789712
1,0.30000000000000004,9.680421789951541,0.3374306309284181
2,0.5000000000000001,8.787418090604156,0.41038134298856493
3,0.7000000000000001,7.927529433305474,0.5979320850573429
4,0.9000000000000001,5.3529869011398885,0.37482363942109204
