,discretized_reward_proportion,interconnectivity_strength_mean,interconnectivity_strength_err
0,0.1,17.31969620699863,4.898174553109309
1,0.30000000000000004,10.204520402038858,2.1395937268774605
2,0.5000000000000001,7.536811737890401,1.7090144199102602
3,0.7000000000000001,14.40258604049296,1.7407388150494647
4,0.9000000000000001,12.989041825726147,1.3289678862098173
