,discretized_reward_proportion,interconnectivity_strength_mean,interconnectivity_strength_err
0,0.1,21.444514009128238,6.383093710361752
1,0.30000000000000004,54.51369920985539,10.450415385314571
2,0.5000000000000001,47.69123325765202,9.640567385101994
3,0.7000000000000001,26.537294579180568,6.043990364441222
4,0.9000000000000001,27.79395243791458,7.58194848605394
