,discretized_reward_proportion,interconnectivity_strength_mean,interconnectivity_strength_err
0,0.1,109.84001941077892,13.150637502254924
1,0.30000000000000004,43.020578650174,4.166541834356163
2,0.5000000000000001,43.31503854932573,7.449567851638774
3,0.7000000000000001,24.343863087104758,5.802328124655433
4,0.9000000000000001,11.462192921047949,5.230993712349645
