,discretized_reward_proportion,interconnectivity_strength_mean,interconnectivity_strength_err
0,0.1,38.33304180141731,7.967836171292313
1,0.30000000000000004,45.332335492439434,24.386738870531467
2,0.5000000000000001,122.86909059283765,40.730040970570954
3,0.7000000000000001,78.60263742865564,33.09261208552549
4,0.9000000000000001,43.07737166197015,9.67327929162614
