,discretized_reward_proportion,interconnectivity_strength_mean,interconnectivity_strength_err
0,0.1,33.80707426766007,5.5386431104914475
1,0.30000000000000004,21.77003500321003,2.7080876412445583
2,0.5000000000000001,13.915685785608328,2.332578028124765
3,0.7000000000000001,10.273703241107501,1.0302691676136708
4,0.9000000000000001,21.03920785335034,1.9399313959156845
