,discretized_reward_proportion,interconnectivity_strength_mean,interconnectivity_strength_err
0,0.1,80.18892281990091,7.240093434858513
1,0.30000000000000004,46.316046670918055,5.183242730609868
2,0.5000000000000001,50.99251442004807,4.820072632095813
3,0.7000000000000001,40.417380877262396,2.660841295267014
4,0.9000000000000001,51.13844266332674,2.9695688523326016
