,discretized_reward_proportion,interconnectivity_strength_mean,interconnectivity_strength_err
0,0.1,12.665470000259948,0.26732822959786506
1,0.30000000000000004,11.011971670160156,0.5217082225492633
2,0.5000000000000001,9.919212432246416,0.6801503960548241
3,0.7000000000000001,6.769929819243715,0.28483891667626376
4,0.9000000000000001,5.810975975123972,0.16514095557602415
