,discretized_reward_proportion,interconnectivity_strength_mean,interconnectivity_strength_err
0,0.1,15.950268728228405,2.1254752785900815
1,0.30000000000000004,22.832274797984482,1.539543239367757
2,0.5000000000000001,14.356884655923208,1.4133937926351252
3,0.7000000000000001,18.367139174235913,1.953884493581262
4,0.9000000000000001,20.115731918970898,1.3886289603254414
