,discretized_reward_proportion,interconnectivity_strength_mean,interconnectivity_strength_err
0,0.1,30.142877451452257,3.20861694787264
1,0.30000000000000004,18.439959501884907,2.9821779393132046
2,0.5000000000000001,17.677860660866788,3.22201996299966
3,0.7000000000000001,19.975743303122655,3.1530412166520643
4,0.9000000000000001,17.785833491784977,2.528172693545815
