,discretized_reward_proportion,interconnectivity_strength_mean,interconnectivity_strength_err
0,0.1,199.88661887532817,50.85491597999937
1,0.30000000000000004,40.17378846930025,11.428663674764135
2,0.5000000000000001,61.27050633983417,8.854968013435158
3,0.7000000000000001,36.23200230763939,5.858489064780622
4,0.9000000000000001,65.49255121938036,7.9454816826018595
