,discretized_reward_proportion,interconnectivity_strength_mean,interconnectivity_strength_err
0,0.1,9.248380182072523,1.2531659202839325
1,0.30000000000000004,107.8849414125089,33.894731869674615
2,0.5000000000000001,140.1203573412616,38.52945250470913
3,0.7000000000000001,35.632294584234735,29.914321189305905
4,0.9000000000000001,15.273549701917446,2.011235354978209
