,discretized_reward_proportion,interconnectivity_strength_mean,interconnectivity_strength_err
0,0.1,50.904629995945434,6.4525447508472125
1,0.30000000000000004,38.61946034821253,7.37686433084522
2,0.5000000000000001,49.53556508225861,14.01718760300422
3,0.7000000000000001,22.004302824057834,3.0991185546307527
4,0.9000000000000001,10.254443884337903,2.2257431491144875
