,discretized_reward_proportion,interconnectivity_strength_mean,interconnectivity_strength_err
0,0.1,98.2290457819423,9.135291752146019
1,0.30000000000000004,46.860047773659616,4.372920987363527
2,0.5000000000000001,22.914653182805534,1.5750333680459978
3,0.7000000000000001,26.381305239591907,2.374650390996529
4,0.9000000000000001,20.794535814638127,2.0117039680407283
