,discretized_reward_proportion,interconnectivity_strength_mean,interconnectivity_strength_err
0,0.1,29.972070801150764,6.300637210480851
1,0.30000000000000004,12.400799426453537,4.410145400977771
2,0.5000000000000001,11.21092399540807,1.6032671680600155
3,0.7000000000000001,12.09851858222725,0.6309084376814417
4,0.9000000000000001,18.4407544105476,1.824290173113453
