,discretized_reward_proportion,interconnectivity_strength_mean,interconnectivity_strength_err
0,0.1,25.285303563416413,2.801535931576038
1,0.30000000000000004,30.957706214106953,4.794346343817345
2,0.5000000000000001,11.792772190658237,0.9392508714919673
3,0.7000000000000001,9.844472043638456,1.674837647463435
4,0.9000000000000001,11.58510760585101,0.690875995914093
