,discretized_reward_proportion,interconnectivity_strength_mean,interconnectivity_strength_err
0,0.1,40.94416356214909,27.28503989296434
1,0.30000000000000004,143.2851975029715,26.158721921617524
2,0.5000000000000001,197.10698810839844,31.6822620946415
3,0.7000000000000001,33.220397045472545,9.883432213389534
4,0.9000000000000001,0.016129032258064516,0.015998430657150675
