,discretized_reward_proportion,interconnectivity_strength_mean,interconnectivity_strength_err
0,0.1,69.50685605451451,22.625615641985103
1,0.30000000000000004,115.15060186099583,39.050311217587
2,0.5000000000000001,88.8015205311215,33.65327177419357
3,0.7000000000000001,70.78156427926992,22.853886636719192
4,0.9000000000000001,320.9678335158979,69.80874974197206
