,discretized_reward_proportion,interconnectivity_strength_mean,interconnectivity_strength_err
0,0.1,7.7503423335004165,0.2273980372572446
1,0.30000000000000004,8.378677692667843,0.3382547890163051
2,0.5000000000000001,7.67483493165558,0.30900806854411383
3,0.7000000000000001,7.589353420717701,0.1989169399279471
4,0.9000000000000001,8.947860616696369,0.3299218321173416
