,discretized_reward_proportion,interconnectivity_strength_mean,interconnectivity_strength_err
0,0.1,30.957295338034502,4.086648602735846
1,0.30000000000000004,32.170177607538356,6.340578904260224
2,0.5000000000000001,45.25292273503115,15.177207382997663
3,0.7000000000000001,22.144684912563726,5.472494444110927
4,0.9000000000000001,36.821044133518896,6.697354763999101
