,discretized_reward_proportion,interconnectivity_strength_mean,interconnectivity_strength_err
0,0.1,22.988786725069154,4.507177410968283
1,0.30000000000000004,16.167746380921443,1.7076486439163536
2,0.5000000000000001,12.868710423492248,1.3426754543653194
3,0.7000000000000001,17.969000143891847,1.502420983965631
4,0.9000000000000001,16.613572091254266,1.3257260677326708
