,discretized_reward_proportion,interconnectivity_strength_mean,interconnectivity_strength_err
0,0.1,20.651279381706317,3.1327394767431365
1,0.30000000000000004,20.87483324233682,5.130663351528122
2,0.5000000000000001,62.80909341460971,21.680106300455293
3,0.7000000000000001,59.643152214838864,16.62085399282155
4,0.9000000000000001,46.57928851511686,17.670924131014832
