,discretized_reward_proportion,interconnectivity_strength_mean,interconnectivity_strength_err
0,0.1,8.737199159420406,0.4243414141683413
1,0.30000000000000004,7.904167301546041,0.8953908812422908
2,0.5000000000000001,11.35051210625961,0.9624964572487443
3,0.7000000000000001,11.033884174820662,0.592392367350053
4,0.9000000000000001,11.919759621627186,0.6579922239963759
