trial_index,relative_spike_time
26,1.2788500000000056
257,0.7477000000001226
