trial_type,signal_coeffs,signal_coeffs_err,mvt_coeffs,mvt_coeffs_err,reward_coeffs,reward_coeffs_err
prp $\geq$ 0.5,0.016216909372465685,0.0010844469809522177,0.02456594599099315,0.0016160835558007706,0.013097180596621903,0.0013607524051883657
prp < 0.5,0.013530014313879256,0.001020344202464131,0.02734214731512155,0.0014177224689422062,0.0021617374554799822,0.0011514736033857258
