,discretized_reward_proportion,interconnectivity_strength_mean,interconnectivity_strength_err
0,0.1,35.38953058889173,4.458388641381885
1,0.30000000000000004,21.98666029461399,2.5243114455644178
2,0.5000000000000001,8.971024228348456,1.580839294436904
3,0.7000000000000001,0.07407407407407407,0.03563890550553245
4,0.9000000000000001,0.030303030303030304,0.02984036144953521
