,discretized_reward_proportion,interconnectivity_strength_mean,interconnectivity_strength_err
0,0.1,28.939630369387213,0.8590537335435929
1,0.30000000000000004,15.40026442995174,1.0610121371914079
2,0.5000000000000001,9.13608353594683,0.5974742515154394
3,0.7000000000000001,7.6191170985065,0.519362492746875
4,0.9000000000000001,9.63633025860078,0.5822306886798382
