,discretized_reward_proportion,interconnectivity_strength_mean,interconnectivity_strength_err
0,0.1,7.964121711693816,1.855322669228301
1,0.30000000000000004,8.515408072578435,0.5097982345086123
2,0.5000000000000001,5.145960705190908,0.1984357291662717
3,0.7000000000000001,4.898031532513683,0.16186131993076697
4,0.9000000000000001,4.674836208196662,0.13179794935648678
