,discretized_reward_proportion,interconnectivity_strength_mean,interconnectivity_strength_err
0,0.1,56.56045204423131,6.247658833515741
1,0.30000000000000004,31.487755966925466,5.457342419610245
2,0.5000000000000001,31.832816552128577,5.512743920316703
3,0.7000000000000001,25.98467452551948,5.058654372445055
4,0.9000000000000001,18.074364731318408,2.4155840859915116
