,discretized_reward_proportion,interconnectivity_strength_mean,interconnectivity_strength_err
0,0.1,15.974872010076375,0.6480741025340817
1,0.30000000000000004,16.30226814728332,1.4324223502488498
2,0.5000000000000001,18.911433232526644,3.962357745355668
3,0.7000000000000001,61.70095138875129,21.560792372597334
4,0.9000000000000001,81.76039080172269,14.339393029294886
