,discretized_reward_proportion,interconnectivity_strength_mean,interconnectivity_strength_err
0,0.1,6.120914231914744,0.4459993395840141
1,0.30000000000000004,5.889687681489695,0.5719608982515592
2,0.5000000000000001,2.9275597164045672,0.22354672599009304
3,0.7000000000000001,3.30624324128885,0.0791489139492074
4,0.9000000000000001,2.9186348767394636,0.09130970970024033
