,discretized_reward_proportion,interconnectivity_strength_mean,interconnectivity_strength_err
0,0.1,36.31996475343338,2.7540904885865647
1,0.30000000000000004,26.29588670325318,1.7085969684089448
2,0.5000000000000001,25.093420834059515,2.157050438886641
3,0.7000000000000001,20.17986199001699,1.7524840145630558
4,0.9000000000000001,14.92389995632374,1.2565845077846234
