,discretized_reward_proportion,interconnectivity_strength_mean,interconnectivity_strength_err
0,0.1,8.320939561337177,0.669432724486194
1,0.30000000000000004,7.124327224299754,0.462950217014785
2,0.5000000000000001,4.578214775236668,0.4471080053283016
3,0.7000000000000001,3.2433976811738576,0.1775637218350604
4,0.9000000000000001,4.055894580975347,0.24904340470941477
