,discretized_reward_proportion,interconnectivity_strength_mean,interconnectivity_strength_err
0,0.1,11.698504263181233,1.5166489510627736
1,0.30000000000000004,9.252386577097155,0.8476010125403743
2,0.5000000000000001,8.492402483040808,0.4561901839366261
3,0.7000000000000001,10.795378998350165,0.48316824321752105
4,0.9000000000000001,11.115536668332243,0.5803443034958851
