,discretized_reward_proportion,interconnectivity_strength_mean,interconnectivity_strength_err
0,0.1,7.886660519391688,0.45856018581348257
1,0.30000000000000004,9.208754903282879,0.2913957597782332
2,0.5000000000000001,7.936752584211737,0.3712034583468962
3,0.7000000000000001,6.986457935690551,0.34982718269238366
4,0.9000000000000001,8.13734025314376,0.36669643998307017
