,discretized_reward_proportion,interconnectivity_strength_mean,interconnectivity_strength_err
0,0.1,180.43093226300664,23.54254695536346
1,0.30000000000000004,85.51012114461703,12.814881466737047
2,0.5000000000000001,63.00606819287203,11.06790761395385
3,0.7000000000000001,75.61565350876197,17.87534574957998
4,0.9000000000000001,57.862518973712675,15.286084932159492
