,discretized_reward_proportion,interconnectivity_strength_mean,interconnectivity_strength_err
0,0.1,19.690469150706683,2.665234997734698
1,0.30000000000000004,43.424178146431245,4.650866825151954
2,0.5000000000000001,28.88649175716281,2.413435820268795
3,0.7000000000000001,42.222430374316076,10.1005381302354
4,0.9000000000000001,30.62898092587527,16.108027732481908
