,discretized_reward_proportion,interconnectivity_strength_mean,interconnectivity_strength_err
0,0.1,17.05013165457894,3.3803329448277104
1,0.30000000000000004,8.873168173364592,1.9378193379231576
2,0.5000000000000001,14.77539956964893,2.3603269230527433
3,0.7000000000000001,9.409196262771218,1.3724817390073696
4,0.9000000000000001,6.431901720262583,0.20466094064654222
