,discretized_reward_proportion,interconnectivity_strength_mean,interconnectivity_strength_err
0,0.1,19.604474835175544,0.571394700086072
1,0.30000000000000004,17.349362949698904,0.9449650420892276
2,0.5000000000000001,21.555064141778725,1.5176567380493233
3,0.7000000000000001,11.234296253252715,1.6750155353848435
4,0.9000000000000001,9.727736923601546,1.0709566325290372
