,discretized_reward_proportion,interconnectivity_strength_mean,interconnectivity_strength_err
0,0.1,3.3431974671522555,1.1648737810086578
1,0.30000000000000004,7.510526690150016,1.0413201799402951
2,0.5000000000000001,20.632770013851378,2.858499743625605
3,0.7000000000000001,12.822924957286363,1.316385178985801
4,0.9000000000000001,11.346994780027506,1.0399444644919864
