,discretized_reward_proportion,interconnectivity_strength_mean,interconnectivity_strength_err
0,0.1,15.237909865264596,2.630773523083692
1,0.30000000000000004,14.59551475497676,2.3952208829626596
2,0.5000000000000001,7.220435164747313,1.9919920775030497
3,0.7000000000000001,3.431818303380029,0.6047671334713834
4,0.9000000000000001,3.349097774892661,0.7555370819655395
