,discretized_reward_proportion,interconnectivity_strength_mean,interconnectivity_strength_err
0,0.1,0.013333333333333334,0.009365025558091326
1,0.30000000000000004,0.038461538461538464,0.018857320686363848
2,0.5000000000000001,110.9031804571638,22.7919562178074
3,0.7000000000000001,43.5938844179181,14.733795992464213
4,0.9000000000000001,30.336010086033777,17.166504632493538
