,discretized_reward_proportion,interconnectivity_strength_mean,interconnectivity_strength_err
0,0.1,12.551993714027644,1.5080616906436966
1,0.30000000000000004,14.38130651434245,0.8550476268629058
2,0.5000000000000001,16.301889422940008,1.119034477802893
3,0.7000000000000001,20.21254661673796,1.0700430204040772
4,0.9000000000000001,24.02499940899294,1.4175890951409806
