,discretized_reward_proportion,interconnectivity_strength_mean,interconnectivity_strength_err
0,0.1,11.67656610733016,2.183963614890135
1,0.30000000000000004,19.97236238484877,3.8245883708313135
2,0.5000000000000001,23.34421406977518,3.6495442088512045
3,0.7000000000000001,16.336183679115173,3.111508471954002
4,0.9000000000000001,7.741955646710398,2.357099337932899
