,discretized_reward_proportion,interconnectivity_strength_mean,interconnectivity_strength_err
0,0.1,3.088216082934436,0.5499354835603736
1,0.30000000000000004,6.268212668449013,0.915713936124638
2,0.5000000000000001,4.250578863106931,0.5575977699694872
3,0.7000000000000001,22.670645558487433,5.225710955198084
4,0.9000000000000001,32.12145868946105,6.497338137075872
