,discretized_reward_proportion,interconnectivity_strength_mean,interconnectivity_strength_err
0,0.1,34.098334896031695,1.9320493855848968
1,0.30000000000000004,34.81309553832645,3.0335243217076076
2,0.5000000000000001,20.836962814203506,1.840455702480475
3,0.7000000000000001,21.74777252752544,1.1262985303866595
4,0.9000000000000001,18.35514863271735,1.2341822398836133
