,discretized_reward_proportion,interconnectivity_strength_mean,interconnectivity_strength_err
0,0.1,23.176469074127528,1.2928631310930618
1,0.30000000000000004,21.767131466062132,2.7582126384040304
2,0.5000000000000001,11.137509873742117,1.4809934301697496
3,0.7000000000000001,10.851090834645127,0.6009679645429374
4,0.9000000000000001,15.026108111301122,1.4334149684590123
