,discretized_reward_proportion,interconnectivity_strength_mean,interconnectivity_strength_err
0,0.1,189.34880729100377,38.66669841322704
1,0.30000000000000004,135.0666823879223,25.106964044795795
2,0.5000000000000001,75.89506911260119,16.44560423470789
3,0.7000000000000001,14.905001333948219,3.5124019292061783
4,0.9000000000000001,14.055434173144109,4.556947600725146
