,discretized_reward_proportion,interconnectivity_strength_mean,interconnectivity_strength_err
0,0.1,45.1304614585938,6.493938191825121
1,0.30000000000000004,63.369860304133915,10.869234935247595
2,0.5000000000000001,51.99650495135619,8.430375112168765
3,0.7000000000000001,27.788173050896237,2.9402129688816054
4,0.9000000000000001,13.677853846450567,1.5158880229123417
