,discretized_reward_proportion,interconnectivity_strength_mean,interconnectivity_strength_err
0,0.1,8.178565065290163,0.5638806422122087
1,0.30000000000000004,9.371763369774992,0.9971268497499247
2,0.5000000000000001,7.808706587021106,1.0114793111347324
3,0.7000000000000001,6.859478227061413,0.22047403088725737
4,0.9000000000000001,7.879899245747376,0.4368928665904948
