,discretized_reward_proportion,interconnectivity_strength_mean,interconnectivity_strength_err
0,0.1,7.397823233572649,0.5581102036324005
1,0.30000000000000004,9.678266121112891,0.5779963214071275
2,0.5000000000000001,14.733312666585473,1.7540041680335918
3,0.7000000000000001,12.734918924608145,1.3687421137365512
4,0.9000000000000001,12.601163715902741,1.260786383930005
