,discretized_reward_proportion,interconnectivity_strength_mean,interconnectivity_strength_err
0,0.1,9.792632235031094,0.11810570700338793
1,0.30000000000000004,8.998411562914011,0.2743605999474735
2,0.5000000000000001,8.990865909867019,0.33166052502294807
3,0.7000000000000001,7.9047366983884375,0.3155286718431877
4,0.9000000000000001,6.325934993368841,0.24933058170896277
