,discretized_reward_proportion,interconnectivity_strength_mean,interconnectivity_strength_err
0,0.1,3.174636376203748,0.09391952630431759
1,0.30000000000000004,4.552745324838374,0.3245721114138621
2,0.5000000000000001,7.725433260963553,0.6662850142883409
3,0.7000000000000001,5.762855412997446,0.17152111510674029
4,0.9000000000000001,5.811191696515018,0.14187668614688193
