,discretized_reward_proportion,interconnectivity_strength_mean,interconnectivity_strength_err
0,0.1,59.77180176535971,9.597506717802716
1,0.30000000000000004,32.735835806235464,6.808782692968695
2,0.5000000000000001,29.48504439151478,5.545872517230683
3,0.7000000000000001,23.872120046337237,2.71846853177649
4,0.9000000000000001,20.321284265621934,2.6982557494887165
