,discretized_reward_proportion,interconnectivity_strength_mean,interconnectivity_strength_err
0,0.1,11.079290286834834,0.6867726094206908
1,0.30000000000000004,8.876839489724027,1.1000813978372859
2,0.5000000000000001,8.154069928615828,1.1361433960440581
3,0.7000000000000001,5.3365220814819505,0.2951997757870715
4,0.9000000000000001,6.797321757763951,0.605136678315779
