,discretized_reward_proportion,interconnectivity_strength_mean,interconnectivity_strength_err
0,0.1,9.125632215022467,2.6537518226873487
1,0.30000000000000004,49.25105969751956,15.817380566916196
2,0.5000000000000001,104.353333316907,32.59762618212912
3,0.7000000000000001,38.18950994500894,11.089574253320922
4,0.9000000000000001,74.1178766795511,20.93814455311507
