,discretized_reward_proportion,interconnectivity_strength_mean,interconnectivity_strength_err
0,0.1,2.1694192887030326,0.19599041835023412
1,0.30000000000000004,9.232704302653294,2.387765213268516
2,0.5000000000000001,11.057792917297387,1.93327768169334
3,0.7000000000000001,8.320666427673757,0.8391140418136366
4,0.9000000000000001,5.502046306946962,0.6773201959972528
