,discretized_reward_proportion,interconnectivity_strength_mean,interconnectivity_strength_err
0,0.1,13.117022559964415,0.6987842230471852
1,0.30000000000000004,13.464514469080935,0.715309010987156
2,0.5000000000000001,15.666857580742299,1.5311005592880924
3,0.7000000000000001,12.386373347281307,0.5087415872129046
4,0.9000000000000001,12.403607867976271,0.7319806569846643
