,discretized_reward_proportion,interconnectivity_strength_mean,interconnectivity_strength_err
0,0.1,15.783134834200572,0.4167951124412896
1,0.30000000000000004,20.71086461208981,1.2149207521825753
2,0.5000000000000001,21.0219866877923,0.9763591379990311
3,0.7000000000000001,14.025119835171823,1.3580767302019017
4,0.9000000000000001,11.909099379926706,0.6625286865887698
