,discretized_reward_proportion,interconnectivity_strength_mean,interconnectivity_strength_err
0,0.1,6.762923916538953,1.601728530025158
1,0.30000000000000004,3.580867475449091,1.0744569672284332
2,0.5000000000000001,22.529947257992188,4.524577541084547
3,0.7000000000000001,14.836294422351097,3.788021417889506
4,0.9000000000000001,11.035791653535709,0.6230897626916609
