,discretized_reward_proportion,interconnectivity_strength_mean,interconnectivity_strength_err
0,0.1,5.670402144169821,0.6353515827014663
1,0.30000000000000004,13.644225828343092,3.833122926553325
2,0.5000000000000001,30.145589472509766,7.083054399865618
3,0.7000000000000001,6.492950993011339,1.7967145314150021
4,0.9000000000000001,23.691602837290247,3.4469872048440444
