,discretized_reward_proportion,interconnectivity_strength_mean,interconnectivity_strength_err
0,0.1,8.744372158635592,0.36789465479080796
1,0.30000000000000004,8.195608879841345,0.42500250549775304
2,0.5000000000000001,8.686808722296526,0.43684183087584083
3,0.7000000000000001,6.060675379945894,0.1480216342197007
4,0.9000000000000001,5.6176597599017875,0.12597529337452304
