,discretized_reward_proportion,interconnectivity_strength_mean,interconnectivity_strength_err
0,0.1,9.94243724585819,1.6679959216613227
1,0.30000000000000004,5.206488254619743,0.7392545925931318
2,0.5000000000000001,4.319126002848377,0.7932054790866769
3,0.7000000000000001,7.740711951284477,2.371600925400131
4,0.9000000000000001,55.85223926937052,10.472492896926948
