,discretized_reward_proportion,interconnectivity_strength_mean,interconnectivity_strength_err
0,0.1,0.16666666666666666,0.03042903097250923
1,0.30000000000000004,0.8087861046985011,0.3254659604111149
2,0.5000000000000001,5.767294664204761,1.584303774737489
3,0.7000000000000001,7.273443541995739,2.094611366853027
4,0.9000000000000001,8.189720446012695,2.0887139929645464
