,discretized_reward_proportion,interconnectivity_strength_mean,interconnectivity_strength_err
0,0.1,34.25927775611369,2.9378641395718974
1,0.30000000000000004,33.0488180886351,2.2878341411596472
2,0.5000000000000001,27.486404358371914,1.6444636861071518
3,0.7000000000000001,12.770833000686874,0.8702562559297283
4,0.9000000000000001,10.27365968642489,0.4470846512959237
