,discretized_reward_proportion,interconnectivity_strength_mean,interconnectivity_strength_err
0,0.1,6.0611440497939,0.37893634531608383
1,0.30000000000000004,9.866097988390992,1.49643686609354
2,0.5000000000000001,10.525147103315165,0.8605623695808565
3,0.7000000000000001,10.95694567851568,0.6989977662409402
4,0.9000000000000001,7.726083323423425,0.39722820924660907
