,discretized_reward_proportion,interconnectivity_strength_mean,interconnectivity_strength_err
0,0.1,14.381288159273938,1.1773642568257492
1,0.30000000000000004,13.871742598742644,0.9180007269531949
2,0.5000000000000001,12.046121529615634,0.9807592336209826
3,0.7000000000000001,9.77493867654834,0.33162039466907384
4,0.9000000000000001,10.299856948991719,0.4419531689493681
