,discretized_reward_proportion,interconnectivity_strength_mean,interconnectivity_strength_err
0,0.1,10.66331581061018,1.3164990219085808
1,0.30000000000000004,7.2233979899241545,0.2536357932302453
2,0.5000000000000001,6.152747991346123,0.32825525790295484
3,0.7000000000000001,6.290196421704291,0.2565947904361103
4,0.9000000000000001,7.06668454677382,0.23795519569927057
