,discretized_reward_proportion,interconnectivity_strength_mean,interconnectivity_strength_err
0,0.1,5.888889999062567,4.609289694416313
1,0.30000000000000004,30.14515171845054,11.667035652631787
2,0.5000000000000001,16.97347145486279,4.681996864756123
3,0.7000000000000001,23.55039114581122,3.335253567204018
4,0.9000000000000001,21.54231884444061,2.3306391848772785
