,discretized_reward_proportion,interconnectivity_strength_mean,interconnectivity_strength_err
0,0.1,8.05082116734145,1.7205437107717818
1,0.30000000000000004,12.328244322947612,3.4582216207301077
2,0.5000000000000001,7.960883274960612,6.778078362527876
3,0.7000000000000001,22.5247028106198,12.970602005851536
4,0.9000000000000001,37.93885063872194,5.6360913195434525
