,discretized_reward_proportion,interconnectivity_strength_mean,interconnectivity_strength_err
0,0.1,59.710047239844,18.317820508516153
1,0.30000000000000004,87.27911541460989,25.713568136802458
2,0.5000000000000001,56.85824894061902,26.877714590473445
3,0.7000000000000001,53.80890338950123,13.297918522650729
4,0.9000000000000001,36.66402502328318,8.99623369188316
