,discretized_reward_proportion,interconnectivity_strength_mean,interconnectivity_strength_err
0,0.1,9.715665288539475,0.147147584066494
1,0.30000000000000004,8.681924160175793,0.3286218532965428
2,0.5000000000000001,9.21554494594528,0.5925495968439559
3,0.7000000000000001,7.4007088268080095,0.3001068012209201
4,0.9000000000000001,5.144824582260164,0.25744162995871744
