,discretized_reward_proportion,interconnectivity_strength_mean,interconnectivity_strength_err
0,0.1,6.840308141450552,0.27102337274187027
1,0.30000000000000004,7.6376993332868315,0.3456118513894438
2,0.5000000000000001,6.211772061415862,0.25888064138388894
3,0.7000000000000001,5.475703947206816,0.10562999715227353
4,0.9000000000000001,5.850256140347814,0.14555558863461843
