,discretized_reward_proportion,interconnectivity_strength_mean,interconnectivity_strength_err
0,0.1,52.22324217730486,5.414712613314202
1,0.30000000000000004,81.84049682662557,14.524534198905172
2,0.5000000000000001,38.49466669616954,7.688493794488581
3,0.7000000000000001,25.103371902166174,5.266968284176983
4,0.9000000000000001,39.437067220705046,6.434541430310315
