,discretized_reward_proportion,interconnectivity_strength_mean,interconnectivity_strength_err
0,0.1,12.515269425720254,1.2128329077234516
1,0.30000000000000004,16.818149175127825,1.762069674881658
2,0.5000000000000001,17.06080818675684,1.341675936767939
3,0.7000000000000001,8.602682321412901,2.186144808726123
4,0.9000000000000001,7.297839789244112,0.9966411678222588
