,discretized_reward_proportion,interconnectivity_strength_mean,interconnectivity_strength_err
0,0.1,44.475260589662106,2.9934120968060363
1,0.30000000000000004,39.49173726150722,3.4095754966154455
2,0.5000000000000001,39.88941034042056,5.85737894335325
3,0.7000000000000001,21.170180041032385,3.7638250624031953
4,0.9000000000000001,32.56039607646398,7.766199227338776
