,discretized_reward_proportion,interconnectivity_strength_mean,interconnectivity_strength_err
0,0.1,65.44596793887767,10.30485942215039
1,0.30000000000000004,63.57228479073259,8.605027246860212
2,0.5000000000000001,34.188516591773514,6.703576208799341
3,0.7000000000000001,54.21901272696113,15.201895437234986
4,0.9000000000000001,159.71817906446017,44.19135789889658
