,discretized_reward_proportion,interconnectivity_strength_mean,interconnectivity_strength_err
0,0.1,10.257098924472098,0.5605970876820279
1,0.30000000000000004,7.573792607010325,0.6968545152839771
2,0.5000000000000001,5.836076069418293,0.40718411514209046
3,0.7000000000000001,4.35427642924002,0.14606701472907752
4,0.9000000000000001,3.9344197109252423,0.08092766245289948
