,discretized_reward_proportion,interconnectivity_strength_mean,interconnectivity_strength_err
0,0.1,61.493880014386676,8.600310006977592
1,0.30000000000000004,41.44174753704743,4.911296981131293
2,0.5000000000000001,22.103479679230222,5.623221009154858
3,0.7000000000000001,0.07407407407407407,0.03563890550553245
4,0.9000000000000001,0.030303030303030304,0.02984036144953521
