,discretized_reward_proportion,interconnectivity_strength_mean,interconnectivity_strength_err
0,0.1,19.17563996763129,6.048753483676036
1,0.30000000000000004,7.713784815948039,1.9680264523401976
2,0.5000000000000001,49.009858581986364,18.020504692439584
3,0.7000000000000001,31.528219193771296,7.3132747081584
4,0.9000000000000001,46.65558455573517,6.397942023983094
