,discretized_reward_proportion,interconnectivity_strength_mean,interconnectivity_strength_err
0,0.1,11.15242468261044,0.5749658367168737
1,0.30000000000000004,7.7266746537148405,0.2902881284491836
2,0.5000000000000001,5.852596648362831,0.2912209566224292
3,0.7000000000000001,5.204942090806621,0.21683268361697353
4,0.9000000000000001,5.06282399600958,0.1505721394981093
