,discretized_reward_proportion,interconnectivity_strength_mean,interconnectivity_strength_err
0,0.1,14.391154197275116,1.6990480427073191
1,0.30000000000000004,15.980991976996474,1.9642153709582366
2,0.5000000000000001,11.797897298583933,1.7418822909433513
3,0.7000000000000001,11.184093382920777,1.123258353478841
4,0.9000000000000001,15.864584347771308,1.8045703330442378
