,discretized_reward_proportion,interconnectivity_strength_mean,interconnectivity_strength_err
0,0.1,92.09365659659605,17.10438691704312
1,0.30000000000000004,25.275289417950084,9.647099556953092
2,0.5000000000000001,0.29508196721311475,0.05839500874678362
3,0.7000000000000001,0.32142857142857145,0.08825940761227648
4,0.9000000000000001,0.045454545454545456,0.044409473678108845
