,discretized_reward_proportion,interconnectivity_strength_mean,interconnectivity_strength_err
0,0.1,29.53299543565064,6.412682776014863
1,0.30000000000000004,96.62359330176601,13.736693953615458
2,0.5000000000000001,49.947746706827125,10.192464921795475
3,0.7000000000000001,28.35213682208186,3.3523569361851053
4,0.9000000000000001,16.35729943078028,2.8884060429469343
