,discretized_reward_proportion,interconnectivity_strength_mean,interconnectivity_strength_err
0,0.1,18.582599835548525,1.0181330199898693
1,0.30000000000000004,21.284285994542998,2.631781988486382
2,0.5000000000000001,31.146971035700602,3.8693386348917853
3,0.7000000000000001,29.661405234125315,3.4625181362848676
4,0.9000000000000001,24.36815083736461,1.2612688702738482
