,discretized_reward_proportion,interconnectivity_strength_mean,interconnectivity_strength_err
0,0.1,37.22943332163142,6.857620294037966
1,0.30000000000000004,12.032934742246589,1.51917937254248
2,0.5000000000000001,25.729708795923244,4.7858456683982755
3,0.7000000000000001,13.362690186657709,1.9910033723586857
4,0.9000000000000001,9.112495981045345,0.35538215156399183
