,discretized_reward_proportion,interconnectivity_strength_mean,interconnectivity_strength_err
0,0.1,0.0,0.0
1,0.30000000000000004,0.0,0.0
2,0.5000000000000001,0.23636363636363636,0.05728649972147095
3,0.7000000000000001,11.08501275615423,3.314628253467639
4,0.9000000000000001,23.49574793706165,3.6989632257780904
