,discretized_reward_proportion,interconnectivity_strength_mean,interconnectivity_strength_err
0,0.1,14.349859374258598,2.29030173732323
1,0.30000000000000004,7.565946763227956,1.6372088878890023
2,0.5000000000000001,2.7745368727232385,0.9505045935999517
3,0.7000000000000001,4.482865306245992,0.7220432910753279
4,0.9000000000000001,3.5167849049373787,0.7427310106862742
