,discretized_reward_proportion,interconnectivity_strength_mean,interconnectivity_strength_err
0,0.1,11.295954996343848,1.268947853019124
1,0.30000000000000004,15.410903071666157,2.051269518645666
2,0.5000000000000001,13.161887239319126,0.9365673826781964
3,0.7000000000000001,12.419268686811657,0.5168146004574812
4,0.9000000000000001,11.832490218843759,0.5551445580577373
