,discretized_reward_proportion,interconnectivity_strength_mean,interconnectivity_strength_err
0,0.1,5.420888697140976,0.1608028657852462
1,0.30000000000000004,8.00105650484907,0.669816829594055
2,0.5000000000000001,11.841475774108803,0.5443793485674561
3,0.7000000000000001,12.451137475369128,0.41026787923242125
4,0.9000000000000001,10.786950701239707,0.5066442990091249
