,discretized_reward_proportion,interconnectivity_strength_mean,interconnectivity_strength_err
0,0.1,10.977420755847024,0.17589041927976856
1,0.30000000000000004,8.300118635901992,0.36433090111157423
2,0.5000000000000001,7.156967513562694,0.3184498580383524
3,0.7000000000000001,6.379149970874673,0.3009423758389026
4,0.9000000000000001,5.570705958162824,0.2554281982120942
