,discretized_reward_proportion,interconnectivity_strength_mean,interconnectivity_strength_err
0,0.1,54.383062405743274,5.394817810740405
1,0.30000000000000004,31.636327412495355,3.4551740894146827
2,0.5000000000000001,23.9893991189853,1.2739183151352815
3,0.7000000000000001,17.969951413778812,1.2423933216812448
4,0.9000000000000001,19.170732902492247,1.3905615564694283
