,discretized_reward_proportion,interconnectivity_strength_mean,interconnectivity_strength_err
0,0.1,111.65140022398923,9.079762775153679
1,0.30000000000000004,72.50783457407992,15.090466440248772
2,0.5000000000000001,30.72710525247561,6.08103438872422
3,0.7000000000000001,85.94072814467368,13.300768220809132
4,0.9000000000000001,52.31497053258573,8.081950304511627
