,discretized_reward_proportion,interconnectivity_strength_mean,interconnectivity_strength_err
0,0.1,21.69964274967029,5.3297791682976285
1,0.30000000000000004,18.53305172973628,4.042741574612921
2,0.5000000000000001,33.91590393440811,6.985357035992371
3,0.7000000000000001,10.917534744142662,3.612557455853337
4,0.9000000000000001,60.925380551305025,9.859323074320605
