,discretized_reward_proportion,interconnectivity_strength_mean,interconnectivity_strength_err
0,0.1,6.088187349252463,0.7593675554549888
1,0.30000000000000004,14.99787553973257,2.366609812665461
2,0.5000000000000001,25.01852685076523,2.495055677075804
3,0.7000000000000001,27.11303723331874,2.6540961996344583
4,0.9000000000000001,33.8693734729876,4.566902591536484
