,discretized_reward_proportion,interconnectivity_strength_mean,interconnectivity_strength_err
0,0.1,22.330603466797946,0.6656705359114911
1,0.30000000000000004,18.228807265510337,1.0529932227626282
2,0.5000000000000001,14.747679929299656,0.9053702824837297
3,0.7000000000000001,18.36702415221418,1.9546274492089213
4,0.9000000000000001,14.596148944813097,1.0186548834236013
