,discretized_reward_proportion,interconnectivity_strength_mean,interconnectivity_strength_err
0,0.1,326.36466870525487,39.057581088240305
1,0.30000000000000004,135.8619837522534,22.08918205927773
2,0.5000000000000001,56.18804533988128,5.516989977541124
3,0.7000000000000001,47.87785065281838,5.8974118489478995
4,0.9000000000000001,31.686820814273602,5.36158968228466
