,discretized_reward_proportion,interconnectivity_strength_mean,interconnectivity_strength_err
0,0.1,11.18825823564855,4.071139110513537
1,0.30000000000000004,11.772360098842181,2.674654161227787
2,0.5000000000000001,47.32240295826451,12.229546322569965
3,0.7000000000000001,92.23575873125318,17.556708126969824
4,0.9000000000000001,72.52412633563232,13.815659837529642
