,discretized_reward_proportion,interconnectivity_strength_mean,interconnectivity_strength_err
0,0.1,14.354168206710312,0.3960567632040179
1,0.30000000000000004,12.095520679853681,0.5419771504600684
2,0.5000000000000001,9.858811142615814,0.4822152964180036
3,0.7000000000000001,7.659164786597486,0.4912087475643905
4,0.9000000000000001,7.635113208160799,0.34971249390580994
