,discretized_reward_proportion,interconnectivity_strength_mean,interconnectivity_strength_err
0,0.1,11.756933024853097,1.8113706963514968
1,0.30000000000000004,11.506949604565534,2.170625608023589
2,0.5000000000000001,13.133026401156032,1.321180834688978
3,0.7000000000000001,29.68300314594585,3.055168631618663
4,0.9000000000000001,28.319653503682627,2.789138341721616
