,discretized_reward_proportion,interconnectivity_strength_mean,interconnectivity_strength_err
0,0.1,0.25862068965517243,0.033195349049093055
1,0.30000000000000004,0.28125,0.056201150663820934
2,0.5000000000000001,0.06557377049180328,0.03169368016727884
3,0.7000000000000001,0.0,0.0
4,0.9000000000000001,0.0,0.0
