,discretized_reward_proportion,interconnectivity_strength_mean,interconnectivity_strength_err
0,0.1,2.5969475351092566,0.07746993505394396
1,0.30000000000000004,3.4998850833638833,0.3102228941766717
2,0.5000000000000001,4.390037860066127,0.13564916506853184
3,0.7000000000000001,4.485835167049602,0.09013870137698894
4,0.9000000000000001,4.159747086502161,0.0807573028234292
