,discretized_reward_proportion,interconnectivity_strength_mean,interconnectivity_strength_err
0,0.1,7.3672045597362645,0.47356283953893574
1,0.30000000000000004,5.087837035030334,0.47769252511099863
2,0.5000000000000001,6.7811910667965165,0.956968226627105
3,0.7000000000000001,3.1661230381343,0.7239280754648889
4,0.9000000000000001,3.0026112835798893,0.6758120675011782
