,discretized_reward_proportion,interconnectivity_strength_mean,interconnectivity_strength_err
0,0.1,64.92045234050964,11.703581846552577
1,0.30000000000000004,70.05725486097184,8.892227093677322
2,0.5000000000000001,4.316068785009325,2.8986268319092465
3,0.7000000000000001,1.9290699793858217,1.216760932054563
4,0.9000000000000001,1.2029629821628762,0.7575187304699345
