,discretized_reward_proportion,interconnectivity_strength_mean,interconnectivity_strength_err
0,0.1,0.08196721311475409,0.03512240634819573
1,0.30000000000000004,0.1346153846153846,0.047331499277444254
2,0.5000000000000001,0.0975609756097561,0.04633989790398679
3,0.7000000000000001,0.2,0.04103913408340617
4,0.9000000000000001,0.4036697247706422,0.04699409274552116
