,discretized_reward_proportion,interconnectivity_strength_mean,interconnectivity_strength_err
0,0.1,23.71433136283363,5.995889112647246
1,0.30000000000000004,38.45138221761343,6.157747577604558
2,0.5000000000000001,52.238804940248556,6.633617065411993
3,0.7000000000000001,50.10311027017245,3.9728771692403497
4,0.9000000000000001,47.71092853845547,2.691800328700176
