,discretized_reward_proportion,interconnectivity_strength_mean,interconnectivity_strength_err
0,0.1,17.60009378766429,1.1891125547207728
1,0.30000000000000004,15.868709394938117,1.5546943351442022
2,0.5000000000000001,12.72625539718137,1.2761509333172547
3,0.7000000000000001,26.621656102901287,5.052805782889907
4,0.9000000000000001,11.104630822159798,2.1741992351349158
