,discretized_reward_proportion,interconnectivity_strength_mean,interconnectivity_strength_err
0,0.1,4.493952356319396,0.21165381781733356
1,0.30000000000000004,4.358103163503779,0.14433422753134295
2,0.5000000000000001,8.774504606323545,1.48433008438803
3,0.7000000000000001,8.346582373368216,0.8039926520240386
4,0.9000000000000001,8.686398463139923,0.9097502732436261
