,discretized_reward_proportion,interconnectivity_strength_mean,interconnectivity_strength_err
0,0.1,37.78384029198269,3.2314508916108244
1,0.30000000000000004,29.112280242979526,3.0637699520310577
2,0.5000000000000001,16.436127990342893,2.7731906647896754
3,0.7000000000000001,13.769393137688109,1.8143009560472574
4,0.9000000000000001,15.92032129751581,1.5197276793188423
