,discretized_reward_proportion,interconnectivity_strength_mean,interconnectivity_strength_err
0,0.1,29.272755532420778,3.043723471440284
1,0.30000000000000004,18.402461408599017,2.521209180421797
2,0.5000000000000001,17.677947589473483,3.219556148777657
3,0.7000000000000001,28.00800665670403,3.0368426837508533
4,0.9000000000000001,33.14120121259128,3.7879682036859728
