,discretized_reward_proportion,interconnectivity_strength_mean,interconnectivity_strength_err
0,0.1,79.0868129457118,11.094695986995932
1,0.30000000000000004,53.483448568232994,10.248674915823846
2,0.5000000000000001,19.539043128638653,7.218076268410493
3,0.7000000000000001,18.87584977481764,3.5669526605901716
4,0.9000000000000001,76.8768644736177,11.900499794100483
