,discretized_reward_proportion,interconnectivity_strength_mean,interconnectivity_strength_err
0,0.1,8.54535130394804,0.32265878976406914
1,0.30000000000000004,8.290552576804439,0.33347425862306107
2,0.5000000000000001,11.584764986142101,0.7181026720925487
3,0.7000000000000001,11.576949230632094,1.374475202678556
4,0.9000000000000001,17.53144275964801,2.1649927936499496
