,discretized_reward_proportion,interconnectivity_strength_mean,interconnectivity_strength_err
0,0.1,444.81007520175433,114.91353522460719
1,0.30000000000000004,18.074047017601124,2.4604528946046376
2,0.5000000000000001,24.478313896759175,3.0454200633275135
3,0.7000000000000001,11.690137692396151,1.9192328439725865
4,0.9000000000000001,8.311003235070384,1.2431806459430845
