,discretized_reward_proportion,interconnectivity_strength_mean,interconnectivity_strength_err
0,0.1,43.3767551779138,5.588060027597811
1,0.30000000000000004,54.884957167676724,8.846180520110915
2,0.5000000000000001,29.653879707655502,7.364462392775544
3,0.7000000000000001,26.796991198481006,10.91947145179925
4,0.9000000000000001,15.315807751757847,10.331638025314636
