,discretized_reward_proportion,interconnectivity_strength_mean,interconnectivity_strength_err
0,0.1,28.53788678628895,4.134331397306054
1,0.30000000000000004,58.48567153150517,8.593404340743529
2,0.5000000000000001,122.73057693892913,11.808724394524198
3,0.7000000000000001,34.80200262563682,15.73184858730474
4,0.9000000000000001,0.9305476082572074,0.3591217442341144
