,discretized_reward_proportion,interconnectivity_strength_mean,interconnectivity_strength_err
0,0.1,26.391937007577614,3.3881176334526573
1,0.30000000000000004,42.17336311823455,8.828543700337162
2,0.5000000000000001,64.82816218897221,10.668962867251048
3,0.7000000000000001,7.85646686031409,3.6699755582809552
4,0.9000000000000001,14.384677732064736,4.504240497381219
