,discretized_reward_proportion,interconnectivity_strength_mean,interconnectivity_strength_err
0,0.1,8.860205398238568,0.1241746955739936
1,0.30000000000000004,6.5376556821957434,0.24856561778853217
2,0.5000000000000001,5.264852048777243,0.12998618707686968
3,0.7000000000000001,4.652465890677088,0.11793685988636915
4,0.9000000000000001,4.002666194979909,0.10643018350251718
