,discretized_reward_proportion,interconnectivity_strength_mean,interconnectivity_strength_err
0,0.1,7.397968826178082,0.3986343121481967
1,0.30000000000000004,9.11810624180678,0.5211392367765703
2,0.5000000000000001,7.7431055926593775,0.5730858107796809
3,0.7000000000000001,11.063938047692428,0.4204720488285466
4,0.9000000000000001,9.40132493860547,0.3825640547970787
