,discretized_reward_proportion,interconnectivity_strength_mean,interconnectivity_strength_err
0,0.1,44.74542923209017,7.830843789913533
1,0.30000000000000004,20.830911477808748,2.0939842339475914
2,0.5000000000000001,22.955202970786836,4.988045543658737
3,0.7000000000000001,16.58650162730383,5.5107154809638725
4,0.9000000000000001,4.922379182528127,1.4275059357380675
