,discretized_reward_proportion,interconnectivity_strength_mean,interconnectivity_strength_err
0,0.1,14.303359403004498,1.5391326939241612
1,0.30000000000000004,23.26764036925963,3.167971874632593
2,0.5000000000000001,10.6662350199808,1.2693456914889525
3,0.7000000000000001,9.954407386808247,1.1555374317970513
4,0.9000000000000001,9.6162554984604,1.0210588970785093
