,discretized_reward_proportion,interconnectivity_strength_mean,interconnectivity_strength_err
0,0.1,22.062063418362747,4.852631975322706
1,0.30000000000000004,17.714882254583145,1.8978391416748237
2,0.5000000000000001,10.405447132867206,1.707680182261629
3,0.7000000000000001,7.659810121174126,0.7914233873510235
4,0.9000000000000001,5.768071751560781,0.2627345802164816
