,discretized_reward_proportion,interconnectivity_strength_mean,interconnectivity_strength_err
0,0.1,22.10677246614549,5.086745371454095
1,0.30000000000000004,33.04783139588787,4.601323192637622
2,0.5000000000000001,24.414697657191564,2.1731187952392244
3,0.7000000000000001,30.825835707644913,1.7968259119190049
4,0.9000000000000001,32.51893528035185,1.7746078964755299
