,discretized_reward_proportion,interconnectivity_strength_mean,interconnectivity_strength_err
0,0.1,10.540460911867106,0.37746781083783365
1,0.30000000000000004,8.976851528196462,0.4240043145513575
2,0.5000000000000001,7.384249077864646,0.27385530176643885
3,0.7000000000000001,7.785739247839131,0.4693381401907464
4,0.9000000000000001,7.413280275917111,0.2112057037951982
