,discretized_reward_proportion,interconnectivity_strength_mean,interconnectivity_strength_err
0,0.1,84.5333957862422,14.705374010380572
1,0.30000000000000004,62.53377557995123,15.149523969224473
2,0.5000000000000001,41.08485046042222,13.05857147458857
3,0.7000000000000001,15.962416669633983,0.7533029626345368
4,0.9000000000000001,10.577557821123078,0.8969403673692651
