,discretized_reward_proportion,interconnectivity_strength_mean,interconnectivity_strength_err
0,0.1,22.174277699280353,3.0404830785686263
1,0.30000000000000004,50.722323271427115,14.401552040604246
2,0.5000000000000001,88.02959728897517,19.54414913321605
3,0.7000000000000001,5.77873520298648,1.4829932119739642
4,0.9000000000000001,29.683702280893208,6.883810270664295
