,discretized_reward_proportion,interconnectivity_strength_mean,interconnectivity_strength_err
0,0.1,135.30415784060318,33.89014428090491
1,0.30000000000000004,19.7979988187321,11.040162452563411
2,0.5000000000000001,249.2115590409308,96.40392806746964
3,0.7000000000000001,467.8668213986256,108.90289043702826
4,0.9000000000000001,194.3308301845976,64.56234234930218
