,discretized_reward_proportion,interconnectivity_strength_mean,interconnectivity_strength_err
0,0.1,8.517220682282785,0.5417020794907896
1,0.30000000000000004,8.66199730239408,0.31899183708402956
2,0.5000000000000001,9.370081963242319,0.3209875649857152
3,0.7000000000000001,8.759559947617861,0.2669983568318679
4,0.9000000000000001,6.617081325198959,0.2422684881891952
