,discretized_reward_proportion,interconnectivity_strength_mean,interconnectivity_strength_err
0,0.1,15.386907822077298,0.5570889898338206
1,0.30000000000000004,11.792789447704962,1.3123428500226928
2,0.5000000000000001,10.445839253412982,1.2072520889592417
3,0.7000000000000001,17.33915925326901,2.19129028977927
4,0.9000000000000001,10.67519221367074,1.4152961491817007
