,discretized_reward_proportion,interconnectivity_strength_mean,interconnectivity_strength_err
0,0.1,32.43783970624857,8.334840590743696
1,0.30000000000000004,37.51505069330617,8.366441561217835
2,0.5000000000000001,21.19462146793621,5.862610882576009
3,0.7000000000000001,35.70091760172733,11.138566116884112
4,0.9000000000000001,64.43491233452954,38.47368081430388
