,discretized_reward_proportion,interconnectivity_strength_mean,interconnectivity_strength_err
0,0.1,16.876550888888517,1.8910509362396597
1,0.30000000000000004,11.327290824528724,0.943032342402676
2,0.5000000000000001,8.496966960580421,0.2777940295683848
3,0.7000000000000001,8.364091583976544,0.25282553735982083
4,0.9000000000000001,7.628775059419198,0.25523626490037893
