,discretized_reward_proportion,interconnectivity_strength_mean,interconnectivity_strength_err
0,0.1,9.474997890523351,0.7088559144366405
1,0.30000000000000004,8.992103585938562,1.0383579955931321
2,0.5000000000000001,9.992412185159251,0.9902759509810716
3,0.7000000000000001,7.770928844790699,0.49748759153746863
4,0.9000000000000001,7.631138043154695,0.3924011624316594
