,discretized_reward_proportion,interconnectivity_strength_mean,interconnectivity_strength_err
0,0.1,49.274284932991705,4.840285961096795
1,0.30000000000000004,35.051913365435475,3.911946759320897
2,0.5000000000000001,28.32596245989418,2.621497816768935
3,0.7000000000000001,29.811222257614737,3.4141027796602055
4,0.9000000000000001,36.061382244929916,5.770565252212231
