,discretized_reward_proportion,interconnectivity_strength_mean,interconnectivity_strength_err
0,0.1,22.896976422376476,1.5107367073286728
1,0.30000000000000004,20.15548898666153,2.283525266413455
2,0.5000000000000001,12.349742633799968,2.7071717840708973
3,0.7000000000000001,25.50650788263492,4.808045975991711
4,0.9000000000000001,23.739089575469833,4.2187459313665325
