,discretized_reward_proportion,interconnectivity_strength_mean,interconnectivity_strength_err
0,0.1,2.872776726407075,0.07865046281578887
1,0.30000000000000004,3.5236594978774867,0.2044206190397601
2,0.5000000000000001,4.026906941545567,0.1181312130680022
3,0.7000000000000001,4.346994942451383,0.07458539978880466
4,0.9000000000000001,4.076950180572452,0.07305908190955909
