,discretized_reward_proportion,interconnectivity_strength_mean,interconnectivity_strength_err
0,0.1,49.93873888297861,5.982721103014328
1,0.30000000000000004,44.98031985803642,7.030098960923839
2,0.5000000000000001,50.59851558256258,10.227386701913952
3,0.7000000000000001,84.40560256440035,10.721637397601045
4,0.9000000000000001,36.553695946290766,9.105359416266543
