,discretized_reward_proportion,interconnectivity_strength_mean,interconnectivity_strength_err
0,0.1,39.81086409462418,2.260183699013569
1,0.30000000000000004,25.990025339751053,3.0573520632560687
2,0.5000000000000001,13.101385444729972,2.2116781187686994
3,0.7000000000000001,19.20105827215137,3.3964197318381055
4,0.9000000000000001,21.661385402596462,3.1976025606118403
