,discretized_reward_proportion,interconnectivity_strength_mean,interconnectivity_strength_err
0,0.1,7.984099168710722,1.480766604600071
1,0.30000000000000004,5.737601610742198,1.5756904600323192
2,0.5000000000000001,2.615280666873064,1.122584556867452
3,0.7000000000000001,0.0,0.0
4,0.9000000000000001,0.0,0.0
