,discretized_reward_proportion,interconnectivity_strength_mean,interconnectivity_strength_err
0,0.1,63.59995077692984,25.61937172899302
1,0.30000000000000004,31.29292051583591,9.653494221238205
2,0.5000000000000001,14.694659072952238,4.935058911257332
3,0.7000000000000001,4.214526020573517,0.9322376945611562
4,0.9000000000000001,1.1155471801627435,0.2784768497283739
