,discretized_reward_proportion,interconnectivity_strength_mean,interconnectivity_strength_err
0,0.1,3.803571537431987,0.15430049538606816
1,0.30000000000000004,5.521089134426621,0.6972477452593929
2,0.5000000000000001,8.355006099112,0.5764273870416758
3,0.7000000000000001,8.757438891637038,0.41546935965118936
4,0.9000000000000001,8.229678955754695,0.8328680478185035
