,discretized_reward_proportion,interconnectivity_strength_mean,interconnectivity_strength_err
0,0.1,40.254113214215856,5.530748076056602
1,0.30000000000000004,42.42473761184718,5.541634350618112
2,0.5000000000000001,41.24991947127426,7.176867367669717
3,0.7000000000000001,80.6015770603326,15.998203281385116
4,0.9000000000000001,51.298047102653335,11.26481991814875
