,discretized_reward_proportion,interconnectivity_strength_mean,interconnectivity_strength_err
0,0.1,10.38864215973052,0.2874747271256884
1,0.30000000000000004,10.491162259697747,0.3182352343037047
2,0.5000000000000001,8.213539477984765,0.4426753059946924
3,0.7000000000000001,7.118984397595725,0.23229875166314035
4,0.9000000000000001,5.929209859621969,0.14390409254738476
