,discretized_reward_proportion,interconnectivity_strength_mean,interconnectivity_strength_err
0,0.1,49.07415679358007,3.387541310363334
1,0.30000000000000004,50.39884137640681,6.372409557275059
2,0.5000000000000001,50.991033494498495,5.336686999967037
3,0.7000000000000001,27.51477680834651,3.2136526097817604
4,0.9000000000000001,38.80966248017318,5.643299662101698
