,discretized_reward_proportion,interconnectivity_strength_mean,interconnectivity_strength_err
0,0.1,4.260731218834949,0.2006408721383674
1,0.30000000000000004,3.6331684819241983,0.16836700772799032
2,0.5000000000000001,3.3312719863575055,0.12176676984126845
3,0.7000000000000001,3.1543681507641197,0.057541921631528645
4,0.9000000000000001,3.036326444481462,0.03197508462012994
