,discretized_reward_proportion,interconnectivity_strength_mean,interconnectivity_strength_err
0,0.1,33.289879189095466,1.0631745230061616
1,0.30000000000000004,32.61277479806596,1.386199792985553
2,0.5000000000000001,30.916634432929843,6.322966297921742
3,0.7000000000000001,34.03032252738291,4.650472815765778
4,0.9000000000000001,52.202175791479455,4.0936741215083785
