,discretized_reward_proportion,interconnectivity_strength_mean,interconnectivity_strength_err
0,0.1,6.045032581532639,0.3820360391064825
1,0.30000000000000004,8.522620793189894,0.9067669825299219
2,0.5000000000000001,9.070336407955821,0.8388061387271792
3,0.7000000000000001,8.262176092568579,0.47407412868753435
4,0.9000000000000001,7.579423883701799,0.28778017828982305
