,discretized_reward_proportion,interconnectivity_strength_mean,interconnectivity_strength_err
0,0.1,27.876933849461498,2.2737270848147593
1,0.30000000000000004,28.70733463151763,2.1122899513377202
2,0.5000000000000001,28.712234542896645,2.15865794685291
3,0.7000000000000001,22.49673897863379,1.221586677956656
4,0.9000000000000001,19.89362163785003,1.5740258159538831
