,discretized_reward_proportion,interconnectivity_strength_mean,interconnectivity_strength_err
0,0.1,46.75747429973175,5.4566929285730765
1,0.30000000000000004,30.912501767155717,6.475623861315787
2,0.5000000000000001,19.325611741055447,3.6666031430002755
3,0.7000000000000001,11.493746266189875,3.564629902069644
4,0.9000000000000001,0.0,0.0
