,discretized_reward_proportion,interconnectivity_strength_mean,interconnectivity_strength_err
0,0.1,58.88517675774418,13.901867064381735
1,0.30000000000000004,49.74943819341221,10.411892620415435
2,0.5000000000000001,8.255564825165967,3.7320510039547723
3,0.7000000000000001,40.99097252861883,5.528205196171824
4,0.9000000000000001,124.81519253707474,31.975695481064932
