,discretized_reward_proportion,interconnectivity_strength_mean,interconnectivity_strength_err
0,0.1,21.260994796449978,2.3843338121249005
1,0.30000000000000004,17.767132405327427,1.745281187657438
2,0.5000000000000001,10.561930928132323,1.4510475048506382
3,0.7000000000000001,5.9225375432629415,0.4405404819618607
4,0.9000000000000001,7.15234048864856,0.4866812887555215
