,discretized_reward_proportion,interconnectivity_strength_mean,interconnectivity_strength_err
0,0.1,27.09398373968369,2.6741283725131324
1,0.30000000000000004,37.21051968955044,4.442884995889965
2,0.5000000000000001,21.934598781481164,2.410068691049946
3,0.7000000000000001,10.921590732814149,0.6292256815101341
4,0.9000000000000001,12.889230919018154,0.6989808887647175
