,discretized_reward_proportion,interconnectivity_strength_mean,interconnectivity_strength_err
0,0.1,18.442092087346026,1.4269884931733507
1,0.30000000000000004,22.57247725519119,2.452703663105678
2,0.5000000000000001,24.45774570031701,2.7654242958458735
3,0.7000000000000001,13.310155020121883,1.7011720979443339
4,0.9000000000000001,16.286518997953117,2.1995432356990183
