,discretized_reward_proportion,interconnectivity_strength_mean,interconnectivity_strength_err
0,0.1,15.151362092525915,2.3274832204533378
1,0.30000000000000004,16.57587957085795,3.002984663251332
2,0.5000000000000001,32.11864248299428,9.510704125009783
3,0.7000000000000001,50.29172880304497,13.84493005690987
4,0.9000000000000001,21.60761340328494,8.93484882765163
