,discretized_reward_proportion,interconnectivity_strength_mean,interconnectivity_strength_err
0,0.1,23.147804937659966,1.4246778876959896
1,0.30000000000000004,23.30153574917276,1.6451524672265647
2,0.5000000000000001,17.740705037969,1.8672940952610027
3,0.7000000000000001,15.66940992473512,1.4396657380767615
4,0.9000000000000001,16.423066276705327,0.9243242380876586
