,discretized_reward_proportion,interconnectivity_strength_mean,interconnectivity_strength_err
0,0.1,21.428010665832296,0.5522253491629849
1,0.30000000000000004,22.164188215801584,0.9110012969723573
2,0.5000000000000001,20.44413352494914,1.2053638857191404
3,0.7000000000000001,19.592928748277526,2.9712799383919024
4,0.9000000000000001,43.25170378386757,3.3755735409441034
