,discretized_reward_proportion,interconnectivity_strength_mean,interconnectivity_strength_err
0,0.1,33.77319250463633,5.905196323840993
1,0.30000000000000004,38.16928476080169,7.121119315764378
2,0.5000000000000001,24.56614260021752,5.234940985165448
3,0.7000000000000001,20.485858838655872,6.32833917081543
4,0.9000000000000001,31.574185850917676,8.652128116638835
