,discretized_reward_proportion,interconnectivity_strength_mean,interconnectivity_strength_err
0,0.1,3.551892384858891,0.6916894712934493
1,0.30000000000000004,7.284256979361649,1.3513222863853283
2,0.5000000000000001,29.379149548933675,7.775513164900873
3,0.7000000000000001,33.29787929124433,5.422358045786954
4,0.9000000000000001,36.396147884019136,5.463888372624479
