,discretized_reward_proportion,interconnectivity_strength_mean,interconnectivity_strength_err
0,0.1,9.80043889796212,2.392836728183422
1,0.30000000000000004,15.172871050928219,2.782528648114168
2,0.5000000000000001,8.045493542460287,0.7738820764738036
3,0.7000000000000001,6.559512271923078,0.9273378957206698
4,0.9000000000000001,1.53741922840978,1.1803563166238058
