,discretized_reward_proportion,interconnectivity_strength_mean,interconnectivity_strength_err
0,0.1,63.80489876137488,16.15823419517805
1,0.30000000000000004,157.68851177730113,26.17002893615752
2,0.5000000000000001,21.995216715620995,4.828242928668479
3,0.7000000000000001,22.785899005849462,4.992461128882332
4,0.9000000000000001,41.06979545635712,5.4857022264253406
