,discretized_reward_proportion,interconnectivity_strength_mean,interconnectivity_strength_err
0,0.1,12.71913222508953,1.4241455364589768
1,0.30000000000000004,15.102052826891537,1.2589823577459698
2,0.5000000000000001,13.753462787337392,0.8985706172425507
3,0.7000000000000001,12.423986553936166,0.7236025470310492
4,0.9000000000000001,14.691863723883275,1.1639626347545975
