,discretized_reward_proportion,interconnectivity_strength_mean,interconnectivity_strength_err
0,0.1,21.21984935274917,2.3144280312608534
1,0.30000000000000004,28.116767819690622,6.011119200947357
2,0.5000000000000001,12.422961223122542,3.4825288721397145
3,0.7000000000000001,11.530003394818927,4.2714862828114395
4,0.9000000000000001,17.15829109247737,5.669919035359513
