,discretized_reward_proportion,interconnectivity_strength_mean,interconnectivity_strength_err
0,0.1,42.572071293603265,2.4022585352006964
1,0.30000000000000004,41.26117621190684,5.22430947747213
2,0.5000000000000001,38.405848561283015,7.3200917463575585
3,0.7000000000000001,44.403799926293864,3.0270630822809137
4,0.9000000000000001,52.6672784597586,3.3766065584784886
