,discretized_reward_proportion,interconnectivity_strength_mean,interconnectivity_strength_err
0,0.1,76.79423069642115,10.017335802717579
1,0.30000000000000004,41.51380889205354,6.865481100404781
2,0.5000000000000001,11.690434568221479,2.749612629080823
3,0.7000000000000001,0.5243955140265686,0.3457194442697093
4,0.9000000000000001,0.0,0.0
