,discretized_reward_proportion,interconnectivity_strength_mean,interconnectivity_strength_err
0,0.1,3.2817487588392398,0.09406675713600325
1,0.30000000000000004,4.134740906912101,0.1968816643237205
2,0.5000000000000001,4.9903205897912475,0.24673244066345293
3,0.7000000000000001,5.115934849714122,0.13765494477169352
4,0.9000000000000001,4.834199864222463,0.10114030686874532
