,discretized_reward_proportion,interconnectivity_strength_mean,interconnectivity_strength_err
0,0.1,20.63404286628247,3.471249549530221
1,0.30000000000000004,24.23766102368561,3.882314065008505
2,0.5000000000000001,14.426391070213528,1.067624291880256
3,0.7000000000000001,17.87166309051528,0.9401526873063913
4,0.9000000000000001,17.141227047023804,0.6723633055991173
