,discretized_reward_proportion,interconnectivity_strength_mean,interconnectivity_strength_err
0,0.1,8.727698297727347,0.13008407405699923
1,0.30000000000000004,7.209980311169805,0.3462114589131241
2,0.5000000000000001,6.594767794668022,0.3492518617177621
3,0.7000000000000001,5.323965123664819,0.15470318793682022
4,0.9000000000000001,4.708267478193927,0.17924059492330915
