,discretized_reward_proportion,interconnectivity_strength_mean,interconnectivity_strength_err
0,0.1,76.51943102820907,8.721511727892207
1,0.30000000000000004,68.53903106622386,14.566855403032356
2,0.5000000000000001,70.47152040446774,11.17350410803296
3,0.7000000000000001,125.72027531027655,22.71076560086947
4,0.9000000000000001,57.39559869595327,12.677672214377008
