,discretized_reward_proportion,interconnectivity_strength_mean,interconnectivity_strength_err
0,0.1,17.05985258576662,1.459032861611287
1,0.30000000000000004,15.07604410226486,1.0132833337004352
2,0.5000000000000001,15.753086521055456,1.4392953667565558
3,0.7000000000000001,13.10339720807356,0.9755700867827622
4,0.9000000000000001,18.013768497574645,3.1649412939319936
