,discretized_reward_proportion,interconnectivity_strength_mean,interconnectivity_strength_err
0,0.1,24.67959653799367,3.173034375330952
1,0.30000000000000004,28.911501118369653,4.728153342521463
2,0.5000000000000001,34.26160081007557,4.409496140464256
3,0.7000000000000001,48.75977952540266,4.999639659037603
4,0.9000000000000001,59.51582690241497,5.972018661196747
