,discretized_reward_proportion,interconnectivity_strength_mean,interconnectivity_strength_err
0,0.1,35.609682583478595,6.155237386510133
1,0.30000000000000004,22.062082047012233,5.924594682638326
2,0.5000000000000001,135.76263509538083,35.58455988177926
3,0.7000000000000001,143.16217147039603,37.23627716417731
4,0.9000000000000001,21.807874925126665,21.306477444183855
