,discretized_reward_proportion,interconnectivity_strength_mean,interconnectivity_strength_err
0,0.1,10.109440497571423,2.4110132141846825
1,0.30000000000000004,81.38384294749815,14.20676819357396
2,0.5000000000000001,117.00319238842495,18.24902177112187
3,0.7000000000000001,106.3256602348454,36.811345949276564
4,0.9000000000000001,20.488090150244112,10.533362255938313
