,discretized_reward_proportion,interconnectivity_strength_mean,interconnectivity_strength_err
0,0.1,65.87403589882007,5.416773463929313
1,0.30000000000000004,36.14822639139061,4.840799259844038
2,0.5000000000000001,17.661939759097276,1.6792330104423696
3,0.7000000000000001,13.71877530617515,1.1951504482029685
4,0.9000000000000001,10.290255112788818,1.0006683642276477
