,discretized_reward_proportion,interconnectivity_strength_mean,interconnectivity_strength_err
0,0.1,6.530699396830777,0.7224470542072753
1,0.30000000000000004,15.121343782916783,3.1267681998847547
2,0.5000000000000001,12.39834432004888,2.9070774704532494
3,0.7000000000000001,18.094806180171837,2.191294452498067
4,0.9000000000000001,9.61661836256557,1.0552994592521325
