,discretized_reward_proportion,interconnectivity_strength_mean,interconnectivity_strength_err
0,0.1,11.177313030264049,1.09984364457657
1,0.30000000000000004,11.494260242992603,0.9897926760781952
2,0.5000000000000001,10.65556205580147,1.0639382013170542
3,0.7000000000000001,9.74855305352056,0.4631905249307778
4,0.9000000000000001,11.52070262301752,0.6282478771663609
