,discretized_reward_proportion,interconnectivity_strength_mean,interconnectivity_strength_err
0,0.1,369.820775505014,55.14616692126362
1,0.30000000000000004,91.77490340371709,17.57084834135474
2,0.5000000000000001,54.87630911697443,4.555269809127858
3,0.7000000000000001,46.593070217745016,5.736044356501811
4,0.9000000000000001,50.87428315786959,5.297231699492761
