,discretized_reward_proportion,interconnectivity_strength_mean,interconnectivity_strength_err
0,0.1,8.92109839104453,0.54391785608521
1,0.30000000000000004,7.543229984431758,0.34905930017967174
2,0.5000000000000001,7.619005362816564,0.4091610917802874
3,0.7000000000000001,8.665926695014063,0.6608466988942086
4,0.9000000000000001,17.710934242320786,1.6667207178874386
