,discretized_reward_proportion,interconnectivity_strength_mean,interconnectivity_strength_err
0,0.1,28.836440164061756,3.2627898645734073
1,0.30000000000000004,39.81552177550438,4.4603698900069295
2,0.5000000000000001,16.119922986080514,3.323774398898797
3,0.7000000000000001,1.5031289225228104,1.4760433000153266
4,0.9000000000000001,0.0,0.0
