,discretized_reward_proportion,interconnectivity_strength_mean,interconnectivity_strength_err
0,0.1,17.546562240005084,1.4228933603764695
1,0.30000000000000004,12.688963248208536,0.8224451365484746
2,0.5000000000000001,9.585537663215039,1.2331314072361041
3,0.7000000000000001,7.309298590282853,0.5175403020254685
4,0.9000000000000001,7.914394645995854,0.4944880581883196
