,discretized_reward_proportion,interconnectivity_strength_mean,interconnectivity_strength_err
0,0.1,4.090956772395705,0.385305323899096
1,0.30000000000000004,7.633099261175903,0.7989839988147649
2,0.5000000000000001,12.536511916665294,1.2734154431890228
3,0.7000000000000001,13.783203927968403,7.352961820161855
4,0.9000000000000001,15.054794285891772,4.476565172661231
