,discretized_reward_proportion,interconnectivity_strength_mean,interconnectivity_strength_err
0,0.1,53.837250159887425,8.408502013907855
1,0.30000000000000004,12.545907783765617,3.459649868593258
2,0.5000000000000001,31.431057293718464,5.951320262564
3,0.7000000000000001,67.13893492745777,13.847695706955234
4,0.9000000000000001,2.0079647177933464,1.9617984381911269
