,discretized_reward_proportion,interconnectivity_strength_mean,interconnectivity_strength_err
0,0.1,7.0230490153949425,0.45209371300145407
1,0.30000000000000004,7.165416819280217,1.2145674008301302
2,0.5000000000000001,2.992562237518665,1.2334081530785375
3,0.7000000000000001,5.577706563234239,0.5538895475901255
4,0.9000000000000001,18.374588464969783,3.4966969067208513
