,discretized_reward_proportion,interconnectivity_strength_mean,interconnectivity_strength_err
0,0.1,7.065882179915566,0.37209214110016336
1,0.30000000000000004,11.427211073005573,1.7922717557811048
2,0.5000000000000001,10.775395690731692,1.1036500358658163
3,0.7000000000000001,14.321446048135636,0.9376689939242662
4,0.9000000000000001,10.251073300379918,0.7129666941235582
