,discretized_reward_proportion,interconnectivity_strength_mean,interconnectivity_strength_err
0,0.1,16.549876312993902,0.8452221825143019
1,0.30000000000000004,16.931567660032247,1.1060073149545204
2,0.5000000000000001,17.17540471114787,1.8047482217677453
3,0.7000000000000001,15.725139723933854,1.5597063505836168
4,0.9000000000000001,13.599376305104581,1.0399954726860816
