,discretized_reward_proportion,interconnectivity_strength_mean,interconnectivity_strength_err
0,0.1,33.65967267002031,3.201815854101342
1,0.30000000000000004,38.02743331858248,5.097215263894274
2,0.5000000000000001,21.804783534827248,4.964071925221333
3,0.7000000000000001,23.24312941020415,2.236279048108298
4,0.9000000000000001,8.200328258980488,1.2896578822674172
