,discretized_reward_proportion,interconnectivity_strength_mean,interconnectivity_strength_err
0,0.1,68.19890852897257,5.00118559028493
1,0.30000000000000004,51.45918303780545,4.709019482433003
2,0.5000000000000001,52.723032404719014,4.948201769953121
3,0.7000000000000001,51.89235307254399,10.475633091551751
4,0.9000000000000001,45.919999545237744,9.993402271329229
