,discretized_reward_proportion,interconnectivity_strength_mean,interconnectivity_strength_err
0,0.1,42.698144423289314,9.3045479055826
1,0.30000000000000004,23.938189783456423,3.606364207170262
2,0.5000000000000001,32.74389187412042,3.1190860653077332
3,0.7000000000000001,30.90661581291901,2.331034301011739
4,0.9000000000000001,36.71262448335576,3.1319770883669524
