,discretized_reward_proportion,interconnectivity_strength_mean,interconnectivity_strength_err
0,0.1,1.4993472299889152,1.0246437766571221
1,0.30000000000000004,4.213572425722016,1.5870942235793448
2,0.5000000000000001,2.2534870588075915,1.1894275767192997
3,0.7000000000000001,5.792842385177072,1.4367442298203603
4,0.9000000000000001,11.78160180412884,1.688647871921599
