,discretized_reward_proportion,interconnectivity_strength_mean,interconnectivity_strength_err
0,0.1,138.33001798050128,30.604933083113284
1,0.30000000000000004,20.59190531311551,9.263442059772714
2,0.5000000000000001,5.495202123374976,2.3470748588704797
3,0.7000000000000001,0.21428571428571427,0.07754430690597279
4,0.9000000000000001,0.0,0.0
