,discretized_reward_proportion,interconnectivity_strength_mean,interconnectivity_strength_err
0,0.1,204.07334199258318,84.40264263472187
1,0.30000000000000004,301.1284956708543,124.1702152994578
2,0.5000000000000001,1000.4067026070252,279.15721562838235
3,0.7000000000000001,244.59394899362985,160.8745341449792
4,0.9000000000000001,95.76359586597464,10.880849416494216
