,discretized_reward_proportion,interconnectivity_strength_mean,interconnectivity_strength_err
0,0.1,13.742098025902846,1.421714340349719
1,0.30000000000000004,14.181236408441881,0.8190631430924349
2,0.5000000000000001,14.5315997343636,1.3547334091546444
3,0.7000000000000001,13.561785446809754,0.601993939649336
4,0.9000000000000001,17.603648774295525,0.8488834799555661
