,discretized_reward_proportion,interconnectivity_strength_mean,interconnectivity_strength_err
0,0.1,13.368209166814793,0.37062100126410746
1,0.30000000000000004,9.814472155608854,0.8709610191476741
2,0.5000000000000001,13.400410016990355,1.8255649436134518
3,0.7000000000000001,10.19380217793321,1.6507441482587328
4,0.9000000000000001,10.444924501657551,2.35804552143197
