,discretized_reward_proportion,interconnectivity_strength_mean,interconnectivity_strength_err
0,0.1,37.306335075972164,3.2802775315149786
1,0.30000000000000004,27.83396187865856,1.9311193554181392
2,0.5000000000000001,26.683104096504724,1.0887859550979853
3,0.7000000000000001,33.45177235335676,1.9010228761593657
4,0.9000000000000001,22.756712912925067,2.179719831023521
