,discretized_reward_proportion,interconnectivity_strength_mean,interconnectivity_strength_err
0,0.1,3.79946452001275,0.813601497264368
1,0.30000000000000004,4.535896833669796,1.1410461090218926
2,0.5000000000000001,85.31406557299847,32.17367344651796
3,0.7000000000000001,120.21127947617276,27.06668501903243
4,0.9000000000000001,120.16388505811332,16.394588200618724
