,discretized_reward_proportion,interconnectivity_strength_mean,interconnectivity_strength_err
0,0.1,41.98549736870787,5.640078686552436
1,0.30000000000000004,40.261467383674066,7.605573589300322
2,0.5000000000000001,51.26937024646603,8.78124557727584
3,0.7000000000000001,39.79340694001011,6.534926832445546
4,0.9000000000000001,30.920530971455666,4.262152789863942
