,discretized_reward_proportion,interconnectivity_strength_mean,interconnectivity_strength_err
0,0.1,15.598805533542318,1.6033550792838311
1,0.30000000000000004,13.82865306155344,1.7816568854880108
2,0.5000000000000001,8.350708565294436,1.3598788555389236
3,0.7000000000000001,5.192301472426298,0.14589220935008756
4,0.9000000000000001,5.846134673967887,0.26050127996891576
