,discretized_reward_proportion,interconnectivity_strength_mean,interconnectivity_strength_err
0,0.1,30.91122299686392,2.867650789590087
1,0.30000000000000004,153.59111676215215,39.030257684873675
2,0.5000000000000001,168.93519118931914,44.56087283785382
3,0.7000000000000001,58.34678821091637,40.493014775242344
4,0.9000000000000001,4.092785815536089,2.7876613261818823
