,discretized_reward_proportion,interconnectivity_strength_mean,interconnectivity_strength_err
0,0.1,121.51498675462854,16.32814617489572
1,0.30000000000000004,115.44805414838183,17.895125266507353
2,0.5000000000000001,86.66094240531248,23.844273725164477
3,0.7000000000000001,1.9416076349026938,0.8883060010891156
4,0.9000000000000001,0.42424242424242425,0.08603395906609153
