,discretized_reward_proportion,interconnectivity_strength_mean,interconnectivity_strength_err
0,0.1,77.90929691210496,10.045580437948736
1,0.30000000000000004,71.95357842546224,9.1497467099501
2,0.5000000000000001,77.11093951385322,12.160565496392978
3,0.7000000000000001,28.23596054688117,6.723136491851048
4,0.9000000000000001,50.820785538383575,10.12015334219405
