,discretized_reward_proportion,interconnectivity_strength_mean,interconnectivity_strength_err
0,0.1,5.155134215589128,0.3754420875369205
1,0.30000000000000004,4.828553197367859,0.39082061030166765
2,0.5000000000000001,21.661312349453127,3.299242506471751
3,0.7000000000000001,26.499817596449976,2.8992655122880957
4,0.9000000000000001,18.4164410586338,1.4572894177202393
