,discretized_reward_proportion,interconnectivity_strength_mean,interconnectivity_strength_err
0,0.1,18.323553441157248,0.5953736916912158
1,0.30000000000000004,16.249117194102286,0.9804180674854802
2,0.5000000000000001,11.489943980846876,0.6483993366695011
3,0.7000000000000001,10.359657856887491,0.48037324733610204
4,0.9000000000000001,11.648289121160566,0.6642213901149102
