,discretized_reward_proportion,interconnectivity_strength_mean,interconnectivity_strength_err
0,0.1,28.674572802680085,5.8980325648640335
1,0.30000000000000004,45.10468244025575,8.866006254776172
2,0.5000000000000001,67.20200724190126,10.396396028583828
3,0.7000000000000001,44.92867649174453,10.532632263259506
4,0.9000000000000001,125.491704609045,26.52632898209418
