,discretized_reward_proportion,interconnectivity_strength_mean,interconnectivity_strength_err
0,0.1,14.998522462034984,0.6200660494672254
1,0.30000000000000004,10.78384052385659,0.49891784725248106
2,0.5000000000000001,8.527601290818586,0.367991622286406
3,0.7000000000000001,5.722472689373735,0.16303632235734747
4,0.9000000000000001,4.878891812043373,0.1894139298815069
