,discretized_reward_proportion,interconnectivity_strength_mean,interconnectivity_strength_err
0,0.1,55.24060545386365,12.47120777238934
1,0.30000000000000004,16.074659534542526,1.797484367263826
2,0.5000000000000001,17.9572541827663,2.0785575406259973
3,0.7000000000000001,16.008830780127855,1.088528834574391
4,0.9000000000000001,18.804637840083174,1.1313910725980143
