,discretized_reward_proportion,interconnectivity_strength_mean,interconnectivity_strength_err
0,0.1,35.932057823929846,3.0010105763653017
1,0.30000000000000004,32.27645965170729,3.9784653790318774
2,0.5000000000000001,40.643077988316556,7.383620412257653
3,0.7000000000000001,64.13030872993919,11.559491144161587
4,0.9000000000000001,43.13145940129398,4.569391119682573
