,discretized_reward_proportion,interconnectivity_strength_mean,interconnectivity_strength_err
0,0.1,51.14781966860135,4.598894737913517
1,0.30000000000000004,38.59568129887361,2.9062520866807735
2,0.5000000000000001,31.63116158252937,5.076556184143397
3,0.7000000000000001,45.35016477213938,10.239244306667873
4,0.9000000000000001,37.300419878612345,4.112160157115798
