,discretized_reward_proportion,interconnectivity_strength_mean,interconnectivity_strength_err
0,0.1,3.9585750267194637,0.17202388453502027
1,0.30000000000000004,6.6054561385200445,0.8165911751900299
2,0.5000000000000001,9.574676750604803,1.852271264060647
3,0.7000000000000001,8.53343981181289,0.9872071788532657
4,0.9000000000000001,6.535429323231565,0.2557540641111666
