,discretized_reward_proportion,interconnectivity_strength_mean,interconnectivity_strength_err
0,0.1,41.100060265174136,2.6773256946450013
1,0.30000000000000004,37.54842341264203,2.710210415840063
2,0.5000000000000001,26.409330904272224,2.5430854044799367
3,0.7000000000000001,8.680272069917368,1.7107427736271177
4,0.9000000000000001,21.20612389657565,2.4753055529437993
