,discretized_reward_proportion,interconnectivity_strength_mean,interconnectivity_strength_err
0,0.1,20.959205980924633,1.7674177693049204
1,0.30000000000000004,24.773307187836103,4.103730184451154
2,0.5000000000000001,26.264042950435453,3.9744933029244183
3,0.7000000000000001,9.745914685674292,0.6105703409531944
4,0.9000000000000001,6.608833005479159,0.28173435861343527
