,discretized_reward_proportion,interconnectivity_strength_mean,interconnectivity_strength_err
0,0.1,3.183932156202365,0.129008605580349
1,0.30000000000000004,3.9924402008838538,0.15768033114528499
2,0.5000000000000001,3.722733970468991,0.1164435205006762
3,0.7000000000000001,3.965954872696495,0.07050635744434239
4,0.9000000000000001,3.698655968860624,0.06413552752885837
