,discretized_reward_proportion,interconnectivity_strength_mean,interconnectivity_strength_err
0,0.1,1.8245393050169685,0.6587938605152253
1,0.30000000000000004,2.69858855669437,0.6914431259490506
2,0.5000000000000001,25.95690515054218,7.977724445495972
3,0.7000000000000001,27.7077004783357,5.33167232408898
4,0.9000000000000001,12.076078051439113,1.1202950037403019
