,discretized_reward_proportion,interconnectivity_strength_mean,interconnectivity_strength_err
0,0.1,25.363750481460464,4.206492799653846
1,0.30000000000000004,12.838417121596732,2.568285782335597
2,0.5000000000000001,5.744529236892149,1.3188141133126028
3,0.7000000000000001,0.7556607552555556,0.31153437515383736
4,0.9000000000000001,0.5466666666666666,0.05748300876168797
