,discretized_reward_proportion,interconnectivity_strength_mean,interconnectivity_strength_err
0,0.1,127.81837552162231,33.58867009960449
1,0.30000000000000004,132.1598751574829,39.3669613802126
2,0.5000000000000001,70.2941490801569,18.00952373075787
3,0.7000000000000001,50.86240183858058,8.063299750952137
4,0.9000000000000001,37.455739558749976,3.712848390005187
