,discretized_reward_proportion,interconnectivity_strength_mean,interconnectivity_strength_err
0,0.1,15.223026997369281,4.132922383803608
1,0.30000000000000004,44.461499763136,7.404401858922113
2,0.5000000000000001,30.428792122777033,5.471099808590374
3,0.7000000000000001,34.98370831167882,5.568650152824176
4,0.9000000000000001,22.62915963582045,3.2717376396108264
