,discretized_reward_proportion,interconnectivity_strength_mean,interconnectivity_strength_err
0,0.1,71.72222753993405,6.2376660203201
1,0.30000000000000004,61.16522381300398,6.521311908011282
2,0.5000000000000001,63.885889999348514,9.66121734434424
3,0.7000000000000001,56.85931989146533,12.969873759346584
4,0.9000000000000001,,
