,discretized_reward_proportion,interconnectivity_strength_mean,interconnectivity_strength_err
0,0.1,14.514584241029159,2.3647814682531996
1,0.30000000000000004,20.282066327789288,1.6705417729626166
2,0.5000000000000001,19.450129461331336,1.9561824007944377
3,0.7000000000000001,16.280376116485968,1.4416453276472592
4,0.9000000000000001,16.80682688770123,1.647208216185007
