,discretized_reward_proportion,interconnectivity_strength_mean,interconnectivity_strength_err
0,0.1,17.170643735007317,2.0153684565054983
1,0.30000000000000004,11.885148759782492,1.8290102451816401
2,0.5000000000000001,17.27398848767515,1.7682267197440464
3,0.7000000000000001,18.774077755218343,1.9713408070907448
4,0.9000000000000001,14.551007474011328,0.9107322300453038
