,discretized_reward_proportion,interconnectivity_strength_mean,interconnectivity_strength_err
0,0.1,9.220942256916036,1.8709648027233003
1,0.30000000000000004,11.326576220340232,2.4336184108334167
2,0.5000000000000001,13.056857217560216,2.730094316576838
3,0.7000000000000001,7.459938287109808,0.7347686566163459
4,0.9000000000000001,7.6017820182377545,1.0372459655865278
