,discretized_reward_proportion,interconnectivity_strength_mean,interconnectivity_strength_err
0,0.1,52.313322720547,4.501423741207032
1,0.30000000000000004,31.65307923317712,4.965188958517045
2,0.5000000000000001,23.79936879147367,3.6517374268596208
3,0.7000000000000001,26.35282708672064,8.61290993968618
4,0.9000000000000001,9.515968665425717,3.932146887470262
