,discretized_reward_proportion,interconnectivity_strength_mean,interconnectivity_strength_err
0,0.1,24.29846523511548,1.2588327962028596
1,0.30000000000000004,28.4694482219806,3.535396261877591
2,0.5000000000000001,27.359174999477094,2.6397309312921693
3,0.7000000000000001,23.37812611504728,2.3549777353428305
4,0.9000000000000001,15.17460552172568,1.8202795192327612
