,discretized_reward_proportion,interconnectivity_strength_mean,interconnectivity_strength_err
0,0.1,14.204449907558102,3.91084755740864
1,0.30000000000000004,13.965843222783283,1.714661852404934
2,0.5000000000000001,30.60591462798231,6.05463450168217
3,0.7000000000000001,45.62174098189788,10.998653498963245
4,0.9000000000000001,28.380994600341143,6.938763209909558
