,discretized_reward_proportion,interconnectivity_strength_mean,interconnectivity_strength_err
0,0.1,33.01496089837931,1.0633691881507759
1,0.30000000000000004,22.31811865427614,1.011274738497116
2,0.5000000000000001,24.82313168348925,1.874834546847207
3,0.7000000000000001,29.47656134576376,3.3438476383391613
4,0.9000000000000001,13.507991822970977,1.1394648545414832
