,discretized_reward_proportion,interconnectivity_strength_mean,interconnectivity_strength_err
0,0.1,22.40971476340902,0.6570228405439457
1,0.30000000000000004,14.420067245082828,0.9489690093249573
2,0.5000000000000001,17.773143327727126,1.6926951814535067
3,0.7000000000000001,15.391581040609712,3.075175756268125
4,0.9000000000000001,9.02428479559156,0.8177006482965418
