,discretized_reward_proportion,interconnectivity_strength_mean,interconnectivity_strength_err
0,0.1,12.84572890250262,0.3066172650100714
1,0.30000000000000004,10.344787642291957,0.2757672704476053
2,0.5000000000000001,11.5935246153197,0.6427172560027881
3,0.7000000000000001,12.72796928245531,0.615164806396792
4,0.9000000000000001,13.460418451844022,0.9043066432372416
