,discretized_reward_proportion,interconnectivity_strength_mean,interconnectivity_strength_err
0,0.1,20.5367416070981,2.741257700018107
1,0.30000000000000004,19.417709473627788,1.9371695331829877
2,0.5000000000000001,28.463379094866493,2.281406462411642
3,0.7000000000000001,23.219129814473327,1.2618997954559532
4,0.9000000000000001,16.489837338261836,1.0678317801341441
