,discretized_reward_proportion,interconnectivity_strength_mean,interconnectivity_strength_err
0,0.1,25.27557486300393,1.3222964209215895
1,0.30000000000000004,13.497520059447481,1.3761506915271915
2,0.5000000000000001,7.965844705609623,0.3163222621876605
3,0.7000000000000001,6.939648316797528,0.38932430193903056
4,0.9000000000000001,7.448446889108484,0.2740537355783832
