,discretized_reward_proportion,interconnectivity_strength_mean,interconnectivity_strength_err
0,0.1,31.77177334405112,4.08011001793147
1,0.30000000000000004,66.71571077091254,9.863521334820236
2,0.5000000000000001,21.856272558444022,2.4770586396857612
3,0.7000000000000001,18.926782781425818,2.0762831262876733
4,0.9000000000000001,11.435313836601413,1.3350862922121296
