,discretized_reward_proportion,interconnectivity_strength_mean,interconnectivity_strength_err
0,0.1,120.33897663831891,26.547521349302997
1,0.30000000000000004,42.96543338352706,8.170439938784364
2,0.5000000000000001,28.83525518258764,5.141652989732588
3,0.7000000000000001,26.28369339241959,7.471066052832777
4,0.9000000000000001,45.26366450072537,3.738194366139615
