,discretized_reward_proportion,interconnectivity_strength_mean,interconnectivity_strength_err
0,0.1,5.302561644721657,0.18931162484445363
1,0.30000000000000004,8.749948521234433,1.0169945663057525
2,0.5000000000000001,8.231212878731672,0.7124333041170733
3,0.7000000000000001,5.701563222459102,0.14962961913481793
4,0.9000000000000001,5.980115097012376,0.1957305739931692
