,discretized_reward_proportion,interconnectivity_strength_mean,interconnectivity_strength_err
0,0.1,3.797401674594066,0.6076023909153737
1,0.30000000000000004,8.306581267041159,2.5130192041376906
2,0.5000000000000001,50.05680523988372,6.51397601819491
3,0.7000000000000001,30.70045791823556,3.587994909115764
4,0.9000000000000001,15.486253940184387,0.9082204251748403
