,discretized_reward_proportion,interconnectivity_strength_mean,interconnectivity_strength_err
0,0.1,21.400586378991907,2.1839190196883056
1,0.30000000000000004,14.049656941048395,2.7853940786928337
2,0.5000000000000001,5.599492462136927,0.989400426224916
3,0.7000000000000001,79.54269211686305,17.282996201537863
4,0.9000000000000001,238.12267371489554,46.85823739235156
