,discretized_reward_proportion,interconnectivity_strength_mean,interconnectivity_strength_err
0,0.1,7.354042302546162,0.28073462269458616
1,0.30000000000000004,7.151520593271827,0.2658848518617413
2,0.5000000000000001,6.429953451717582,0.2391420163971163
3,0.7000000000000001,5.970176330415559,0.1732662380398491
4,0.9000000000000001,6.529936214837855,0.18213901051587128
