,discretized_reward_proportion,interconnectivity_strength_mean,interconnectivity_strength_err
0,0.1,24.64490151381087,2.8910536473697777
1,0.30000000000000004,12.641927559264454,0.651064413513026
2,0.5000000000000001,14.164930714113922,0.7937565283584528
3,0.7000000000000001,14.548775233568438,1.0078768209715165
4,0.9000000000000001,12.859437665317264,0.6415911849602249
