,discretized_reward_proportion,interconnectivity_strength_mean,interconnectivity_strength_err
0,0.1,6.540439597223828,0.36838988360692254
1,0.30000000000000004,19.09257998302449,4.420740412096206
2,0.5000000000000001,13.937551335460702,1.8473410443259553
3,0.7000000000000001,19.543415248816984,1.2793700381927353
4,0.9000000000000001,17.787111995250644,1.0140151250515101
