,discretized_reward_proportion,interconnectivity_strength_mean,interconnectivity_strength_err
0,0.1,0.0,0.0
1,0.30000000000000004,0.0,0.0
2,0.5000000000000001,9.181308266239899,5.163596275646998
3,0.7000000000000001,6.5578485483420295,2.8830886740134964
4,0.9000000000000001,9.742221146548934,2.5805007227605348
