,discretized_reward_proportion,interconnectivity_strength_mean,interconnectivity_strength_err
0,0.1,73.18535937972912,6.955901475639393
1,0.30000000000000004,105.00011752673176,10.851286846870734
2,0.5000000000000001,75.7111542380633,16.3801568664722
3,0.7000000000000001,23.791182542744107,5.344352839094715
4,0.9000000000000001,14.798363097228371,4.431767620240096
