,discretized_reward_proportion,interconnectivity_strength_mean,interconnectivity_strength_err
0,0.1,466.688972699809,108.39186352481494
1,0.30000000000000004,184.4637511485478,73.54352959993852
2,0.5000000000000001,156.3790827421922,35.97492106760355
3,0.7000000000000001,11.630198048280224,4.128366656488076
4,0.9000000000000001,23.173208195233553,6.542007093294801
