,discretized_reward_proportion,interconnectivity_strength_mean,interconnectivity_strength_err
0,0.1,0.09836065573770492,0.03812959719997088
1,0.30000000000000004,0.038461538461538464,0.026668278664674475
2,0.5000000000000001,0.0975609756097561,0.04633989790398679
3,0.7000000000000001,0.8154761541568689,0.4740162308461618
4,0.9000000000000001,4.808375711013912,1.0777114691570546
