,discretized_reward_proportion,interconnectivity_strength_mean,interconnectivity_strength_err
0,0.1,17.292015040084642,4.956933122547621
1,0.30000000000000004,12.296332071908303,1.1625649502132855
2,0.5000000000000001,8.864971164293637,0.520233901894513
3,0.7000000000000001,6.925836980288487,0.4074004212929491
4,0.9000000000000001,6.97009409394275,0.2957986661665913
