,discretized_reward_proportion,interconnectivity_strength_mean,interconnectivity_strength_err
0,0.1,36.93441436693904,9.44873368858708
1,0.30000000000000004,28.512242338529678,4.33279598560237
2,0.5000000000000001,32.46731886279143,3.941241377696133
3,0.7000000000000001,26.76680423371232,3.0877034827724152
4,0.9000000000000001,30.901333093311745,3.2443781897707007
