,discretized_reward_proportion,interconnectivity_strength_mean,interconnectivity_strength_err
0,0.1,21.331947212173013,2.2974277272404913
1,0.30000000000000004,21.432635312691687,1.3143671153428087
2,0.5000000000000001,25.709271344351666,2.7750994720419992
3,0.7000000000000001,17.025086074563237,1.161178975100428
4,0.9000000000000001,22.757549591336755,1.3229477367193296
