,discretized_reward_proportion,interconnectivity_strength_mean,interconnectivity_strength_err
0,0.1,23.9352120267935,1.3350008915860794
1,0.30000000000000004,14.945718881812494,1.6761669726813329
2,0.5000000000000001,13.632474195888573,1.1213359801814173
3,0.7000000000000001,12.54558241351965,0.8819138169002709
4,0.9000000000000001,12.498344927676326,1.2630680851940788
