,discretized_reward_proportion,interconnectivity_strength_mean,interconnectivity_strength_err
0,0.1,5.895436547539413,0.37759161769985505
1,0.30000000000000004,4.6845314416702815,0.25309133195623096
2,0.5000000000000001,4.0831553788494785,0.2661270927552165
3,0.7000000000000001,4.398918862856699,0.19590903359768794
4,0.9000000000000001,4.336583781758561,0.1535668294033843
