,discretized_reward_proportion,interconnectivity_strength_mean,interconnectivity_strength_err
0,0.1,13.530519727996477,0.950672889936107
1,0.30000000000000004,13.578168349350785,1.3312755688900315
2,0.5000000000000001,11.219758342267133,1.1210458203202789
3,0.7000000000000001,5.792768595721423,0.7082144249021592
4,0.9000000000000001,5.84983750814059,0.6945776672420266
