,discretized_reward_proportion,interconnectivity_strength_mean,interconnectivity_strength_err
0,0.1,15.197122285376427,2.4140869052936424
1,0.30000000000000004,18.049379601300124,3.6133045702158
2,0.5000000000000001,11.306368764740084,2.993274696416206
3,0.7000000000000001,10.632896001262516,1.9584516334229827
4,0.9000000000000001,7.11889182421365,1.0720280463333565
