,discretized_reward_proportion,interconnectivity_strength_mean,interconnectivity_strength_err
0,0.1,10.591695660772528,3.219710644871919
1,0.30000000000000004,19.317123070656972,2.8062004726954837
2,0.5000000000000001,22.792297554457267,2.378927642548128
3,0.7000000000000001,24.04852404347398,2.8709087317309865
4,0.9000000000000001,25.709538532535984,3.6650817675112513
