,discretized_reward_proportion,interconnectivity_strength_mean,interconnectivity_strength_err
0,0.1,11.196203716110647,0.9945521460254761
1,0.30000000000000004,16.350947821636165,0.9167836146155635
2,0.5000000000000001,13.5690355047585,0.6108150360954159
3,0.7000000000000001,14.115842883094878,0.6366949686859165
4,0.9000000000000001,9.43840250309875,0.2406551515183874
