,discretized_reward_proportion,interconnectivity_strength_mean,interconnectivity_strength_err
0,0.1,86.47736431808188,34.58428922868158
1,0.30000000000000004,28.250059828202616,8.138086445122342
2,0.5000000000000001,0.3380281690140845,0.056139304346366305
3,0.7000000000000001,0.2777777777777778,0.0609519063522577
4,0.9000000000000001,0.24242424242424243,0.07460090362383802
