,discretized_reward_proportion,interconnectivity_strength_mean,interconnectivity_strength_err
0,0.1,62.341527882335036,4.600202235411381
1,0.30000000000000004,46.933158065100145,3.1390844704167353
2,0.5000000000000001,43.95927600155655,5.108585391219245
3,0.7000000000000001,31.01371870071382,4.677221048572498
4,0.9000000000000001,9.332666972279029,2.1156958641231847
