,discretized_reward_proportion,interconnectivity_strength_mean,interconnectivity_strength_err
0,0.1,23.252332553347983,2.2433827823862273
1,0.30000000000000004,26.53719462519977,2.8273779128178003
2,0.5000000000000001,26.51552525012204,3.2716755848624044
3,0.7000000000000001,22.733171044831646,1.791140759819803
4,0.9000000000000001,18.997579115162043,1.317885355358666
