,discretized_reward_proportion,interconnectivity_strength_mean,interconnectivity_strength_err
0,0.1,65.85480048847923,3.687191696216863
1,0.30000000000000004,113.29075559062932,14.529213230826533
2,0.5000000000000001,46.97357989388855,4.028848288034337
3,0.7000000000000001,22.84204329429362,4.047936280575987
4,0.9000000000000001,11.795943729527647,2.706576230829588
