,discretized_reward_proportion,interconnectivity_strength_mean,interconnectivity_strength_err
0,0.1,63.499148685124744,18.5532362480955
1,0.30000000000000004,35.68885132080747,13.756514023818848
2,0.5000000000000001,35.18404869355986,12.271931776334455
3,0.7000000000000001,29.351567999688143,8.26352524012371
4,0.9000000000000001,22.866732393728597,5.514361147240512
