,discretized_reward_proportion,interconnectivity_strength_mean,interconnectivity_strength_err
0,0.1,54.9481026012662,9.093773121766695
1,0.30000000000000004,123.00928597337243,20.96991623746924
2,0.5000000000000001,69.8699846355367,16.353693731620787
3,0.7000000000000001,32.53016780752497,5.263016777682487
4,0.9000000000000001,31.13664660055823,4.732211623884978
