,discretized_reward_proportion,interconnectivity_strength_mean,interconnectivity_strength_err
0,0.1,4.819075202953648,1.12384775729732
1,0.30000000000000004,6.777268725721637,1.5345679093373485
2,0.5000000000000001,8.37224656352005,1.5798632760821227
3,0.7000000000000001,13.024029354996655,1.6653274557667703
4,0.9000000000000001,5.521300010406705,1.2203548698742586
