,discretized_reward_proportion,interconnectivity_strength_mean,interconnectivity_strength_err
0,0.1,37.359339576150006,2.6611861717629965
1,0.30000000000000004,67.27210193341287,8.465802620611944
2,0.5000000000000001,77.08652056583843,10.013160961118004
3,0.7000000000000001,10.242294450610691,4.101543681450364
4,0.9000000000000001,5.669070502905416,1.438443889279177
