,discretized_reward_proportion,interconnectivity_strength_mean,interconnectivity_strength_err
0,0.1,8.038560888493215,0.4599168254657725
1,0.30000000000000004,5.303367960689512,0.4814881722402959
2,0.5000000000000001,5.667971744095713,0.8755970698925658
3,0.7000000000000001,3.749661893690751,1.0043644979660213
4,0.9000000000000001,4.736493818284675,0.5250095450960083
