,discretized_reward_proportion,interconnectivity_strength_mean,interconnectivity_strength_err
0,0.1,21.194546785398614,2.333787417473647
1,0.30000000000000004,40.085554625771294,5.580281383162303
2,0.5000000000000001,37.580036896572835,5.466966461662403
3,0.7000000000000001,9.069628434168957,1.8280500401094744
4,0.9000000000000001,9.608582968623418,0.8756479819821011
