,discretized_reward_proportion,interconnectivity_strength_mean,interconnectivity_strength_err
0,0.1,1.3253687267906056,0.25300732644901547
1,0.30000000000000004,1.697993972756625,0.4363056472493772
2,0.5000000000000001,0.19923272746957255,0.13879321377629128
3,0.7000000000000001,2.3418503725290694,0.5949849531650593
4,0.9000000000000001,5.8436532977953854,1.1050273652127254
