,discretized_reward_proportion,interconnectivity_strength_mean,interconnectivity_strength_err
0,0.1,17.243375266331423,1.4542000130837975
1,0.30000000000000004,37.12268022079506,3.973762083855015
2,0.5000000000000001,34.66874278887793,4.232403444118111
3,0.7000000000000001,19.073024698547382,1.4139059877735152
4,0.9000000000000001,18.55499283651827,0.8099927561531037
