,discretized_reward_proportion,interconnectivity_strength_mean,interconnectivity_strength_err
0,0.1,7.543301492676608,0.6131243029442902
1,0.30000000000000004,8.467194812814581,1.2806912631221408
2,0.5000000000000001,7.288554292725964,1.0231940378604027
3,0.7000000000000001,6.051519534750554,0.8058838943179092
4,0.9000000000000001,6.955283622249712,0.7100292923498065
