,discretized_reward_proportion,interconnectivity_strength_mean,interconnectivity_strength_err
0,0.1,9.481598390510886,0.7855551493812133
1,0.30000000000000004,7.373456842352157,0.5388935376528116
2,0.5000000000000001,5.231413649121554,0.3401117373436367
3,0.7000000000000001,5.096471354225061,0.14300060950467536
4,0.9000000000000001,5.03721719292827,0.116263627979257
