,discretized_reward_proportion,interconnectivity_strength_mean,interconnectivity_strength_err
0,0.1,26.82302142952399,2.4656731058498518
1,0.30000000000000004,21.792194711852595,2.7493136152694078
2,0.5000000000000001,13.642045621215654,1.8875476356358256
3,0.7000000000000001,17.776884913556145,1.4486454577161643
4,0.9000000000000001,18.130592391114664,2.0844888118793277
