,discretized_reward_proportion,interconnectivity_strength_mean,interconnectivity_strength_err
0,0.1,83.84563930756362,11.560628062088039
1,0.30000000000000004,58.78552275232658,7.468678288089048
2,0.5000000000000001,108.03581705151917,10.117231795700858
3,0.7000000000000001,107.66481291737381,12.948920868580343
4,0.9000000000000001,41.361617558554734,5.632049872784505
