,discretized_reward_proportion,interconnectivity_strength_mean,interconnectivity_strength_err
0,0.1,39.40117604491652,2.4147560081051185
1,0.30000000000000004,16.013463747106236,4.072531120650311
2,0.5000000000000001,21.778960609940757,2.5798463402015317
3,0.7000000000000001,22.351264189603082,3.1177845130837945
4,0.9000000000000001,20.1064859477028,3.0107699758050694
