,discretized_reward_proportion,interconnectivity_strength_mean,interconnectivity_strength_err
0,0.1,18.066409629889634,2.56425250604293
1,0.30000000000000004,20.73467974326424,3.4687930298583676
2,0.5000000000000001,19.975209981692075,3.8761486298386703
3,0.7000000000000001,32.270031717078886,5.730431074142594
4,0.9000000000000001,27.34961462457601,5.659452423244062
