,discretized_reward_proportion,interconnectivity_strength_mean,interconnectivity_strength_err
0,0.1,53.241881080799295,7.482399904906768
1,0.30000000000000004,18.652316923828415,4.93952437830951
2,0.5000000000000001,24.682790713819255,6.467457161635369
3,0.7000000000000001,57.87527451133159,17.548875621196718
4,0.9000000000000001,52.64826018757879,12.671093087647007
