,discretized_reward_proportion,interconnectivity_strength_mean,interconnectivity_strength_err
0,0.1,74.69943772558358,13.024374905901453
1,0.30000000000000004,47.475623499979115,6.207522401282457
2,0.5000000000000001,31.877919786347647,5.561787045962153
3,0.7000000000000001,14.7966496337154,2.2800731558939407
4,0.9000000000000001,14.468301237919437,1.2676092018668097
