,discretized_reward_proportion,interconnectivity_strength_mean,interconnectivity_strength_err
0,0.1,38.14050874772775,2.1404089701671385
1,0.30000000000000004,37.91760423411624,3.9673448600789514
2,0.5000000000000001,34.36143356064295,2.9142998979283368
3,0.7000000000000001,24.970066665704696,1.658025720211219
4,0.9000000000000001,33.22887988138262,4.00403773234958
