,discretized_reward_proportion,interconnectivity_strength_mean,interconnectivity_strength_err
0,0.1,67.60645081234888,12.983298532905101
1,0.30000000000000004,17.417812039102067,1.4996188601752383
2,0.5000000000000001,26.52140672209239,4.665770263065872
3,0.7000000000000001,17.777704540200283,1.5086803001448126
4,0.9000000000000001,15.860555705165195,0.7461606299674232
