,discretized_reward_proportion,interconnectivity_strength_mean,interconnectivity_strength_err
0,0.1,18.078182835331738,3.771717097636739
1,0.30000000000000004,49.999039610148486,8.474679712626827
2,0.5000000000000001,76.04970266479665,10.256670372862642
3,0.7000000000000001,61.37854779287891,12.257099878396408
4,0.9000000000000001,59.91280795806829,6.6601038820230505
