,discretized_reward_proportion,interconnectivity_strength_mean,interconnectivity_strength_err
0,0.1,11.75355115718062,0.8330787415040937
1,0.30000000000000004,16.106203815333153,1.2374233025502888
2,0.5000000000000001,12.68891408207012,0.8104060717150134
3,0.7000000000000001,14.145487687667815,0.4523668472830465
4,0.9000000000000001,19.738293173966508,0.7541634289250988
