,discretized_reward_proportion,interconnectivity_strength_mean,interconnectivity_strength_err
0,0.1,5.853418417052558,0.6031261263217028
1,0.30000000000000004,5.145365044162712,0.40219593428224815
2,0.5000000000000001,6.708939646633915,0.3867604537166297
3,0.7000000000000001,7.186707116441605,0.5858380276129834
4,0.9000000000000001,13.45506644276688,2.180267610160256
