,discretized_reward_proportion,interconnectivity_strength_mean,interconnectivity_strength_err
0,0.1,33.20544542821255,12.759668721904196
1,0.30000000000000004,183.84001133516182,40.02060632248319
2,0.5000000000000001,190.95508019788846,33.896143324269644
3,0.7000000000000001,53.47810712606463,14.868183926151147
4,0.9000000000000001,121.66384184103788,21.651915996255855
