,discretized_reward_proportion,interconnectivity_strength_mean,interconnectivity_strength_err
0,0.1,0.5797613663431083,0.3954515547604742
1,0.30000000000000004,2.594631515522389,0.8250826943738253
2,0.5000000000000001,4.449920456721859,0.9182127953186544
3,0.7000000000000001,28.001683532424927,7.360702954425233
4,0.9000000000000001,40.749625863988626,5.472837072132658
