,discretized_reward_proportion,interconnectivity_strength_mean,interconnectivity_strength_err
0,0.1,103.13472585402005,51.02303567797263
1,0.30000000000000004,54.46830516079236,22.71117582854965
2,0.5000000000000001,39.48562735934642,13.103790165477143
3,0.7000000000000001,51.448377588889095,17.651688499896803
4,0.9000000000000001,51.53558742916818,11.155810290601048
