,discretized_reward_proportion,interconnectivity_strength_mean,interconnectivity_strength_err
0,0.1,66.32852810151755,6.633998089743266
1,0.30000000000000004,54.21197964067701,6.864962713277451
2,0.5000000000000001,76.592530176299,15.67135608896611
3,0.7000000000000001,86.05883881807111,21.262336360902392
4,0.9000000000000001,56.09514175866434,14.208891923172168
