,discretized_reward_proportion,interconnectivity_strength_mean,interconnectivity_strength_err
0,0.1,39.64676530960398,10.65775471340331
1,0.30000000000000004,9.891105692546084,1.7735874123680275
2,0.5000000000000001,9.652970729506581,1.3100970735600002
3,0.7000000000000001,19.08335897784685,3.606339015126486
4,0.9000000000000001,16.7133430217196,3.1749030894637
