,discretized_reward_proportion,interconnectivity_strength_mean,interconnectivity_strength_err
0,0.1,49.90731597839344,13.723347420604624
1,0.30000000000000004,13.090793492391144,2.2692263391508014
2,0.5000000000000001,5.852801373269527,0.5397517840784745
3,0.7000000000000001,5.873707073417658,0.28467547295188156
4,0.9000000000000001,9.199055381946085,0.9068365538480547
