,discretized_reward_proportion,interconnectivity_strength_mean,interconnectivity_strength_err
0,0.1,63.062929144036296,8.142164739409285
1,0.30000000000000004,157.43329659189337,29.89848942888994
2,0.5000000000000001,177.07849236792322,34.560894882305405
3,0.7000000000000001,39.622945867386676,16.30138884808506
4,0.9000000000000001,2.692677653347326,1.0376635858856016
