,discretized_reward_proportion,interconnectivity_strength_mean,interconnectivity_strength_err
0,0.1,23.1052277680966,0.7243599627108247
1,0.30000000000000004,21.329979920887567,0.6044754428186002
2,0.5000000000000001,18.680048589032086,0.8094950091886696
3,0.7000000000000001,19.99011535099372,0.9691904510378221
4,0.9000000000000001,20.553383374023344,1.3443064359984518
