,discretized_reward_proportion,interconnectivity_strength_mean,interconnectivity_strength_err
0,0.1,0.0,0.0
1,0.30000000000000004,43.534204376566855,16.58896272025452
2,0.5000000000000001,27.61929797121108,6.867852905103057
3,0.7000000000000001,62.21340086211886,7.052700976952897
4,0.9000000000000001,55.65260258047042,5.877477251061386
