,discretized_reward_proportion,interconnectivity_strength_mean,interconnectivity_strength_err
0,0.1,14.121291164002503,0.39624195086710995
1,0.30000000000000004,11.60509447666936,0.4127829630330229
2,0.5000000000000001,10.13595296808619,0.4599668846327084
3,0.7000000000000001,9.435000383810173,1.1653079594405393
4,0.9000000000000001,13.027653981614215,0.7526756260948481
