,discretized_reward_proportion,interconnectivity_strength_mean,interconnectivity_strength_err
0,0.1,41.39072475337139,4.514925818826865
1,0.30000000000000004,31.607038528025402,2.538289468578253
2,0.5000000000000001,43.568722113639645,3.563368178102904
3,0.7000000000000001,31.549121432707423,3.961106776402031
4,0.9000000000000001,18.952803512776875,2.9842266384690572
