,discretized_reward_proportion,interconnectivity_strength_mean,interconnectivity_strength_err
0,0.1,9.957695143541754,1.3697276726190708
1,0.30000000000000004,17.185210702214818,2.5268765606192445
2,0.5000000000000001,10.521327636048277,1.2405233348465998
3,0.7000000000000001,7.3028662996689215,2.714514142123537
4,0.9000000000000001,1.2100576723003722,1.1118327860078066
