,discretized_reward_proportion,interconnectivity_strength_mean,interconnectivity_strength_err
0,0.1,18.117903545239304,2.274200645834321
1,0.30000000000000004,52.19666586068974,7.1210080115944905
2,0.5000000000000001,25.78441627646859,1.446425069021957
3,0.7000000000000001,20.159946782689605,1.1985896339414102
4,0.9000000000000001,17.90178222478452,0.9780318519797558
