,discretized_reward_proportion,interconnectivity_strength_mean,interconnectivity_strength_err
0,0.1,10.37728280720144,0.36319616408325844
1,0.30000000000000004,8.747074454328915,0.5500255471494496
2,0.5000000000000001,9.915365455426716,0.46369730842347695
3,0.7000000000000001,8.832099073136927,0.2213488350674086
4,0.9000000000000001,9.674634739557096,0.2501893896879859
