,discretized_reward_proportion,interconnectivity_strength_mean,interconnectivity_strength_err
0,0.1,22.114168720881732,3.58042651338274
1,0.30000000000000004,33.56391333927329,3.3674254255845057
2,0.5000000000000001,25.255199363014658,2.1582954644299615
3,0.7000000000000001,19.715809084130736,1.6716854572617024
4,0.9000000000000001,20.508184069730856,2.707995721953553
