,discretized_reward_proportion,interconnectivity_strength_mean,interconnectivity_strength_err
0,0.1,11.822020084744603,0.6970786520260829
1,0.30000000000000004,17.14642403352901,4.016724606082082
2,0.5000000000000001,46.06204835307167,11.134859283742463
3,0.7000000000000001,15.148178980805849,2.8738420046238944
4,0.9000000000000001,10.835715532436128,0.41383840193263455
