,discretized_reward_proportion,interconnectivity_strength_mean,interconnectivity_strength_err
0,0.1,39.72462517376518,2.345600876279554
1,0.30000000000000004,26.048022226379207,2.405180097207905
2,0.5000000000000001,37.27601345783133,4.111232437656296
3,0.7000000000000001,38.62341614713763,6.42479994031826
4,0.9000000000000001,25.350743008567036,6.112103646842568
