,discretized_reward_proportion,interconnectivity_strength_mean,interconnectivity_strength_err
0,0.1,11.300104443929474,0.2377678137535003
1,0.30000000000000004,8.835946863478743,0.31476388065653405
2,0.5000000000000001,8.998427215043158,0.32375651923968374
3,0.7000000000000001,7.756166760307827,0.4039927572671475
4,0.9000000000000001,5.92199867364277,0.27600871182829595
