,discretized_reward_proportion,interconnectivity_strength_mean,interconnectivity_strength_err
0,0.1,8.110760330071393,0.09245406495526594
1,0.30000000000000004,6.333280770213317,0.27701794590620676
2,0.5000000000000001,5.708519373659969,0.29092915472314096
3,0.7000000000000001,4.764397145936312,0.20365216908760453
4,0.9000000000000001,4.050558199785337,0.11839675851369591
