,discretized_reward_proportion,interconnectivity_strength_mean,interconnectivity_strength_err
0,0.1,5.660200677820015,0.36567247704928135
1,0.30000000000000004,4.784067976596938,0.2974654949062953
2,0.5000000000000001,4.031154114393629,0.22053614637955085
3,0.7000000000000001,3.547034087795353,0.06564719197962278
4,0.9000000000000001,3.4436233352787897,0.04310532951714792
