,discretized_reward_proportion,interconnectivity_strength_mean,interconnectivity_strength_err
0,0.1,4.0675084973926054,0.15555214782584537
1,0.30000000000000004,5.576816875836668,0.35417744029020987
2,0.5000000000000001,5.364210608622534,0.30041747659051987
3,0.7000000000000001,4.1213065856282505,0.08009862156791189
4,0.9000000000000001,4.096422685996721,0.08051564142301867
