,discretized_reward_proportion,interconnectivity_strength_mean,interconnectivity_strength_err
0,0.1,1.9247464838048784,1.7645747107247405
1,0.30000000000000004,35.589256057709434,6.430164784874281
2,0.5000000000000001,1.9610352979996077,1.3057822117919817
3,0.7000000000000001,41.50140390234485,5.153708332389739
4,0.9000000000000001,39.449492930608606,4.561844129770965
