,discretized_reward_proportion,interconnectivity_strength_mean,interconnectivity_strength_err
0,0.1,32.23587158852797,4.586998410001513
1,0.30000000000000004,25.277089374103262,4.602714441327116
2,0.5000000000000001,29.60714950084038,7.001067656454069
3,0.7000000000000001,56.58894169240898,11.4876775835576
4,0.9000000000000001,86.52156228899855,17.251360175881018
