,discretized_reward_proportion,interconnectivity_strength_mean,interconnectivity_strength_err
0,0.1,8.708816166061087,2.82233983066788
1,0.30000000000000004,6.297828260606478,2.3866624852831504
2,0.5000000000000001,1.1175334187037573,0.7707357732985376
3,0.7000000000000001,7.421551800010309,3.520723715679638
4,0.9000000000000001,10.958634380812542,3.5498330617319147
