,discretized_reward_proportion,interconnectivity_strength_mean,interconnectivity_strength_err
0,0.1,5.3624535760318865,0.3589253663446901
1,0.30000000000000004,9.760388038664637,0.8408193932359916
2,0.5000000000000001,10.2704629568311,0.6212282127315608
3,0.7000000000000001,11.788596523272437,0.43650714910031113
4,0.9000000000000001,9.79570041403071,0.3458274269724624
