,discretized_reward_proportion,interconnectivity_strength_mean,interconnectivity_strength_err
0,0.1,7.9199078239700835,1.1389730585562523
1,0.30000000000000004,7.825202878739731,1.464522052846465
2,0.5000000000000001,3.530027606835303,0.9799133881625474
3,0.7000000000000001,4.509701206134596,1.477625607796704
4,0.9000000000000001,18.130507012672208,0.872223302788291
