,discretized_reward_proportion,interconnectivity_strength_mean,interconnectivity_strength_err
0,0.1,17.421173939236038,0.7667856271383495
1,0.30000000000000004,18.44866113312439,1.913642025184885
2,0.5000000000000001,19.211917336333492,1.7775939620371772
3,0.7000000000000001,14.110108121477394,1.0753696231689287
4,0.9000000000000001,10.886974007032812,1.1685603010202954
