,discretized_reward_proportion,interconnectivity_strength_mean,interconnectivity_strength_err
0,0.1,4.6924944762888225,0.19472170169160632
1,0.30000000000000004,5.108802281605769,0.3015728660756643
2,0.5000000000000001,5.573289961659893,0.22580612151133275
3,0.7000000000000001,6.220127476648156,0.15976651321958218
4,0.9000000000000001,5.61012566092332,0.13185745517939187
