,discretized_reward_proportion,interconnectivity_strength_mean,interconnectivity_strength_err
0,0.1,18.56644720791574,2.035266797199058
1,0.30000000000000004,27.8774313084447,3.1092014164690163
2,0.5000000000000001,30.46337930569262,2.366684064990058
3,0.7000000000000001,8.05606282355712,1.671679098146509
4,0.9000000000000001,1.1445841300056743,0.44304911552753956
