,discretized_reward_proportion,interconnectivity_strength_mean,interconnectivity_strength_err
0,0.1,14.924145111219918,0.33707717347912486
1,0.30000000000000004,12.946995555319104,0.5126968494027122
2,0.5000000000000001,12.340707811400627,0.6281024662910496
3,0.7000000000000001,10.52154787996959,0.7597750217745213
4,0.9000000000000001,7.258609229302683,0.3247429206365335
