,discretized_reward_proportion,interconnectivity_strength_mean,interconnectivity_strength_err
0,0.1,3.7610418410975845,0.10644699338517967
1,0.30000000000000004,8.027173941954237,1.5589392171888568
2,0.5000000000000001,9.497481548598259,1.0086961889164514
3,0.7000000000000001,15.489306945659898,1.3900174828603078
4,0.9000000000000001,11.292024190803101,1.066926367934181
