,discretized_reward_proportion,interconnectivity_strength_mean,interconnectivity_strength_err
0,0.1,15.96467844838835,0.3332589639538564
1,0.30000000000000004,11.968980092838253,0.6744129174063025
2,0.5000000000000001,9.177805754086432,0.3783221157308069
3,0.7000000000000001,8.059939010618846,0.3635877900613224
4,0.9000000000000001,8.058362907233827,0.3188731259108016
