,discretized_reward_proportion,interconnectivity_strength_mean,interconnectivity_strength_err
0,0.1,33.0815190872415,1.373100484603289
1,0.30000000000000004,27.36947466250396,1.792090094439802
2,0.5000000000000001,26.531178155288128,1.5584242945427855
3,0.7000000000000001,29.683184076773703,7.348146367753478
4,0.9000000000000001,16.725966439204537,3.8738698451769924
