,discretized_reward_proportion,interconnectivity_strength_mean,interconnectivity_strength_err
0,0.1,12.868404121941952,1.1992564083646524
1,0.30000000000000004,12.913986866023633,0.9868995341931955
2,0.5000000000000001,11.842204812451362,0.6101440566111415
3,0.7000000000000001,9.389954974787454,0.463414542147773
4,0.9000000000000001,10.234838152606747,0.42380957637282085
