,discretized_reward_proportion,interconnectivity_strength_mean,interconnectivity_strength_err
0,0.1,96.1432733415196,5.290784375469774
1,0.30000000000000004,66.97678505596075,6.993222996814368
2,0.5000000000000001,46.26412475971263,4.7138255289212125
3,0.7000000000000001,43.48341579171748,6.148859409527563
4,0.9000000000000001,14.897816820784703,4.249732466694402
