,discretized_reward_proportion,interconnectivity_strength_mean,interconnectivity_strength_err
0,0.1,50.302607092635704,11.44092511458331
1,0.30000000000000004,192.80516771540061,30.314568240461348
2,0.5000000000000001,45.99698548818211,8.877033346629347
3,0.7000000000000001,102.39133769306927,18.85684214131223
4,0.9000000000000001,96.35274716829173,13.125800031268293
