,discretized_reward_proportion,interconnectivity_strength_mean,interconnectivity_strength_err
0,0.1,11.462413021274964,1.5224448333655525
1,0.30000000000000004,12.25184525386326,0.9217533607068009
2,0.5000000000000001,14.892075940045599,1.142463353858341
3,0.7000000000000001,10.144998319831684,1.061441419660126
4,0.9000000000000001,7.272596006547643,1.1030866653096811
