,discretized_reward_proportion,interconnectivity_strength_mean,interconnectivity_strength_err
0,0.1,43.36881952898532,4.686996565897162
1,0.30000000000000004,23.133318658990493,4.479167040421176
2,0.5000000000000001,11.42754313819494,0.8679998905537254
3,0.7000000000000001,24.262594070585195,1.920338199682707
4,0.9000000000000001,23.56520117498484,2.2712911945817233
