,discretized_reward_proportion,interconnectivity_strength_mean,interconnectivity_strength_err
0,0.1,20.299095798070773,0.9068090456703478
1,0.30000000000000004,19.725754581768065,0.722397025901474
2,0.5000000000000001,13.638565194635667,0.7375761596009194
3,0.7000000000000001,11.80900526026968,0.4379447070068076
4,0.9000000000000001,13.166016986483335,0.49278359240176445
