,discretized_reward_proportion,interconnectivity_strength_mean,interconnectivity_strength_err
0,0.1,5.90244161901392,0.39625590605638517
1,0.30000000000000004,8.690602523915462,0.9384288976128587
2,0.5000000000000001,11.987872350147171,1.4044085709306506
3,0.7000000000000001,8.372959124880126,0.9395947330837923
4,0.9000000000000001,10.302303314451233,1.337202842561032
