,discretized_reward_proportion,interconnectivity_strength_mean,interconnectivity_strength_err
0,0.1,6.695145228997149,0.359546687243218
1,0.30000000000000004,6.378102519094735,0.14834623007372064
2,0.5000000000000001,5.25888176727497,0.18288124041812678
3,0.7000000000000001,4.446154288905997,0.1431095802882903
4,0.9000000000000001,4.634558380127694,0.13310395464078195
