,discretized_reward_proportion,interconnectivity_strength_mean,interconnectivity_strength_err
0,0.1,17.932885177751814,6.394169214546084
1,0.30000000000000004,8.594905069872905,1.804495835022629
2,0.5000000000000001,9.09411616120638,1.2367913767804077
3,0.7000000000000001,12.747440561521547,1.040839488175424
4,0.9000000000000001,10.226670208356415,1.0392211678875398
