,discretized_reward_proportion,interconnectivity_strength_mean,interconnectivity_strength_err
0,0.1,8.620913515831427,0.54158892639224
1,0.30000000000000004,6.7852957502792695,0.536669420964889
2,0.5000000000000001,7.397117845182379,0.45060130652323016
3,0.7000000000000001,7.160167643359707,0.2759872172553264
4,0.9000000000000001,8.722419540494657,0.41387395585606185
