,discretized_reward_proportion,interconnectivity_strength_mean,interconnectivity_strength_err
0,0.1,17.183450766162778,0.6579790833941574
1,0.30000000000000004,15.588094273448545,0.39860298697118457
2,0.5000000000000001,16.851390755580905,1.0897157606577856
3,0.7000000000000001,21.610748933108574,4.9074811901575695
4,0.9000000000000001,49.21742731222287,6.524779126797693
