,discretized_reward_proportion,interconnectivity_strength_mean,interconnectivity_strength_err
0,0.1,69.8903245698434,5.336731902304398
1,0.30000000000000004,40.40430337044218,4.110439960818706
2,0.5000000000000001,31.932814665068882,3.0539379007989345
3,0.7000000000000001,43.94711461270026,11.710087595174844
4,0.9000000000000001,18.278901924741692,5.303245236534841
