,discretized_reward_proportion,interconnectivity_strength_mean,interconnectivity_strength_err
0,0.1,43.32905496562142,20.73449790380484
1,0.30000000000000004,25.137000523802357,12.90359589457606
2,0.5000000000000001,0.0,0.0
3,0.7000000000000001,0.0,0.0
4,0.9000000000000001,0.0,0.0
