,discretized_reward_proportion,interconnectivity_strength_mean,interconnectivity_strength_err
0,0.1,0.0,0.0
1,0.30000000000000004,20.538159023920173,11.165858679641907
2,0.5000000000000001,31.295782721710946,9.822744138263692
3,0.7000000000000001,13.633833488046676,4.45604457736529
4,0.9000000000000001,3.212642586105007,2.013876808656177
