,discretized_reward_proportion,interconnectivity_strength_mean,interconnectivity_strength_err
0,0.1,11.821490124193481,0.8468520024533834
1,0.30000000000000004,17.20422089002937,1.9941218151002114
2,0.5000000000000001,14.60737525895952,0.852062709381324
3,0.7000000000000001,14.243683551558862,0.9023937070561736
4,0.9000000000000001,11.332676708118408,0.32333814855504023
