,discretized_reward_proportion,interconnectivity_strength_mean,interconnectivity_strength_err
0,0.1,234.85682393781852,22.09639495353158
1,0.30000000000000004,328.92030318027287,48.418397556775304
2,0.5000000000000001,268.3885116104516,48.66614908859645
3,0.7000000000000001,179.3929734123547,27.452830922457288
4,0.9000000000000001,,
