,discretized_reward_proportion,interconnectivity_strength_mean,interconnectivity_strength_err
0,0.1,85.39633728131352,9.503625032888491
1,0.30000000000000004,95.47035015623929,20.540096416629417
2,0.5000000000000001,46.89800264254026,8.413296948914136
3,0.7000000000000001,22.227187860466717,2.1955501486539823
4,0.9000000000000001,28.452162628397346,4.326002020768115
