,discretized_reward_proportion,interconnectivity_strength_mean,interconnectivity_strength_err
0,0.1,4.739250143250545,1.997256881054574
1,0.30000000000000004,135.24210842107604,25.938443600553086
2,0.5000000000000001,114.75053601371555,30.128912794005572
3,0.7000000000000001,72.96357871136486,24.278896291516247
4,0.9000000000000001,227.8475854765302,16.279892571727952
