,discretized_reward_proportion,interconnectivity_strength_mean,interconnectivity_strength_err
0,0.1,24.69869409039552,1.195068305284238
1,0.30000000000000004,26.270190513444085,1.067879179967541
2,0.5000000000000001,23.584998420660543,1.507836251835941
3,0.7000000000000001,21.97121515391675,1.8567279164445492
4,0.9000000000000001,17.802674110187443,0.755936589479953
