,discretized_reward_proportion,interconnectivity_strength_mean,interconnectivity_strength_err
0,0.1,23.69807550331193,1.3389358566003182
1,0.30000000000000004,40.33203889914074,5.746191132810423
2,0.5000000000000001,49.75413507940392,5.173673649824334
3,0.7000000000000001,67.40949761728452,5.335932292381709
4,0.9000000000000001,31.94246979920714,5.469786836434528
