,discretized_reward_proportion,interconnectivity_strength_mean,interconnectivity_strength_err
0,0.1,22.60084365883599,8.104191596942563
1,0.30000000000000004,335.391661197581,110.92572382610923
2,0.5000000000000001,190.23468125045355,76.99940804350243
3,0.7000000000000001,0.4,0.0565685424949238
4,0.9000000000000001,0.32051282051282054,0.052840392523598005
