,discretized_reward_proportion,interconnectivity_strength_mean,interconnectivity_strength_err
0,0.1,5.842513408316691,0.20585633424223357
1,0.30000000000000004,4.948113176121031,0.22825391315007645
2,0.5000000000000001,5.405488140054398,0.2364077602646356
3,0.7000000000000001,5.078525659454096,0.1344546660357871
4,0.9000000000000001,4.8640202952398734,0.08757977472066668
