,discretized_reward_proportion,interconnectivity_strength_mean,interconnectivity_strength_err
0,0.1,6.866079808770838,0.27050178275370335
1,0.30000000000000004,5.4603994194027345,0.1301165775851744
2,0.5000000000000001,5.537984987987113,0.1375555001474176
3,0.7000000000000001,5.0791112743569276,0.13916048906892392
4,0.9000000000000001,5.014961895727076,0.12621817342727176
