,discretized_reward_proportion,interconnectivity_strength_mean,interconnectivity_strength_err
0,0.1,40.996156769711234,6.027788837358207
1,0.30000000000000004,8.960309401148614,1.9204008827481005
2,0.5000000000000001,8.35868566182841,0.9481254605391369
3,0.7000000000000001,11.091755708243998,0.8599321768337237
4,0.9000000000000001,9.523692253170639,0.5960848826351645
