,discretized_reward_proportion,interconnectivity_strength_mean,interconnectivity_strength_err
0,0.1,63.80048626961749,8.053422590414284
1,0.30000000000000004,62.522005493778025,9.72739768087103
2,0.5000000000000001,49.91877817554392,7.365461239864983
3,0.7000000000000001,33.704525655498145,5.210034746078798
4,0.9000000000000001,34.34706563760805,3.7131013001546513
