,discretized_reward_proportion,interconnectivity_strength_mean,interconnectivity_strength_err
0,0.1,20.58906607055489,0.8826514834267839
1,0.30000000000000004,31.82112754612058,5.84088480382524
2,0.5000000000000001,17.266453917702034,1.954281919901258
3,0.7000000000000001,13.478489835635573,0.5945166497868963
4,0.9000000000000001,12.889409092074649,0.6461733742608179
