,discretized_reward_proportion,interconnectivity_strength_mean,interconnectivity_strength_err
0,0.1,16.946408890286836,1.3111411251184009
1,0.30000000000000004,15.734064051982422,1.2265069590877051
2,0.5000000000000001,9.41748979512242,0.8628490072457424
3,0.7000000000000001,6.607379036105598,0.2506487913314287
4,0.9000000000000001,6.032819082687077,0.12384655044657103
