,discretized_reward_proportion,interconnectivity_strength_mean,interconnectivity_strength_err
0,0.1,43.289293042109534,5.69781274258644
1,0.30000000000000004,50.31536233511473,10.765839785501184
2,0.5000000000000001,50.86674247651626,6.285621558120863
3,0.7000000000000001,106.3824595475646,15.543063871613192
4,0.9000000000000001,135.82030695682005,13.01589377883488
