,discretized_reward_proportion,interconnectivity_strength_mean,interconnectivity_strength_err
0,0.1,13.766629445000744,0.22829370000872592
1,0.30000000000000004,12.885356122984938,0.26442607611335306
2,0.5000000000000001,12.176894976656584,0.28266497917363015
3,0.7000000000000001,11.139776047149516,0.6088235708284945
4,0.9000000000000001,9.439496161665685,0.47121929948646796
