,discretized_reward_proportion,interconnectivity_strength_mean,interconnectivity_strength_err
0,0.1,0.037037037037037035,0.025699580240322623
1,0.30000000000000004,0.16129032258064516,0.0381389303015011
2,0.5000000000000001,0.05263157894736842,0.025613908599594087
3,0.7000000000000001,0.0,0.0
4,0.9000000000000001,0.0,0.0
