,discretized_reward_proportion,interconnectivity_strength_mean,interconnectivity_strength_err
0,0.1,8.05423292634309,0.47667946066945993
1,0.30000000000000004,12.80990271851332,1.4716345634326276
2,0.5000000000000001,12.178856716642391,0.8875864027660028
3,0.7000000000000001,12.58728292716366,0.6219069267612327
4,0.9000000000000001,13.293890140663686,0.5867088315010379
