,discretized_reward_proportion,interconnectivity_strength_mean,interconnectivity_strength_err
0,0.1,12.928848060406342,0.4367001274164056
1,0.30000000000000004,10.28167691084158,0.32777228404602027
2,0.5000000000000001,8.647173408272186,0.30179556728698836
3,0.7000000000000001,9.828814796054429,0.46296268445235994
4,0.9000000000000001,10.591501327638978,0.516740765728366
