,discretized_reward_proportion,interconnectivity_strength_mean,interconnectivity_strength_err
0,0.1,24.957838183722057,3.001042844519822
1,0.30000000000000004,21.333678909900822,1.424843180971102
2,0.5000000000000001,14.544161772231883,1.3722665255859177
3,0.7000000000000001,12.082588559444801,0.5558882115794667
4,0.9000000000000001,16.10420929752939,1.2176767637517385
