,discretized_reward_proportion,interconnectivity_strength_mean,interconnectivity_strength_err
0,0.1,19.49629389955728,1.2681560267954197
1,0.30000000000000004,13.82941065949256,1.3571688178683683
2,0.5000000000000001,13.471117053377924,2.04437093111991
3,0.7000000000000001,5.1078958771537994,1.2145067016227096
4,0.9000000000000001,9.337659107666177,1.0409000023358315
