,discretized_reward_proportion,interconnectivity_strength_mean,interconnectivity_strength_err
0,0.1,7.781147928504986,5.21732004850909
1,0.30000000000000004,95.99572486917822,27.95011855178658
2,0.5000000000000001,108.4659096683291,16.311729092212747
3,0.7000000000000001,31.620708611258973,10.664404391686002
4,0.9000000000000001,0.016129032258064516,0.015998430657150675
