,discretized_reward_proportion,interconnectivity_strength_mean,interconnectivity_strength_err
0,0.1,122.04096744520292,13.990278068093826
1,0.30000000000000004,66.04144023542558,7.724967709096355
2,0.5000000000000001,59.29471560627363,4.566695723103592
3,0.7000000000000001,46.947184468838415,6.594912474187891
4,0.9000000000000001,34.10455131016671,4.648260950199019
