,discretized_reward_proportion,interconnectivity_strength_mean,interconnectivity_strength_err
0,0.1,10.661175204602282,0.14743085572440515
1,0.30000000000000004,11.151965547216513,0.31926253001431243
2,0.5000000000000001,10.861102101690385,0.30747304229077804
3,0.7000000000000001,10.037168607558433,0.3568159796658792
4,0.9000000000000001,10.270240549249728,0.7038829025462141
