,discretized_reward_proportion,interconnectivity_strength_mean,interconnectivity_strength_err
0,0.1,56.674590425523,22.793975666614006
1,0.30000000000000004,68.52159217641187,26.895072052817202
2,0.5000000000000001,130.34905489810367,29.81259695160515
3,0.7000000000000001,99.267838189124,19.460821590258984
4,0.9000000000000001,122.54974347350003,17.594415508428366
