,discretized_reward_proportion,interconnectivity_strength_mean,interconnectivity_strength_err
0,0.1,10.414394147097168,0.7638612998593317
1,0.30000000000000004,10.936867969167272,1.9960745500162398
2,0.5000000000000001,12.249384901247778,1.3377167610537246
3,0.7000000000000001,10.832506940020972,0.7121298566155132
4,0.9000000000000001,11.128466276427822,0.46215595106392976
