,discretized_reward_proportion,interconnectivity_strength_mean,interconnectivity_strength_err
0,0.1,5.478305147825306,0.3211161610459121
1,0.30000000000000004,9.050348423697208,0.8969476780954327
2,0.5000000000000001,11.623075331702017,0.8947949347206273
3,0.7000000000000001,10.623028582465421,0.4702675715350132
4,0.9000000000000001,11.123173737177913,0.4470907436596148
