,discretized_reward_proportion,interconnectivity_strength_mean,interconnectivity_strength_err
0,0.1,34.41847833587664,1.9807701545550638
1,0.30000000000000004,25.511963023467196,2.839826508269706
2,0.5000000000000001,16.07206776646089,2.4135451840606152
3,0.7000000000000001,18.104343348766815,2.215112583049177
4,0.9000000000000001,17.185049248067934,1.3254378010727388
