,discretized_reward_proportion,interconnectivity_strength_mean,interconnectivity_strength_err
0,0.1,110.19660308575531,24.168334167822135
1,0.30000000000000004,44.88704024738297,16.515221972738164
2,0.5000000000000001,45.58710083075329,4.981724242793768
3,0.7000000000000001,44.867821208039786,5.464126544473967
4,0.9000000000000001,44.29853052100183,5.142248324666332
