,discretized_reward_proportion,interconnectivity_strength_mean,interconnectivity_strength_err
0,0.1,83.55448072270406,14.478730161261119
1,0.30000000000000004,135.9891696069131,32.51033951553118
2,0.5000000000000001,49.16322931693822,16.81884076958918
3,0.7000000000000001,26.820636510541586,14.925189593400457
4,0.9000000000000001,0.5151515151515151,0.08699885606851798
