,discretized_reward_proportion,interconnectivity_strength_mean,interconnectivity_strength_err
0,0.1,21.417358792550573,2.269781859516505
1,0.30000000000000004,12.987573649807622,1.5091146663457324
2,0.5000000000000001,5.071307571203258,0.8081234462592563
3,0.7000000000000001,8.705964452510397,1.1882855163776957
4,0.9000000000000001,9.629254280616244,1.5884885897464778
