,discretized_reward_proportion,interconnectivity_strength_mean,interconnectivity_strength_err
0,0.1,21.074887648258198,1.9197270668388962
1,0.30000000000000004,19.866347420807163,2.8789006716252756
2,0.5000000000000001,40.221905251999736,7.152084273748004
3,0.7000000000000001,20.347983136366153,3.3053630279878825
4,0.9000000000000001,17.58752962550183,2.794727122532037
