,discretized_reward_proportion,interconnectivity_strength_mean,interconnectivity_strength_err
0,0.1,16.540978765916275,1.031602197270871
1,0.30000000000000004,12.62457288347591,0.8241152145813901
2,0.5000000000000001,8.490791411841652,0.659632964822485
3,0.7000000000000001,2.592488915515828,0.49095643250584947
4,0.9000000000000001,1.4815837682883863,0.33131260372412863
