,discretized_reward_proportion,interconnectivity_strength_mean,interconnectivity_strength_err
0,0.1,18.89117200540425,3.4776701601406117
1,0.30000000000000004,11.906011076336167,2.12451565491616
2,0.5000000000000001,8.196881094856739,0.7510127327530532
3,0.7000000000000001,5.66002889887089,0.18012395941570788
4,0.9000000000000001,5.562594140659745,0.114783116757445
