,discretized_reward_proportion,interconnectivity_strength_mean,interconnectivity_strength_err
0,0.1,11.386007167156473,0.8165041603968376
1,0.30000000000000004,19.508664441851387,4.060399856761491
2,0.5000000000000001,74.10474123077036,10.14592333156771
3,0.7000000000000001,5.235917378960422,3.5964129749449074
4,0.9000000000000001,0.6,0.06605782590758164
