,discretized_reward_proportion,interconnectivity_strength_mean,interconnectivity_strength_err
0,0.1,29.317592761786262,3.670584033496871
1,0.30000000000000004,12.653322816477468,4.910495699201668
2,0.5000000000000001,10.033062747449884,7.027257718210485
3,0.7000000000000001,30.6776173971296,20.369407059790415
4,0.9000000000000001,8.881008955606033,8.52817814621864
