,discretized_reward_proportion,interconnectivity_strength_mean,interconnectivity_strength_err
0,0.1,0.3442622950819672,0.06083379227915469
1,0.30000000000000004,4.179183502519722,1.712280004857651
2,0.5000000000000001,19.17102800578775,5.037539070076686
3,0.7000000000000001,31.002247432763408,6.0189539618847485
4,0.9000000000000001,41.17274488953196,12.162189321988942
