,discretized_reward_proportion,interconnectivity_strength_mean,interconnectivity_strength_err
0,0.1,12.131424092499302,0.2675330770358439
1,0.30000000000000004,12.124316661799948,0.4650727467774784
2,0.5000000000000001,10.672732891281196,0.4125747951986175
3,0.7000000000000001,10.519309976084628,0.9172329312486298
4,0.9000000000000001,6.994846142438575,0.257527093919521
