,discretized_reward_proportion,interconnectivity_strength_mean,interconnectivity_strength_err
0,0.1,22.909092736581343,2.1753763239576274
1,0.30000000000000004,19.348296165971355,1.2730179307510134
2,0.5000000000000001,11.52742648148747,1.0898946843230828
3,0.7000000000000001,9.47781397044765,0.7330081340190189
4,0.9000000000000001,10.500011232674925,0.7468428152310579
