,discretized_reward_proportion,interconnectivity_strength_mean,interconnectivity_strength_err
0,0.1,47.70191638187307,3.8283669675878578
1,0.30000000000000004,38.449154496083786,2.8394263299981057
2,0.5000000000000001,40.5537415738391,4.733455805653164
3,0.7000000000000001,57.156897225627375,5.872129987782386
4,0.9000000000000001,70.3609748560013,8.85530566406893
