,discretized_reward_proportion,interconnectivity_strength_mean,interconnectivity_strength_err
0,0.1,92.41010885604572,19.674906358026615
1,0.30000000000000004,12.302787176974723,2.7897583110406368
2,0.5000000000000001,11.148013414761884,1.879275295613168
3,0.7000000000000001,32.481109624724766,7.49000428489643
4,0.9000000000000001,25.848490224153192,6.3518137959459615
