,discretized_reward_proportion,interconnectivity_strength_mean,interconnectivity_strength_err
0,0.1,67.25183999376915,6.2273866788574015
1,0.30000000000000004,41.28283203363821,5.077278571745612
2,0.5000000000000001,212.68098186307648,54.34683331436726
3,0.7000000000000001,133.3859615710742,52.79590916566369
4,0.9000000000000001,75.85550944683507,28.896519809104266
