,discretized_reward_proportion,interconnectivity_strength_mean,interconnectivity_strength_err
0,0.1,31.89165103642085,4.124447017726083
1,0.30000000000000004,20.921223119145587,3.284461137182504
2,0.5000000000000001,17.44284250571415,3.233353933876585
3,0.7000000000000001,28.069894232378324,3.4580526067380877
4,0.9000000000000001,23.931121219211445,2.692614059074014
