,discretized_reward_proportion,interconnectivity_strength_mean,interconnectivity_strength_err
0,0.1,61.19777271610662,5.117245323677946
1,0.30000000000000004,55.9277976599582,6.077455429239926
2,0.5000000000000001,49.649525214137505,6.32798293125473
3,0.7000000000000001,35.99339079784904,8.055200976955081
4,0.9000000000000001,23.003273815958433,5.206077144033037
