,discretized_reward_proportion,interconnectivity_strength_mean,interconnectivity_strength_err
0,0.1,15.113929538430057,1.8149734565628761
1,0.30000000000000004,33.59509478002265,5.52634658837365
2,0.5000000000000001,43.37475572321751,7.612155578195081
3,0.7000000000000001,35.59136256185287,9.582309781588215
4,0.9000000000000001,15.540979695656647,2.2145386686225517
