,discretized_reward_proportion,interconnectivity_strength_mean,interconnectivity_strength_err
0,0.1,22.944181068116308,6.215500552282966
1,0.30000000000000004,67.74392071502058,15.68041168850553
2,0.5000000000000001,9.825107912635124,3.442168206742388
3,0.7000000000000001,0.03571428571428571,0.03507073235935592
4,0.9000000000000001,0.0,0.0
