,discretized_reward_proportion,interconnectivity_strength_mean,interconnectivity_strength_err
0,0.1,27.388774015462804,6.61390554142892
1,0.30000000000000004,97.5130145983333,14.651224870939817
2,0.5000000000000001,10.713751064683319,7.401071311175239
3,0.7000000000000001,0.13541666666666666,0.03492238314217264
4,0.9000000000000001,0.2803738317757009,0.043424049737649614
