,discretized_reward_proportion,interconnectivity_strength_mean,interconnectivity_strength_err
0,0.1,35.115115749834985,4.306629738462103
1,0.30000000000000004,11.835584025693217,2.751280062772192
2,0.5000000000000001,9.245544184299622,2.014859509421524
3,0.7000000000000001,13.895309407091373,2.50906520420603
4,0.9000000000000001,6.6989880689745815,1.8284871002373253
