,discretized_reward_proportion,interconnectivity_strength_mean,interconnectivity_strength_err
0,0.1,26.33043913888794,1.893904429402816
1,0.30000000000000004,41.45991484185454,5.494729928883305
2,0.5000000000000001,51.49753622323372,6.156088999492513
3,0.7000000000000001,16.46669689818699,3.2917806461983425
4,0.9000000000000001,16.763313583761,4.317672603559394
