,discretized_reward_proportion,interconnectivity_strength_mean,interconnectivity_strength_err
0,0.1,530.8191504378589,84.46006940455742
1,0.30000000000000004,433.8754716454766,86.81238118645213
2,0.5000000000000001,75.69840260039497,22.285404995528285
3,0.7000000000000001,54.17569277484864,15.873157390512924
4,0.9000000000000001,32.16357085427925,8.11006973164559
