,discretized_reward_proportion,interconnectivity_strength_mean,interconnectivity_strength_err
0,0.1,13.836716064722504,2.8095794855782796
1,0.30000000000000004,10.820130358444116,2.1332676546403326
2,0.5000000000000001,13.361876148740498,2.545853727250433
3,0.7000000000000001,8.420248065513075,0.9137715566356973
4,0.9000000000000001,8.461319850544582,0.26564483157768326
