,discretized_reward_proportion,interconnectivity_strength_mean,interconnectivity_strength_err
0,0.1,0.28769517968959263,0.2813714364822379
1,0.30000000000000004,1.3827087239010103,0.28547017169866495
2,0.5000000000000001,6.2292012127092296,1.1700847278984177
3,0.7000000000000001,13.74789372746015,1.982829776213908
4,0.9000000000000001,18.80880074715329,2.976089708916213
