,discretized_reward_proportion,interconnectivity_strength_mean,interconnectivity_strength_err
0,0.1,13.122082611505611,3.061561544769512
1,0.30000000000000004,49.482624995961196,13.768594922959663
2,0.5000000000000001,30.68120239897537,6.611647922268276
3,0.7000000000000001,49.73076188718148,7.884994380922152
4,0.9000000000000001,51.70526607220791,10.049295521506334
