,discretized_reward_proportion,interconnectivity_strength_mean,interconnectivity_strength_err
0,0.1,11.939932507824656,0.32506584000516264
1,0.30000000000000004,10.713732534135454,0.41527705123993386
2,0.5000000000000001,18.59125425563497,3.1966795956597824
3,0.7000000000000001,8.814902445276823,0.26010504066207285
4,0.9000000000000001,8.91910303927712,0.3776477406434349
