,discretized_reward_proportion,interconnectivity_strength_mean,interconnectivity_strength_err
0,0.1,22.416671367227416,4.6900415727130165
1,0.30000000000000004,16.390242750971076,6.048604065665903
2,0.5000000000000001,16.600264855820182,4.968540908670879
3,0.7000000000000001,4.695988502856076,2.544740964406016
4,0.9000000000000001,22.457310662011757,6.603484315793418
