,discretized_reward_proportion,interconnectivity_strength_mean,interconnectivity_strength_err
0,0.1,4.0337478245562846,0.2518257261232422
1,0.30000000000000004,3.442260091476967,0.23285960454045973
2,0.5000000000000001,3.028266539430265,0.1985368030478264
3,0.7000000000000001,2.846078803800383,0.05987278997850433
4,0.9000000000000001,3.025238225066517,0.056677713913090726
