,discretized_reward_proportion,interconnectivity_strength_mean,interconnectivity_strength_err
0,0.1,12.247801188439698,2.3412183344701236
1,0.30000000000000004,13.399310224246321,3.762302731384239
2,0.5000000000000001,18.967806337797928,3.2535686036499327
3,0.7000000000000001,14.219296198283905,2.163061657499447
4,0.9000000000000001,12.530530401103768,2.724542903736731
