,discretized_reward_proportion,interconnectivity_strength_mean,interconnectivity_strength_err
0,0.1,2.7177836335459125,0.08914672490637149
1,0.30000000000000004,3.748371982440324,0.18409433475166478
2,0.5000000000000001,5.511546133855946,0.49212620904340326
3,0.7000000000000001,5.4904322472063445,0.34069462781890264
4,0.9000000000000001,4.6436580255751245,0.09788241176785055
