,discretized_reward_proportion,interconnectivity_strength_mean,interconnectivity_strength_err
0,0.1,70.14868800713053,7.546384450803155
1,0.30000000000000004,96.88958957272311,14.931221179843265
2,0.5000000000000001,99.63300964868479,19.979361475039127
3,0.7000000000000001,28.320188672586482,6.572069879560058
4,0.9000000000000001,15.967897345496185,2.961572196903116
