,discretized_reward_proportion,interconnectivity_strength_mean,interconnectivity_strength_err
0,0.1,16.590710265507514,1.0126302939372638
1,0.30000000000000004,27.101238398664627,3.5264919470377247
2,0.5000000000000001,13.647383542156991,1.8804396070932716
3,0.7000000000000001,1.779552982940288,0.5282795395781247
4,0.9000000000000001,0.34545454545454546,0.06411859785221004
