,discretized_reward_proportion,interconnectivity_strength_mean,interconnectivity_strength_err
0,0.1,9.895209711276642,0.6723427996170411
1,0.30000000000000004,12.790482870061457,2.5416775450738625
2,0.5000000000000001,5.519962184095789,2.046379187896456
3,0.7000000000000001,10.048708841647786,1.1030944576659854
4,0.9000000000000001,22.385149610220502,6.497658132645265
