,discretized_reward_proportion,interconnectivity_strength_mean,interconnectivity_strength_err
0,0.1,116.58141099715219,11.128418978372926
1,0.30000000000000004,52.79318622451136,9.962675663061319
2,0.5000000000000001,52.4270701462735,7.021889938509772
3,0.7000000000000001,40.62747723919406,10.07023855739482
4,0.9000000000000001,38.45312786189463,8.225481232165505
