,discretized_reward_proportion,interconnectivity_strength_mean,interconnectivity_strength_err
0,0.1,9.201625912851846,0.22182017145326527
1,0.30000000000000004,8.130632417637038,0.2048168600725504
2,0.5000000000000001,8.754892595567979,0.34579242474277605
3,0.7000000000000001,8.448990289566005,0.29987083470590414
4,0.9000000000000001,7.728895589021963,0.3023409987042417
