,discretized_reward_proportion,interconnectivity_strength_mean,interconnectivity_strength_err
0,0.1,14.598311198580783,0.4523192986692634
1,0.30000000000000004,15.869161054757251,1.1756199073347846
2,0.5000000000000001,13.127845483836328,1.1420197315010432
3,0.7000000000000001,16.80256490849078,2.1586270332824165
4,0.9000000000000001,30.505696824724964,2.287535084517604
