,discretized_reward_proportion,interconnectivity_strength_mean,interconnectivity_strength_err
0,0.1,49.70914214591395,32.71003991048518
1,0.30000000000000004,199.17215136234051,40.95539611273702
2,0.5000000000000001,42.30777322958952,6.946388854818209
3,0.7000000000000001,33.57996937736433,7.427443448760552
4,0.9000000000000001,23.846706608790388,7.91596036734776
