,discretized_reward_proportion,interconnectivity_strength_mean,interconnectivity_strength_err
0,0.1,52.124189441494124,3.7725029484236177
1,0.30000000000000004,77.03824334743915,5.694011986497127
2,0.5000000000000001,37.08135317709166,4.927105597318716
3,0.7000000000000001,16.127394113776113,3.218845840155081
4,0.9000000000000001,6.724130706255816,1.8109793373213576
