,discretized_reward_proportion,interconnectivity_strength_mean,interconnectivity_strength_err
0,0.1,30.585718722523755,2.330440730655129
1,0.30000000000000004,19.517617508986888,2.2260899647985117
2,0.5000000000000001,18.927169159516488,2.685378394389362
3,0.7000000000000001,11.833166415183497,1.4240927731731294
4,0.9000000000000001,7.663996636442118,0.8317244422646606
