,discretized_reward_proportion,interconnectivity_strength_mean,interconnectivity_strength_err
0,0.1,0.12,0.06499230723708768
1,0.30000000000000004,5.809243502001062,2.960214348804163
2,0.5000000000000001,13.928690199631333,4.3392832901928475
3,0.7000000000000001,6.721779930090612,2.1415123040749684
4,0.9000000000000001,1.6362155939807421,0.8622679749011565
