,discretized_reward_proportion,interconnectivity_strength_mean,interconnectivity_strength_err
0,0.1,27.43268121073927,3.63020563065825
1,0.30000000000000004,12.758437374570299,3.407726324432901
2,0.5000000000000001,19.42260679393775,3.4737059482051356
3,0.7000000000000001,13.237718343694509,3.5204920580537507
4,0.9000000000000001,1.2450014524326365,1.216376903082318
