,discretized_reward_proportion,interconnectivity_strength_mean,interconnectivity_strength_err
0,0.1,8.607197282094702,0.30122603400645853
1,0.30000000000000004,7.671322600420973,0.3421458961865
2,0.5000000000000001,6.292909813218308,0.26187805145405535
3,0.7000000000000001,6.370232957131099,0.13187788623140184
4,0.9000000000000001,6.314280820924342,0.11409953456711784
