,discretized_reward_proportion,interconnectivity_strength_mean,interconnectivity_strength_err
0,0.1,8.736735703306161,3.4102884415836723
1,0.30000000000000004,9.236873966892382,2.7675894554774296
2,0.5000000000000001,0.05263157894736842,0.025613908599594084
3,0.7000000000000001,0.0,0.0
4,0.9000000000000001,0.0,0.0
