,discretized_reward_proportion,interconnectivity_strength_mean,interconnectivity_strength_err
0,0.1,197.74284713383653,66.5178103627276
1,0.30000000000000004,168.81093155246376,72.65176444568746
2,0.5000000000000001,11.647942760780904,8.096070413225025
3,0.7000000000000001,25.039150757686542,6.928896384469509
4,0.9000000000000001,18.396484369070897,4.572831958036057
