,discretized_reward_proportion,interconnectivity_strength_mean,interconnectivity_strength_err
0,0.1,42.27268577151176,2.0502709954526783
1,0.30000000000000004,37.95564821288829,4.3772211727686035
2,0.5000000000000001,33.94512808843871,3.9248428341779382
3,0.7000000000000001,29.874465016595895,4.701417427193388
4,0.9000000000000001,30.327231185775233,2.834511445211752
