,discretized_reward_proportion,interconnectivity_strength_mean,interconnectivity_strength_err
0,0.1,73.22444035491742,18.483738515483985
1,0.30000000000000004,44.46729824165619,5.545395952587527
2,0.5000000000000001,28.78162268611525,4.603374629033759
3,0.7000000000000001,35.607847343155825,2.702836877953142
4,0.9000000000000001,44.55661063542506,3.589483566985954
