,discretized_reward_proportion,interconnectivity_strength_mean,interconnectivity_strength_err
0,0.1,60.630776846952976,10.734078404218009
1,0.30000000000000004,75.38645774149725,8.845480375889865
2,0.5000000000000001,20.657125170080683,4.195527392150258
3,0.7000000000000001,21.432799227122274,1.6259883043978687
4,0.9000000000000001,16.800352653066497,1.3190304968963786
