,discretized_reward_proportion,interconnectivity_strength_mean,interconnectivity_strength_err
0,0.1,13.715657302196558,1.4410204642747058
1,0.30000000000000004,9.407608012610517,1.0845857073051781
2,0.5000000000000001,12.917280560222787,1.3536705324868332
3,0.7000000000000001,14.09447484794639,0.9313551952630512
4,0.9000000000000001,9.892987901575516,0.9275427802050553
