,discretized_reward_proportion,interconnectivity_strength_mean,interconnectivity_strength_err
0,0.1,177.2128393360048,55.041787358624255
1,0.30000000000000004,168.63060129449764,31.30677657029543
2,0.5000000000000001,72.44971685960773,13.683240582564544
3,0.7000000000000001,107.4639368171098,15.728012150553788
4,0.9000000000000001,50.65527823886495,12.005459361118051
