,discretized_reward_proportion,interconnectivity_strength_mean,interconnectivity_strength_err
0,0.1,10.388150802096185,0.1958739693773446
1,0.30000000000000004,10.43516227748915,0.351455290893056
2,0.5000000000000001,9.938576713067357,0.34809502910029355
3,0.7000000000000001,8.788683302217235,0.69253608948917
4,0.9000000000000001,6.851600855401855,0.3665553674094204
