,discretized_reward_proportion,interconnectivity_strength_mean,interconnectivity_strength_err
0,0.1,16.789932521378283,1.9226272442110024
1,0.30000000000000004,13.096593647851243,1.570129322630592
2,0.5000000000000001,19.057558378452896,1.8177420164987392
3,0.7000000000000001,20.240946184681995,1.1994222641476757
4,0.9000000000000001,19.43599681591273,1.2084446329457703
