,discretized_reward_proportion,interconnectivity_strength_mean,interconnectivity_strength_err
0,0.1,42.000705090230966,3.8551914212114
1,0.30000000000000004,36.34973671786423,4.051707119542259
2,0.5000000000000001,43.065030773772726,8.674849870601928
3,0.7000000000000001,94.57728597485519,11.74392055424297
4,0.9000000000000001,94.60767840975866,8.739677460019193
