,discretized_reward_proportion,interconnectivity_strength_mean,interconnectivity_strength_err
0,0.1,7.622959906125538,0.24626232254597666
1,0.30000000000000004,6.5743023522916895,0.706168119077147
2,0.5000000000000001,6.4614716330035025,0.6272466268934632
3,0.7000000000000001,9.712492682493279,0.8607825545749171
4,0.9000000000000001,7.4774879813327155,0.7513387088264005
