,discretized_reward_proportion,interconnectivity_strength_mean,interconnectivity_strength_err
0,0.1,81.12596074758225,18.104029765295518
1,0.30000000000000004,98.97386184203721,36.17948798856248
2,0.5000000000000001,65.45733672835614,13.285080160538826
3,0.7000000000000001,86.8313496056512,20.743540680770067
4,0.9000000000000001,79.06369695664371,14.698633494255432
