,discretized_reward_proportion,interconnectivity_strength_mean,interconnectivity_strength_err
0,0.1,0.4444444444444444,0.0676200688277983
1,0.30000000000000004,0.3010752688172043,0.047567603428756045
2,0.5000000000000001,0.25,0.049669963389939134
3,0.7000000000000001,0.21875,0.051674830294230284
4,0.9000000000000001,0.12903225806451613,0.04257496887716708
