,discretized_reward_proportion,interconnectivity_strength_mean,interconnectivity_strength_err
0,0.1,46.611416111745385,4.665829932780875
1,0.30000000000000004,15.881798935358027,3.1855789832497963
2,0.5000000000000001,5.522123685973011,0.26487482499253423
3,0.7000000000000001,4.611185641760422,0.3506829154414641
4,0.9000000000000001,3.515738340393709,0.19589095791848954
