,discretized_reward_proportion,interconnectivity_strength_mean,interconnectivity_strength_err
0,0.1,12.239135223166635,0.49687525960424894
1,0.30000000000000004,8.207414644630786,0.4639612898479329
2,0.5000000000000001,8.018955918964831,0.429509749979243
3,0.7000000000000001,7.769972000518291,0.3303892292927287
4,0.9000000000000001,8.9874631346159,0.4448814512898623
