,discretized_reward_proportion,interconnectivity_strength_mean,interconnectivity_strength_err
0,0.1,30.81008306351747,1.4557621729521006
1,0.30000000000000004,19.207447878301473,1.5774474869713009
2,0.5000000000000001,28.971181784900097,5.362756470638227
3,0.7000000000000001,13.071760439115263,0.8524234609215329
4,0.9000000000000001,10.739174066102706,0.7846876549811961
