,discretized_reward_proportion,interconnectivity_strength_mean,interconnectivity_strength_err
0,0.1,34.85368649694955,3.1318281388828546
1,0.30000000000000004,29.417299256710894,3.9215699712269108
2,0.5000000000000001,17.76989336689053,2.2857610016078067
3,0.7000000000000001,12.089988687164192,0.815416597253549
4,0.9000000000000001,10.815161245095082,1.0576070783791816
