,discretized_reward_proportion,interconnectivity_strength_mean,interconnectivity_strength_err
0,0.1,1.9713663686446268,0.6522357876063488
1,0.30000000000000004,4.569990053416699,1.5381198462056518
2,0.5000000000000001,8.789762305056902,2.2119027119704344
3,0.7000000000000001,10.762046430232292,2.619023205034851
4,0.9000000000000001,10.039854003205702,2.4945893830688015
