,discretized_reward_proportion,interconnectivity_strength_mean,interconnectivity_strength_err
0,0.1,28.08227630466511,2.520424244941135
1,0.30000000000000004,34.16656819945078,3.8572453017174073
2,0.5000000000000001,14.341522187346241,1.0667078846417595
3,0.7000000000000001,14.547885079703319,0.6462860360649253
4,0.9000000000000001,13.595533389897353,0.7898941187843341
