,discretized_reward_proportion,interconnectivity_strength_mean,interconnectivity_strength_err
0,0.1,25.583098352148106,3.1179456938894976
1,0.30000000000000004,17.756398986962633,2.6355989640398185
2,0.5000000000000001,12.222819298351684,1.1228786522225007
3,0.7000000000000001,10.630224844679077,1.1602681859874249
4,0.9000000000000001,18.022003968084707,2.5228393074690056
