,discretized_reward_proportion,interconnectivity_strength_mean,interconnectivity_strength_err
0,0.1,53.28557107049985,4.104511107531956
1,0.30000000000000004,12.795158761082256,2.2431681433051263
2,0.5000000000000001,5.4674405123932495,0.9704990455050492
3,0.7000000000000001,8.934751046147154,3.9790862057724397
4,0.9000000000000001,61.2125241480527,7.4374629860051
