,discretized_reward_proportion,interconnectivity_strength_mean,interconnectivity_strength_err
0,0.1,32.942858804581064,2.497257219027421
1,0.30000000000000004,15.128146977995863,2.7390170916172
2,0.5000000000000001,15.774535006543015,2.0065993819550347
3,0.7000000000000001,31.749303195878543,5.394638321484271
4,0.9000000000000001,17.20696824679489,2.0609837397039787
