,discretized_reward_proportion,interconnectivity_strength_mean,interconnectivity_strength_err
0,0.1,37.862363422597454,3.0257470879030794
1,0.30000000000000004,35.484781449024275,4.355211586078733
2,0.5000000000000001,21.5794858739353,3.225166101953746
3,0.7000000000000001,14.266019658060511,1.9513189589112596
4,0.9000000000000001,16.35440408681942,1.8650780181283664
