,discretized_reward_proportion,interconnectivity_strength_mean,interconnectivity_strength_err
0,0.1,17.581953965345317,0.6113222360952281
1,0.30000000000000004,27.111183113329265,2.4388076174209194
2,0.5000000000000001,25.052120608082113,1.1187594113563446
3,0.7000000000000001,21.19526568707158,1.5807801844410687
4,0.9000000000000001,12.480638533111721,0.9149559860512362
