,discretized_reward_proportion,interconnectivity_strength_mean,interconnectivity_strength_err
0,0.1,25.631129132247132,1.3236095165953181
1,0.30000000000000004,24.460274044405864,2.333976253879525
2,0.5000000000000001,24.786917264392137,3.0191936838215234
3,0.7000000000000001,18.01824026756294,1.0543656848299114
4,0.9000000000000001,18.080856467933646,0.9806163675153258
