,discretized_reward_proportion,interconnectivity_strength_mean,interconnectivity_strength_err
0,0.1,9.719078178822965,0.7494885744104077
1,0.30000000000000004,8.445740064874967,0.8518403960199323
2,0.5000000000000001,10.674832792208658,2.09152777634173
3,0.7000000000000001,5.9434217533922835,0.36164727394623125
4,0.9000000000000001,5.782339861415297,0.5611351982473851
