,discretized_reward_proportion,interconnectivity_strength_mean,interconnectivity_strength_err
0,0.1,63.506481698682975,11.47269699634371
1,0.30000000000000004,45.10729205968294,8.604388066256599
2,0.5000000000000001,16.443608959301596,3.8452366572675674
3,0.7000000000000001,18.318309693134797,2.8057042099194542
4,0.9000000000000001,24.93276660539067,3.0450197327103155
