,discretized_reward_proportion,interconnectivity_strength_mean,interconnectivity_strength_err
0,0.1,48.61733527511053,2.446291671124717
1,0.30000000000000004,62.02855653288826,5.871340428257601
2,0.5000000000000001,41.84837321022581,3.5771784566167217
3,0.7000000000000001,39.89992143117698,5.5654857479002136
4,0.9000000000000001,45.81367597033866,4.7091061033468105
