,discretized_reward_proportion,interconnectivity_strength_mean,interconnectivity_strength_err
0,0.1,149.85637735788407,40.196064446985886
1,0.30000000000000004,118.49409685332095,28.899968212363806
2,0.5000000000000001,59.01343546916644,12.423479767132628
3,0.7000000000000001,40.38314558908755,10.556833194140202
4,0.9000000000000001,53.44273746755011,14.990160004087855
