,discretized_reward_proportion,interconnectivity_strength_mean,interconnectivity_strength_err
0,0.1,147.01102859656544,39.1097109578555
1,0.30000000000000004,70.61344040138911,11.25969082384732
2,0.5000000000000001,54.36821284554975,16.43825155791291
3,0.7000000000000001,20.22666528650754,1.860572738433904
4,0.9000000000000001,31.045586524093448,2.216194022878297
