,discretized_reward_proportion,interconnectivity_strength_mean,interconnectivity_strength_err
0,0.1,12.767572093155596,0.48051978327895745
1,0.30000000000000004,10.128545143194925,1.2876372917733119
2,0.5000000000000001,33.04665572988804,4.3231881527039615
3,0.7000000000000001,23.48496721553764,1.6745041025973706
4,0.9000000000000001,22.70964674489176,1.7663635095274248
