,discretized_reward_proportion,interconnectivity_strength_mean,interconnectivity_strength_err
0,0.1,29.940082199485165,3.4702778216067522
1,0.30000000000000004,33.017377949247106,3.824379523835494
2,0.5000000000000001,23.234383284759783,4.740431216662675
3,0.7000000000000001,17.330877745796304,4.166391363041081
4,0.9000000000000001,12.077186612426685,1.5626458630102427
