,discretized_reward_proportion,interconnectivity_strength_mean,interconnectivity_strength_err
0,0.1,56.5320368592369,4.3063494382142204
1,0.30000000000000004,29.147275703350225,6.549192256672088
2,0.5000000000000001,42.94166886186967,7.94221022498443
3,0.7000000000000001,30.90729753967974,9.401627360792764
4,0.9000000000000001,26.77226613893873,5.905967811512464
