,discretized_reward_proportion,interconnectivity_strength_mean,interconnectivity_strength_err
0,0.1,10.395087660602806,0.1920497900504321
1,0.30000000000000004,9.798403287364033,0.3837158722468131
2,0.5000000000000001,9.192091446987064,0.41280367556161274
3,0.7000000000000001,6.4051614867474695,0.381846797243577
4,0.9000000000000001,4.831147114923047,0.16806955208245836
