,discretized_reward_proportion,interconnectivity_strength_mean,interconnectivity_strength_err
0,0.1,31.168722158506483,1.6099874318934215
1,0.30000000000000004,56.573388078193325,10.81869001261023
2,0.5000000000000001,62.50627619082291,7.51176682033875
3,0.7000000000000001,62.177839215610256,12.244773735459102
4,0.9000000000000001,33.50761950690918,1.9732013923157328
