,discretized_reward_proportion,interconnectivity_strength_mean,interconnectivity_strength_err
0,0.1,13.652376755206928,6.008997058514981
1,0.30000000000000004,25.142859422823292,5.54134341927371
2,0.5000000000000001,16.417944963329074,4.867901789024463
3,0.7000000000000001,0.18518518518518517,0.05286103941837502
4,0.9000000000000001,0.12121212121212122,0.05681435554915709
