,discretized_reward_proportion,interconnectivity_strength_mean,interconnectivity_strength_err
0,0.1,75.01708945621411,16.230870816003883
1,0.30000000000000004,39.736986476981876,13.09028854048471
2,0.5000000000000001,28.289054189973168,4.231502263832637
3,0.7000000000000001,19.97425379908218,1.9420922712851545
4,0.9000000000000001,12.254386680232964,1.4941104805582053
