,discretized_reward_proportion,interconnectivity_strength_mean,interconnectivity_strength_err
0,0.1,12.47386128917849,0.9391676553763368
1,0.30000000000000004,6.886486659775138,0.25902732707573395
2,0.5000000000000001,6.302593250888961,0.21528347046286428
3,0.7000000000000001,7.093492096045709,0.3529343419373956
4,0.9000000000000001,6.4938682028617745,0.16408005654749896
