,discretized_reward_proportion,interconnectivity_strength_mean,interconnectivity_strength_err
0,0.1,29.774512238965006,1.6192729235134233
1,0.30000000000000004,18.176287600456202,2.39138856285059
2,0.5000000000000001,26.672599782119487,1.5799308715834406
3,0.7000000000000001,29.884150115171167,1.1393143533261352
4,0.9000000000000001,27.1340798668402,1.2135044247792088
