,discretized_reward_proportion,interconnectivity_strength_mean,interconnectivity_strength_err
0,0.1,168.73520519478615,16.442973029598566
1,0.30000000000000004,123.24169444797066,19.700200595232406
2,0.5000000000000001,41.660401603129394,12.188326578557728
3,0.7000000000000001,0.35714285714285715,0.09055224157805535
4,0.9000000000000001,0.5454545454545454,0.10615894693111676
