,discretized_reward_proportion,interconnectivity_strength_mean,interconnectivity_strength_err
0,0.1,28.342408846971225,2.8247930816274294
1,0.30000000000000004,21.801664541839077,1.4183924753886696
2,0.5000000000000001,17.768909002414077,1.4261112177162418
3,0.7000000000000001,18.110725114114345,0.8778095090769464
4,0.9000000000000001,19.15569332326957,1.0008245913560363
