,discretized_reward_proportion,interconnectivity_strength_mean,interconnectivity_strength_err
0,0.1,9.371045968638828,0.3379813368073629
1,0.30000000000000004,12.51763138883714,1.5273943463193043
2,0.5000000000000001,14.114036030809853,2.2126899093166665
3,0.7000000000000001,6.96232967653187,1.297303701934024
4,0.9000000000000001,4.550380449554248,1.2825387770855063
