,discretized_reward_proportion,interconnectivity_strength_mean,interconnectivity_strength_err
0,0.1,15.221219969591342,0.39953083701363457
1,0.30000000000000004,10.971974202085125,0.573867928974473
2,0.5000000000000001,9.54792259240218,0.43921858554664167
3,0.7000000000000001,10.055396882397945,0.5204490749952092
4,0.9000000000000001,8.382609541208232,0.1665401397689502
