,discretized_reward_proportion,interconnectivity_strength_mean,interconnectivity_strength_err
0,0.1,14.649766896129137,1.268049783351932
1,0.30000000000000004,16.763745602083137,0.9734366009540152
2,0.5000000000000001,16.315096411297322,1.4913565763211445
3,0.7000000000000001,138.14648264596283,31.68107868897636
4,0.9000000000000001,139.6777590683255,34.86459222447775
