,discretized_reward_proportion,interconnectivity_strength_mean,interconnectivity_strength_err
0,0.1,40.27223139927032,8.950682230238401
1,0.30000000000000004,52.109810850331264,8.608050642562882
2,0.5000000000000001,74.58293962466577,10.424964212551995
3,0.7000000000000001,68.70937764253182,8.321929828601098
4,0.9000000000000001,94.44614256180506,9.704869076130139
