,discretized_reward_proportion,interconnectivity_strength_mean,interconnectivity_strength_err
0,0.1,24.06940747830229,4.347998348192017
1,0.30000000000000004,25.343167366069114,4.801848612668986
2,0.5000000000000001,25.05930346381858,5.799928867545982
3,0.7000000000000001,14.831555968906027,1.865353837681121
4,0.9000000000000001,18.573549070236663,1.2697048383016862
