,discretized_reward_proportion,interconnectivity_strength_mean,interconnectivity_strength_err
0,0.1,27.346222604528865,3.413551455908257
1,0.30000000000000004,34.92335418807614,5.344460500604442
2,0.5000000000000001,9.808948981495313,2.654414552861748
3,0.7000000000000001,19.688591911798238,4.01776553706702
4,0.9000000000000001,17.327836546825505,3.1155076910181805
