,discretized_reward_proportion,interconnectivity_strength_mean,interconnectivity_strength_err
0,0.1,55.69797049865865,8.6902577300442
1,0.30000000000000004,39.118108515033306,6.9034008934052284
2,0.5000000000000001,26.795357301904442,3.5890410950838025
3,0.7000000000000001,61.59991542446688,22.495783221786976
4,0.9000000000000001,29.23394691516254,3.056274067287056
