,discretized_reward_proportion,interconnectivity_strength_mean,interconnectivity_strength_err
0,0.1,13.178943709033389,0.26524030716717073
1,0.30000000000000004,12.346195520021922,0.2616996652644632
2,0.5000000000000001,12.296237715852731,0.3968922295642727
3,0.7000000000000001,15.60505404225418,0.6648181739138721
4,0.9000000000000001,,
