,discretized_reward_proportion,interconnectivity_strength_mean,interconnectivity_strength_err
0,0.1,6.151218584328217,1.3545351211968233
1,0.30000000000000004,9.368651879801734,1.6651907102677976
2,0.5000000000000001,11.804281278674546,1.210659419483834
3,0.7000000000000001,13.789095708840781,1.768052574030404
4,0.9000000000000001,24.700391263327095,3.4980489699657435
