,discretized_reward_proportion,interconnectivity_strength_mean,interconnectivity_strength_err
0,0.1,18.25489972340337,2.2022151535718755
1,0.30000000000000004,15.426959787249855,2.3715242018520013
2,0.5000000000000001,18.07942758313341,3.558396052249975
3,0.7000000000000001,18.06732700321029,1.7639970744269409
4,0.9000000000000001,14.212477659167279,0.4081687753684523
