,discretized_reward_proportion,interconnectivity_strength_mean,interconnectivity_strength_err
0,0.1,5.611894257207479,0.17613972692883026
1,0.30000000000000004,6.251453686056905,0.6211937492775235
2,0.5000000000000001,9.084057259588258,0.7943516042742776
3,0.7000000000000001,10.718917193775097,0.7115180849722844
4,0.9000000000000001,7.6560012441809615,0.3310650262394867
