,discretized_reward_proportion,interconnectivity_strength_mean,interconnectivity_strength_err
0,0.1,0.0,0.0
1,0.30000000000000004,0.0,0.0
2,0.5000000000000001,11.953778893159221,3.277484700798479
3,0.7000000000000001,20.541882240831598,3.6254068243060344
4,0.9000000000000001,25.35451955647419,3.629169532224849
