,discretized_reward_proportion,interconnectivity_strength_mean,interconnectivity_strength_err
0,0.1,5.197084806231168,0.8579141055051879
1,0.30000000000000004,6.011024718800286,1.2622531848846257
2,0.5000000000000001,13.725748626996818,2.0660488090694322
3,0.7000000000000001,9.371779651398654,0.7660736029353804
4,0.9000000000000001,6.428209299772918,0.5322738892100304
