,discretized_reward_proportion,interconnectivity_strength_mean,interconnectivity_strength_err
0,0.1,43.921548634962654,4.958591059005064
1,0.30000000000000004,32.7031602630149,3.249363273672231
2,0.5000000000000001,25.56971830905256,1.7386801412255746
3,0.7000000000000001,24.499206318277757,2.8448997866954424
4,0.9000000000000001,17.621834988854886,2.3563780772249125
