,discretized_reward_proportion,interconnectivity_strength_mean,interconnectivity_strength_err
0,0.1,16.40952391605301,2.585520642343389
1,0.30000000000000004,6.402927030407558,1.0693394079859349
2,0.5000000000000001,12.48443814064557,4.305335373552861
3,0.7000000000000001,10.33773451569344,1.0755130600204144
4,0.9000000000000001,7.723395358358259,0.44868384497009306
