,discretized_reward_proportion,interconnectivity_strength_mean,interconnectivity_strength_err
0,0.1,49.37783044529144,9.41942461442235
1,0.30000000000000004,4.782781268489554,0.79191309725533
2,0.5000000000000001,7.289857641044047,0.8006841341149624
3,0.7000000000000001,12.640381835733324,1.4418133417106078
4,0.9000000000000001,12.875992361962735,1.2034528387572028
