,discretized_reward_proportion,interconnectivity_strength_mean,interconnectivity_strength_err
0,0.1,109.41993841306657,16.44048085115953
1,0.30000000000000004,35.57092810895574,5.135692523860715
2,0.5000000000000001,33.872569920402285,5.533548701638212
3,0.7000000000000001,63.21402877004753,21.360044603503145
4,0.9000000000000001,4.304409657276216,2.872714220798538
