,discretized_reward_proportion,interconnectivity_strength_mean,interconnectivity_strength_err
0,0.1,22.18059031646519,0.8356157709442523
1,0.30000000000000004,27.37699492417415,3.028853663182683
2,0.5000000000000001,22.917456681514167,1.7031023300464432
3,0.7000000000000001,27.02551415716286,2.0600005804504247
4,0.9000000000000001,20.53782461138059,1.0302482408288574
