,discretized_reward_proportion,interconnectivity_strength_mean,interconnectivity_strength_err
0,0.1,30.65177641260063,5.117104112223659
1,0.30000000000000004,21.970811652437,3.7070822686191205
2,0.5000000000000001,20.672970863056978,1.9359867059718074
3,0.7000000000000001,21.827437979373144,1.3790911585878938
4,0.9000000000000001,22.422034948711314,1.1124957198154666
