,discretized_reward_proportion,interconnectivity_strength_mean,interconnectivity_strength_err
0,0.1,41.91344958622049,4.109154980620136
1,0.30000000000000004,36.45791151794435,5.247298638868725
2,0.5000000000000001,17.468766358572278,1.0461493180298644
3,0.7000000000000001,21.852632535993695,1.912686235081213
4,0.9000000000000001,30.940131822264426,3.3372476300309075
