,discretized_reward_proportion,interconnectivity_strength_mean,interconnectivity_strength_err
0,0.1,92.45722655983766,15.599347676858201
1,0.30000000000000004,81.69615869889464,26.441345082341762
2,0.5000000000000001,0.29508196721311475,0.05839500874678362
3,0.7000000000000001,0.03571428571428571,0.03507073235935592
4,0.9000000000000001,0.0,0.0
