,discretized_reward_proportion,interconnectivity_strength_mean,interconnectivity_strength_err
0,0.1,14.912617665181674,2.405727482844359
1,0.30000000000000004,9.735305140354418,1.5192084998387374
2,0.5000000000000001,6.7667364547244135,0.18186233486459472
3,0.7000000000000001,7.188985417357559,0.36985557008720454
4,0.9000000000000001,7.963790303939586,0.7737030048860889
