,discretized_reward_proportion,interconnectivity_strength_mean,interconnectivity_strength_err
0,0.1,192.9268867469872,15.63882208604037
1,0.30000000000000004,159.88140572029818,21.52157643340034
2,0.5000000000000001,60.2732447679594,19.568348792823993
3,0.7000000000000001,18.661030756482003,7.088013610317718
4,0.9000000000000001,10.676673996631086,4.8158471913438134
