,discretized_reward_proportion,interconnectivity_strength_mean,interconnectivity_strength_err
0,0.1,15.354969911654837,2.7892153541905365
1,0.30000000000000004,22.0658580758536,3.308148323457232
2,0.5000000000000001,4.022452224111315,2.0448705954976374
3,0.7000000000000001,5.341927176943639,1.7838238447761556
4,0.9000000000000001,12.692719607351624,3.173609299584078
