,discretized_reward_proportion,interconnectivity_strength_mean,interconnectivity_strength_err
0,0.1,23.72802113861767,2.0844068381597434
1,0.30000000000000004,28.150202357667037,5.659868963924
2,0.5000000000000001,23.833931071599842,4.2956911170942265
3,0.7000000000000001,17.531830368461176,2.1318037008727178
4,0.9000000000000001,24.108382466895893,3.1458779737808946
