,discretized_reward_proportion,interconnectivity_strength_mean,interconnectivity_strength_err
0,0.1,9.655391548132203,1.952264678848597
1,0.30000000000000004,15.4642602008212,1.4444360518267552
2,0.5000000000000001,6.2852647471150025,0.7134329705625587
3,0.7000000000000001,6.660011780848077,0.5471060082861082
4,0.9000000000000001,5.881985774458043,0.5531220532220376
