,discretized_reward_proportion,interconnectivity_strength_mean,interconnectivity_strength_err
0,0.1,65.60983084526416,7.79757927355133
1,0.30000000000000004,40.865433848535446,7.4134343141391135
2,0.5000000000000001,21.1786004192781,5.352098863725601
3,0.7000000000000001,0.21428571428571427,0.07754430690597279
4,0.9000000000000001,0.0,0.0
