,discretized_reward_proportion,interconnectivity_strength_mean,interconnectivity_strength_err
0,0.1,16.126063841080683,4.0863174233667525
1,0.30000000000000004,14.209366917487928,5.323745649271873
2,0.5000000000000001,17.171052347391605,3.8376356702493837
3,0.7000000000000001,15.20459427941664,2.9892316461587782
4,0.9000000000000001,8.885950571622102,2.2916170746948326
