,discretized_reward_proportion,interconnectivity_strength_mean,interconnectivity_strength_err
0,0.1,35.06025385163336,4.026660310367319
1,0.30000000000000004,22.917054858924914,2.7828740633533733
2,0.5000000000000001,13.997050621310054,1.6888827067870007
3,0.7000000000000001,18.68653005561586,1.7501561968877428
4,0.9000000000000001,11.030716197573428,0.4628731387511706
