,discretized_reward_proportion,interconnectivity_strength_mean,interconnectivity_strength_err
0,0.1,23.9175030541986,2.9791427072305776
1,0.30000000000000004,14.60527100824074,3.088005298411862
2,0.5000000000000001,49.959939076131796,8.362294466349406
3,0.7000000000000001,41.24781426042737,9.932711440082574
4,0.9000000000000001,47.48570512286303,4.948832062728357
