,discretized_reward_proportion,interconnectivity_strength_mean,interconnectivity_strength_err
0,0.1,0.46296296296296297,0.06785445451786482
1,0.30000000000000004,0.11827956989247312,0.03348720077086181
2,0.5000000000000001,2.1799069490805225,0.9636263758085644
3,0.7000000000000001,10.817265588249326,3.28551383457727
4,0.9000000000000001,41.76053076241257,8.183959861181291
