,discretized_reward_proportion,interconnectivity_strength_mean,interconnectivity_strength_err
0,0.1,10.436179340535206,0.580717223670792
1,0.30000000000000004,8.509670459182393,0.2624296048420582
2,0.5000000000000001,8.003761162402945,0.3458238286349187
3,0.7000000000000001,6.073784851742753,0.19698348441781754
4,0.9000000000000001,5.112068823552386,0.11930404464608484
