,discretized_reward_proportion,interconnectivity_strength_mean,interconnectivity_strength_err
0,0.1,11.628915244894644,0.20382179403467296
1,0.30000000000000004,10.79432835553083,0.1788376922915486
2,0.5000000000000001,11.600973418127804,0.5144763145781254
3,0.7000000000000001,14.436104953049968,0.8652889014536037
4,0.9000000000000001,14.636955981993648,0.7771879612301946
