,discretized_reward_proportion,interconnectivity_strength_mean,interconnectivity_strength_err
0,0.1,50.89495792280618,7.0269781563469005
1,0.30000000000000004,8.23474266834369,3.6169271836222188
2,0.5000000000000001,21.256984108452855,9.136674641658459
3,0.7000000000000001,59.463141159166014,11.384348064485442
4,0.9000000000000001,36.499122590402635,7.152240478946834
