,discretized_reward_proportion,interconnectivity_strength_mean,interconnectivity_strength_err
0,0.1,12.578401060607257,0.749362608892624
1,0.30000000000000004,24.183338639311962,4.35179612507105
2,0.5000000000000001,25.964514331659352,3.3843688253927113
3,0.7000000000000001,15.990710944068335,1.3228865929459914
4,0.9000000000000001,15.965191552413025,1.018972343838091
