,discretized_reward_proportion,interconnectivity_strength_mean,interconnectivity_strength_err
0,0.1,54.77230445431121,5.452248650647197
1,0.30000000000000004,49.776624823947905,6.382080570752501
2,0.5000000000000001,45.11622509338644,6.0753585680858455
3,0.7000000000000001,38.771370622784445,3.4553563988378446
4,0.9000000000000001,39.49750476506295,5.950480721690422
