,discretized_reward_proportion,interconnectivity_strength_mean,interconnectivity_strength_err
0,0.1,26.110519584620437,1.044903219297023
1,0.30000000000000004,20.710898813132864,1.781590860285743
2,0.5000000000000001,22.173080002144292,2.7330792108601982
3,0.7000000000000001,13.9908291233738,0.9598592850033937
4,0.9000000000000001,11.378744748044175,1.1807032802838235
