,discretized_reward_proportion,interconnectivity_strength_mean,interconnectivity_strength_err
0,0.1,15.4471965125508,2.2632680345131666
1,0.30000000000000004,13.605772389329733,2.2498520539426026
2,0.5000000000000001,9.09530475077202,1.7188931825781562
3,0.7000000000000001,5.017320603306498,0.33691551860599145
4,0.9000000000000001,3.465487027272598,0.3210200335382126
