,discretized_reward_proportion,interconnectivity_strength_mean,interconnectivity_strength_err
0,0.1,95.87891030200286,6.7710669264589916
1,0.30000000000000004,90.29403542306018,8.651123145720383
2,0.5000000000000001,132.91881656914032,19.991959932113016
3,0.7000000000000001,90.86842177802421,19.33383546707129
4,0.9000000000000001,39.66433016103381,6.295782527806178
