,discretized_reward_proportion,interconnectivity_strength_mean,interconnectivity_strength_err
0,0.1,13.005857404347944,0.22419040658071232
1,0.30000000000000004,8.658400048444292,0.45691331381955597
2,0.5000000000000001,7.2817331514426655,0.42179982334034144
3,0.7000000000000001,5.696135154355647,0.3095800543882621
4,0.9000000000000001,5.234128783611502,0.16158543170415454
