,discretized_reward_proportion,interconnectivity_strength_mean,interconnectivity_strength_err
0,0.1,14.873970262796043,5.470057794723595
1,0.30000000000000004,48.3894761774567,12.397627190016223
2,0.5000000000000001,31.728062129497463,5.420042961090772
3,0.7000000000000001,37.04497154351054,2.6330784251437667
4,0.9000000000000001,24.67774632221844,1.5053924788639768
