,discretized_reward_proportion,interconnectivity_strength_mean,interconnectivity_strength_err
0,0.1,9.52181503421199,0.7232733670742085
1,0.30000000000000004,11.992332032225933,0.8609951895253364
2,0.5000000000000001,11.318837926186642,0.6525727595033726
3,0.7000000000000001,11.830832250408884,0.736028745626242
4,0.9000000000000001,12.820547543125613,0.6151793396594951
