,discretized_reward_proportion,interconnectivity_strength_mean,interconnectivity_strength_err
0,0.1,3.289907243978315,0.16107783426549746
1,0.30000000000000004,4.011093461760121,0.20033765279240795
2,0.5000000000000001,4.515175091142276,0.1689966927636685
3,0.7000000000000001,4.762711788934142,0.13406824309017298
4,0.9000000000000001,4.512392770928688,0.11778864109149288
