,discretized_reward_proportion,interconnectivity_strength_mean,interconnectivity_strength_err
0,0.1,65.33193827363034,13.050676490899416
1,0.30000000000000004,0.6666666666666666,0.08606629658238703
2,0.5000000000000001,0.0,0.0
3,0.7000000000000001,7.872916553623253,2.0583981962468694
4,0.9000000000000001,15.2759379756644,2.506518721000694
