,discretized_reward_proportion,interconnectivity_strength_mean,interconnectivity_strength_err
0,0.1,16.506864418998656,2.285716806007134
1,0.30000000000000004,14.321716196196936,1.7544669480927355
2,0.5000000000000001,10.753261938206338,1.612337452390586
3,0.7000000000000001,7.505679925663661,0.4525932849309932
4,0.9000000000000001,8.170981378023491,0.7915735131383669
