,discretized_reward_proportion,interconnectivity_strength_mean,interconnectivity_strength_err
0,0.1,63.85380605588005,9.265467901019646
1,0.30000000000000004,38.664995323924934,4.639538598726207
2,0.5000000000000001,35.43841141932503,4.48255797058336
3,0.7000000000000001,61.42670053314663,13.653361641461114
4,0.9000000000000001,45.108514906107054,9.836635892292467
