,discretized_reward_proportion,interconnectivity_strength_mean,interconnectivity_strength_err
0,0.1,129.96522773857717,21.325151441595498
1,0.30000000000000004,81.13169605759819,17.90442472437291
2,0.5000000000000001,71.24781395127908,17.441088856757812
3,0.7000000000000001,69.81424747721115,15.256851565273811
4,0.9000000000000001,171.03805425188884,32.29475335144603
