,discretized_reward_proportion,interconnectivity_strength_mean,interconnectivity_strength_err
0,0.1,14.55095371834422,0.7504277265973716
1,0.30000000000000004,11.613664944167468,0.8525218622417784
2,0.5000000000000001,14.961062416049165,1.4581225547281167
3,0.7000000000000001,12.78431028725323,0.9405919176444745
4,0.9000000000000001,14.878001780624503,0.9507749542135436
