,discretized_reward_proportion,interconnectivity_strength_mean,interconnectivity_strength_err
0,0.1,65.35649043471265,8.406993619797218
1,0.30000000000000004,45.27062410779554,19.596563262351744
2,0.5000000000000001,97.62780053451573,31.225423510486745
3,0.7000000000000001,123.68390093924089,25.388404292234217
4,0.9000000000000001,54.64670002891915,9.812946474970985
