,discretized_reward_proportion,interconnectivity_strength_mean,interconnectivity_strength_err
0,0.1,72.09365037597321,3.803809578292312
1,0.30000000000000004,33.66856095100095,4.933518068760935
2,0.5000000000000001,29.90646896643456,3.869765188287819
3,0.7000000000000001,30.22394958335844,7.790892777797531
4,0.9000000000000001,23.2295804326549,4.784796352502225
