,discretized_reward_proportion,interconnectivity_strength_mean,interconnectivity_strength_err
0,0.1,10.007852948123231,1.6607579835312565
1,0.30000000000000004,12.036352028793676,2.174601975759025
2,0.5000000000000001,16.029747683581263,3.1676025626485633
3,0.7000000000000001,33.0216510727837,3.3774247992247024
4,0.9000000000000001,24.465301277016792,2.5062780857286784
