,discretized_reward_proportion,interconnectivity_strength_mean,interconnectivity_strength_err
0,0.1,21.762618200379798,1.0564871740719333
1,0.30000000000000004,21.210666243610703,1.1547240986377965
2,0.5000000000000001,25.95458784913195,2.9661412366440816
3,0.7000000000000001,21.925765976609117,1.5427503032152607
4,0.9000000000000001,21.777546049333214,2.291111810837978
