,discretized_reward_proportion,interconnectivity_strength_mean,interconnectivity_strength_err
0,0.1,32.417951209868015,6.554685347020695
1,0.30000000000000004,31.4565566419835,7.52285513790235
2,0.5000000000000001,38.790462311542065,10.281215948699403
3,0.7000000000000001,4.481843977318443,1.0535060822448632
4,0.9000000000000001,0.46748566717108814,0.456737433484807
