,discretized_reward_proportion,interconnectivity_strength_mean,interconnectivity_strength_err
0,0.1,3.663864330954441,0.5642769012037531
1,0.30000000000000004,7.395055615563322,1.4360287875782096
2,0.5000000000000001,14.813630613450556,2.0285264097662714
3,0.7000000000000001,21.7876015407233,2.3839539243994894
4,0.9000000000000001,13.703611446680789,1.2745968481386092
