,discretized_reward_proportion,interconnectivity_strength_mean,interconnectivity_strength_err
0,0.1,0.9180327868852459,0.03512240634819573
1,0.30000000000000004,14.153381406832178,4.721843064765542
2,0.5000000000000001,44.440704063669514,8.555197479825926
3,0.7000000000000001,23.672593534280868,3.9319624899527783
4,0.9000000000000001,24.72658806465014,5.239671053702568
