,discretized_reward_proportion,interconnectivity_strength_mean,interconnectivity_strength_err
0,0.1,29.855522725344574,5.096428604991601
1,0.30000000000000004,14.870053208857934,3.4876466881459773
2,0.5000000000000001,9.017709730738241,1.3668690546283129
3,0.7000000000000001,1.0926461387431459,0.3411168025482347
4,0.9000000000000001,0.04838709677419355,0.02725204509637419
