,discretized_reward_proportion,interconnectivity_strength_mean,interconnectivity_strength_err
0,0.1,64.9361173788685,9.48727452699021
1,0.30000000000000004,60.104348355517594,11.445930628507906
2,0.5000000000000001,33.53768752135898,5.466142737197781
3,0.7000000000000001,40.85564069478394,8.822954788268397
4,0.9000000000000001,90.97889120990042,10.579264184023513
