,discretized_reward_proportion,interconnectivity_strength_mean,interconnectivity_strength_err
0,0.1,20.086155902671848,0.8629869753381034
1,0.30000000000000004,21.129352822046425,1.6673530962282959
2,0.5000000000000001,17.019345878587153,1.0120499569220234
3,0.7000000000000001,16.09414719172078,0.5761725365218072
4,0.9000000000000001,15.85387730894256,0.6159688878380659
