,discretized_reward_proportion,interconnectivity_strength_mean,interconnectivity_strength_err
0,0.1,9.312145707710842,0.7464127400086017
1,0.30000000000000004,8.671559668295481,0.8477461173683515
2,0.5000000000000001,8.708476563931775,1.272672086089721
3,0.7000000000000001,5.436017086651975,0.4354735424400169
4,0.9000000000000001,5.344589853618579,0.6050681882154234
