,discretized_reward_proportion,interconnectivity_strength_mean,interconnectivity_strength_err
0,0.1,25.793833837324097,3.3920514723291366
1,0.30000000000000004,25.57564865527117,3.7057990278389386
2,0.5000000000000001,16.318432108109903,2.130747831945217
3,0.7000000000000001,14.027236114331041,1.1737530254772046
4,0.9000000000000001,14.973132738604095,1.5566203138964512
