,discretized_reward_proportion,interconnectivity_strength_mean,interconnectivity_strength_err
0,0.1,12.762966395469917,1.3232423818546655
1,0.30000000000000004,11.636531645833529,0.7215982511905704
2,0.5000000000000001,9.870229705547487,0.6570913075673493
3,0.7000000000000001,10.640901710234733,0.42873290757104465
4,0.9000000000000001,10.601125764223967,0.6066086658006442
