,discretized_reward_proportion,interconnectivity_strength_mean,interconnectivity_strength_err
0,0.1,34.10416712878423,4.345222571318874
1,0.30000000000000004,22.79948981831318,6.304777133085424
2,0.5000000000000001,3.1662587576286216,1.1711333457172233
3,0.7000000000000001,4.868525262342225,1.9190873562933237
4,0.9000000000000001,4.011370281971555,0.9204250444703422
