,discretized_reward_proportion,interconnectivity_strength_mean,interconnectivity_strength_err
0,0.1,28.65382847168496,2.566834487678044
1,0.30000000000000004,24.24951349703706,2.2909962567714905
2,0.5000000000000001,19.483209817308627,2.632458310228168
3,0.7000000000000001,25.91638037819715,3.2598247972888683
4,0.9000000000000001,13.458795473798284,1.5265146550120647
