,discretized_reward_proportion,interconnectivity_strength_mean,interconnectivity_strength_err
0,0.1,40.27056563346147,7.049807023054549
1,0.30000000000000004,79.85175366046253,8.38918547488569
2,0.5000000000000001,61.62512484555645,6.1601893782674715
3,0.7000000000000001,52.77163361621124,6.955506999755426
4,0.9000000000000001,47.90947501761986,7.638422249309524
