,discretized_reward_proportion,interconnectivity_strength_mean,interconnectivity_strength_err
0,0.1,91.33836381271485,22.893789850187957
1,0.30000000000000004,32.857554821877514,3.9123466612716293
2,0.5000000000000001,55.07999545728652,6.744225108227951
3,0.7000000000000001,62.328469771059765,8.01597852680228
4,0.9000000000000001,47.476606139534724,7.996383099500141
