,discretized_reward_proportion,interconnectivity_strength_mean,interconnectivity_strength_err
0,0.1,95.22182161379088,11.375306324520597
1,0.30000000000000004,71.86788162622504,13.04430449207161
2,0.5000000000000001,124.1405861621463,14.185077537397927
3,0.7000000000000001,52.58577893199386,12.160309534779293
4,0.9000000000000001,12.074899023122521,4.275490171536796
