,discretized_reward_proportion,interconnectivity_strength_mean,interconnectivity_strength_err
0,0.1,25.009957935445023,3.9881917437549452
1,0.30000000000000004,11.014259486911582,1.398734478385307
2,0.5000000000000001,13.372282830042167,1.0196746877635976
3,0.7000000000000001,15.549178815081651,1.1443068636874238
4,0.9000000000000001,13.698562556162958,0.7294505922531512
