,discretized_reward_proportion,interconnectivity_strength_mean,interconnectivity_strength_err
0,0.1,13.834071810824213,2.6956381199162256
1,0.30000000000000004,7.359185646435845,1.1802701520054815
2,0.5000000000000001,11.809563780901183,1.538145008212401
3,0.7000000000000001,9.512497026455758,1.0075289196855597
4,0.9000000000000001,6.521638269729235,0.30797849449721953
