,discretized_reward_proportion,interconnectivity_strength_mean,interconnectivity_strength_err
0,0.1,30.642581288126664,8.233226336553791
1,0.30000000000000004,67.49671836933344,14.241962200483195
2,0.5000000000000001,24.87445252380227,4.509964635829223
3,0.7000000000000001,49.14551487850848,9.12354432011184
4,0.9000000000000001,12.683574669481608,2.6934127463699222
