,discretized_reward_proportion,interconnectivity_strength_mean,interconnectivity_strength_err
0,0.1,30.46991932425592,3.836254068901412
1,0.30000000000000004,16.244505563648325,2.7445918564238942
2,0.5000000000000001,24.51550070216421,3.394879381116724
3,0.7000000000000001,6.777889602140432,1.8213655330390197
4,0.9000000000000001,0.474771609610186,0.46385586060213213
