,discretized_reward_proportion,interconnectivity_strength_mean,interconnectivity_strength_err
0,0.1,4.83232235142793,0.6378798295627409
1,0.30000000000000004,11.615818011642945,2.154224927401957
2,0.5000000000000001,18.97213175907683,1.7688302723642884
3,0.7000000000000001,17.57456828210021,1.561213486236243
4,0.9000000000000001,20.81150095070699,1.390508617251502
