,discretized_reward_proportion,interconnectivity_strength_mean,interconnectivity_strength_err
0,0.1,36.5773826343458,4.2039837926769446
1,0.30000000000000004,27.465310710412083,3.0432030051762324
2,0.5000000000000001,24.269355326046284,3.9269122085493247
3,0.7000000000000001,15.028438083982392,0.7890663137375291
4,0.9000000000000001,11.841200116239268,0.7947494020563733
