,discretized_reward_proportion,interconnectivity_strength_mean,interconnectivity_strength_err
0,0.1,22.571736416397933,1.4078669998173081
1,0.30000000000000004,17.596334349882245,0.762999348682067
2,0.5000000000000001,12.693531532866789,1.3309944864422227
3,0.7000000000000001,9.352620166745105,1.6119037680799648
4,0.9000000000000001,6.813557166612918,1.9558023675641811
