,discretized_reward_proportion,interconnectivity_strength_mean,interconnectivity_strength_err
0,0.1,48.5271341022309,2.6776037104398775
1,0.30000000000000004,22.741245338349447,3.71994085895077
2,0.5000000000000001,8.495862237790904,3.048416516680529
3,0.7000000000000001,23.0495809951883,7.549708852137104
4,0.9000000000000001,31.909357968374987,7.0487784284019295
