,discretized_reward_proportion,interconnectivity_strength_mean,interconnectivity_strength_err
0,0.1,13.64527230694149,1.6496185912669348
1,0.30000000000000004,15.252021816925888,2.115352877298875
2,0.5000000000000001,20.194950798185644,1.9436330531822856
3,0.7000000000000001,17.35233245764059,1.8305165152244116
4,0.9000000000000001,20.362651895730867,1.986861402841352
