,discretized_reward_proportion,interconnectivity_strength_mean,interconnectivity_strength_err
0,0.1,67.8459183609617,13.633137371807118
1,0.30000000000000004,49.61314868056622,8.544405749190874
2,0.5000000000000001,29.80900004429362,5.655047057401725
3,0.7000000000000001,9.973104535851808,1.804957410389795
4,0.9000000000000001,23.618540989170487,2.3526919390230976
