,discretized_reward_proportion,interconnectivity_strength_mean,interconnectivity_strength_err
0,0.1,8.731379222493386,0.7926211233800108
1,0.30000000000000004,8.290515088537928,0.583471322432185
2,0.5000000000000001,5.934861696856805,0.2583745527839529
3,0.7000000000000001,5.851354544840554,0.2040001717543955
4,0.9000000000000001,6.5203289172895955,0.4422948616005325
