,discretized_reward_proportion,interconnectivity_strength_mean,interconnectivity_strength_err
0,0.1,11.414798741951424,0.6513075172966071
1,0.30000000000000004,9.594641757769617,0.5087677280759844
2,0.5000000000000001,8.011854919370343,0.30540909374769465
3,0.7000000000000001,7.134647785676699,0.12165731575262013
4,0.9000000000000001,6.582208715751167,0.09835880138688671
