,discretized_reward_proportion,interconnectivity_strength_mean,interconnectivity_strength_err
0,0.1,1.831100587671163,0.42662063933793304
1,0.30000000000000004,1.2359337581325083,0.3494167783375137
2,0.5000000000000001,4.24699925170944,0.3267318934982725
3,0.7000000000000001,3.620611029223222,0.4024866641397924
4,0.9000000000000001,4.527702672984821,0.1961488356543101
