,discretized_reward_proportion,interconnectivity_strength_mean,interconnectivity_strength_err
0,0.1,13.567088201709113,0.696162856278664
1,0.30000000000000004,7.055575785804798,0.645139884687157
2,0.5000000000000001,5.211921869877853,0.15477636815689244
3,0.7000000000000001,5.474333800081612,0.10849274299685234
4,0.9000000000000001,5.960650654193315,0.15068691948255306
