,discretized_reward_proportion,interconnectivity_strength_mean,interconnectivity_strength_err
0,0.1,17.951844849015956,2.5050586371091144
1,0.30000000000000004,8.53140277195091,1.2455000339584696
2,0.5000000000000001,10.929328213630775,1.1475718859903403
3,0.7000000000000001,8.604584256284523,0.4531781221285823
4,0.9000000000000001,9.087647451672492,0.7786147620536198
