,discretized_reward_proportion,interconnectivity_strength_mean,interconnectivity_strength_err
0,0.1,10.807803533662527,0.6210750445332045
1,0.30000000000000004,9.832441166621852,0.5861004182755122
2,0.5000000000000001,14.43735510704469,1.6023466210555721
3,0.7000000000000001,10.545636335648453,0.7323240944527288
4,0.9000000000000001,14.87748401465932,0.8944111327686923
