,discretized_reward_proportion,interconnectivity_strength_mean,interconnectivity_strength_err
0,0.1,21.667248925554993,1.7713086653257184
1,0.30000000000000004,19.26970953558372,1.5092178532649798
2,0.5000000000000001,17.96074462556529,1.1530357433914795
3,0.7000000000000001,18.652614729285997,2.499673536909986
4,0.9000000000000001,11.665872269622682,0.9960201433428543
