,discretized_reward_proportion,interconnectivity_strength_mean,interconnectivity_strength_err
0,0.1,53.7539123759517,5.220429797341963
1,0.30000000000000004,56.73495241999002,9.818449968183568
2,0.5000000000000001,28.288289945796624,8.87252918833231
3,0.7000000000000001,18.614297551016524,12.550790192353393
4,0.9000000000000001,0.0,0.0
