,discretized_reward_proportion,interconnectivity_strength_mean,interconnectivity_strength_err
0,0.1,9.150245407762467,0.7194956881517609
1,0.30000000000000004,7.858849283109543,0.2884144950374547
2,0.5000000000000001,10.66703619017339,0.8813753134352855
3,0.7000000000000001,16.42964308537491,1.6034598620067457
4,0.9000000000000001,15.118201054153706,1.353062837557875
