,discretized_reward_proportion,interconnectivity_strength_mean,interconnectivity_strength_err
0,0.1,10.102190332449839,5.580966892742309
1,0.30000000000000004,43.245527180533244,6.5655958736899125
2,0.5000000000000001,6.0440438043315625,3.0465681289622792
3,0.7000000000000001,114.24881627287225,44.164085192730525
4,0.9000000000000001,235.5678383299752,48.37186556598437
