,discretized_reward_proportion,interconnectivity_strength_mean,interconnectivity_strength_err
0,0.1,10.153878486655556,1.1943578842060565
1,0.30000000000000004,10.967350023078716,1.1433358527063409
2,0.5000000000000001,17.721125772636913,2.110409831627149
3,0.7000000000000001,18.67074696116379,1.4661368253477882
4,0.9000000000000001,22.30742582107711,1.5260857611867165
