,discretized_reward_proportion,interconnectivity_strength_mean,interconnectivity_strength_err
0,0.1,9.280367119145453,0.10560513234325544
1,0.30000000000000004,9.109351576837197,0.21022048193263967
2,0.5000000000000001,9.160056471516842,0.2352900480493742
3,0.7000000000000001,8.219136960063308,0.25973169313788713
4,0.9000000000000001,6.405356844680389,0.2655037987302529
