,discretized_reward_proportion,interconnectivity_strength_mean,interconnectivity_strength_err
0,0.1,17.71497940783413,0.9497713910850324
1,0.30000000000000004,16.316425613718945,1.8042760842748151
2,0.5000000000000001,24.724893835851283,3.8552564074137
3,0.7000000000000001,11.388923729365539,0.7517508565886641
4,0.9000000000000001,8.816673249495155,0.8484839257258617
