,discretized_reward_proportion,interconnectivity_strength_mean,interconnectivity_strength_err
0,0.1,5.355742469269761,0.7319330885224054
1,0.30000000000000004,10.15637228681075,2.0980227135212632
2,0.5000000000000001,22.274800906364153,4.1685784327235496
3,0.7000000000000001,27.90679164326532,6.6275850137917
4,0.9000000000000001,11.220391321914121,3.794246002945644
