,discretized_reward_proportion,interconnectivity_strength_mean,interconnectivity_strength_err
0,0.1,5.610471503122778,0.24617237529684718
1,0.30000000000000004,4.387008680080219,0.7125344727623661
2,0.5000000000000001,4.312149333590398,0.6332677015161718
3,0.7000000000000001,6.334179672870993,0.6340583987060581
4,0.9000000000000001,7.98117648300378,1.725885025773521
