,discretized_reward_proportion,interconnectivity_strength_mean,interconnectivity_strength_err
0,0.1,83.19770289737257,8.761602469086016
1,0.30000000000000004,123.44281879748172,16.533059786502676
2,0.5000000000000001,124.8997390692822,13.231476087994606
3,0.7000000000000001,46.886724422749396,6.956688302415116
4,0.9000000000000001,44.05855423776045,3.4966568640902747
