,discretized_reward_proportion,interconnectivity_strength_mean,interconnectivity_strength_err
0,0.1,39.0516142135969,3.402520094706225
1,0.30000000000000004,46.80326676010949,6.726464458648661
2,0.5000000000000001,39.200084901667765,9.933662296342135
3,0.7000000000000001,15.036711118596354,2.520690477054365
4,0.9000000000000001,10.446721797894979,1.6058787324303885
