,discretized_reward_proportion,interconnectivity_strength_mean,interconnectivity_strength_err
0,0.1,13.20564670720582,1.8983788838543516
1,0.30000000000000004,35.607265603935275,7.597685577860471
2,0.5000000000000001,18.539801641531824,1.994805140054004
3,0.7000000000000001,21.60362729761302,3.2040635794307732
4,0.9000000000000001,47.46295672545586,5.745336620448359
