,discretized_reward_proportion,interconnectivity_strength_mean,interconnectivity_strength_err
0,0.1,588.6351675336876,123.57221636535637
1,0.30000000000000004,132.35138261555855,35.08502739638642
2,0.5000000000000001,14.623539385958672,1.7243438157188584
3,0.7000000000000001,9.555189275919886,0.7459349457690203
4,0.9000000000000001,16.839041447297777,3.1103377437860025
