,discretized_reward_proportion,interconnectivity_strength_mean,interconnectivity_strength_err
0,0.1,14.861911747407843,3.538718349758921
1,0.30000000000000004,9.021879291959864,0.7931960048742472
2,0.5000000000000001,7.25301899963159,0.7236308385262405
3,0.7000000000000001,5.72182929003069,0.4833256130391326
4,0.9000000000000001,5.7007385775079245,0.31185942204091754
