,discretized_reward_proportion,interconnectivity_strength_mean,interconnectivity_strength_err
0,0.1,24.883134108460506,2.2875315155850204
1,0.30000000000000004,14.812145465754076,1.5586683414277729
2,0.5000000000000001,16.174866501472888,1.9462433921187252
3,0.7000000000000001,7.5032281777108345,0.5633716102375992
4,0.9000000000000001,5.332489849700091,0.21972913939438718
