,discretized_reward_proportion,interconnectivity_strength_mean,interconnectivity_strength_err
0,0.1,29.157246676986453,6.140407467170602
1,0.30000000000000004,82.28215067118066,16.979046606247394
2,0.5000000000000001,71.57400355538253,15.1476713062391
3,0.7000000000000001,0.14814814814814814,0.06836727459191831
4,0.9000000000000001,0.48936170212765956,0.07291598584590633
