,discretized_reward_proportion,interconnectivity_strength_mean,interconnectivity_strength_err
0,0.1,36.396359876185386,6.683441135860358
1,0.30000000000000004,32.228209379888256,6.547328469895483
2,0.5000000000000001,22.12381895758448,9.804997289208707
3,0.7000000000000001,13.062732198909941,3.3574573043640275
4,0.9000000000000001,36.86385026126304,5.234365307619029
