,discretized_reward_proportion,interconnectivity_strength_mean,interconnectivity_strength_err
0,0.1,16.07754532307303,0.6989943423836226
1,0.30000000000000004,12.81053587969206,0.9421696115262054
2,0.5000000000000001,9.756799505864606,0.4086237983556365
3,0.7000000000000001,12.553525192258801,0.6063279037143688
4,0.9000000000000001,17.41055447806377,0.9898306344592396
