,discretized_reward_proportion,interconnectivity_strength_mean,interconnectivity_strength_err
0,0.1,12.198729094514613,2.6830293000786187
1,0.30000000000000004,22.046990787299745,5.683449925903437
2,0.5000000000000001,20.7840265349088,3.791824338042786
3,0.7000000000000001,14.428617629225311,2.459682068242379
4,0.9000000000000001,20.222374456422738,2.5746081144937394
