,discretized_reward_proportion,interconnectivity_strength_mean,interconnectivity_strength_err
0,0.1,7.525982210970486,0.4146745546075252
1,0.30000000000000004,13.745094277657069,3.0271397198315957
2,0.5000000000000001,9.430288022927108,1.7835833878926568
3,0.7000000000000001,11.073181050493192,2.3203278920889887
4,0.9000000000000001,5.028634590404578,0.9661989781538898
