,discretized_reward_proportion,interconnectivity_strength_mean,interconnectivity_strength_err
0,0.1,20.820326720605816,0.46411063336572805
1,0.30000000000000004,21.54426965990669,1.3878754972545813
2,0.5000000000000001,13.913528876035391,1.0266466791384854
3,0.7000000000000001,11.612774147530471,0.7031424774002124
4,0.9000000000000001,13.22016715766373,0.9589824149015791
