,discretized_reward_proportion,interconnectivity_strength_mean,interconnectivity_strength_err
0,0.1,45.89026921544529,3.2623123482730696
1,0.30000000000000004,28.67747625781008,3.567996036101791
2,0.5000000000000001,25.750864043004505,2.9709181732415537
3,0.7000000000000001,21.423949303588053,3.440231023743427
4,0.9000000000000001,30.5759904193158,3.2842494176564956
