,discretized_reward_proportion,interconnectivity_strength_mean,interconnectivity_strength_err
0,0.1,24.027224233328738,3.685031104272316
1,0.30000000000000004,22.228982421484226,4.4122393709919505
2,0.5000000000000001,20.947595966222064,4.428891229634808
3,0.7000000000000001,17.574826836190574,1.1964342362265799
4,0.9000000000000001,20.062715162243943,2.9302969890281356
