,discretized_reward_proportion,interconnectivity_strength_mean,interconnectivity_strength_err
0,0.1,7.032637700742616,1.288918038848475
1,0.30000000000000004,22.33924065775415,2.367604035195019
2,0.5000000000000001,10.075341616406815,1.413800166510023
3,0.7000000000000001,12.501310020306143,2.6616693299358203
4,0.9000000000000001,16.561880761488194,2.2735411178016576
