,discretized_reward_proportion,interconnectivity_strength_mean,interconnectivity_strength_err
0,0.1,12.007557876475381,0.9474082887837595
1,0.30000000000000004,10.059538257419367,0.7558139069279779
2,0.5000000000000001,6.836313147738473,0.3042209867484534
3,0.7000000000000001,6.801548016475016,0.27161456097744757
4,0.9000000000000001,8.082003937832782,0.43079001137577966
