,discretized_reward_proportion,interconnectivity_strength_mean,interconnectivity_strength_err
0,0.1,79.3274304646639,8.918943713477937
1,0.30000000000000004,82.26147959190939,9.968621000447461
2,0.5000000000000001,108.27570820507528,12.362517841742488
3,0.7000000000000001,66.1161881986229,6.966058625184266
4,0.9000000000000001,70.21293692854017,6.612259689587469
