,discretized_reward_proportion,interconnectivity_strength_mean,interconnectivity_strength_err
0,0.1,38.76895532202539,1.613403561690609
1,0.30000000000000004,38.18923158218102,1.980473535730461
2,0.5000000000000001,39.086611180374796,4.256325492804369
3,0.7000000000000001,52.77139110690311,7.095636770924398
4,0.9000000000000001,79.11731467976722,15.405259094360439
