,discretized_reward_proportion,interconnectivity_strength_mean,interconnectivity_strength_err
0,0.1,29.776032068324476,6.347448179123868
1,0.30000000000000004,23.42078443355958,3.544041572004509
2,0.5000000000000001,15.59280476955255,1.2084238062171926
3,0.7000000000000001,13.357900161873816,1.203067669446956
4,0.9000000000000001,12.5557070412975,1.0616552173707505
