,discretized_reward_proportion,interconnectivity_strength_mean,interconnectivity_strength_err
0,0.1,36.424646260895216,4.18445239170761
1,0.30000000000000004,27.410412634943377,3.6520118563548056
2,0.5000000000000001,19.198663742694002,3.3783737861075096
3,0.7000000000000001,13.822183564416243,1.660950557418928
4,0.9000000000000001,4.755567637052453,3.5130118476766166
