,discretized_reward_proportion,interconnectivity_strength_mean,interconnectivity_strength_err
0,0.1,35.37236572181691,10.063942457111905
1,0.30000000000000004,18.991576267752563,4.521726141366201
2,0.5000000000000001,39.092013677535824,6.722725775831365
3,0.7000000000000001,28.340516156130203,3.12513855684419
4,0.9000000000000001,31.68892360323887,3.7367473408235807
