,discretized_reward_proportion,interconnectivity_strength_mean,interconnectivity_strength_err
0,0.1,90.17692842947338,13.237085519347035
1,0.30000000000000004,117.65920386502528,16.99660255818722
2,0.5000000000000001,77.30645994419532,15.343115024058891
3,0.7000000000000001,0.42592592592592593,0.06729055730768654
4,0.9000000000000001,0.6666666666666666,0.08206099398622183
