,discretized_reward_proportion,interconnectivity_strength_mean,interconnectivity_strength_err
0,0.1,16.866789516748167,2.2859691887891382
1,0.30000000000000004,10.56940955114389,1.8229764261550836
2,0.5000000000000001,5.535323239755048,0.6357557608705855
3,0.7000000000000001,5.54551017708625,0.36390215359824724
4,0.9000000000000001,5.825465080766422,0.26479058980985104
