,discretized_reward_proportion,interconnectivity_strength_mean,interconnectivity_strength_err
0,0.1,69.2412242144867,28.316797616812803
1,0.30000000000000004,141.87759605681683,62.84499450404672
2,0.5000000000000001,0.03225806451612903,0.022438978827104918
3,0.7000000000000001,0.07407407407407407,0.05040102351405717
4,0.9000000000000001,0.10638297872340426,0.044974139273951275
