,discretized_reward_proportion,interconnectivity_strength_mean,interconnectivity_strength_err
0,0.1,19.33544347284012,2.2238180397735534
1,0.30000000000000004,14.502718153030115,1.8413131004490333
2,0.5000000000000001,8.785411612203003,1.214862316091389
3,0.7000000000000001,7.00175792250717,0.2683547180825308
4,0.9000000000000001,6.12547729166013,0.1984152385969993
