,discretized_reward_proportion,interconnectivity_strength_mean,interconnectivity_strength_err
0,0.1,0.52,0.09991996797437439
1,0.30000000000000004,0.7,0.08366600265340754
2,0.5000000000000001,0.15384615384615385,0.05777443201529314
3,0.7000000000000001,0.19791666666666666,0.04066448846483233
4,0.9000000000000001,0.35514018691588783,0.04626373345513539
