,discretized_reward_proportion,interconnectivity_strength_mean,interconnectivity_strength_err
0,0.1,6.293325314253391,3.4164955861356496
1,0.30000000000000004,11.184517499523265,4.143910253430148
2,0.5000000000000001,18.1797610667206,5.1284185720859945
3,0.7000000000000001,12.931130219078318,2.6983525869757226
4,0.9000000000000001,93.93089318505855,35.87998867862287
