,discretized_reward_proportion,interconnectivity_strength_mean,interconnectivity_strength_err
0,0.1,26.640843981901384,3.0120425893667457
1,0.30000000000000004,21.44996318065376,2.223450795244389
2,0.5000000000000001,11.300532948505797,1.7970326165195558
3,0.7000000000000001,6.970140346814031,0.3521510578040139
4,0.9000000000000001,9.254979799902914,0.4440138956257961
