,discretized_reward_proportion,interconnectivity_strength_mean,interconnectivity_strength_err
0,0.1,23.326614710743367,1.8503062498928124
1,0.30000000000000004,36.73948798993954,5.447019938529138
2,0.5000000000000001,21.393698001040654,2.451617778697302
3,0.7000000000000001,19.24306933093046,2.7277369463076813
4,0.9000000000000001,33.67353230506024,2.9797150743728955
