,discretized_reward_proportion,interconnectivity_strength_mean,interconnectivity_strength_err
0,0.1,4.1644569450706355,0.19948447449832532
1,0.30000000000000004,9.390542432002233,1.0346660383497608
2,0.5000000000000001,11.700912353684535,1.0057089293008745
3,0.7000000000000001,9.521536880663994,0.5391518536183112
4,0.9000000000000001,8.123720033385208,0.36436452816999026
