,discretized_reward_proportion,interconnectivity_strength_mean,interconnectivity_strength_err
0,0.1,12.294172281417024,1.1025686338702712
1,0.30000000000000004,11.053206701912616,1.1622432243793699
2,0.5000000000000001,6.205092380152379,0.5098809742188859
3,0.7000000000000001,6.611169980328547,0.22579757143791515
4,0.9000000000000001,8.363067338012279,0.3570362448542012
