,discretized_reward_proportion,interconnectivity_strength_mean,interconnectivity_strength_err
0,0.1,24.200777716150515,1.9420375654612283
1,0.30000000000000004,22.149697684039015,2.0592687422168314
2,0.5000000000000001,20.77381274639373,2.2281906296762055
3,0.7000000000000001,36.04760019224726,5.886258101208601
4,0.9000000000000001,24.707341902841492,3.4896345422253794
