,discretized_reward_proportion,interconnectivity_strength_mean,interconnectivity_strength_err
0,0.1,26.09752795176668,2.038253850079345
1,0.30000000000000004,17.47738813075236,0.9726795651818771
2,0.5000000000000001,19.869652988501084,1.771738356452399
3,0.7000000000000001,20.393981791549255,1.5879239551926343
4,0.9000000000000001,15.44256509180807,1.2935257848144368
