,discretized_reward_proportion,interconnectivity_strength_mean,interconnectivity_strength_err
0,0.1,43.988410729445214,2.672405945137125
1,0.30000000000000004,43.31458070220203,4.401470632229418
2,0.5000000000000001,20.845977481930376,5.512140444511878
3,0.7000000000000001,25.226345388066758,10.903739658284964
4,0.9000000000000001,0.36363636363636365,0.08373930663124332
