,discretized_reward_proportion,interconnectivity_strength_mean,interconnectivity_strength_err
0,0.1,14.885474245988156,2.4373127123044793
1,0.30000000000000004,15.23033528005866,1.3171210226969408
2,0.5000000000000001,19.548506660434665,1.3042963374661662
3,0.7000000000000001,24.842344702792925,1.2193644138676003
4,0.9000000000000001,29.242702063783984,1.2184336862836016
