,discretized_reward_proportion,interconnectivity_strength_mean,interconnectivity_strength_err
0,0.1,22.802814588337966,3.2590318018928475
1,0.30000000000000004,41.67532346494716,7.936024866867737
2,0.5000000000000001,34.70759385615072,4.83123619319381
3,0.7000000000000001,19.546076248845146,1.6942925403238729
4,0.9000000000000001,10.801836868041448,1.2930016191699034
