,discretized_reward_proportion,interconnectivity_strength_mean,interconnectivity_strength_err
0,0.1,7.320033377553418,1.6925235333823823
1,0.30000000000000004,12.96271030512112,1.3894572559011498
2,0.5000000000000001,24.73951857922149,1.7741060728421207
3,0.7000000000000001,25.05902595968951,1.6666225851584449
4,0.9000000000000001,32.65482338255513,4.1265679433182125
