,discretized_reward_proportion,interconnectivity_strength_mean,interconnectivity_strength_err
0,0.1,112.66300352447546,12.308882006425053
1,0.30000000000000004,49.775658967513706,5.641078027649632
2,0.5000000000000001,49.359352946116765,4.324501762171403
3,0.7000000000000001,31.968001834023205,4.542064025949135
4,0.9000000000000001,31.30474473863268,4.391162538688427
