,discretized_reward_proportion,interconnectivity_strength_mean,interconnectivity_strength_err
0,0.1,21.56225844809454,0.35757615680263494
1,0.30000000000000004,40.13130328785337,8.1594829689925
2,0.5000000000000001,18.762276609518587,3.6651326366872214
3,0.7000000000000001,35.43078356173704,3.1917094066501988
4,0.9000000000000001,36.033797598571525,3.320090317961753
