,discretized_reward_proportion,interconnectivity_strength_mean,interconnectivity_strength_err
0,0.1,13.71446195220851,1.233862792222978
1,0.30000000000000004,11.703355386262364,1.072201156237561
2,0.5000000000000001,8.800018277722687,0.7136917003949413
3,0.7000000000000001,7.271090591038718,0.4237720371792838
4,0.9000000000000001,8.53423066283153,0.43182863247076253
