,discretized_reward_proportion,interconnectivity_strength_mean,interconnectivity_strength_err
0,0.1,126.65070343862968,25.150183431093527
1,0.30000000000000004,5.590986254552591,1.0347583790543105
2,0.5000000000000001,11.620639514813984,2.0762425751941804
3,0.7000000000000001,5.0765735462355295,1.3900859603469873
4,0.9000000000000001,0.09090909090909091,0.06129089658756746
