,discretized_reward_proportion,interconnectivity_strength_mean,interconnectivity_strength_err
0,0.1,364.5323765378288,64.47005562230372
1,0.30000000000000004,72.21066414678323,11.330148273292366
2,0.5000000000000001,125.48813096393953,27.95413908892679
3,0.7000000000000001,122.8186484717602,39.86638591122049
4,0.9000000000000001,107.89306255378865,35.81406899298947
