,discretized_reward_proportion,interconnectivity_strength_mean,interconnectivity_strength_err
0,0.1,13.36394399504138,2.360041847053453
1,0.30000000000000004,37.14554841348076,8.51244209301189
2,0.5000000000000001,73.67953762598546,29.488410047761466
3,0.7000000000000001,48.20487335739091,15.748387148657207
4,0.9000000000000001,117.65562530809152,28.074065557464653
