,discretized_reward_proportion,interconnectivity_strength_mean,interconnectivity_strength_err
0,0.1,20.170141363306662,0.7531069526637119
1,0.30000000000000004,18.081045891660334,1.0693483476635715
2,0.5000000000000001,21.968996377613735,1.7232671317562154
3,0.7000000000000001,10.372046560312096,1.0154915887087073
4,0.9000000000000001,13.133694380818959,1.3212808614124545
