,discretized_reward_proportion,interconnectivity_strength_mean,interconnectivity_strength_err
0,0.1,92.9058782723833,13.196265122410868
1,0.30000000000000004,30.42135165406077,1.8751627201488794
2,0.5000000000000001,18.245784916341634,1.6772292093047012
3,0.7000000000000001,12.12649651891779,2.006814709715973
4,0.9000000000000001,7.898469738231711,2.1128043054461823
