,discretized_reward_proportion,interconnectivity_strength_mean,interconnectivity_strength_err
0,0.1,5.240584727566067,0.22631792249713992
1,0.30000000000000004,4.349746958547394,0.4389357927073041
2,0.5000000000000001,6.8809326837455735,0.7230073466243645
3,0.7000000000000001,16.12385125016388,2.0838979996913847
4,0.9000000000000001,11.018264186192916,1.2553124236674789
