,discretized_reward_proportion,interconnectivity_strength_mean,interconnectivity_strength_err
0,0.1,55.456637499858076,7.919310874829028
1,0.30000000000000004,49.240211269537745,8.635469841517294
2,0.5000000000000001,23.617601461019355,5.431320818461053
3,0.7000000000000001,13.771615450718869,3.0482628706608828
4,0.9000000000000001,26.71509693386039,3.610631159946216
