,discretized_reward_proportion,interconnectivity_strength_mean,interconnectivity_strength_err
0,0.1,6.905735495042782,0.5217763873056411
1,0.30000000000000004,7.453576045397735,0.8683596397671679
2,0.5000000000000001,8.32308889380899,0.7367021572694433
3,0.7000000000000001,7.719309116538855,0.36289625596016556
4,0.9000000000000001,8.094061171941494,0.4138494617597299
