,discretized_reward_proportion,interconnectivity_strength_mean,interconnectivity_strength_err
0,0.1,21.094767317068932,2.0087239905983876
1,0.30000000000000004,17.641931497882805,1.6789699005641416
2,0.5000000000000001,6.688314515444086,0.7636779793671706
3,0.7000000000000001,6.131303561102299,0.3860307861148643
4,0.9000000000000001,4.045890732150553,0.23722147078683337
