,discretized_reward_proportion,interconnectivity_strength_mean,interconnectivity_strength_err
0,0.1,3.348932052272968,0.9923011604702696
1,0.30000000000000004,2.551740330638348,1.4416930558412933
2,0.5000000000000001,5.731365706268064,2.1180968504817703
3,0.7000000000000001,0.0,0.0
4,0.9000000000000001,0.0,0.0
