,discretized_reward_proportion,interconnectivity_strength_mean,interconnectivity_strength_err
0,0.1,13.925860759954686,0.2723738440072699
1,0.30000000000000004,8.699538525577388,0.4189557471780226
2,0.5000000000000001,8.938603218488428,0.5057784311831401
3,0.7000000000000001,7.1056385423601975,0.6279610827613522
4,0.9000000000000001,5.281273450249653,0.30053821045198525
