,discretized_reward_proportion,interconnectivity_strength_mean,interconnectivity_strength_err
0,0.1,14.286604093416484,1.3794788887612035
1,0.30000000000000004,11.729450775945072,1.9698015738768797
2,0.5000000000000001,9.783368652537943,2.2760821089404937
3,0.7000000000000001,14.31800388829745,3.151817867297408
4,0.9000000000000001,19.90031903874929,2.900958818089894
