,discretized_reward_proportion,interconnectivity_strength_mean,interconnectivity_strength_err
0,0.1,19.52138154978848,6.041215598381971
1,0.30000000000000004,45.670464858530536,12.050339273834885
2,0.5000000000000001,3.290985815207689,0.6093111807168158
3,0.7000000000000001,2.818075487460255,0.5589872374603332
4,0.9000000000000001,5.681596408079228,1.0120111038781177
