,discretized_reward_proportion,interconnectivity_strength_mean,interconnectivity_strength_err
0,0.1,28.497454869090628,3.3578246734875288
1,0.30000000000000004,27.546398570571082,3.1916498333636962
2,0.5000000000000001,16.55096338382366,2.7513054436465167
3,0.7000000000000001,24.171149010594508,2.3045084091725516
4,0.9000000000000001,24.00383754688692,2.0799689095902516
