,discretized_reward_proportion,interconnectivity_strength_mean,interconnectivity_strength_err
0,0.1,140.40371176736517,15.154064855644338
1,0.30000000000000004,161.36205295029822,43.27834385791581
2,0.5000000000000001,37.393211256814844,13.90186856568032
3,0.7000000000000001,56.50217797406773,21.472117607906096
4,0.9000000000000001,3.6819217500732164,3.6034289943635915
