,discretized_reward_proportion,interconnectivity_strength_mean,interconnectivity_strength_err
0,0.1,22.58202933420801,2.2771996081181674
1,0.30000000000000004,17.397156002052018,2.0478289364690054
2,0.5000000000000001,9.199961413503116,1.181297341172197
3,0.7000000000000001,23.226001884127193,4.29747444981856
4,0.9000000000000001,26.678392312495095,3.8003452132324265
