,discretized_reward_proportion,interconnectivity_strength_mean,interconnectivity_strength_err
0,0.1,76.84326039859056,20.001637223121573
1,0.30000000000000004,110.48179328609528,27.186517243651057
2,0.5000000000000001,64.6240012502982,24.481329253811257
3,0.7000000000000001,19.788524272801247,6.492174740304321
4,0.9000000000000001,20.325916919612208,2.031649030504611
