,discretized_reward_proportion,interconnectivity_strength_mean,interconnectivity_strength_err
0,0.1,17.382911834194644,2.596759954191846
1,0.30000000000000004,21.5865007797449,2.9179708976871774
2,0.5000000000000001,16.22834868668001,1.6889833212353078
3,0.7000000000000001,12.53071773381576,1.619085389090192
4,0.9000000000000001,42.20790752776863,8.538524665134048
