,discretized_reward_proportion,interconnectivity_strength_mean,interconnectivity_strength_err
0,0.1,0.0,0.0
1,0.30000000000000004,0.0,0.0
2,0.5000000000000001,6.17318442597848,6.006857512933379
3,0.7000000000000001,44.302670954255674,10.15028424108607
4,0.9000000000000001,34.27280356208267,6.907286538617746
