,discretized_reward_proportion,interconnectivity_strength_mean,interconnectivity_strength_err
0,0.1,2.5370836186976318,0.1415781345736847
1,0.30000000000000004,15.034903406970074,3.1594967985079756
2,0.5000000000000001,17.559104949880503,1.4109717926437317
3,0.7000000000000001,20.178991387973724,1.15513583216331
4,0.9000000000000001,15.760288490886648,1.0887941361836604
