,discretized_reward_proportion,interconnectivity_strength_mean,interconnectivity_strength_err
0,0.1,18.301197803017427,0.5520966776827942
1,0.30000000000000004,21.59058468872272,1.5682843026969762
2,0.5000000000000001,21.75881890649692,2.386298579160756
3,0.7000000000000001,13.529751786258382,0.7822188042440902
4,0.9000000000000001,11.107694705043537,0.6718814060679812
