,discretized_reward_proportion,interconnectivity_strength_mean,interconnectivity_strength_err
0,0.1,9.099258305662808,0.4981726567455845
1,0.30000000000000004,6.0463524919822405,0.8318081390167048
2,0.5000000000000001,16.328846006605044,2.5777944913677544
3,0.7000000000000001,16.051476257964868,1.8199659697745085
4,0.9000000000000001,12.809159880294038,1.1855782754892379
