,discretized_reward_proportion,interconnectivity_strength_mean,interconnectivity_strength_err
0,0.1,22.759093503481388,5.1762766143651655
1,0.30000000000000004,11.541513143548496,2.468792141948473
2,0.5000000000000001,34.98586890636846,7.678139160207373
3,0.7000000000000001,35.07327421174845,4.330689838509043
4,0.9000000000000001,29.80919924529558,3.525265420486428
