,discretized_reward_proportion,interconnectivity_strength_mean,interconnectivity_strength_err
0,0.1,29.43110095493487,2.4150846434530115
1,0.30000000000000004,24.795257263460755,2.437891186131971
2,0.5000000000000001,36.3689968764548,4.239665102857603
3,0.7000000000000001,16.312364392945465,2.0436566929157673
4,0.9000000000000001,13.53933751548297,1.4677676452488784
