,discretized_reward_proportion,interconnectivity_strength_mean,interconnectivity_strength_err
0,0.1,13.664744372411135,0.25543199224840857
1,0.30000000000000004,14.706380251481924,0.4067349605532219
2,0.5000000000000001,13.223996601253821,0.45742390218661616
3,0.7000000000000001,10.699180892945497,0.37974031833417343
4,0.9000000000000001,10.736691345694103,0.6975998761672356
