,discretized_reward_proportion,interconnectivity_strength_mean,interconnectivity_strength_err
0,0.1,40.8792846068341,4.275418602116885
1,0.30000000000000004,23.82549387427911,3.241043724873034
2,0.5000000000000001,19.4113343574877,2.5096948189367234
3,0.7000000000000001,25.756590868429626,1.569337849576462
4,0.9000000000000001,24.795704327020125,1.209977143367539
