,discretized_reward_proportion,interconnectivity_strength_mean,interconnectivity_strength_err
0,0.1,0.7777777777777778,0.1385799032138497
1,0.30000000000000004,9.747174974986526,3.433254953505387
2,0.5000000000000001,36.91839332257154,7.521847772062984
3,0.7000000000000001,20.20248240178952,4.197455794342965
4,0.9000000000000001,6.702905550571147,2.357633856865258
