,discretized_reward_proportion,interconnectivity_strength_mean,interconnectivity_strength_err
0,0.1,17.07674758726989,1.4123400500852663
1,0.30000000000000004,13.760441517832874,2.1261626365370407
2,0.5000000000000001,9.885735541337752,1.1474140087852005
3,0.7000000000000001,14.232203344448099,1.0064941704631751
4,0.9000000000000001,14.18451880318387,0.9190128278353337
