,discretized_reward_proportion,interconnectivity_strength_mean,interconnectivity_strength_err
0,0.1,112.92586775065861,23.47117742772503
1,0.30000000000000004,38.225498880960544,22.44871695820479
2,0.5000000000000001,14.310277155801346,7.903726358229653
3,0.7000000000000001,0.21428571428571427,0.07754430690597276
4,0.9000000000000001,0.9545454545454546,0.044409473678108845
