,discretized_reward_proportion,interconnectivity_strength_mean,interconnectivity_strength_err
0,0.1,12.630990910933303,3.0264828859927486
1,0.30000000000000004,40.32831747172863,7.665580068135164
2,0.5000000000000001,207.95388428307118,33.91689230092685
3,0.7000000000000001,14.254240997311019,10.939988279326837
4,0.9000000000000001,5.065179969688272,2.657231057649891
