,discretized_reward_proportion,interconnectivity_strength_mean,interconnectivity_strength_err
0,0.1,11.97773835256566,0.6122146733070445
1,0.30000000000000004,6.648229668011158,0.9161581548511694
2,0.5000000000000001,48.63314540829668,9.12616326716841
3,0.7000000000000001,30.487409201232214,4.084794626391047
4,0.9000000000000001,21.415030863756478,2.869108184609401
