,discretized_reward_proportion,interconnectivity_strength_mean,interconnectivity_strength_err
0,0.1,7.307155735170743,0.3111295247148617
1,0.30000000000000004,5.328725983790706,0.1658763593281474
2,0.5000000000000001,5.702899858502161,0.16350259761444863
3,0.7000000000000001,5.150098018350633,0.19393438239395025
4,0.9000000000000001,4.839509610604648,0.10220485457149125
