,discretized_reward_proportion,interconnectivity_strength_mean,interconnectivity_strength_err
0,0.1,23.131122093551312,4.4717705458493615
1,0.30000000000000004,16.617576940506115,2.1663050743358276
2,0.5000000000000001,62.92178112528519,14.673199533549015
3,0.7000000000000001,24.435523278630892,5.4282046932315655
4,0.9000000000000001,5.1629186868137396,2.04227637840748
