,discretized_reward_proportion,interconnectivity_strength_mean,interconnectivity_strength_err
0,0.1,12.693338133419973,0.6384461495311213
1,0.30000000000000004,28.86849091304357,7.666786335304366
2,0.5000000000000001,42.491265031609416,4.848164665035936
3,0.7000000000000001,29.312687715745447,3.1753719901076
4,0.9000000000000001,44.77957831210387,10.773326177262168
