,discretized_reward_proportion,interconnectivity_strength_mean,interconnectivity_strength_err
0,0.1,13.342636389646021,0.9136860543859912
1,0.30000000000000004,12.705580551271884,0.5480760147707572
2,0.5000000000000001,10.97326681057114,0.6873959766710274
3,0.7000000000000001,13.34665697529914,0.7733924719668921
4,0.9000000000000001,12.805883982493503,0.5393753002386794
