,discretized_reward_proportion,interconnectivity_strength_mean,interconnectivity_strength_err
0,0.1,23.490995543015494,2.6447861814148235
1,0.30000000000000004,7.024728894448913,2.055219675605365
2,0.5000000000000001,9.278669216081607,2.2148083900625064
3,0.7000000000000001,18.206707288587086,5.045857839404485
4,0.9000000000000001,19.49197385175135,4.3646283663644345
