,discretized_reward_proportion,interconnectivity_strength_mean,interconnectivity_strength_err
0,0.1,0.3735632183908046,0.03667296760826939
1,0.30000000000000004,0.546875,0.062224735633101526
2,0.5000000000000001,0.2786885245901639,0.057405836061901645
3,0.7000000000000001,0.03571428571428571,0.03507073235935592
4,0.9000000000000001,0.0,0.0
