,discretized_reward_proportion,interconnectivity_strength_mean,interconnectivity_strength_err
0,0.1,130.2270201760392,24.89209601092617
1,0.30000000000000004,34.78390436993269,3.7927828990013315
2,0.5000000000000001,72.97901239344898,31.22673147945888
3,0.7000000000000001,82.32005049746058,35.889172933058596
4,0.9000000000000001,10.416508433801631,4.826397002818544
