,discretized_reward_proportion,interconnectivity_strength_mean,interconnectivity_strength_err
0,0.1,58.150178240820914,2.7103259987652515
1,0.30000000000000004,30.949283384965458,4.802511526506395
2,0.5000000000000001,57.8017234102074,10.383007135939957
3,0.7000000000000001,58.40111898201666,19.08988648821626
4,0.9000000000000001,38.93663615226754,8.221602853887822
