,discretized_reward_proportion,interconnectivity_strength_mean,interconnectivity_strength_err
0,0.1,6.11258379125432,1.2064628046537127
1,0.30000000000000004,8.500149812021753,1.4035091724034952
2,0.5000000000000001,7.767506662630936,1.1110627828431499
3,0.7000000000000001,10.919055329309982,1.21217316815432
4,0.9000000000000001,16.566187475820296,1.4515633745348762
