,discretized_reward_proportion,interconnectivity_strength_mean,interconnectivity_strength_err
0,0.1,36.85777771444361,1.426955372327542
1,0.30000000000000004,31.049266297498427,1.9539615408099946
2,0.5000000000000001,28.67275977511953,1.7915554462264314
3,0.7000000000000001,24.85072625609144,3.184154607382037
4,0.9000000000000001,12.959190791861307,1.2750677532079415
