,discretized_reward_proportion,interconnectivity_strength_mean,interconnectivity_strength_err
0,0.1,18.171859104519243,0.954814142469107
1,0.30000000000000004,16.69107052815107,0.9888674147691496
2,0.5000000000000001,14.076934356423743,0.7774811323543073
3,0.7000000000000001,13.027917038400327,0.5709373334724166
4,0.9000000000000001,18.262363341101462,0.97737210123955
