,discretized_reward_proportion,interconnectivity_strength_mean,interconnectivity_strength_err
0,0.1,6.724553487397846,0.5108554926270389
1,0.30000000000000004,12.164513337593064,1.3466124852147197
2,0.5000000000000001,34.44609789978706,5.245099964970956
3,0.7000000000000001,23.71314094062225,2.0637190094663946
4,0.9000000000000001,24.718113076748768,4.5407679173782105
