,discretized_reward_proportion,interconnectivity_strength_mean,interconnectivity_strength_err
0,0.1,26.093450678620055,10.519915314762498
1,0.30000000000000004,33.48243844599691,7.303598289434413
2,0.5000000000000001,48.34214130761521,9.99325665275755
3,0.7000000000000001,33.10097227509778,5.756611917777721
4,0.9000000000000001,20.260795343558147,2.1647055521180136
