,discretized_reward_proportion,interconnectivity_strength_mean,interconnectivity_strength_err
0,0.1,26.905585482389334,12.006274929176392
1,0.30000000000000004,23.92771596661376,6.113198202017353
2,0.5000000000000001,21.872542040521687,5.292390517397286
3,0.7000000000000001,37.72116756636398,5.05783026333977
4,0.9000000000000001,58.26498587880989,5.775875702050155
