,discretized_reward_proportion,interconnectivity_strength_mean,interconnectivity_strength_err
0,0.1,27.321226985777123,2.03730854059583
1,0.30000000000000004,20.796528120995692,3.2093555905849955
2,0.5000000000000001,47.71403984124371,10.210742534622673
3,0.7000000000000001,81.46246838702044,13.470221538897206
4,0.9000000000000001,48.562660822634875,7.869941516690499
