,discretized_reward_proportion,interconnectivity_strength_mean,interconnectivity_strength_err
0,0.1,10.341496783524777,1.0431189937940508
1,0.30000000000000004,10.960400346283711,0.5819361878763815
2,0.5000000000000001,12.189759624640482,0.6323946979742956
3,0.7000000000000001,13.162294140976867,0.8656414075872526
4,0.9000000000000001,12.833184638366895,0.8197257761238649
