,discretized_reward_proportion,interconnectivity_strength_mean,interconnectivity_strength_err
0,0.1,59.2228908784684,15.363622121056034
1,0.30000000000000004,56.41977790515557,14.283945166421114
2,0.5000000000000001,34.19551912328092,6.173093670422031
3,0.7000000000000001,89.25883154626975,26.229625285176976
4,0.9000000000000001,34.53842284800926,6.137816375305005
