,discretized_reward_proportion,interconnectivity_strength_mean,interconnectivity_strength_err
0,0.1,56.847914589657016,19.26809197502354
1,0.30000000000000004,17.164049194573714,4.757757998203394
2,0.5000000000000001,18.25607922397435,6.737926802631999
3,0.7000000000000001,11.685174885707479,2.5063768532332165
4,0.9000000000000001,20.42467191069703,2.1613574273555947
