,discretized_reward_proportion,interconnectivity_strength_mean,interconnectivity_strength_err
0,0.1,9.37580759068229,1.7098899881221936
1,0.30000000000000004,15.635164279668542,2.833060866329468
2,0.5000000000000001,18.436531352834493,2.649192120742556
3,0.7000000000000001,8.754763989371705,2.5543056861120452
4,0.9000000000000001,2.7791894925696394,1.146260458755705
