,discretized_reward_proportion,interconnectivity_strength_mean,interconnectivity_strength_err
0,0.1,98.59445756865637,9.181618205123499
1,0.30000000000000004,36.1058125596794,2.156000642355889
2,0.5000000000000001,23.208137660808294,3.199129333575571
3,0.7000000000000001,12.936558403184971,3.2438256402904146
4,0.9000000000000001,5.920393781681486,2.0897984280664272
