,discretized_reward_proportion,interconnectivity_strength_mean,interconnectivity_strength_err
0,0.1,6.452457638452021,0.49863917258460655
1,0.30000000000000004,4.673924516932802,0.18424799848735052
2,0.5000000000000001,4.419271130781154,0.09208832065604805
3,0.7000000000000001,4.444331894520663,0.08833468187506877
4,0.9000000000000001,5.045086560990562,0.0959211580688393
