,discretized_reward_proportion,interconnectivity_strength_mean,interconnectivity_strength_err
0,0.1,17.704568437677242,1.5720011416435524
1,0.30000000000000004,15.134527399497829,1.2653032216472482
2,0.5000000000000001,14.623784665450998,1.0187349089544864
3,0.7000000000000001,14.122601879251999,1.3813203166060681
4,0.9000000000000001,19.214678274595958,1.4495253527356884
