,discretized_reward_proportion,interconnectivity_strength_mean,interconnectivity_strength_err
0,0.1,7.803487519349109,0.7006260286160629
1,0.30000000000000004,7.506293071005811,0.5517533647740257
2,0.5000000000000001,10.587588206011988,0.6488744274330422
3,0.7000000000000001,12.701417955159641,0.5266130764305674
4,0.9000000000000001,10.363213445555608,0.5519680941780316
