,discretized_reward_proportion,interconnectivity_strength_mean,interconnectivity_strength_err
0,0.1,12.763915261198655,0.9816899177026281
1,0.30000000000000004,12.792110213536244,1.1931029674916485
2,0.5000000000000001,15.613526808356687,1.4920146453715504
3,0.7000000000000001,18.383522526298634,1.8653518280358337
4,0.9000000000000001,13.85282099757693,1.0092757512796526
