,discretized_reward_proportion,interconnectivity_strength_mean,interconnectivity_strength_err
0,0.1,2.695197359688764,0.23851607615086953
1,0.30000000000000004,6.629221990560634,0.7359570266617507
2,0.5000000000000001,8.26585767445279,1.0767851599233649
3,0.7000000000000001,15.162046085583789,5.502620783839372
4,0.9000000000000001,8.661245807497847,1.9355230155570657
