,discretized_reward_proportion,interconnectivity_strength_mean,interconnectivity_strength_err
0,0.1,7.141085561709789,1.5878250952691655
1,0.30000000000000004,11.267838604393333,1.333732132889407
2,0.5000000000000001,11.821853262422644,0.9832630295632905
3,0.7000000000000001,2.802334860855515,1.0044539707312357
4,0.9000000000000001,0.0,0.0
