,discretized_reward_proportion,interconnectivity_strength_mean,interconnectivity_strength_err
0,0.1,8.168493463214714,0.704870919299777
1,0.30000000000000004,7.607607292485406,0.5080313159707216
2,0.5000000000000001,4.809833106109987,0.22187973443260442
3,0.7000000000000001,4.255247034788231,0.18605627818955525
4,0.9000000000000001,5.125651540807939,0.19898995120612897
