,discretized_reward_proportion,interconnectivity_strength_mean,interconnectivity_strength_err
0,0.1,39.14883011042251,2.255646106173554
1,0.30000000000000004,42.720085096986,3.030878743156081
2,0.5000000000000001,27.414733398057077,2.5108531755907024
3,0.7000000000000001,26.37822438649768,2.525165148519874
4,0.9000000000000001,27.746810255787558,1.7418075925051537
