,discretized_reward_proportion,interconnectivity_strength_mean,interconnectivity_strength_err
0,0.1,49.26607687284372,5.4467583341729044
1,0.30000000000000004,26.373383262346387,3.934672704715344
2,0.5000000000000001,16.359654243122417,0.9938818236392193
3,0.7000000000000001,13.832274496495847,1.8538193208304825
4,0.9000000000000001,4.899214852292989,0.2208078868569633
