,discretized_reward_proportion,interconnectivity_strength_mean,interconnectivity_strength_err
0,0.1,23.57609406723146,5.738126001710502
1,0.30000000000000004,18.53642584264699,3.343368778277133
2,0.5000000000000001,28.580201142129077,4.335078586756983
3,0.7000000000000001,75.22973625576735,8.021469522529248
4,0.9000000000000001,78.94466668917345,8.886491851716475
