,discretized_reward_proportion,interconnectivity_strength_mean,interconnectivity_strength_err
0,0.1,12.88575865072485,3.1674090340426586
1,0.30000000000000004,10.96439890493217,2.477391163043088
2,0.5000000000000001,4.675333436677049,1.60401464439363
3,0.7000000000000001,0.715106516328199,0.31180586604948685
4,0.9000000000000001,1.6851066515916644,1.1187213815412371
