,discretized_reward_proportion,interconnectivity_strength_mean,interconnectivity_strength_err
0,0.1,10.49185438444713,0.25963499005124974
1,0.30000000000000004,8.554048067643519,0.46008077071248743
2,0.5000000000000001,7.993840099321045,0.5547865089940024
3,0.7000000000000001,5.59707302634534,0.2616235688635537
4,0.9000000000000001,4.327401873956491,0.15588649133933136
