,discretized_reward_proportion,interconnectivity_strength_mean,interconnectivity_strength_err
0,0.1,0.25494683884071395,0.24934292729066626
1,0.30000000000000004,1.9624613754398978,0.4159808604951392
2,0.5000000000000001,9.460590697726792,2.848709729782655
3,0.7000000000000001,17.995368242720062,3.161670276800912
4,0.9000000000000001,11.873916636660235,1.3343616107934888
