,discretized_reward_proportion,interconnectivity_strength_mean,interconnectivity_strength_err
0,0.1,10.394730331281021,1.2448181381724523
1,0.30000000000000004,29.69631194589867,5.150444745643995
2,0.5000000000000001,30.080806439966416,4.4499463494234295
3,0.7000000000000001,12.23182843807139,4.385689174224003
4,0.9000000000000001,0.0,0.0
