,discretized_reward_proportion,interconnectivity_strength_mean,interconnectivity_strength_err
0,0.1,50.18096471078597,3.128731367464286
1,0.30000000000000004,66.55430257566292,3.1502409999635583
2,0.5000000000000001,45.28162123366862,4.557686111416641
3,0.7000000000000001,16.573923613661798,3.533937987465929
4,0.9000000000000001,18.143511889690004,2.9838773263484235
