,discretized_reward_proportion,interconnectivity_strength_mean,interconnectivity_strength_err
0,0.1,15.435036759935908,3.1353066095635302
1,0.30000000000000004,13.201009127108971,1.405726835604359
2,0.5000000000000001,8.353691698682704,0.6831310492429179
3,0.7000000000000001,6.700255925973053,0.34856476401770425
4,0.9000000000000001,5.998591387346414,0.16293784198304456
