,discretized_reward_proportion,interconnectivity_strength_mean,interconnectivity_strength_err
0,0.1,26.768477800627924,8.482615806024805
1,0.30000000000000004,65.3255044990203,15.705981239407263
2,0.5000000000000001,64.88153804278619,17.715238255947376
3,0.7000000000000001,121.62782182222604,14.031772991933622
4,0.9000000000000001,77.86936163567445,10.797192996663785
