,discretized_reward_proportion,interconnectivity_strength_mean,interconnectivity_strength_err
0,0.1,15.018509674476698,0.46745962654632556
1,0.30000000000000004,12.856637718442643,0.7134861345459583
2,0.5000000000000001,10.829660390338594,0.7833943873523886
3,0.7000000000000001,13.937118794781439,0.8238202003812897
4,0.9000000000000001,15.121277164547644,0.8605859577486813
