,discretized_reward_proportion,interconnectivity_strength_mean,interconnectivity_strength_err
0,0.1,76.21215498003745,5.77633778078428
1,0.30000000000000004,41.985654575274594,4.900986630761928
2,0.5000000000000001,35.63272548392096,2.7031690148742236
3,0.7000000000000001,28.71968293195595,2.69866440660485
4,0.9000000000000001,34.86176327857435,2.182485851031282
