,discretized_reward_proportion,interconnectivity_strength_mean,interconnectivity_strength_err
0,0.1,26.60704046030145,3.3130615924291584
1,0.30000000000000004,27.58754050376685,3.388200516041368
2,0.5000000000000001,27.940341925075106,3.690299511452033
3,0.7000000000000001,6.99834957525602,1.3206664267867725
4,0.9000000000000001,3.97723184437021,0.7771484941779507
