,discretized_reward_proportion,interconnectivity_strength_mean,interconnectivity_strength_err
0,0.1,44.75694108986833,4.605696966304422
1,0.30000000000000004,24.825907254658514,5.165498732872105
2,0.5000000000000001,15.154245918739505,0.9588686510313976
3,0.7000000000000001,23.850159324557605,2.5578591684120457
4,0.9000000000000001,32.53890722837358,3.8924752713246136
