,discretized_reward_proportion,interconnectivity_strength_mean,interconnectivity_strength_err
0,0.1,5.616187120316088,0.2678452384410798
1,0.30000000000000004,5.466661900023058,0.23481474595439536
2,0.5000000000000001,5.1987127840268705,0.17349414841045918
3,0.7000000000000001,4.815008113241386,0.1450628142494287
4,0.9000000000000001,4.407396086812605,0.10684446024918824
