,discretized_reward_proportion,interconnectivity_strength_mean,interconnectivity_strength_err
0,0.1,5.609829262638075,0.8350211756931895
1,0.30000000000000004,7.304841797318467,1.6898988948079379
2,0.5000000000000001,9.5929599192169,2.2247139645938474
3,0.7000000000000001,15.790032647699562,3.308380000834645
4,0.9000000000000001,12.427061588218555,1.393152411301011
