,discretized_reward_proportion,interconnectivity_strength_mean,interconnectivity_strength_err
0,0.1,8.738787890070988,1.8738125031867667
1,0.30000000000000004,14.268189877520763,2.153211690972505
2,0.5000000000000001,19.19651669553008,2.2084881293101275
3,0.7000000000000001,12.117526921187292,1.2170788363685727
4,0.9000000000000001,20.95788808319184,1.7475313115735005
