,discretized_reward_proportion,interconnectivity_strength_mean,interconnectivity_strength_err
0,0.1,97.17691281745226,11.930234337190958
1,0.30000000000000004,40.88807452492428,8.689402932068802
2,0.5000000000000001,8.601629418683766,0.4520366123727997
3,0.7000000000000001,8.840738071957981,0.7195292277774934
4,0.9000000000000001,7.391376512192278,0.27723361975137095
