,discretized_reward_proportion,interconnectivity_strength_mean,interconnectivity_strength_err
0,0.1,23.355382356638952,6.387216008260271
1,0.30000000000000004,54.127145614708525,9.054784036893262
2,0.5000000000000001,32.97977601847102,4.842870182720473
3,0.7000000000000001,20.12033395976104,3.359323452083643
4,0.9000000000000001,21.211982366177782,2.060916039192749
