,discretized_reward_proportion,interconnectivity_strength_mean,interconnectivity_strength_err
0,0.1,12.250419343699777,1.2398342432879512
1,0.30000000000000004,29.304427448200407,12.899951954660816
2,0.5000000000000001,56.442140769654394,17.148038968626494
3,0.7000000000000001,6.78574222831207,0.3946695650375149
4,0.9000000000000001,4.2326117091817785,0.1287807362586378
