,discretized_reward_proportion,interconnectivity_strength_mean,interconnectivity_strength_err
0,0.1,37.94230014692548,4.4600834237228275
1,0.30000000000000004,31.45747894434138,3.5441407933779567
2,0.5000000000000001,30.206555328731934,3.674307099592853
3,0.7000000000000001,44.99589912401676,3.3746658389444457
4,0.9000000000000001,26.269437268480026,2.2125663053327345
