,discretized_reward_proportion,interconnectivity_strength_mean,interconnectivity_strength_err
0,0.1,18.97698591744585,3.995902603461032
1,0.30000000000000004,32.309125529533276,3.046986719312152
2,0.5000000000000001,24.666776638972262,2.181206058806739
3,0.7000000000000001,17.130325626087057,0.9819829579016714
4,0.9000000000000001,18.396848037567672,1.1856800646115522
