,discretized_reward_proportion,interconnectivity_strength_mean,interconnectivity_strength_err
0,0.1,16.66124485312191,1.8453105044409595
1,0.30000000000000004,12.950760978917183,2.290146358117711
2,0.5000000000000001,12.603841133433972,3.002180824224948
3,0.7000000000000001,12.574961785734336,1.507053517877341
4,0.9000000000000001,9.289729582239783,0.6770960546949268
