,discretized_reward_proportion,interconnectivity_strength_mean,interconnectivity_strength_err
0,0.1,26.827735554180517,2.0805295758285363
1,0.30000000000000004,24.710473456268947,2.082310228614238
2,0.5000000000000001,14.58604431698496,2.3233453642445108
3,0.7000000000000001,8.665331053709902,0.3859500869912469
4,0.9000000000000001,10.684810632106839,0.4719873540606646
