,discretized_reward_proportion,interconnectivity_strength_mean,interconnectivity_strength_err
0,0.1,36.77397905864653,10.32791147159337
1,0.30000000000000004,18.363545907850998,4.69261042925495
2,0.5000000000000001,20.33021710357326,3.935663725312125
3,0.7000000000000001,32.91909266732463,5.616155770535054
4,0.9000000000000001,44.12644317275858,4.530683363672783
