,discretized_reward_proportion,interconnectivity_strength_mean,interconnectivity_strength_err
0,0.1,19.886408196321458,0.7584043310195464
1,0.30000000000000004,19.004173729770734,0.8689360929861037
2,0.5000000000000001,12.444764645478909,1.156919662813368
3,0.7000000000000001,13.491422339178618,1.5418153798398135
4,0.9000000000000001,8.735461151062562,0.7450813983586043
