,discretized_reward_proportion,interconnectivity_strength_mean,interconnectivity_strength_err
0,0.1,111.72350901631273,19.74439575177661
1,0.30000000000000004,108.47328532932139,20.410653318686226
2,0.5000000000000001,146.89764530943293,35.60613928051447
3,0.7000000000000001,111.58186162092446,22.011650150803977
4,0.9000000000000001,179.3646447249103,52.846197127541906
