,discretized_reward_proportion,interconnectivity_strength_mean,interconnectivity_strength_err
0,0.1,59.18576637615489,14.782848894504882
1,0.30000000000000004,42.611077015158926,6.210469203961729
2,0.5000000000000001,46.27142628424563,8.522385833865217
3,0.7000000000000001,31.910030219672176,2.588795253755596
4,0.9000000000000001,31.577001938053726,1.9959741117790295
