,discretized_reward_proportion,interconnectivity_strength_mean,interconnectivity_strength_err
0,0.1,31.13565757245866,2.9279633909580367
1,0.30000000000000004,27.580153716829034,2.534925258429788
2,0.5000000000000001,31.999506031874517,2.865314402319287
3,0.7000000000000001,12.729595585093536,1.690498606833192
4,0.9000000000000001,13.334498395982786,0.557517213898657
