,discretized_reward_proportion,interconnectivity_strength_mean,interconnectivity_strength_err
0,0.1,10.042752123691619,0.5757118601297528
1,0.30000000000000004,16.787315560389043,1.3241218058092175
2,0.5000000000000001,11.194978173775574,0.7266129819208408
3,0.7000000000000001,16.63655969384088,1.5131999036813377
4,0.9000000000000001,18.466916055738512,1.0366065374537912
