,discretized_reward_proportion,interconnectivity_strength_mean,interconnectivity_strength_err
0,0.1,35.75360882431559,6.453512837168052
1,0.30000000000000004,54.5055670412662,6.974044273894544
2,0.5000000000000001,53.19571893294408,9.628860768935894
3,0.7000000000000001,27.529746778720924,2.2109427467973863
4,0.9000000000000001,20.77518982529206,1.5381051411466518
