,discretized_reward_proportion,interconnectivity_strength_mean,interconnectivity_strength_err
0,0.1,48.31811434878669,8.008610930058655
1,0.30000000000000004,24.577237006419015,3.9377831222330473
2,0.5000000000000001,16.554011181700865,1.6505649693191624
3,0.7000000000000001,16.244767321012308,2.732229420587655
4,0.9000000000000001,28.738232069419173,3.4995360849147827
