,discretized_reward_proportion,interconnectivity_strength_mean,interconnectivity_strength_err
0,0.1,85.94374482094024,16.531734865951158
1,0.30000000000000004,50.568036932727374,8.69494895112423
2,0.5000000000000001,14.083456737337563,0.6729874470667261
3,0.7000000000000001,20.08637220829642,2.901959420770763
4,0.9000000000000001,13.282367175992189,2.709583101865736
