,discretized_reward_proportion,interconnectivity_strength_mean,interconnectivity_strength_err
0,0.1,24.426718247838703,4.267725847088155
1,0.30000000000000004,10.8550127279209,1.7308310432496155
2,0.5000000000000001,12.848646284706529,1.5619684147132156
3,0.7000000000000001,14.54470506832914,2.8098993146237903
4,0.9000000000000001,5.3083653342774415,0.16964295850046246
