,discretized_reward_proportion,interconnectivity_strength_mean,interconnectivity_strength_err
0,0.1,29.51018406225401,1.420824885950663
1,0.30000000000000004,28.379817714112804,3.034559691286913
2,0.5000000000000001,31.066549754692584,3.1640198744195636
3,0.7000000000000001,31.649258190044083,4.305242354082172
4,0.9000000000000001,13.609740991223306,2.674337033324923
