,discretized_reward_proportion,interconnectivity_strength_mean,interconnectivity_strength_err
0,0.1,12.916133271108393,1.1718079378730026
1,0.30000000000000004,11.40198344070012,0.6878934045074834
2,0.5000000000000001,10.582120796586754,0.7894097107988515
3,0.7000000000000001,9.218950727770977,0.33145323892606543
4,0.9000000000000001,8.98537069990157,0.41288659406988726
