,discretized_reward_proportion,interconnectivity_strength_mean,interconnectivity_strength_err
0,0.1,68.76853147516312,6.695721659727188
1,0.30000000000000004,85.14919809070216,8.990769291180841
2,0.5000000000000001,75.31449076628896,10.769181336068808
3,0.7000000000000001,48.686169118422356,10.968391389374707
4,0.9000000000000001,65.33544244554624,16.583998361174892
