,discretized_reward_proportion,interconnectivity_strength_mean,interconnectivity_strength_err
0,0.1,7.4508472665401095,0.5843511886740488
1,0.30000000000000004,6.714379590327801,0.6773134461639214
2,0.5000000000000001,8.588047808079466,0.6470639631883517
3,0.7000000000000001,9.246948280373953,0.5839007156114955
4,0.9000000000000001,8.457347353631908,0.33004224844873514
