,discretized_reward_proportion,interconnectivity_strength_mean,interconnectivity_strength_err
0,0.1,388.46767160196794,85.08494324397216
1,0.30000000000000004,84.44764342762483,46.43150785067746
2,0.5000000000000001,196.6407151757842,141.02999504672664
3,0.7000000000000001,1.76100596963305,0.7309932026788346
4,0.9000000000000001,2.3848733908118014,0.730106205530436
