,discretized_reward_proportion,interconnectivity_strength_mean,interconnectivity_strength_err
0,0.1,25.599777715025578,7.9598572175210105
1,0.30000000000000004,57.62880050015261,12.986293939456424
2,0.5000000000000001,66.87807282942694,11.814370496301168
3,0.7000000000000001,32.524005991491514,4.309448891876438
4,0.9000000000000001,36.890923154350666,4.059165659456317
