,discretized_reward_proportion,interconnectivity_strength_mean,interconnectivity_strength_err
0,0.1,18.255192139430218,0.5066357640183522
1,0.30000000000000004,16.999786926030986,1.019450964980346
2,0.5000000000000001,16.72405404381303,1.5920725642744582
3,0.7000000000000001,11.797214555723011,0.7739618742072628
4,0.9000000000000001,9.917319775434612,0.44735218325298576
