,discretized_reward_proportion,interconnectivity_strength_mean,interconnectivity_strength_err
0,0.1,4.687976584478855,0.7201495316256289
1,0.30000000000000004,26.880568949121745,7.183994535539163
2,0.5000000000000001,23.82925675584731,6.411660773522427
3,0.7000000000000001,16.335387829438886,4.799936052140122
4,0.9000000000000001,21.395034307997836,7.5049991275089205
