,discretized_reward_proportion,interconnectivity_strength_mean,interconnectivity_strength_err
0,0.1,10.40823632066657,0.5678126023780667
1,0.30000000000000004,10.152487439853102,0.5810026945710377
2,0.5000000000000001,8.491182169989102,0.6284020613863945
3,0.7000000000000001,8.102710257453385,0.2701505897039723
4,0.9000000000000001,7.689457814843867,0.3092949090508009
