,discretized_reward_proportion,interconnectivity_strength_mean,interconnectivity_strength_err
0,0.1,43.54799283489436,0.9020290017586982
1,0.30000000000000004,23.845481179779103,3.772976162890155
2,0.5000000000000001,16.517341460299047,2.7528247517296305
3,0.7000000000000001,68.45473599602752,11.445106797853251
4,0.9000000000000001,59.671540081248175,8.054477207694653
