,discretized_reward_proportion,interconnectivity_strength_mean,interconnectivity_strength_err
0,0.1,18.941072130218267,1.4027748593915907
1,0.30000000000000004,24.803660378088637,3.242830869967942
2,0.5000000000000001,18.534630099751652,1.4104527362942036
3,0.7000000000000001,14.679894796590917,0.8120591642533861
4,0.9000000000000001,15.292684950422082,0.7300477985334762
