,discretized_reward_proportion,interconnectivity_strength_mean,interconnectivity_strength_err
0,0.1,1.53350129111352,0.9254901310154688
1,0.30000000000000004,7.817296196486813,1.3965144882018745
2,0.5000000000000001,9.48304456294548,1.1437652841480999
3,0.7000000000000001,10.42226962094807,1.8436909830495278
4,0.9000000000000001,14.257700193348084,2.771696742084228
