,discretized_reward_proportion,interconnectivity_strength_mean,interconnectivity_strength_err
0,0.1,41.902972644799,1.9014687490799014
1,0.30000000000000004,26.81552342254861,4.643204683331175
2,0.5000000000000001,30.161995108864822,2.5700996749000122
3,0.7000000000000001,37.67692133493928,2.738010338366512
4,0.9000000000000001,35.86543148961759,2.0844722260076547
