,discretized_reward_proportion,interconnectivity_strength_mean,interconnectivity_strength_err
0,0.1,15.225744763486047,1.470381439433245
1,0.30000000000000004,14.500054003316281,1.2421364152234862
2,0.5000000000000001,14.406120352850632,2.458512631831678
3,0.7000000000000001,11.94971688637207,1.0959140547635893
4,0.9000000000000001,10.259625632456908,0.6263918718667466
