,discretized_reward_proportion,interconnectivity_strength_mean,interconnectivity_strength_err
0,0.1,167.73605025018864,45.19077139865917
1,0.30000000000000004,58.07601252547256,14.462057730102385
2,0.5000000000000001,36.344126095094225,12.773678089133684
3,0.7000000000000001,31.85073779882658,13.71960929420516
4,0.9000000000000001,14.038151595825191,3.2955175419578016
