,discretized_reward_proportion,interconnectivity_strength_mean,interconnectivity_strength_err
0,0.1,31.97054578323819,1.6399146168588585
1,0.30000000000000004,17.735076800904004,1.8267064653570106
2,0.5000000000000001,17.70520799787326,1.2452789214774145
3,0.7000000000000001,22.737729299014696,1.12980749979573
4,0.9000000000000001,22.57555748424295,1.6127755338259682
