,discretized_reward_proportion,interconnectivity_strength_mean,interconnectivity_strength_err
0,0.1,10.097288020254624,0.8879613126090213
1,0.30000000000000004,9.279047563681372,0.5155624107894649
2,0.5000000000000001,6.694859537284955,0.40222457488623203
3,0.7000000000000001,6.228636658669338,0.21712229619632079
4,0.9000000000000001,6.192863945547884,0.24867860640151185
