,discretized_reward_proportion,interconnectivity_strength_mean,interconnectivity_strength_err
0,0.1,8.292466980317222,1.7298851854601058
1,0.30000000000000004,14.299371687141052,2.1029731594678824
2,0.5000000000000001,26.3557610139206,2.731937852594326
3,0.7000000000000001,30.577940929594032,3.4851423992598183
4,0.9000000000000001,34.40636598143709,4.958578732469692
