,discretized_reward_proportion,interconnectivity_strength_mean,interconnectivity_strength_err
0,0.1,73.94886398273097,16.17105267093076
1,0.30000000000000004,82.12162284070031,13.568663600829451
2,0.5000000000000001,29.565499315290744,7.5464411137967655
3,0.7000000000000001,51.61310789178222,4.770676142554698
4,0.9000000000000001,18.918974743760163,3.126096562375308
