,discretized_reward_proportion,interconnectivity_strength_mean,interconnectivity_strength_err
0,0.1,11.517641591106727,0.4141182616387879
1,0.30000000000000004,9.664350312200781,0.5547979016964862
2,0.5000000000000001,6.397053746923672,0.1656620676619441
3,0.7000000000000001,7.061490560846092,0.28134835491786275
4,0.9000000000000001,7.445722273477334,0.3215433178547136
