,discretized_reward_proportion,interconnectivity_strength_mean,interconnectivity_strength_err
0,0.1,7.877853939840398,2.126374808775453
1,0.30000000000000004,2.4999370975701445,0.7492970458313147
2,0.5000000000000001,5.774855812686421,0.5742547779570789
3,0.7000000000000001,4.902165846047544,0.6390588107799071
4,0.9000000000000001,5.606524781316304,0.3650445546634503
