,discretized_reward_proportion,interconnectivity_strength_mean,interconnectivity_strength_err
0,0.1,0.037037037037037035,0.025699580240322623
1,0.30000000000000004,0.1827956989247312,0.04007807318616495
2,0.5000000000000001,0.18421052631578946,0.044467168301048875
3,0.7000000000000001,0.3125,0.05793905068043487
4,0.9000000000000001,0.41935483870967744,0.06266865733574838
