,discretized_reward_proportion,interconnectivity_strength_mean,interconnectivity_strength_err
0,0.1,28.41292238004055,6.203008538076948
1,0.30000000000000004,37.89872931230725,11.511841868480264
2,0.5000000000000001,21.07513821643206,2.715268825185978
3,0.7000000000000001,20.961712539030966,3.766506149886784
4,0.9000000000000001,1.0919873444812611,1.066880831094508
