,discretized_reward_proportion,interconnectivity_strength_mean,interconnectivity_strength_err
0,0.1,11.37855140773893,1.9072632590421588
1,0.30000000000000004,10.08402293129116,1.0992267581436141
2,0.5000000000000001,9.309878351126043,1.4916369023800702
3,0.7000000000000001,9.543349494706296,0.9580286014175392
4,0.9000000000000001,7.751976647524192,0.7002649542476219
