,discretized_reward_proportion,interconnectivity_strength_mean,interconnectivity_strength_err
0,0.1,11.532018073637689,5.103009169843812
1,0.30000000000000004,79.22128066966904,36.943222616448956
2,0.5000000000000001,117.37051519708028,39.19103015333147
3,0.7000000000000001,0.2857142857142857,0.08537347209531383
4,0.9000000000000001,0.045454545454545456,0.044409473678108845
