,discretized_reward_proportion,interconnectivity_strength_mean,interconnectivity_strength_err
0,0.1,11.941352761997553,1.1653818784590002
1,0.30000000000000004,8.951538433583943,0.5456554696527861
2,0.5000000000000001,6.288084573414092,0.195842292828607
3,0.7000000000000001,5.999630861965122,0.17627681904233786
4,0.9000000000000001,5.651564440991735,0.19305988150324666
