,discretized_reward_proportion,interconnectivity_strength_mean,interconnectivity_strength_err
0,0.1,9.350318646023748,0.8251210260034322
1,0.30000000000000004,6.866195147222957,0.3702326400103558
2,0.5000000000000001,6.121814254157686,0.23413184136025847
3,0.7000000000000001,5.118249760718983,0.11736504271202206
4,0.9000000000000001,4.516274877244023,0.09723247472506076
