,discretized_reward_proportion,interconnectivity_strength_mean,interconnectivity_strength_err
0,0.1,27.71502229191749,2.1610228406970777
1,0.30000000000000004,16.493659562169395,1.9621407572312168
2,0.5000000000000001,24.453899691615895,5.685777200762327
3,0.7000000000000001,68.34943668745962,9.316885783901549
4,0.9000000000000001,56.76735253330776,9.477245100460896
