,discretized_reward_proportion,interconnectivity_strength_mean,interconnectivity_strength_err
0,0.1,26.26394861518507,3.914090748807111
1,0.30000000000000004,16.63964771733657,1.9206446660475402
2,0.5000000000000001,15.329605376937073,2.3017588208776
3,0.7000000000000001,12.411513593983043,1.2869217595361357
4,0.9000000000000001,17.155445307087067,2.9676624537976912
