,discretized_reward_proportion,interconnectivity_strength_mean,interconnectivity_strength_err
0,0.1,38.922142401972415,2.369616109474398
1,0.30000000000000004,49.82872000526091,4.063703784771941
2,0.5000000000000001,87.21122573394531,22.844209940232247
3,0.7000000000000001,283.7696384956997,63.89618629967815
4,0.9000000000000001,84.17173769441078,28.995484912383272
