,discretized_reward_proportion,interconnectivity_strength_mean,interconnectivity_strength_err
0,0.1,18.62649918756871,4.7283649358211655
1,0.30000000000000004,28.069814695713838,4.046736620634456
2,0.5000000000000001,21.707821982944846,3.522505216029414
3,0.7000000000000001,23.595120793375738,4.191494288965993
4,0.9000000000000001,77.68862222848405,7.691257969214114
