,discretized_reward_proportion,interconnectivity_strength_mean,interconnectivity_strength_err
0,0.1,22.548516893299507,1.453737060596192
1,0.30000000000000004,20.980656442907385,2.054865172960548
2,0.5000000000000001,15.497713333153287,1.3075551423763097
3,0.7000000000000001,13.588174414801214,1.0720366836747892
4,0.9000000000000001,17.75612323497875,1.8391421984958616
