,discretized_reward_proportion,interconnectivity_strength_mean,interconnectivity_strength_err
0,0.1,18.003035324201736,1.2277140039773284
1,0.30000000000000004,15.327799335345116,1.2376610590135466
2,0.5000000000000001,14.795252078599551,1.3190765477926532
3,0.7000000000000001,17.726959191411165,1.0177233592433548
4,0.9000000000000001,27.689637225808486,2.243281918680218
