,discretized_reward_proportion,interconnectivity_strength_mean,interconnectivity_strength_err
0,0.1,16.86257808564609,2.5712000623871947
1,0.30000000000000004,13.842190671808138,1.6537399399925088
2,0.5000000000000001,9.544771576694544,1.2279608288289658
3,0.7000000000000001,6.999795257035121,0.31048549166176936
4,0.9000000000000001,6.01676330470454,0.4053117759708348
