,discretized_reward_proportion,interconnectivity_strength_mean,interconnectivity_strength_err
0,0.1,81.14742276504616,22.812291825516002
1,0.30000000000000004,61.23612900727463,19.388479867684552
2,0.5000000000000001,91.35396205055353,25.893879125928233
3,0.7000000000000001,20.86539125481818,6.589367802648516
4,0.9000000000000001,11.703063075040495,1.4791355688332513
