,discretized_reward_proportion,interconnectivity_strength_mean,interconnectivity_strength_err
0,0.1,23.97933946470058,2.075302323299452
1,0.30000000000000004,30.31342002644594,4.358780679469792
2,0.5000000000000001,31.900070167779866,4.838340074389708
3,0.7000000000000001,19.599234103160605,1.3908624691133664
4,0.9000000000000001,21.555650082656406,0.8913144922190277
