,discretized_reward_proportion,interconnectivity_strength_mean,interconnectivity_strength_err
0,0.1,4.854960438743734,1.6239999398679232
1,0.30000000000000004,9.843326014996464,2.025436982012912
2,0.5000000000000001,51.89667037738106,14.522231557100607
3,0.7000000000000001,21.457511704578177,5.796933324521905
4,0.9000000000000001,22.351302789040087,5.985284704458379
