,discretized_reward_proportion,interconnectivity_strength_mean,interconnectivity_strength_err
0,0.1,5.077041849483656,0.24317069976231329
1,0.30000000000000004,5.5423175569954894,0.46406385020037044
2,0.5000000000000001,7.575160843955864,0.35940882390800677
3,0.7000000000000001,7.728595860200044,0.26884542119412513
4,0.9000000000000001,7.495598528856235,0.3116121341264002
