,discretized_reward_proportion,interconnectivity_strength_mean,interconnectivity_strength_err
0,0.1,73.19344486628967,8.736900607312188
1,0.30000000000000004,52.42430039984233,7.720236298033607
2,0.5000000000000001,45.72539133942932,7.08380136614165
3,0.7000000000000001,34.85294577847246,3.8642718739216244
4,0.9000000000000001,22.61759606888737,4.0214082820103245
