,discretized_reward_proportion,interconnectivity_strength_mean,interconnectivity_strength_err
0,0.1,4.899919319317945,0.3424543908919721
1,0.30000000000000004,8.415987282942666,0.5372444641049227
2,0.5000000000000001,12.173012266163411,0.6457059730532958
3,0.7000000000000001,11.548251202936614,0.36808302330409626
4,0.9000000000000001,10.368741410005113,0.4598976826729986
