,discretized_reward_proportion,interconnectivity_strength_mean,interconnectivity_strength_err
0,0.1,30.26599788990794,3.902660823138345
1,0.30000000000000004,19.699324763186038,2.157824130635904
2,0.5000000000000001,32.98844701302326,3.1024664449323267
3,0.7000000000000001,40.830441534672644,9.061457451717663
4,0.9000000000000001,156.79128080475348,18.487683882561832
