,discretized_reward_proportion,interconnectivity_strength_mean,interconnectivity_strength_err
0,0.1,16.58103081477541,1.883992248215249
1,0.30000000000000004,12.175366713573938,0.7516685188823409
2,0.5000000000000001,16.218491786357035,1.088701577409028
3,0.7000000000000001,11.16029895856902,0.7621651680554679
4,0.9000000000000001,14.11609419628296,0.8950949318893557
