,discretized_reward_proportion,interconnectivity_strength_mean,interconnectivity_strength_err
0,0.1,38.5351710150832,2.226500939712457
1,0.30000000000000004,17.96662550021687,1.8375487180999064
2,0.5000000000000001,13.680436010239829,0.8468669555209859
3,0.7000000000000001,12.435679548767663,1.278469072845759
4,0.9000000000000001,6.355078975369523,0.8969881296134506
