,discretized_reward_proportion,interconnectivity_strength_mean,interconnectivity_strength_err
0,0.1,30.545260146661644,1.8970578637067308
1,0.30000000000000004,19.393244178115413,1.3022879411554953
2,0.5000000000000001,14.620423652357585,1.556212649615447
3,0.7000000000000001,8.98018348672954,0.5987226292669502
4,0.9000000000000001,9.267454529374865,0.5326669791492508
