,discretized_reward_proportion,interconnectivity_strength_mean,interconnectivity_strength_err
0,0.1,18.596655536810026,4.766307227739172
1,0.30000000000000004,12.914904032739349,1.3536944247239724
2,0.5000000000000001,9.470406231819704,0.7139780977978919
3,0.7000000000000001,11.662152963138793,0.6102262640943544
4,0.9000000000000001,9.162232262700993,0.617412649802881
