,discretized_reward_proportion,interconnectivity_strength_mean,interconnectivity_strength_err
0,0.1,54.229135913667704,9.893708686393952
1,0.30000000000000004,21.33535052451937,1.777452010944752
2,0.5000000000000001,7.554639941555074,0.8169739648841666
3,0.7000000000000001,9.564750333178118,0.5326109706876051
4,0.9000000000000001,11.01297495988341,0.5818211091742349
