,discretized_reward_proportion,interconnectivity_strength_mean,interconnectivity_strength_err
0,0.1,12.405425428930135,0.23053137969299056
1,0.30000000000000004,13.561352931735872,0.9731298515355253
2,0.5000000000000001,10.009240925703644,0.6536926454853915
3,0.7000000000000001,9.492734667208254,0.5750513492385148
4,0.9000000000000001,8.590480725560575,0.5118668319927928
