,discretized_reward_proportion,interconnectivity_strength_mean,interconnectivity_strength_err
0,0.1,0.0,0.0
1,0.30000000000000004,0.0,0.0
2,0.5000000000000001,16.1502557751507,7.65521042510097
3,0.7000000000000001,9.672469632171918,3.8248945200798947
4,0.9000000000000001,12.613442439876929,3.613267744299335
