,discretized_reward_proportion,interconnectivity_strength_mean,interconnectivity_strength_err
0,0.1,8.24941559116202,0.2519784783321958
1,0.30000000000000004,8.396991012670442,0.3417631385882765
2,0.5000000000000001,8.392584459332289,0.29281003130380395
3,0.7000000000000001,8.325333910568952,0.3318539200933594
4,0.9000000000000001,11.326447923224693,0.5139846978622907
