,discretized_reward_proportion,interconnectivity_strength_mean,interconnectivity_strength_err
0,0.1,11.659376249206156,0.23174896241661716
1,0.30000000000000004,11.185741452900208,0.38038629848356514
2,0.5000000000000001,11.395544858291661,0.32339627947178096
3,0.7000000000000001,8.482499710607119,0.5445520271502029
4,0.9000000000000001,8.96375834219218,0.29238489137302787
