,discretized_reward_proportion,interconnectivity_strength_mean,interconnectivity_strength_err
0,0.1,11.553808294639536,0.31120715658331055
1,0.30000000000000004,11.051243336030405,0.7376320119736552
2,0.5000000000000001,13.05850432731001,1.201537981282534
3,0.7000000000000001,10.116403372505573,0.8339350221384214
4,0.9000000000000001,9.102801087558705,0.5962034108988455
