,discretized_reward_proportion,interconnectivity_strength_mean,interconnectivity_strength_err
0,0.1,39.266930123027386,9.4842130982231
1,0.30000000000000004,32.665162851618646,9.058162561420797
2,0.5000000000000001,0.11475409836065574,0.04080854845958752
3,0.7000000000000001,8.374821815682225,5.5430811607622
4,0.9000000000000001,43.991816647611785,5.5119139440420755
