,discretized_reward_proportion,interconnectivity_strength_mean,interconnectivity_strength_err
0,0.1,30.328048934675188,4.428236202579548
1,0.30000000000000004,12.832707096040163,2.9848088879621173
2,0.5000000000000001,8.815996750883594,1.8595837460874214
3,0.7000000000000001,3.5635969467430852,1.0003166375690444
4,0.9000000000000001,3.604320958312131,0.7922441259253351
