,discretized_reward_proportion,interconnectivity_strength_mean,interconnectivity_strength_err
0,0.1,28.694935915895723,6.463604386704647
1,0.30000000000000004,14.575783988421636,1.287196783142714
2,0.5000000000000001,16.923542837704158,1.9266324012263931
3,0.7000000000000001,13.207535155063695,0.9732662715182482
4,0.9000000000000001,15.935648779674308,1.480563420475007
