,discretized_reward_proportion,interconnectivity_strength_mean,interconnectivity_strength_err
0,0.1,16.715551795443087,0.5213345277492839
1,0.30000000000000004,9.399963279755102,0.6184149475273694
2,0.5000000000000001,6.965649327147026,0.3240906314932675
3,0.7000000000000001,5.7578055151647956,0.42274980484663477
4,0.9000000000000001,4.3782592860803184,0.15785053293169427
