,discretized_reward_proportion,interconnectivity_strength_mean,interconnectivity_strength_err
0,0.1,37.69401257867483,6.341786162402909
1,0.30000000000000004,34.14228178155678,3.875957764850355
2,0.5000000000000001,11.601901560224155,1.8495118951263199
3,0.7000000000000001,8.560192198781074,0.6844604314340169
4,0.9000000000000001,9.513813249598984,1.0895237377019489
