,discretized_reward_proportion,interconnectivity_strength_mean,interconnectivity_strength_err
0,0.1,96.82702018492706,12.794963179572864
1,0.30000000000000004,34.859680586125656,4.704624551823845
2,0.5000000000000001,46.73850943175904,5.047136614474464
3,0.7000000000000001,28.78755567647077,4.537755246816181
4,0.9000000000000001,28.39086280685169,3.26302509760886
