,discretized_reward_proportion,interconnectivity_strength_mean,interconnectivity_strength_err
0,0.1,37.287687922942936,6.61265637917986
1,0.30000000000000004,81.88567976213855,15.73125408885519
2,0.5000000000000001,52.00347985369154,8.183601250304116
3,0.7000000000000001,49.46288341307618,10.587387805700445
4,0.9000000000000001,78.98785463922621,12.529742043763894
