,discretized_reward_proportion,interconnectivity_strength_mean,interconnectivity_strength_err
0,0.1,9.40037243571502,1.1561826122403396
1,0.30000000000000004,33.09389773504087,6.118468303436322
2,0.5000000000000001,38.409526354907634,10.482635884347248
3,0.7000000000000001,70.66978270545842,37.81554556355973
4,0.9000000000000001,45.683335082072205,13.673688295465302
