,discretized_reward_proportion,interconnectivity_strength_mean,interconnectivity_strength_err
0,0.1,8.056994970878488,1.0744817580798807
1,0.30000000000000004,9.488261456325562,0.7952570833909279
2,0.5000000000000001,10.993948518279337,0.8017087324666465
3,0.7000000000000001,10.689212694315657,0.553397103432667
4,0.9000000000000001,11.666974440821907,0.6042111782068412
