,discretized_reward_proportion,interconnectivity_strength_mean,interconnectivity_strength_err
0,0.1,12.144812250292155,1.6924276474281161
1,0.30000000000000004,6.05332292014143,1.045655226735546
2,0.5000000000000001,10.617951069110672,1.4623331321388553
3,0.7000000000000001,12.442622259466237,1.5003777841085852
4,0.9000000000000001,13.384364668477758,1.431772319941815
