,discretized_reward_proportion,interconnectivity_strength_mean,interconnectivity_strength_err
0,0.1,6.517306878080047,0.5778574664530632
1,0.30000000000000004,14.231343383343708,1.79428000292816
2,0.5000000000000001,12.415038922321887,1.2950621704012617
3,0.7000000000000001,11.377041624766136,1.0992302102608509
4,0.9000000000000001,9.533061276378982,1.1775057583713078
