,discretized_reward_proportion,interconnectivity_strength_mean,interconnectivity_strength_err
0,0.1,10.032083557094436,0.545687641591181
1,0.30000000000000004,9.007502001881337,0.6706087636460981
2,0.5000000000000001,11.41632116857275,0.9759682854356424
3,0.7000000000000001,8.403636483674832,0.7925928290241708
4,0.9000000000000001,6.963920237422666,0.5770687742608273
