,discretized_reward_proportion,interconnectivity_strength_mean,interconnectivity_strength_err
0,0.1,27.44110975984135,1.5341247498130746
1,0.30000000000000004,27.71969888267179,2.005605628084673
2,0.5000000000000001,31.01469216740709,1.9304772698194366
3,0.7000000000000001,28.441160879334006,4.198618560760232
4,0.9000000000000001,16.03786381528768,1.7036773453000242
