,discretized_reward_proportion,interconnectivity_strength_mean,interconnectivity_strength_err
0,0.1,350.8975445903612,187.70304800261812
1,0.30000000000000004,546.629819386034,215.66659376093915
2,0.5000000000000001,92.36653296418378,44.23212258537131
3,0.7000000000000001,0.15789473684210525,0.03741150806899531
4,0.9000000000000001,0.3853211009174312,0.04661463625184513
