,discretized_reward_proportion,interconnectivity_strength_mean,interconnectivity_strength_err
0,0.1,0.0,0.0
1,0.30000000000000004,1.8816705792365902,0.6123800949648686
2,0.5000000000000001,24.90768460308796,6.967140400902495
3,0.7000000000000001,29.05545205474242,5.7048725507465745
4,0.9000000000000001,31.73120510037116,4.471712046162568
