,discretized_reward_proportion,interconnectivity_strength_mean,interconnectivity_strength_err
0,0.1,55.132447508166806,8.07809046764939
1,0.30000000000000004,41.0015728006831,4.354660287269599
2,0.5000000000000001,50.88694486950644,5.4641441543239955
3,0.7000000000000001,15.317529036871385,1.6414093181935656
4,0.9000000000000001,35.31241667500833,3.3824150325691242
