,discretized_reward_proportion,interconnectivity_strength_mean,interconnectivity_strength_err
0,0.1,2.936092324456208,0.07870439639839218
1,0.30000000000000004,4.298195247897523,0.49260666882160714
2,0.5000000000000001,5.9247294708857074,0.4106389974237034
3,0.7000000000000001,6.574055575194368,0.2661875265206007
4,0.9000000000000001,5.557429757332138,0.23712711675646445
