,discretized_reward_proportion,interconnectivity_strength_mean,interconnectivity_strength_err
0,0.1,17.141313565981715,0.31708555903656227
1,0.30000000000000004,15.836141373333845,0.5371587457059964
2,0.5000000000000001,14.512673685280392,0.49281247452291826
3,0.7000000000000001,13.846731917316742,0.7429487654223106
4,0.9000000000000001,10.48009764675889,0.7793727280901139
