,discretized_reward_proportion,interconnectivity_strength_mean,interconnectivity_strength_err
0,0.1,4.022275408900118,1.9290350372248934
1,0.30000000000000004,34.09155954429048,5.079158029274159
2,0.5000000000000001,23.713787109437177,2.728440454222737
3,0.7000000000000001,25.128196730254263,2.1876418964426483
4,0.9000000000000001,36.196464552267045,4.385640894627083
