,discretized_reward_proportion,interconnectivity_strength_mean,interconnectivity_strength_err
0,0.1,7.211501906352153,0.756106552493408
1,0.30000000000000004,6.433359390631749,0.6435177079999478
2,0.5000000000000001,54.551494223408454,15.932045915859112
3,0.7000000000000001,28.556018025100233,5.179408053937355
4,0.9000000000000001,21.52520124394421,4.228202368257486
