,discretized_reward_proportion,interconnectivity_strength_mean,interconnectivity_strength_err
0,0.1,10.82672571215237,1.335029134919143
1,0.30000000000000004,15.986874467556994,1.2486274174901795
2,0.5000000000000001,14.72999060221226,0.5511032740134898
3,0.7000000000000001,14.614578663150159,0.9851000117772094
4,0.9000000000000001,15.28091004270519,0.9176759846948874
