,discretized_reward_proportion,interconnectivity_strength_mean,interconnectivity_strength_err
0,0.1,26.522863373203347,2.3340640721924575
1,0.30000000000000004,16.867417011110305,2.8686260847390983
2,0.5000000000000001,19.503367332193893,4.622055413620876
3,0.7000000000000001,24.83025430179691,3.1649989745931593
4,0.9000000000000001,29.168403070684743,3.278703169672634
