,discretized_reward_proportion,interconnectivity_strength_mean,interconnectivity_strength_err
0,0.1,110.38416018433175,16.910616178814312
1,0.30000000000000004,28.595512564172928,6.265621182654486
2,0.5000000000000001,15.075105351845293,4.34738989981014
3,0.7000000000000001,7.871775088023449,1.271025495586347
4,0.9000000000000001,4.220151825130211,0.47071648172009367
