,discretized_reward_proportion,interconnectivity_strength_mean,interconnectivity_strength_err
0,0.1,25.70025528191871,1.7129579847092329
1,0.30000000000000004,21.967747180876625,2.3221692527462476
2,0.5000000000000001,17.36652659815794,1.3880443027504683
3,0.7000000000000001,13.778638354985794,0.5186376731352772
4,0.9000000000000001,13.88978630498735,0.5161646619477754
