,discretized_reward_proportion,interconnectivity_strength_mean,interconnectivity_strength_err
0,0.1,7.253220124107327,0.4527115719112225
1,0.30000000000000004,6.413155143713772,0.2845607516342816
2,0.5000000000000001,7.308794709556692,0.6786691643588338
3,0.7000000000000001,8.070846084577692,0.378818744998936
4,0.9000000000000001,8.831405633794802,0.3100670705770888
