,discretized_reward_proportion,interconnectivity_strength_mean,interconnectivity_strength_err
0,0.1,13.42930510000198,2.253794999685986
1,0.30000000000000004,24.314610859864892,2.2171656815949743
2,0.5000000000000001,17.7986492314325,1.5711037792037714
3,0.7000000000000001,16.598102433411817,0.6846719727676239
4,0.9000000000000001,16.267831200076138,0.6738979698159665
