,discretized_reward_proportion,interconnectivity_strength_mean,interconnectivity_strength_err
0,0.1,0.3793103448275862,0.03678408632165998
1,0.30000000000000004,0.453125,0.062224735633101526
2,0.5000000000000001,0.3442622950819672,0.06083379227915469
3,0.7000000000000001,0.10714285714285714,0.058451220598926525
4,0.9000000000000001,0.0,0.0
