,discretized_reward_proportion,interconnectivity_strength_mean,interconnectivity_strength_err
0,0.1,8.532105495684062,1.3472017652522896
1,0.30000000000000004,10.093765409712578,1.461261024505732
2,0.5000000000000001,18.754591061148616,5.214666380701033
3,0.7000000000000001,38.30750751583262,5.305859719771746
4,0.9000000000000001,63.82803272619875,9.83816135626996
