,discretized_reward_proportion,interconnectivity_strength_mean,interconnectivity_strength_err
0,0.1,2.1806210661050582,0.7293479827331223
1,0.30000000000000004,6.0026917152881785,1.6541907110922316
2,0.5000000000000001,15.180162484452724,2.67471190016759
3,0.7000000000000001,9.068143990977985,2.3926851941657095
4,0.9000000000000001,3.480006851949877,1.4487189464875705
