,discretized_reward_proportion,interconnectivity_strength_mean,interconnectivity_strength_err
0,0.1,160.62890228034047,58.609901950716974
1,0.30000000000000004,96.26871385972439,22.0062002218935
2,0.5000000000000001,37.62752871110481,9.394854751728202
3,0.7000000000000001,24.99696850927456,3.452637430465228
4,0.9000000000000001,16.33336358231127,1.5372006762886892
