,discretized_reward_proportion,interconnectivity_strength_mean,interconnectivity_strength_err
0,0.1,17.138045313424715,1.5955930288079234
1,0.30000000000000004,29.29318362573528,3.210842727297717
2,0.5000000000000001,23.718521495664927,1.9152451406357296
3,0.7000000000000001,7.398948087649985,1.8637057137852446
4,0.9000000000000001,0.8001704133437729,0.3020585623112076
