,discretized_reward_proportion,interconnectivity_strength_mean,interconnectivity_strength_err
0,0.1,5.527634758407433,0.6874565445786218
1,0.30000000000000004,8.899842456628011,1.1005734505181124
2,0.5000000000000001,11.059562252514668,1.1351527789725013
3,0.7000000000000001,9.9277037060264,4.085459898850077
4,0.9000000000000001,0.0,0.0
