,discretized_reward_proportion,interconnectivity_strength_mean,interconnectivity_strength_err
0,0.1,45.922312668011266,5.752369622013687
1,0.30000000000000004,97.00190215939922,26.489561873495965
2,0.5000000000000001,96.18709554257845,33.15247296729
3,0.7000000000000001,46.39589957312288,12.113244817661913
4,0.9000000000000001,117.54627231224211,21.674721090105642
