,discretized_reward_proportion,interconnectivity_strength_mean,interconnectivity_strength_err
0,0.1,13.3802722790135,2.666596609938138
1,0.30000000000000004,15.179799959037984,1.4111164574320407
2,0.5000000000000001,5.547908965025886,0.40913483227900665
3,0.7000000000000001,4.516210463270534,0.1321915859626914
4,0.9000000000000001,4.623472805283667,0.14770093053696318
