,discretized_reward_proportion,interconnectivity_strength_mean,interconnectivity_strength_err
0,0.1,55.779133272818434,2.863742639702949
1,0.30000000000000004,65.02639024472568,7.505282236051443
2,0.5000000000000001,50.517292816484535,5.241561042067273
3,0.7000000000000001,58.409213218647466,3.548598450198708
4,0.9000000000000001,55.82656273539137,5.248416723574778
