,discretized_reward_proportion,interconnectivity_strength_mean,interconnectivity_strength_err
0,0.1,12.744854087366107,0.664929112835701
1,0.30000000000000004,12.011157753989801,1.1521437076555001
2,0.5000000000000001,11.485598650341215,0.9734282781227038
3,0.7000000000000001,8.71710189845529,0.5058777411547353
4,0.9000000000000001,8.528459349461745,0.45001822335115704
