,discretized_reward_proportion,interconnectivity_strength_mean,interconnectivity_strength_err
0,0.1,8.405526440391752,0.24404515496966112
1,0.30000000000000004,7.154116707522812,0.5058824632523665
2,0.5000000000000001,7.6523135371293955,0.7094168525042155
3,0.7000000000000001,5.325865096074492,0.23159505966870136
4,0.9000000000000001,3.927387924001231,0.13506591448174005
