,discretized_reward_proportion,interconnectivity_strength_mean,interconnectivity_strength_err
0,0.1,44.869762494973294,7.920290919508508
1,0.30000000000000004,31.583827322195933,8.376693187406747
2,0.5000000000000001,21.833645320566394,5.619807579381734
3,0.7000000000000001,20.376392268585402,3.141367842429324
4,0.9000000000000001,21.742274035920595,2.4408704449924077
