,discretized_reward_proportion,interconnectivity_strength_mean,interconnectivity_strength_err
0,0.1,40.873527868336055,6.344708838129253
1,0.30000000000000004,54.999323032627316,6.5885031342897005
2,0.5000000000000001,26.106824100546817,4.199737219199748
3,0.7000000000000001,12.517383435983334,1.7620124963530164
4,0.9000000000000001,18.075931168538084,1.3224950817735381
