,discretized_reward_proportion,interconnectivity_strength_mean,interconnectivity_strength_err
0,0.1,116.58340306059515,9.95784850245555
1,0.30000000000000004,43.485264946516615,8.376629282929674
2,0.5000000000000001,45.45832581032262,10.449348267030885
3,0.7000000000000001,39.42699587896205,15.260164426117907
4,0.9000000000000001,8.10814847923129,7.738525697178545
