,discretized_reward_proportion,interconnectivity_strength_mean,interconnectivity_strength_err
0,0.1,59.81852332660265,8.185064066552325
1,0.30000000000000004,23.35424111028396,4.349985179998366
2,0.5000000000000001,24.852073548214346,2.1178192067179924
3,0.7000000000000001,28.681461905595267,3.4580378375064904
4,0.9000000000000001,43.504677426835684,9.847298300858775
