,discretized_reward_proportion,interconnectivity_strength_mean,interconnectivity_strength_err
0,0.1,16.636995462419613,7.251778330446203
1,0.30000000000000004,14.388226910718103,4.750522563914814
2,0.5000000000000001,11.341206984035756,3.1065961406768015
3,0.7000000000000001,11.94095838921879,2.7587435773354487
4,0.9000000000000001,34.584004862487774,5.878115672713296
