,discretized_reward_proportion,interconnectivity_strength_mean,interconnectivity_strength_err
0,0.1,34.59294229203418,2.8683855159403437
1,0.30000000000000004,69.09442423311333,13.450249926584268
2,0.5000000000000001,35.33603307322548,6.720103857395223
3,0.7000000000000001,29.97306851934074,3.12664852795512
4,0.9000000000000001,26.57823515816614,2.266291857049798
