,discretized_reward_proportion,interconnectivity_strength_mean,interconnectivity_strength_err
0,0.1,6.329996554584865,0.8887372689502154
1,0.30000000000000004,12.671842671871977,0.9499036449278516
2,0.5000000000000001,17.438748502672855,0.9675120929965122
3,0.7000000000000001,22.19700427919326,0.9686922984661627
4,0.9000000000000001,20.769892425061737,1.1078540592792256
