,discretized_reward_proportion,interconnectivity_strength_mean,interconnectivity_strength_err
0,0.1,7.729632341787485,1.1929430211301808
1,0.30000000000000004,6.078122935238213,0.6486117841788492
2,0.5000000000000001,10.99249219731349,2.264657765008814
3,0.7000000000000001,7.880963254644901,1.1162573146934534
4,0.9000000000000001,8.46892028744973,0.8072294791985473
