,discretized_reward_proportion,interconnectivity_strength_mean,interconnectivity_strength_err
0,0.1,23.781791035514345,7.518434835583506
1,0.30000000000000004,16.71229722509761,3.439865832892169
2,0.5000000000000001,10.381651562044363,0.9989612716729475
3,0.7000000000000001,8.438984489094562,0.6855518397373027
4,0.9000000000000001,9.957149400597613,0.8085429715601574
