,discretized_reward_proportion,interconnectivity_strength_mean,interconnectivity_strength_err
0,0.1,22.86846725503892,3.5581942604580847
1,0.30000000000000004,10.31914828637235,0.8287722610410426
2,0.5000000000000001,8.222095510535125,0.2798779937582033
3,0.7000000000000001,7.405667980042259,0.21308787453875794
4,0.9000000000000001,7.02791348320674,0.35755012721070867
