,discretized_reward_proportion,interconnectivity_strength_mean,interconnectivity_strength_err
0,0.1,6.713374919997136,2.603672925761816
1,0.30000000000000004,11.33810631794232,2.425006326723545
2,0.5000000000000001,12.14747366961194,1.6084390434435079
3,0.7000000000000001,11.586622416767442,0.9388014613686955
4,0.9000000000000001,10.081916088235483,0.7554227015528945
