,discretized_reward_proportion,interconnectivity_strength_mean,interconnectivity_strength_err
0,0.1,25.359080668564243,4.8696401035440715
1,0.30000000000000004,17.187162177558676,2.0362521589065192
2,0.5000000000000001,17.753181639217676,2.2869152927611425
3,0.7000000000000001,16.527111069567116,1.1364976716268664
4,0.9000000000000001,15.687247067596939,1.0326137248564147
