,discretized_reward_proportion,interconnectivity_strength_mean,interconnectivity_strength_err
0,0.1,16.223327304574457,2.2181381742578057
1,0.30000000000000004,16.075882295801254,1.392328600532972
2,0.5000000000000001,13.33368349448014,1.7513532813922015
3,0.7000000000000001,9.833324883950135,0.41416173278046753
4,0.9000000000000001,8.848307530074743,0.5361903614354173
