,discretized_reward_proportion,interconnectivity_strength_mean,interconnectivity_strength_err
0,0.1,38.7053509293347,6.830361334426378
1,0.30000000000000004,37.08675651648768,8.136207544067256
2,0.5000000000000001,19.418731463250985,5.60455841843706
3,0.7000000000000001,64.1021547668271,13.643929007574743
4,0.9000000000000001,36.16328260157129,7.977054087004979
