,discretized_reward_proportion,interconnectivity_strength_mean,interconnectivity_strength_err
0,0.1,23.075689087420596,1.6947325163655182
1,0.30000000000000004,23.9098187472599,1.3950192678455586
2,0.5000000000000001,27.63425533127513,3.033507479372764
3,0.7000000000000001,24.27300587897233,1.6882973765327578
4,0.9000000000000001,37.651019223719096,5.255906506855956
