,discretized_reward_proportion,interconnectivity_strength_mean,interconnectivity_strength_err
0,0.1,20.963043552288088,3.113547544026172
1,0.30000000000000004,9.833964880199176,1.238170886942165
2,0.5000000000000001,6.440789326197478,0.5949661445298996
3,0.7000000000000001,4.69688471823681,0.21110117064640516
4,0.9000000000000001,4.919407543681035,0.26860905228162707
