,discretized_reward_proportion,interconnectivity_strength_mean,interconnectivity_strength_err
0,0.1,9.634397591535535,1.0279769132391583
1,0.30000000000000004,14.313015433760853,0.9729461081644112
2,0.5000000000000001,12.201637997940539,0.5318216020343571
3,0.7000000000000001,12.725321270113124,0.6678100998367958
4,0.9000000000000001,10.758658730904708,0.5331572519482124
