,discretized_reward_proportion,interconnectivity_strength_mean,interconnectivity_strength_err
0,0.1,40.02959118923463,5.307596881501818
1,0.30000000000000004,17.34205703023544,1.3673460041748857
2,0.5000000000000001,10.955893715907987,1.4375427202036566
3,0.7000000000000001,5.687160847240475,0.47554041758551224
4,0.9000000000000001,4.560444025933724,0.23212860910192937
