,discretized_reward_proportion,interconnectivity_strength_mean,interconnectivity_strength_err
0,0.1,34.12740067002321,6.193339068094692
1,0.30000000000000004,21.892729831978283,2.096337949406194
2,0.5000000000000001,31.860123678344006,4.597344609837129
3,0.7000000000000001,19.619625414309493,1.9333075587751236
4,0.9000000000000001,21.31863092364675,1.9751102324900525
