,discretized_reward_proportion,interconnectivity_strength_mean,interconnectivity_strength_err
0,0.1,41.26527413304305,6.526881379988906
1,0.30000000000000004,42.527101276201,7.245122775673574
2,0.5000000000000001,44.261937237584405,20.36709949389361
3,0.7000000000000001,28.959613001347268,4.493917986741953
4,0.9000000000000001,21.74482233061633,4.904636257459299
