,discretized_reward_proportion,interconnectivity_strength_mean,interconnectivity_strength_err
0,0.1,54.486786027385385,9.370045664521037
1,0.30000000000000004,26.085767053236374,5.059666285402491
2,0.5000000000000001,87.93438838047125,12.046534066808041
3,0.7000000000000001,47.32022081230669,9.754674331819423
4,0.9000000000000001,8.947131398393573,4.372272130392008
