,discretized_reward_proportion,interconnectivity_strength_mean,interconnectivity_strength_err
0,0.1,96.24643868669138,12.036530546970544
1,0.30000000000000004,138.8843435325191,26.538449393684964
2,0.5000000000000001,68.72130606551426,9.30266878567596
3,0.7000000000000001,244.0754090287898,47.818349817805775
4,0.9000000000000001,33.23796259684578,19.389861167784858
