,discretized_reward_proportion,interconnectivity_strength_mean,interconnectivity_strength_err
0,0.1,7.310103289681553,0.6329274308528138
1,0.30000000000000004,8.241189052833686,0.6159533186702387
2,0.5000000000000001,9.701377111429657,0.9904067786732568
3,0.7000000000000001,9.808822315472819,0.5930096543751372
4,0.9000000000000001,8.10814875831347,0.2748937673686733
