,discretized_reward_proportion,interconnectivity_strength_mean,interconnectivity_strength_err
0,0.1,31.116068874554653,3.1940179838347436
1,0.30000000000000004,32.484694315784616,4.873682515911516
2,0.5000000000000001,39.49004899215717,8.843403494475044
3,0.7000000000000001,52.37446933534179,6.022281000239244
4,0.9000000000000001,36.56177658095943,4.726960767343437
