,discretized_reward_proportion,interconnectivity_strength_mean,interconnectivity_strength_err
0,0.1,89.65116083160355,22.45036228757528
1,0.30000000000000004,34.222445201456836,13.734042097520787
2,0.5000000000000001,38.34627387084456,7.2986877596978506
3,0.7000000000000001,34.83720034802852,4.215892324019678
4,0.9000000000000001,42.64133072170133,3.3529167097392
