,discretized_reward_proportion,interconnectivity_strength_mean,interconnectivity_strength_err
0,0.1,13.99184848187699,2.133161610921688
1,0.30000000000000004,12.384258817351942,1.8167403259915513
2,0.5000000000000001,11.762401896174632,1.6724649405679355
3,0.7000000000000001,9.594818984088594,0.3314359305888588
4,0.9000000000000001,10.085528964701902,0.3805533531239846
