,discretized_reward_proportion,interconnectivity_strength_mean,interconnectivity_strength_err
0,0.1,96.70860752740326,26.355778680477183
1,0.30000000000000004,142.2946041272978,37.31424958886254
2,0.5000000000000001,205.01882220886927,65.48459801849914
3,0.7000000000000001,302.75699666216747,116.84146525535472
4,0.9000000000000001,133.6033217450636,71.22017240713241
