,discretized_reward_proportion,interconnectivity_strength_mean,interconnectivity_strength_err
0,0.1,0.46511627906976744,0.05378500763851519
1,0.30000000000000004,0.5652173913043478,0.05168326319278758
2,0.5000000000000001,0.4878048780487805,0.07806365117108506
3,0.7000000000000001,85.73400150953408,47.88682371893356
4,0.9000000000000001,337.3485902004607,69.8902075643644
