,discretized_reward_proportion,interconnectivity_strength_mean,interconnectivity_strength_err
0,0.1,30.220550651550766,4.5395349620817385
1,0.30000000000000004,20.208985712507975,1.8519406643465768
2,0.5000000000000001,14.711124441473029,1.9092925406439458
3,0.7000000000000001,9.35660165143387,0.8426019337682488
4,0.9000000000000001,8.06149418412521,0.6707422510877281
