,discretized_reward_proportion,interconnectivity_strength_mean,interconnectivity_strength_err
0,0.1,54.79915263765771,4.425870682218245
1,0.30000000000000004,10.961972141276254,3.7233641406422486
2,0.5000000000000001,15.278412149049503,4.579903280152259
3,0.7000000000000001,4.581187233767293,4.498636558179423
4,0.9000000000000001,0.0,0.0
