,discretized_reward_proportion,interconnectivity_strength_mean,interconnectivity_strength_err
0,0.1,42.53136605396318,5.549451785535425
1,0.30000000000000004,43.452133212830546,6.198720930807814
2,0.5000000000000001,25.615993087360234,3.8908359984173178
3,0.7000000000000001,23.75271638988203,2.718557819848599
4,0.9000000000000001,30.7402589078472,2.8199220675042533
