,discretized_reward_proportion,interconnectivity_strength_mean,interconnectivity_strength_err
0,0.1,9.118219824081773,0.34724771263757304
1,0.30000000000000004,8.601084717442523,0.3686303369027666
2,0.5000000000000001,8.778400428955267,0.45602919018425403
3,0.7000000000000001,8.475127464577401,0.38561162255360026
4,0.9000000000000001,7.784359019546219,0.2224630212002066
