,discretized_reward_proportion,interconnectivity_strength_mean,interconnectivity_strength_err
0,0.1,2.551746384506466,0.3967546241184605
1,0.30000000000000004,6.361966715761209,1.3320078844086487
2,0.5000000000000001,29.143104590880277,3.6462530298547344
3,0.7000000000000001,14.592416038515216,1.421291685704288
4,0.9000000000000001,8.88068989664368,0.24904958460656185
