,discretized_reward_proportion,interconnectivity_strength_mean,interconnectivity_strength_err
0,0.1,37.75950784897715,2.1614384659117802
1,0.30000000000000004,20.131692603334805,2.975775702204911
2,0.5000000000000001,7.857087726395119,0.27305912682431577
3,0.7000000000000001,8.53911425577762,0.5507422081533428
4,0.9000000000000001,7.896855509426876,0.5228265846937764
