,discretized_reward_proportion,interconnectivity_strength_mean,interconnectivity_strength_err
0,0.1,10.945173264525108,1.9719527764723679
1,0.30000000000000004,15.265780307813104,1.900091111680445
2,0.5000000000000001,16.530090204251557,3.5570022707235536
3,0.7000000000000001,16.938215340503998,2.277203272025176
4,0.9000000000000001,17.477176808415198,2.5821402229646324
