,discretized_reward_proportion,interconnectivity_strength_mean,interconnectivity_strength_err
0,0.1,12.006368665658519,1.2341843111388755
1,0.30000000000000004,8.608593337119451,1.1583485463511094
2,0.5000000000000001,5.157284865898615,0.8596243585044733
3,0.7000000000000001,1.2688767581835192,0.4345339932131669
4,0.9000000000000001,0.3553299492385787,0.034099777185860304
