,discretized_reward_proportion,interconnectivity_strength_mean,interconnectivity_strength_err
0,0.1,3.6966479784856983,0.17241055291304186
1,0.30000000000000004,4.951439912052659,0.49337499983532124
2,0.5000000000000001,6.343212010692706,0.30146918871992373
3,0.7000000000000001,6.543197006300888,0.1885364536859412
4,0.9000000000000001,6.507131790584692,0.22739391982305593
