,discretized_reward_proportion,interconnectivity_strength_mean,interconnectivity_strength_err
0,0.1,44.019214857304526,9.98245370978775
1,0.30000000000000004,28.706830743137782,3.366451007407845
2,0.5000000000000001,21.437043551307546,3.1478330550229416
3,0.7000000000000001,39.355177625346094,6.45375390143192
4,0.9000000000000001,44.24810766496309,7.323034392113076
