,discretized_reward_proportion,interconnectivity_strength_mean,interconnectivity_strength_err
0,0.1,5.31442584794814,0.2521486979452116
1,0.30000000000000004,9.214136702710158,2.360576252467146
2,0.5000000000000001,9.45181847562971,1.4197004559270638
3,0.7000000000000001,9.544914906802141,0.9406379885637881
4,0.9000000000000001,7.128622285246312,0.6941492838946953
