,discretized_reward_proportion,interconnectivity_strength_mean,interconnectivity_strength_err
0,0.1,25.857505277963895,3.8671737924583875
1,0.30000000000000004,618.6755622688765,203.88197547000354
2,0.5000000000000001,970.6744449451649,283.3330170575807
3,0.7000000000000001,255.81619170847256,160.8833805104984
4,0.9000000000000001,130.46450330607982,111.29336292531329
