,discretized_reward_proportion,interconnectivity_strength_mean,interconnectivity_strength_err
0,0.1,14.375873794753605,0.26123193843196163
1,0.30000000000000004,12.081683869104909,0.44872675378229415
2,0.5000000000000001,10.237534895102453,0.3716700165415719
3,0.7000000000000001,8.404319862152235,0.411377841602127
4,0.9000000000000001,7.586531642149246,0.28229760042112617
