,discretized_reward_proportion,interconnectivity_strength_mean,interconnectivity_strength_err
0,0.1,10.540378354165382,0.15261453145613302
1,0.30000000000000004,7.968195398899692,0.31826205403594326
2,0.5000000000000001,6.90695759958486,0.23650519291545072
3,0.7000000000000001,6.3402016859560835,0.23739520646607892
4,0.9000000000000001,5.839905903701699,0.20284876782257474
