,discretized_reward_proportion,interconnectivity_strength_mean,interconnectivity_strength_err
0,0.1,272.3212387824545,76.33213027086438
1,0.30000000000000004,13.055696012203175,4.806783993968105
2,0.5000000000000001,11.948306131505907,5.090918991197914
3,0.7000000000000001,15.087922637695078,4.9152559263376405
4,0.9000000000000001,14.93349574447291,5.594337180842824
