,discretized_reward_proportion,interconnectivity_strength_mean,interconnectivity_strength_err
0,0.1,9.50548068484984,0.45068554247845166
1,0.30000000000000004,11.12672887647212,0.7314411705556091
2,0.5000000000000001,10.171542421214243,0.5155608636137977
3,0.7000000000000001,8.96113424620828,0.4157249602341459
4,0.9000000000000001,8.743905740101052,0.4557479646885813
