,discretized_reward_proportion,interconnectivity_strength_mean,interconnectivity_strength_err
0,0.1,114.37553064360807,25.376239848103975
1,0.30000000000000004,120.47002132854018,32.65959961254873
2,0.5000000000000001,175.98906755035472,34.78885185902321
3,0.7000000000000001,163.45844298111845,24.635002541185457
4,0.9000000000000001,180.72544370350136,29.986621622691622
