,discretized_reward_proportion,interconnectivity_strength_mean,interconnectivity_strength_err
0,0.1,24.231149873129706,3.718270046502646
1,0.30000000000000004,16.72822165780184,1.3685902454613719
2,0.5000000000000001,10.352746074498839,0.456317780594012
3,0.7000000000000001,9.934117638002975,0.23053228274706197
4,0.9000000000000001,9.601829500912295,0.26017678412763656
