,discretized_reward_proportion,interconnectivity_strength_mean,interconnectivity_strength_err
0,0.1,46.15634010465306,2.6411724588630423
1,0.30000000000000004,48.691298336384804,5.066843110219784
2,0.5000000000000001,44.51679514538386,4.805246142928191
3,0.7000000000000001,36.93450468584355,2.7122653592271857
4,0.9000000000000001,33.654598727838874,2.396144151102574
