,discretized_reward_proportion,interconnectivity_strength_mean,interconnectivity_strength_err
0,0.1,31.4751896981727,11.297334163730275
1,0.30000000000000004,23.225783942367826,4.98134785701832
2,0.5000000000000001,40.92600014080233,7.795918989896673
3,0.7000000000000001,48.41602019988626,6.992592519056312
4,0.9000000000000001,40.61145025485069,3.764391075373701
