,discretized_reward_proportion,interconnectivity_strength_mean,interconnectivity_strength_err
0,0.1,13.67611910012365,0.571689678382806
1,0.30000000000000004,14.280293623724335,0.9028535236241325
2,0.5000000000000001,24.05181086897785,15.465946901017292
3,0.7000000000000001,59.426996868943235,12.14572360977639
4,0.9000000000000001,82.3977120962944,18.605396003063845
