,discretized_reward_proportion,interconnectivity_strength_mean,interconnectivity_strength_err
0,0.1,7.276631264956741,0.529345110682754
1,0.30000000000000004,9.813098811959778,1.6142466605951744
2,0.5000000000000001,5.3144052452446475,1.259420477579602
3,0.7000000000000001,3.669276193667355,0.09518533568907446
4,0.9000000000000001,5.546591203822783,0.5803585954959473
