,discretized_reward_proportion,interconnectivity_strength_mean,interconnectivity_strength_err
0,0.1,13.174707927589857,0.3756032196582014
1,0.30000000000000004,13.030891637213628,0.4074310687010739
2,0.5000000000000001,15.983961010710512,1.6570200260580774
3,0.7000000000000001,17.19670446339927,1.2233289085814243
4,0.9000000000000001,13.653479791409167,0.616111497156084
