,discretized_reward_proportion,interconnectivity_strength_mean,interconnectivity_strength_err
0,0.1,20.67001886460158,5.525004888066305
1,0.30000000000000004,23.70010244967618,5.395263719251293
2,0.5000000000000001,10.67830366503868,2.583039168977163
3,0.7000000000000001,4.966315033081701,0.8492345350638708
4,0.9000000000000001,9.640819047762127,1.174309107206696
