,discretized_reward_proportion,interconnectivity_strength_mean,interconnectivity_strength_err
0,0.1,14.203603082269215,0.46299836976775377
1,0.30000000000000004,12.057903794985648,1.1544815821295282
2,0.5000000000000001,13.647742553172089,1.7227057765387543
3,0.7000000000000001,8.611607506101773,0.4716292880751077
4,0.9000000000000001,7.471913076169948,0.2890289158214232
