,discretized_reward_proportion,interconnectivity_strength_mean,interconnectivity_strength_err
0,0.1,12.845406384826468,1.4429232601011703
1,0.30000000000000004,10.45201600392507,1.326120161713305
2,0.5000000000000001,6.901752274605707,0.9918766962135945
3,0.7000000000000001,5.1704375022919695,0.1811534614241572
4,0.9000000000000001,6.0138447938033925,0.3117888024501303
