,discretized_reward_proportion,interconnectivity_strength_mean,interconnectivity_strength_err
0,0.1,9.503734736292813,0.2282044661041719
1,0.30000000000000004,11.207671698832357,1.0951100299539807
2,0.5000000000000001,9.421001759413397,0.30699152316199263
3,0.7000000000000001,7.5764750541604595,0.48644578650669357
4,0.9000000000000001,7.359588856156329,0.30612944482107807
