,discretized_reward_proportion,interconnectivity_strength_mean,interconnectivity_strength_err
0,0.1,22.00083964609063,2.141327522027285
1,0.30000000000000004,13.335059629313651,2.64612522954315
2,0.5000000000000001,6.938084377614286,1.865290283407847
3,0.7000000000000001,4.123819076261669,2.103565515823018
4,0.9000000000000001,0.5454545454545454,0.10615894693111676
