,discretized_reward_proportion,interconnectivity_strength_mean,interconnectivity_strength_err
0,0.1,10.728013059636936,0.29836117791287803
1,0.30000000000000004,15.540683966360767,1.079885343813411
2,0.5000000000000001,34.494771464998685,4.026351664446098
3,0.7000000000000001,39.76121901636607,3.725096794938473
4,0.9000000000000001,50.34583235030032,5.033640201934163
