,discretized_reward_proportion,interconnectivity_strength_mean,interconnectivity_strength_err
0,0.1,93.42459503248811,20.558629530265307
1,0.30000000000000004,75.05820908860574,21.79058242544761
2,0.5000000000000001,25.2154053603246,6.944063501714979
3,0.7000000000000001,12.214125627670438,3.863187180006999
4,0.9000000000000001,16.468440428611945,4.392980016729629
