,discretized_reward_proportion,interconnectivity_strength_mean,interconnectivity_strength_err
0,0.1,18.495029379621442,1.1927593446440905
1,0.30000000000000004,18.840530834516954,1.8742341953652355
2,0.5000000000000001,26.66840808546616,2.4259113350649395
3,0.7000000000000001,10.828868139085095,1.3944670991473676
4,0.9000000000000001,8.87170916223515,2.1476066763452866
