,discretized_reward_proportion,interconnectivity_strength_mean,interconnectivity_strength_err
0,0.1,14.049867026723907,4.860384605563218
1,0.30000000000000004,34.89254201698848,8.717182231616905
2,0.5000000000000001,38.99398587445629,11.432938233624448
3,0.7000000000000001,47.6663488505719,6.444250476427542
4,0.9000000000000001,70.06083339662389,9.31050388071116
