,discretized_reward_proportion,interconnectivity_strength_mean,interconnectivity_strength_err
0,0.1,26.31417418620506,1.7527146279955306
1,0.30000000000000004,15.155142533234914,2.705378154299886
2,0.5000000000000001,13.85357749294309,2.3229681122032795
3,0.7000000000000001,12.09129030902202,4.024503561744839
4,0.9000000000000001,22.715012855502,2.367058827535038
