,discretized_reward_proportion,interconnectivity_strength_mean,interconnectivity_strength_err
0,0.1,21.832019399707285,0.767533427968091
1,0.30000000000000004,15.882380211249991,1.3322003339142232
2,0.5000000000000001,12.813505119344185,1.0169079035093884
3,0.7000000000000001,9.760383157755205,1.0220091820803743
4,0.9000000000000001,8.785268603843823,0.6269866098653001
