,discretized_reward_proportion,interconnectivity_strength_mean,interconnectivity_strength_err
0,0.1,8.502061881023637,0.5966117875385222
1,0.30000000000000004,10.096149183127961,1.5221723716079465
2,0.5000000000000001,17.166421593134338,2.638071742313413
3,0.7000000000000001,6.671397031806898,1.757639472522229
4,0.9000000000000001,7.361434246231955,0.5460605579182926
