,discretized_reward_proportion,interconnectivity_strength_mean,interconnectivity_strength_err
0,0.1,11.551823169225802,2.327814536018178
1,0.30000000000000004,15.543121258591219,2.274104958840529
2,0.5000000000000001,13.516884787311826,1.485636865966424
3,0.7000000000000001,27.81005538870861,3.2564894083664417
4,0.9000000000000001,36.59642915311874,2.9186502322762755
