,discretized_reward_proportion,interconnectivity_strength_mean,interconnectivity_strength_err
0,0.1,14.130169637007183,0.9138252854150123
1,0.30000000000000004,42.40706639146247,7.748613739028288
2,0.5000000000000001,32.502360334356396,3.667145227127699
3,0.7000000000000001,39.466366090477564,4.525165142676169
4,0.9000000000000001,26.067195273503597,2.1484739453132926
