,discretized_reward_proportion,interconnectivity_strength_mean,interconnectivity_strength_err
0,0.1,5.842895027315592,0.5944289498424421
1,0.30000000000000004,8.044029209813571,1.1326963632072389
2,0.5000000000000001,8.928004694004587,1.1567853322396404
3,0.7000000000000001,7.672034591619641,0.7270099592032062
4,0.9000000000000001,8.9654855511865,0.702966646366515
