,discretized_reward_proportion,interconnectivity_strength_mean,interconnectivity_strength_err
0,0.1,169.61549418191333,23.37708998578613
1,0.30000000000000004,219.5960970416058,41.195115901927174
2,0.5000000000000001,90.4977767901083,21.154576533173458
3,0.7000000000000001,97.32836324232414,28.024760726021807
4,0.9000000000000001,117.2726150143166,38.08679535344911
