,discretized_reward_proportion,interconnectivity_strength_mean,interconnectivity_strength_err
0,0.1,7.780412695515067,0.11289699947478377
1,0.30000000000000004,7.728063694143165,0.35453156049194934
2,0.5000000000000001,6.805506121779211,0.2598137490357593
3,0.7000000000000001,5.472216986961643,0.2907933415122124
4,0.9000000000000001,5.8900838513412035,0.20906529697484355
