,discretized_reward_proportion,interconnectivity_strength_mean,interconnectivity_strength_err
0,0.1,14.57105988333625,0.45884446220666664
1,0.30000000000000004,8.879968800006196,0.6788200057903361
2,0.5000000000000001,12.597092969235154,2.00448892856985
3,0.7000000000000001,11.666784538571044,1.5128619530254497
4,0.9000000000000001,7.740728258379803,0.9586930843510525
