,discretized_reward_proportion,interconnectivity_strength_mean,interconnectivity_strength_err
0,0.1,377.6410739566585,55.9383787193215
1,0.30000000000000004,14.347577075329585,10.234097360920538
2,0.5000000000000001,0.16393442622950818,0.04740130905820338
3,0.7000000000000001,0.03571428571428571,0.03507073235935592
4,0.9000000000000001,0.0,0.0
