,discretized_reward_proportion,interconnectivity_strength_mean,interconnectivity_strength_err
0,0.1,0.5652173913043478,0.10336652638557517
1,0.30000000000000004,20.238466916950767,5.326390810522974
2,0.5000000000000001,3.194871486979164,1.9800011227052956
3,0.7000000000000001,0.8353317061998854,0.620328671025531
4,0.9000000000000001,1.550076490732394,0.9411953097825668
