,discretized_reward_proportion,interconnectivity_strength_mean,interconnectivity_strength_err
0,0.1,3.8938454667309923,0.26587527727721294
1,0.30000000000000004,6.057326803759111,0.3237059376615303
2,0.5000000000000001,6.871998756923472,0.6334990723213765
3,0.7000000000000001,7.042633344535296,0.3481648292800063
4,0.9000000000000001,6.453570508331995,0.2839692943972711
