,discretized_reward_proportion,interconnectivity_strength_mean,interconnectivity_strength_err
0,0.1,4.617156856342284,0.15714784061951959
1,0.30000000000000004,4.076701000249749,0.12795640040092154
2,0.5000000000000001,3.6864899686503274,0.10170929964251935
3,0.7000000000000001,3.367292276083228,0.05091813743909784
4,0.9000000000000001,3.2963994091031052,0.03801460726739428
