,discretized_reward_proportion,interconnectivity_strength_mean,interconnectivity_strength_err
0,0.1,19.225001833640036,3.4114893834900317
1,0.30000000000000004,16.806729520662262,2.981706700501749
2,0.5000000000000001,26.008850949356802,6.254786985800934
3,0.7000000000000001,18.59791154878433,4.555286686307759
4,0.9000000000000001,12.889567268467747,1.9331478170379588
