,discretized_reward_proportion,interconnectivity_strength_mean,interconnectivity_strength_err
0,0.1,20.51494179474055,8.813991499279615
1,0.30000000000000004,25.269091135268063,7.449525811545321
2,0.5000000000000001,38.114918118579396,7.192646265630243
3,0.7000000000000001,12.213520453885947,0.7097721773334941
4,0.9000000000000001,9.802433913575001,0.8800940846371049
