,discretized_reward_proportion,interconnectivity_strength_mean,interconnectivity_strength_err
0,0.1,37.76279832281347,4.615662900780349
1,0.30000000000000004,32.24206972280734,3.580625124700369
2,0.5000000000000001,27.0148599035712,2.690826128400069
3,0.7000000000000001,20.573261053536257,1.2084896595818093
4,0.9000000000000001,18.01131283693615,1.2874473592878617
