,discretized_reward_proportion,interconnectivity_strength_mean,interconnectivity_strength_err
0,0.1,98.62841371497342,23.39574257530694
1,0.30000000000000004,41.63650625186313,11.529652415606101
2,0.5000000000000001,29.76574385495867,10.09271215093506
3,0.7000000000000001,16.15414902864054,5.378775152122289
4,0.9000000000000001,9.58415776726333,3.824500954762516
