,discretized_reward_proportion,interconnectivity_strength_mean,interconnectivity_strength_err
0,0.1,23.439819447592974,6.366720933154619
1,0.30000000000000004,121.59164598914741,25.989595338947268
2,0.5000000000000001,64.4443398427313,22.141761621122402
3,0.7000000000000001,69.55481724797444,27.71275166361168
4,0.9000000000000001,7.597703751497095,4.170687313804188
