,discretized_reward_proportion,interconnectivity_strength_mean,interconnectivity_strength_err
0,0.1,26.949815013645882,3.1411882775448956
1,0.30000000000000004,41.64705615814186,7.569606236214492
2,0.5000000000000001,29.898677550168422,6.355509616981728
3,0.7000000000000001,17.32646392036276,1.3004175966995675
4,0.9000000000000001,16.58161265666749,3.0174995588061835
