,discretized_reward_proportion,interconnectivity_strength_mean,interconnectivity_strength_err
0,0.1,46.124094415818256,4.924627329327815
1,0.30000000000000004,27.967105203163655,2.478766179823284
2,0.5000000000000001,22.46738122496169,3.288040714530961
3,0.7000000000000001,10.882345759744746,1.405673459854205
4,0.9000000000000001,9.184187352891987,1.0794611487672643
