,discretized_reward_proportion,interconnectivity_strength_mean,interconnectivity_strength_err
0,0.1,28.776739478074603,2.7703625336045623
1,0.30000000000000004,14.346861576820485,1.3904936375799763
2,0.5000000000000001,14.871434448418238,1.4470551161976786
3,0.7000000000000001,39.737031764831556,9.329852866362568
4,0.9000000000000001,36.98248009011782,7.408606054610956
