,discretized_reward_proportion,interconnectivity_strength_mean,interconnectivity_strength_err
0,0.1,31.02028632024759,10.782879252030552
1,0.30000000000000004,42.63863627133713,6.485196094746563
2,0.5000000000000001,73.98459382603893,32.98236331384595
3,0.7000000000000001,35.38342419837662,7.31709274127945
4,0.9000000000000001,42.14138606252124,7.443537449294915
