,discretized_reward_proportion,interconnectivity_strength_mean,interconnectivity_strength_err
0,0.1,7.812997929545396,1.3079507410004816
1,0.30000000000000004,22.378388568961093,2.926557203401454
2,0.5000000000000001,14.638539627086896,3.542969245550378
3,0.7000000000000001,19.57447951127917,9.866468029111912
4,0.9000000000000001,0.0,0.0
