,discretized_reward_proportion,interconnectivity_strength_mean,interconnectivity_strength_err
0,0.1,30.873634057984386,6.26612573970922
1,0.30000000000000004,50.86378111643118,6.618814212055746
2,0.5000000000000001,22.827162154967468,5.671423404464845
3,0.7000000000000001,31.14029962267335,7.8658816190047
4,0.9000000000000001,44.59982747362667,9.23308045236285
