,discretized_reward_proportion,interconnectivity_strength_mean,interconnectivity_strength_err
0,0.1,28.65241527510039,4.242292986572111
1,0.30000000000000004,20.73716484012879,2.419500645840216
2,0.5000000000000001,19.21979183302165,1.6820815991663083
3,0.7000000000000001,9.335110316631742,1.2125335608531362
4,0.9000000000000001,6.085981563539858,0.28800963133342306
