,discretized_reward_proportion,interconnectivity_strength_mean,interconnectivity_strength_err
0,0.1,30.55729887168443,1.1458660944122971
1,0.30000000000000004,24.06673109667365,1.8076986343678354
2,0.5000000000000001,40.79095320408676,5.116642070402426
3,0.7000000000000001,53.362728247837076,6.428421887640526
4,0.9000000000000001,26.51927011441486,4.4023014574707
