,discretized_reward_proportion,interconnectivity_strength_mean,interconnectivity_strength_err
0,0.1,28.91489340725646,1.6567832046090492
1,0.30000000000000004,29.642120539664287,2.2525106420277585
2,0.5000000000000001,18.967208556589004,1.2538418269089378
3,0.7000000000000001,13.74435376900583,1.5389469157072915
4,0.9000000000000001,11.6127358438503,0.6367111678330891
