,discretized_reward_proportion,interconnectivity_strength_mean,interconnectivity_strength_err
0,0.1,27.817344481107284,2.94839042374559
1,0.30000000000000004,42.42081980625215,4.316311326435461
2,0.5000000000000001,56.48618382692822,8.004049201185317
3,0.7000000000000001,84.09670592035636,18.34622625678808
4,0.9000000000000001,0.0,0.0
