,discretized_reward_proportion,interconnectivity_strength_mean,interconnectivity_strength_err
0,0.1,8.49048658925626,0.14482422479567814
1,0.30000000000000004,9.190262394060372,0.36544511958738374
2,0.5000000000000001,8.540470332819302,0.39959311961923877
3,0.7000000000000001,7.838810302166943,0.4730420255518481
4,0.9000000000000001,7.523168744197813,0.4896234369906291
