,discretized_reward_proportion,interconnectivity_strength_mean,interconnectivity_strength_err
0,0.1,4.917614378396814,0.21530625391784772
1,0.30000000000000004,4.23233791093865,0.18425933943281697
2,0.5000000000000001,4.030967511409483,0.16922682873645853
3,0.7000000000000001,3.92704346883231,0.07107769721509384
4,0.9000000000000001,4.310580726258897,0.06163970286436786
