,discretized_reward_proportion,interconnectivity_strength_mean,interconnectivity_strength_err
0,0.1,17.095036432227484,3.747836721219237
1,0.30000000000000004,17.670415409566477,2.87788300050537
2,0.5000000000000001,24.391335383425922,6.1854793357939135
3,0.7000000000000001,25.950685273173523,3.8310449056760674
4,0.9000000000000001,22.50263320366199,2.4500244306071153
