,discretized_reward_proportion,interconnectivity_strength_mean,interconnectivity_strength_err
0,0.1,220.56510715520136,43.62202184892884
1,0.30000000000000004,39.31967797301489,15.759218656464972
2,0.5000000000000001,27.408967289175322,11.720968877874348
3,0.7000000000000001,0.03571428571428571,0.03507073235935592
4,0.9000000000000001,0.0,0.0
