,discretized_reward_proportion,interconnectivity_strength_mean,interconnectivity_strength_err
0,0.1,22.92829473526753,1.045555244109184
1,0.30000000000000004,37.00974218784554,6.537492502557536
2,0.5000000000000001,46.744153248978144,5.685973450080266
3,0.7000000000000001,17.96480090160441,3.016853523056844
4,0.9000000000000001,12.234819020089502,1.3493684015201366
