,discretized_reward_proportion,interconnectivity_strength_mean,interconnectivity_strength_err
0,0.1,14.735158694937704,1.140643588294752
1,0.30000000000000004,14.492147688186991,1.5985642124457424
2,0.5000000000000001,11.217586361799432,1.078373395684416
3,0.7000000000000001,8.499657625491638,0.6449071538100917
4,0.9000000000000001,9.916214096831546,1.0745164776883738
