,discretized_reward_proportion,interconnectivity_strength_mean,interconnectivity_strength_err
0,0.1,35.645865644341995,1.4203202415923737
1,0.30000000000000004,33.21665860441965,1.3162148711706454
2,0.5000000000000001,33.66651165870476,1.9550479864564152
3,0.7000000000000001,28.659914666275583,1.8581170867168768
4,0.9000000000000001,21.258247089181022,1.5926952776499956
