,discretized_reward_proportion,interconnectivity_strength_mean,interconnectivity_strength_err
0,0.1,21.94071588108987,1.6082829756638273
1,0.30000000000000004,14.095354461010796,1.2252502567737253
2,0.5000000000000001,11.268020172616984,0.6071258565616475
3,0.7000000000000001,7.142856353374071,0.19941159408451434
4,0.9000000000000001,7.261565830520273,0.22529884260953534
