,discretized_reward_proportion,interconnectivity_strength_mean,interconnectivity_strength_err
0,0.1,7.643238923498288,0.8358539049110703
1,0.30000000000000004,11.328568726726473,2.322395109637838
2,0.5000000000000001,22.143484063916794,2.2610605930965186
3,0.7000000000000001,18.809917445736343,1.3531062599942019
4,0.9000000000000001,17.59990806885472,1.7068741415949022
