,discretized_reward_proportion,interconnectivity_strength_mean,interconnectivity_strength_err
0,0.1,9.8541407270766,0.9804007426425092
1,0.30000000000000004,13.82792063526739,2.817686870564015
2,0.5000000000000001,13.56926603750227,2.260415138351612
3,0.7000000000000001,15.371555840179742,1.5987260031380837
4,0.9000000000000001,13.021914281560361,1.129801523723858
