,discretized_reward_proportion,interconnectivity_strength_mean,interconnectivity_strength_err
0,0.1,40.576495245401105,2.101333927366981
1,0.30000000000000004,28.67840631335019,2.973585922331985
2,0.5000000000000001,27.896456643627012,3.3085296340253407
3,0.7000000000000001,41.3106062467867,4.525213945194386
4,0.9000000000000001,34.26592153567092,4.032298979522665
