,discretized_reward_proportion,interconnectivity_strength_mean,interconnectivity_strength_err
0,0.1,63.53475187785275,10.378234359544425
1,0.30000000000000004,94.14420659159117,9.543729736122394
2,0.5000000000000001,78.02496518507822,13.994689264203425
3,0.7000000000000001,48.02726795880026,6.97396770713347
4,0.9000000000000001,89.36690945625679,8.854893004131142
