,discretized_reward_proportion,interconnectivity_strength_mean,interconnectivity_strength_err
0,0.1,113.51697051533698,25.854286721609597
1,0.30000000000000004,173.2405730505586,56.7730494632574
2,0.5000000000000001,0.18518518518518517,0.05286103941837503
3,0.7000000000000001,3.615541787800837,0.6360261503979742
4,0.9000000000000001,5.556482030774493,0.9897940369440166
