,discretized_reward_proportion,interconnectivity_strength_mean,interconnectivity_strength_err
0,0.1,14.029161429993227,1.453156531621033
1,0.30000000000000004,10.321027050794644,1.136455737672331
2,0.5000000000000001,9.50440367666575,1.0329915239236964
3,0.7000000000000001,8.780093741684777,0.7104082966554423
4,0.9000000000000001,9.604753461520488,0.7809951216476451
