,discretized_reward_proportion,interconnectivity_strength_mean,interconnectivity_strength_err
0,0.1,15.50110553366737,0.34420997482014687
1,0.30000000000000004,11.508766141109401,0.6314909847512608
2,0.5000000000000001,9.674906696580765,0.303348208718315
3,0.7000000000000001,7.759000186453248,0.3387551214648673
4,0.9000000000000001,8.77846376131766,0.39028663452125373
