,discretized_reward_proportion,interconnectivity_strength_mean,interconnectivity_strength_err
0,0.1,11.930637463871768,0.35108524180012624
1,0.30000000000000004,8.775920465508435,1.1352127394282199
2,0.5000000000000001,12.954800836982855,1.8031143238396838
3,0.7000000000000001,13.132913226870423,2.432924150071687
4,0.9000000000000001,8.965086519951226,0.9645291398428764
