,discretized_reward_proportion,interconnectivity_strength_mean,interconnectivity_strength_err
0,0.1,22.16433280601025,1.5278104805217865
1,0.30000000000000004,15.833288543233143,2.5417059139382037
2,0.5000000000000001,17.94898711440196,2.2944384932447797
3,0.7000000000000001,12.470034877571724,0.8358290279655666
4,0.9000000000000001,14.414467178110925,1.1127626283755354
