,discretized_reward_proportion,interconnectivity_strength_mean,interconnectivity_strength_err
0,0.1,10.074521582300722,0.12142927384185563
1,0.30000000000000004,7.70881469735781,0.3014543622706977
2,0.5000000000000001,7.068260583653981,0.3236938588938588
3,0.7000000000000001,5.8249642728266355,0.2785875479558141
4,0.9000000000000001,5.275659575199853,0.2033580899600259
