,discretized_reward_proportion,interconnectivity_strength_mean,interconnectivity_strength_err
0,0.1,57.139361571295694,3.4347514304928337
1,0.30000000000000004,42.07811334273297,4.129395860993607
2,0.5000000000000001,43.31620267429397,5.76629309364874
3,0.7000000000000001,79.18866279480504,20.92560108561884
4,0.9000000000000001,28.20411021752189,11.335084258071765
