,discretized_reward_proportion,interconnectivity_strength_mean,interconnectivity_strength_err
0,0.1,31.029592882077807,2.160112700948076
1,0.30000000000000004,19.158436580670646,1.279642509466348
2,0.5000000000000001,13.83562011595143,0.5706505572014903
3,0.7000000000000001,11.967006484837452,0.6912531125803477
4,0.9000000000000001,15.083704426727666,0.8153646676039522
