,discretized_reward_proportion,interconnectivity_strength_mean,interconnectivity_strength_err
0,0.1,17.192682730450542,3.6793736534551784
1,0.30000000000000004,20.545828577370646,4.5238635780856065
2,0.5000000000000001,24.656641175269968,5.080523027661975
3,0.7000000000000001,43.007475239798566,4.212668531225448
4,0.9000000000000001,38.07629432463474,3.6035836080760717
