,discretized_reward_proportion,interconnectivity_strength_mean,interconnectivity_strength_err
0,0.1,33.06805747090302,4.870605725678838
1,0.30000000000000004,28.309670942013895,3.9613820677765688
2,0.5000000000000001,25.96391968512576,2.714047799196725
3,0.7000000000000001,31.887949266270063,1.451315998287875
4,0.9000000000000001,30.332152753741514,1.1603336186119966
