,discretized_reward_proportion,interconnectivity_strength_mean,interconnectivity_strength_err
0,0.1,18.908720004530714,5.028224898290752
1,0.30000000000000004,10.447595648945413,2.005971013015083
2,0.5000000000000001,18.57431350442605,3.811460854461523
3,0.7000000000000001,18.64922802787,2.4053033265525556
4,0.9000000000000001,24.36150660287273,2.4824740558987464
