,discretized_reward_proportion,interconnectivity_strength_mean,interconnectivity_strength_err
0,0.1,6.885405692544699,0.5522108711376712
1,0.30000000000000004,7.976533804987664,0.7494845938960719
2,0.5000000000000001,6.903480817982319,0.7700030791667816
3,0.7000000000000001,10.393054744397409,1.129226126718405
4,0.9000000000000001,7.448597001906636,0.7521501077620704
