,discretized_reward_proportion,interconnectivity_strength_mean,interconnectivity_strength_err
0,0.1,33.53051392219688,5.752034462600172
1,0.30000000000000004,70.42322209809726,9.085700631384542
2,0.5000000000000001,33.56747007477262,9.327175782979259
3,0.7000000000000001,12.577798240152063,0.45600275341827184
4,0.9000000000000001,13.386980237681845,0.5935696963942181
