,discretized_reward_proportion,interconnectivity_strength_mean,interconnectivity_strength_err
0,0.1,5.143024339120613,0.2941259385884728
1,0.30000000000000004,6.614171872153258,0.4195103696265954
2,0.5000000000000001,4.690652447943352,0.11448507704110232
3,0.7000000000000001,4.805825621391929,0.06072561168135423
4,0.9000000000000001,5.137500281609301,0.09290216759561544
