,discretized_reward_proportion,interconnectivity_strength_mean,interconnectivity_strength_err
0,0.1,17.334323362640166,2.476376622342974
1,0.30000000000000004,14.574443877516513,2.8811975281145656
2,0.5000000000000001,7.506254943344732,0.6485927961155388
3,0.7000000000000001,7.499479435531278,0.226480251483689
4,0.9000000000000001,6.849426934686775,0.23659064944126373
