,discretized_reward_proportion,interconnectivity_strength_mean,interconnectivity_strength_err
0,0.1,12.086040513032835,0.6855318241014502
1,0.30000000000000004,19.58901813099367,2.2299566149998498
2,0.5000000000000001,23.366705001917403,4.029966957912648
3,0.7000000000000001,14.547448339537118,2.870534060149424
4,0.9000000000000001,13.869685647115858,0.6936645496061011
