,discretized_reward_proportion,interconnectivity_strength_mean,interconnectivity_strength_err
0,0.1,5.819439511778447,0.4297500794873026
1,0.30000000000000004,4.923076169517815,0.4918837790244107
2,0.5000000000000001,20.935765705874847,4.166132107526572
3,0.7000000000000001,15.284237208839201,2.2041997945295897
4,0.9000000000000001,24.844351551224708,3.451399343529715
