,discretized_reward_proportion,interconnectivity_strength_mean,interconnectivity_strength_err
0,0.1,5.333526275449013,0.9633285278030493
1,0.30000000000000004,9.307946669219453,1.2417439239773658
2,0.5000000000000001,11.585380698503796,0.8900935085929946
3,0.7000000000000001,12.063726348104067,0.6635601408425396
4,0.9000000000000001,13.709302717328336,0.4659829274558337
