,discretized_reward_proportion,interconnectivity_strength_mean,interconnectivity_strength_err
0,0.1,5.931455048737665,0.3882077936581292
1,0.30000000000000004,16.013691178436485,2.3467415586280773
2,0.5000000000000001,12.201143081348135,1.2678947884944254
3,0.7000000000000001,14.579245563223662,0.7051997012274195
4,0.9000000000000001,11.737765939204825,0.6094146207538419
