,discretized_reward_proportion,interconnectivity_strength_mean,interconnectivity_strength_err
0,0.1,16.447108672293066,1.4945742286102643
1,0.30000000000000004,18.831639246743336,1.7290016602249187
2,0.5000000000000001,13.719366232533984,1.2485436683261932
3,0.7000000000000001,12.228591030187458,0.8475297507697156
4,0.9000000000000001,11.984301012768656,0.8657090111926156
