,discretized_reward_proportion,interconnectivity_strength_mean,interconnectivity_strength_err
0,0.1,0.07253886010362694,0.018670440725472585
1,0.30000000000000004,0.09210526315789473,0.033170588521291136
2,0.5000000000000001,0.03225806451612903,0.022438978827104918
3,0.7000000000000001,0.07407407407407407,0.05040102351405717
4,0.9000000000000001,0.14893617021276595,0.05193166283277496
