,discretized_reward_proportion,interconnectivity_strength_mean,interconnectivity_strength_err
0,0.1,4.161900253925542,0.1414597685143101
1,0.30000000000000004,5.876650265893086,0.33193075747679135
2,0.5000000000000001,6.503735352762075,0.32303949352868394
3,0.7000000000000001,6.969912245789108,0.1899362098620489
4,0.9000000000000001,6.693571760159246,0.17668916649472607
