,discretized_reward_proportion,interconnectivity_strength_mean,interconnectivity_strength_err
0,0.1,10.069791672011698,0.3344971193292855
1,0.30000000000000004,6.979193128132964,1.1053920191339444
2,0.5000000000000001,15.703987109867175,2.9686537063315432
3,0.7000000000000001,15.266462643814775,3.5121558241280972
4,0.9000000000000001,9.102670692323558,1.0684240856944887
