,discretized_reward_proportion,interconnectivity_strength_mean,interconnectivity_strength_err
0,0.1,59.79602899714598,14.478242290919871
1,0.30000000000000004,89.04910470551525,27.87548207463079
2,0.5000000000000001,12.249142305212079,3.537632562647671
3,0.7000000000000001,12.753227060846376,5.165773289072113
4,0.9000000000000001,8.59665528339961,5.155677042939187
