,discretized_reward_proportion,interconnectivity_strength_mean,interconnectivity_strength_err
0,0.1,226.42919646063285,48.037719805837185
1,0.30000000000000004,89.19526244289699,19.758335657405613
2,0.5000000000000001,40.38815769231393,4.4310669867473145
3,0.7000000000000001,44.063041170730756,2.975486587292189
4,0.9000000000000001,42.77011036666214,3.663745885228616
