,discretized_reward_proportion,interconnectivity_strength_mean,interconnectivity_strength_err
0,0.1,12.342527402053237,0.3828734013941937
1,0.30000000000000004,11.357865524696525,0.45909546641016263
2,0.5000000000000001,10.240661637258833,0.5187769374097039
3,0.7000000000000001,12.905765205808166,1.092569586175137
4,0.9000000000000001,9.106605704900495,0.4361593171702273
