,discretized_reward_proportion,interconnectivity_strength_mean,interconnectivity_strength_err
0,0.1,69.29423931304264,5.821753899933794
1,0.30000000000000004,35.16468950063818,5.1569766728189625
2,0.5000000000000001,54.25258191086362,13.038303616709655
3,0.7000000000000001,52.16348007960832,8.536542677529754
4,0.9000000000000001,55.041306624518676,8.486137276058816
