,discretized_reward_proportion,interconnectivity_strength_mean,interconnectivity_strength_err
0,0.1,31.704735230734162,2.844281147131365
1,0.30000000000000004,28.883971274194167,4.623028252640754
2,0.5000000000000001,31.12477330283887,6.2562274331233745
3,0.7000000000000001,20.94010853297808,5.339866186727924
4,0.9000000000000001,23.87576269465767,6.763207059400283
