,discretized_reward_proportion,interconnectivity_strength_mean,interconnectivity_strength_err
0,0.1,18.257594228829387,0.40550880332361994
1,0.30000000000000004,13.143500060784953,0.542242116354281
2,0.5000000000000001,9.55706018472721,0.3701288362781236
3,0.7000000000000001,8.186760582683641,0.5530151438261022
4,0.9000000000000001,5.0445087680977965,0.37575980617321453
