,discretized_reward_proportion,interconnectivity_strength_mean,interconnectivity_strength_err
0,0.1,32.18525853127499,3.2358103495161417
1,0.30000000000000004,30.010721905902173,2.004156001721368
2,0.5000000000000001,34.34039802400724,3.2963383676792777
3,0.7000000000000001,40.2370230202398,2.277601218949616
4,0.9000000000000001,35.227501534395806,2.611572342094149
