,discretized_reward_proportion,interconnectivity_strength_mean,interconnectivity_strength_err
0,0.1,48.434691774260756,11.279617577663654
1,0.30000000000000004,64.70544388092308,9.671835402458306
2,0.5000000000000001,30.23001078766465,4.625065567844725
3,0.7000000000000001,21.392283489163546,3.1252937299377472
4,0.9000000000000001,17.24192287761274,2.0278144731936645
