,discretized_reward_proportion,interconnectivity_strength_mean,interconnectivity_strength_err
0,0.1,16.943297414333365,0.4856447811648354
1,0.30000000000000004,12.354156744634636,0.6583431268879439
2,0.5000000000000001,10.810704157404151,0.38569675975761886
3,0.7000000000000001,10.507581639732406,0.5758947580019301
4,0.9000000000000001,15.087018599268607,0.8096613488815763
