,discretized_reward_proportion,interconnectivity_strength_mean,interconnectivity_strength_err
0,0.1,3.972575417362169,0.5886435845241204
1,0.30000000000000004,9.887380272739383,2.0152730182625835
2,0.5000000000000001,21.765113153404084,4.196854317000903
3,0.7000000000000001,13.500979522369828,3.140987021572906
4,0.9000000000000001,6.217235173986482,1.4441129184639645
