,discretized_reward_proportion,interconnectivity_strength_mean,interconnectivity_strength_err
0,0.1,23.78146971309449,4.040773078744159
1,0.30000000000000004,8.62176025642109,2.1611204266573396
2,0.5000000000000001,7.959463257708728,1.064064481201735
3,0.7000000000000001,6.664758646759275,2.1760539077795436
4,0.9000000000000001,9.63569000547937,2.779604137945269
