,discretized_reward_proportion,interconnectivity_strength_mean,interconnectivity_strength_err
0,0.1,173.894216867495,16.480108657674503
1,0.30000000000000004,125.19834093319,17.658992226999086
2,0.5000000000000001,35.759370913428405,9.255802211097402
3,0.7000000000000001,5.846864148131181,3.339069561891468
4,0.9000000000000001,0.0,0.0
