,discretized_reward_proportion,interconnectivity_strength_mean,interconnectivity_strength_err
0,0.1,4.530968681595094,0.258202080305348
1,0.30000000000000004,5.101123283353604,0.2563494634813012
2,0.5000000000000001,5.885896118859167,0.1953064175415449
3,0.7000000000000001,6.7557605157273475,0.15592143091798236
4,0.9000000000000001,6.629938195494308,0.18249636946227749
