,discretized_reward_proportion,interconnectivity_strength_mean,interconnectivity_strength_err
0,0.1,31.063582812058073,4.029774691846953
1,0.30000000000000004,22.489094503528168,2.1261419159746575
2,0.5000000000000001,45.716971557962445,11.335056899358253
3,0.7000000000000001,32.06210033229135,4.062417346147408
4,0.9000000000000001,32.02931062539425,2.6630377186389294
