,discretized_reward_proportion,interconnectivity_strength_mean,interconnectivity_strength_err
0,0.1,28.50353433516686,1.542431220086337
1,0.30000000000000004,19.81768740785357,1.7130947932730431
2,0.5000000000000001,18.8065612322819,1.0252409319144447
3,0.7000000000000001,18.804600870180682,0.61067371827241
4,0.9000000000000001,17.475234092765852,0.6577827294710534
