,discretized_reward_proportion,interconnectivity_strength_mean,interconnectivity_strength_err
0,0.1,17.065665916161514,1.6893744343253974
1,0.30000000000000004,16.05456156782154,2.067771511968918
2,0.5000000000000001,20.109234040060162,1.9063011732993358
3,0.7000000000000001,19.149872448943672,1.6167590988643676
4,0.9000000000000001,15.92793346619359,1.279459839220698
