,discretized_reward_proportion,interconnectivity_strength_mean,interconnectivity_strength_err
0,0.1,150.27645697020708,13.847597378570294
1,0.30000000000000004,68.90086323472848,8.70585640093391
2,0.5000000000000001,72.12761698006969,6.971546084953238
3,0.7000000000000001,51.5260701821389,5.923494052072286
4,0.9000000000000001,103.4125818875117,10.708239792016027
