,discretized_reward_proportion,interconnectivity_strength_mean,interconnectivity_strength_err
0,0.1,10.16677710315593,3.2292940240817436
1,0.30000000000000004,9.550905419566842,2.756515625080975
2,0.5000000000000001,16.565863411518365,3.4796189311662737
3,0.7000000000000001,39.7261268243208,4.641819723401117
4,0.9000000000000001,31.786752770640373,3.933150759285652
