,discretized_reward_proportion,interconnectivity_strength_mean,interconnectivity_strength_err
0,0.1,3.477004930943259,0.11909977752337687
1,0.30000000000000004,5.756223456125767,0.525592811588408
2,0.5000000000000001,7.468387866456564,0.3177448966025047
3,0.7000000000000001,7.928654433503705,0.21891423564147755
4,0.9000000000000001,7.007063009886359,0.2385966242983928
