,discretized_reward_proportion,interconnectivity_strength_mean,interconnectivity_strength_err
0,0.1,17.082726904928087,1.1211270092269523
1,0.30000000000000004,13.252556982799312,0.9321339532041568
2,0.5000000000000001,11.221426323018246,0.5289095708752811
3,0.7000000000000001,11.546306279345895,0.4729174654024695
4,0.9000000000000001,10.336159120920428,0.46893418338954346
