,discretized_reward_proportion,interconnectivity_strength_mean,interconnectivity_strength_err
0,0.1,11.574351889315798,2.9344118470180356
1,0.30000000000000004,22.4136142773372,5.0090990170099
2,0.5000000000000001,8.111260121683499,0.22384569770684515
3,0.7000000000000001,8.903695793794078,0.35467506184107456
4,0.9000000000000001,10.137616649601307,0.5152962929792931
