,discretized_reward_proportion,interconnectivity_strength_mean,interconnectivity_strength_err
0,0.1,12.52877236822605,0.8198838307952757
1,0.30000000000000004,11.224377092681578,1.3766860271781234
2,0.5000000000000001,10.60873496411808,1.2761458334929778
3,0.7000000000000001,9.800075408794127,1.436395945847725
4,0.9000000000000001,12.162830498278234,1.6837153163905045
