,discretized_reward_proportion,interconnectivity_strength_mean,interconnectivity_strength_err
0,0.1,9.420405673008121,1.1797434943583907
1,0.30000000000000004,7.060529962574565,1.0805777639695147
2,0.5000000000000001,8.046179709818226,2.1149028666241314
3,0.7000000000000001,8.289291403969445,1.3965962949061643
4,0.9000000000000001,4.095391267811922,0.9638120117363417
