,discretized_reward_proportion,interconnectivity_strength_mean,interconnectivity_strength_err
0,0.1,24.830638149612906,4.692224014010775
1,0.30000000000000004,26.867752484197077,5.919757012047789
2,0.5000000000000001,27.028375904068202,5.37579891267123
3,0.7000000000000001,23.37302897568088,10.2730362262787
4,0.9000000000000001,23.365962679090394,6.4625382051114615
