,discretized_reward_proportion,interconnectivity_strength_mean,interconnectivity_strength_err
0,0.1,13.092943043553,1.7696501992576348
1,0.30000000000000004,60.58622042054961,6.935818124216717
2,0.5000000000000001,51.73828040519727,6.452375526512501
3,0.7000000000000001,51.26030037084593,5.167814431432632
4,0.9000000000000001,65.3949584189213,7.250250687365275
