,discretized_reward_proportion,interconnectivity_strength_mean,interconnectivity_strength_err
0,0.1,42.454521283054916,6.335499474183631
1,0.30000000000000004,79.32198996074227,9.160404993216252
2,0.5000000000000001,48.62181699368295,11.59748927172292
3,0.7000000000000001,31.04154059505817,7.293162519639412
4,0.9000000000000001,15.89269196242821,4.100750301538202
