,discretized_reward_proportion,interconnectivity_strength_mean,interconnectivity_strength_err
0,0.1,0.0,0.0
1,0.30000000000000004,0.0,0.0
2,0.5000000000000001,0.10909090909090909,0.04203679830482468
3,0.7000000000000001,12.565696585462533,3.773937063998356
4,0.9000000000000001,8.911311945337422,2.58050840925549
