,discretized_reward_proportion,interconnectivity_strength_mean,interconnectivity_strength_err
0,0.1,0.26085028581515546,0.0785195082042198
1,0.30000000000000004,5.482620024327451,3.387549168891494
2,0.5000000000000001,23.326949075247555,5.484992160165462
3,0.7000000000000001,25.89839615906166,8.371890782847865
4,0.9000000000000001,15.337175419575315,3.159089583586879
