,discretized_reward_proportion,interconnectivity_strength_mean,interconnectivity_strength_err
0,0.1,28.70980770038675,2.8010906845469
1,0.30000000000000004,26.46205437310834,3.3291890478365938
2,0.5000000000000001,40.732144422208336,4.854202955399798
3,0.7000000000000001,38.66504027984779,3.8871768491488896
4,0.9000000000000001,29.728658813608007,3.3641486796038915
