,discretized_reward_proportion,interconnectivity_strength_mean,interconnectivity_strength_err
0,0.1,8.597691330436295,0.19369347598002304
1,0.30000000000000004,8.320761809032183,0.3753215840432638
2,0.5000000000000001,7.109403366089614,0.1693015797090966
3,0.7000000000000001,6.677006968579646,0.3906774157402874
4,0.9000000000000001,7.291573801022243,0.17487178590079783
