,discretized_reward_proportion,interconnectivity_strength_mean,interconnectivity_strength_err
0,0.1,30.31918917790731,5.093425161379452
1,0.30000000000000004,29.75283230163792,4.3455107744666
2,0.5000000000000001,30.692923821213004,7.292145232987577
3,0.7000000000000001,235.75628950052905,58.18077251045802
4,0.9000000000000001,463.0319852729176,73.02656847902189
