,discretized_reward_proportion,interconnectivity_strength_mean,interconnectivity_strength_err
0,0.1,11.225111915029958,1.1024332185375538
1,0.30000000000000004,12.978791801089098,0.7790079244184561
2,0.5000000000000001,11.498105865173738,0.7446174031420029
3,0.7000000000000001,9.529584617240198,0.5698469425223014
4,0.9000000000000001,11.43833832946705,0.5999289288085545
