,discretized_reward_proportion,interconnectivity_strength_mean,interconnectivity_strength_err
0,0.1,9.009186790982206,0.3879622759525678
1,0.30000000000000004,9.334966487738125,0.3226119482848207
2,0.5000000000000001,8.382553564232703,0.5038419014774541
3,0.7000000000000001,6.692092193763537,0.6247291337031133
4,0.9000000000000001,7.6721468163681,0.4733429828459066
