,discretized_reward_proportion,interconnectivity_strength_mean,interconnectivity_strength_err
0,0.1,6.539934973580403,4.470913120590126
1,0.30000000000000004,9.197507449558968,5.1933631862554
2,0.5000000000000001,7.018584869759551,4.930784882409039
3,0.7000000000000001,31.48578389586907,6.042533148308286
4,0.9000000000000001,16.676855922447523,4.169364742264548
