,discretized_reward_proportion,interconnectivity_strength_mean,interconnectivity_strength_err
0,0.1,0.02072538860103627,0.010254746624541011
1,0.30000000000000004,0.039473684210526314,0.022335808064917088
2,0.5000000000000001,0.04838709677419355,0.02725204509637419
3,0.7000000000000001,0.2962962962962963,0.08787718725951696
4,0.9000000000000001,0.06382978723404255,0.0356566204934635
