,discretized_reward_proportion,interconnectivity_strength_mean,interconnectivity_strength_err
0,0.1,35.11399619807684,3.258193593197241
1,0.30000000000000004,29.793418342087488,3.790128820830499
2,0.5000000000000001,20.75355012900664,3.4543336914424407
3,0.7000000000000001,19.05584801303309,2.65159154792581
4,0.9000000000000001,15.321064037538545,1.3361178304260029
