,discretized_reward_proportion,interconnectivity_strength_mean,interconnectivity_strength_err
0,0.1,1.0889560838281638,0.22527555427798787
1,0.30000000000000004,2.135271574295998,0.7551160783999732
2,0.5000000000000001,0.17644909276079995,0.12276610808335796
3,0.7000000000000001,1.4959679435518698,0.3882805576069355
4,0.9000000000000001,8.996200234526409,2.369124009309792
