,discretized_reward_proportion,interconnectivity_strength_mean,interconnectivity_strength_err
0,0.1,43.463659329366564,7.2289386755202845
1,0.30000000000000004,37.02390931738734,3.93750274045405
2,0.5000000000000001,31.5241643456274,2.3060679997957387
3,0.7000000000000001,26.85214459394217,3.205713962909108
4,0.9000000000000001,12.63444690703321,3.7048494835379673
