,discretized_reward_proportion,interconnectivity_strength_mean,interconnectivity_strength_err
0,0.1,283.01848073538764,54.110083659441585
1,0.30000000000000004,87.9214717500415,24.922152914159742
2,0.5000000000000001,113.5028840489523,29.000854933025842
3,0.7000000000000001,53.93117709914984,3.6356442263658835
4,0.9000000000000001,65.39915129348128,3.414676471408414
