,discretized_reward_proportion,interconnectivity_strength_mean,interconnectivity_strength_err
0,0.1,22.43723561989332,5.459733340866607
1,0.30000000000000004,32.23084175790586,6.126553632549052
2,0.5000000000000001,22.0763685744394,6.113996344530526
3,0.7000000000000001,73.1464703523535,20.502587612293762
4,0.9000000000000001,144.08385140340786,22.337976004218177
