,discretized_reward_proportion,interconnectivity_strength_mean,interconnectivity_strength_err
0,0.1,35.835928845419836,8.145999923462412
1,0.30000000000000004,26.78085963452489,4.176982967076451
2,0.5000000000000001,14.35550310526649,1.599256292625645
3,0.7000000000000001,4.023340193416063,0.9433717570617
4,0.9000000000000001,5.041426758490906,1.255680313753446
