,discretized_reward_proportion,interconnectivity_strength_mean,interconnectivity_strength_err
0,0.1,3.722610854571325,0.09549877531876298
1,0.30000000000000004,9.232381601502958,1.4566476850384076
2,0.5000000000000001,8.571645416860187,0.9904638555904264
3,0.7000000000000001,5.526683683497115,0.14223414007186486
4,0.9000000000000001,5.6283727400789445,0.21133582973671966
