,discretized_reward_proportion,interconnectivity_strength_mean,interconnectivity_strength_err
0,0.1,3.322890482681166,0.14332403154779508
1,0.30000000000000004,3.253089445805015,0.3835550429260894
2,0.5000000000000001,3.3501834419093512,0.4595259494008248
3,0.7000000000000001,5.551492456153583,0.6346490960434743
4,0.9000000000000001,7.703011897865163,2.464804525922797
