,discretized_reward_proportion,interconnectivity_strength_mean,interconnectivity_strength_err
0,0.1,8.303824902086761,1.2730489786165966
1,0.30000000000000004,6.992870191945154,1.1081418605048712
2,0.5000000000000001,4.4838771375756235,0.5444505326470735
3,0.7000000000000001,7.126272366163062,0.561122750574109
4,0.9000000000000001,9.855005248982494,0.7863005454528416
