,discretized_reward_proportion,interconnectivity_strength_mean,interconnectivity_strength_err
0,0.1,17.791966861546644,1.9605889389910058
1,0.30000000000000004,11.347175976766316,0.9218878939165495
2,0.5000000000000001,9.855368680181657,0.7731886238363775
3,0.7000000000000001,7.190208083921231,0.3369683844551719
4,0.9000000000000001,6.437238114028516,0.19668371639039536
