,discretized_reward_proportion,interconnectivity_strength_mean,interconnectivity_strength_err
0,0.1,12.780484055542814,0.9104222499354375
1,0.30000000000000004,17.369181925521858,2.1723586305099682
2,0.5000000000000001,11.70655764338586,1.1687409407059577
3,0.7000000000000001,7.752135012558055,0.33433572241407716
4,0.9000000000000001,7.4351748907549196,0.29061463548301175
