,discretized_reward_proportion,interconnectivity_strength_mean,interconnectivity_strength_err
0,0.1,24.294764090299733,1.235528582091261
1,0.30000000000000004,25.38526618489801,1.402903205794209
2,0.5000000000000001,23.0524143625567,2.348140423970892
3,0.7000000000000001,17.15142140102286,0.8070321727641631
4,0.9000000000000001,,
