,discretized_reward_proportion,interconnectivity_strength_mean,interconnectivity_strength_err
0,0.1,96.14510170708328,7.598943406841965
1,0.30000000000000004,43.82859787539058,7.149216008423672
2,0.5000000000000001,40.6263208309955,11.945159564319997
3,0.7000000000000001,13.793097437358531,9.337279934792424
4,0.9000000000000001,25.71079489148642,13.925561947293017
