,discretized_reward_proportion,interconnectivity_strength_mean,interconnectivity_strength_err
0,0.1,9.08437585847832,2.177033051038617
1,0.30000000000000004,22.120331916487658,6.617267985085858
2,0.5000000000000001,25.864737073922928,4.424502763454874
3,0.7000000000000001,11.572153948603205,3.493335353859836
4,0.9000000000000001,1.3906418882935718,1.3586688353446768
