,discretized_reward_proportion,interconnectivity_strength_mean,interconnectivity_strength_err
0,0.1,51.70153489141421,9.478046503421815
1,0.30000000000000004,35.27472978848803,6.370572644031145
2,0.5000000000000001,25.199110502580204,5.512479908700821
3,0.7000000000000001,14.014132268755578,0.4886596224329119
4,0.9000000000000001,12.044620652762097,0.5434660765122894
