,discretized_reward_proportion,interconnectivity_strength_mean,interconnectivity_strength_err
0,0.1,18.61790955876406,7.378030099282503
1,0.30000000000000004,11.272361433219258,4.183592615369492
2,0.5000000000000001,56.92244363166854,10.945654676163837
3,0.7000000000000001,49.40475077488276,8.353620743159881
4,0.9000000000000001,43.00606471942569,6.10422883150299
