,discretized_reward_proportion,interconnectivity_strength_mean,interconnectivity_strength_err
0,0.1,5.140375902430503,1.3227874033306213
1,0.30000000000000004,3.9566212044614364,1.0229967195945797
2,0.5000000000000001,6.381711826211454,1.5603433643983913
3,0.7000000000000001,10.91443400981746,1.8916767564105108
4,0.9000000000000001,8.221093050043125,1.655105692388887
