,discretized_reward_proportion,interconnectivity_strength_mean,interconnectivity_strength_err
0,0.1,28.61549233792191,3.7920084769597864
1,0.30000000000000004,12.269110817098035,2.445776842732084
2,0.5000000000000001,8.755540948860611,0.8858767841059155
3,0.7000000000000001,7.541060194187529,0.6502145871849896
4,0.9000000000000001,7.914766717756591,0.7758979450013286
