,discretized_reward_proportion,interconnectivity_strength_mean,interconnectivity_strength_err
0,0.1,3.3394319384495175,0.1283281143463946
1,0.30000000000000004,7.5342233276172275,1.5210137940366169
2,0.5000000000000001,10.14242452348391,1.5450446217242715
3,0.7000000000000001,8.850005400180798,0.8547482472623562
4,0.9000000000000001,6.241438227874503,0.5444920297654207
