,discretized_reward_proportion,interconnectivity_strength_mean,interconnectivity_strength_err
0,0.1,23.637261440731656,2.150763338165098
1,0.30000000000000004,34.16448969189108,2.878921101699299
2,0.5000000000000001,19.10473440942003,2.743061517966312
3,0.7000000000000001,24.56317713586505,4.410920002956435
4,0.9000000000000001,32.58054592739377,5.139111803297146
