,discretized_reward_proportion,interconnectivity_strength_mean,interconnectivity_strength_err
0,0.1,11.609529644166805,0.31403966087037277
1,0.30000000000000004,8.464368100617222,0.3985388926756495
2,0.5000000000000001,6.470886898925989,0.19734036379115305
3,0.7000000000000001,5.329915881928458,0.23778709690284017
4,0.9000000000000001,5.454085806755368,0.1907917673927701
