,discretized_reward_proportion,interconnectivity_strength_mean,interconnectivity_strength_err
0,0.1,7.991455069350194,0.3690971757855317
1,0.30000000000000004,6.7694030214579275,0.3869164643786797
2,0.5000000000000001,6.57795515195237,0.38698449577953437
3,0.7000000000000001,6.433053723256659,0.1896112480798452
4,0.9000000000000001,7.188358201029528,0.19150319577754615
