,discretized_reward_proportion,interconnectivity_strength_mean,interconnectivity_strength_err
0,0.1,47.062132837698215,2.7444156946071487
1,0.30000000000000004,41.52310233350009,3.33041306697289
2,0.5000000000000001,41.1396991081393,3.2512283189958526
3,0.7000000000000001,30.116572308216533,2.166506011933641
4,0.9000000000000001,24.02303291005306,2.8188719241754274
