,discretized_reward_proportion,interconnectivity_strength_mean,interconnectivity_strength_err
0,0.1,3.027647848897461,0.10948056891586412
1,0.30000000000000004,3.1427278142884134,0.382765094396349
2,0.5000000000000001,3.737927576832443,0.6052921974877036
3,0.7000000000000001,10.036959695195911,1.614682823015731
4,0.9000000000000001,7.851287540314511,1.1659372675277273
