,discretized_reward_proportion,interconnectivity_strength_mean,interconnectivity_strength_err
0,0.1,30.671229397772287,4.927871112967013
1,0.30000000000000004,22.02428360335191,6.075183015716766
2,0.5000000000000001,50.48743355708709,15.296104647251774
3,0.7000000000000001,0.4642857142857143,0.09424976123424061
4,0.9000000000000001,0.9545454545454546,0.044409473678108845
