,discretized_reward_proportion,interconnectivity_strength_mean,interconnectivity_strength_err
0,0.1,12.786966197509658,2.1056294636230257
1,0.30000000000000004,17.20691159281369,2.9259584073543303
2,0.5000000000000001,24.260221001827162,4.943495859357804
3,0.7000000000000001,9.749358407409103,2.3551605938376072
4,0.9000000000000001,23.702928438480594,3.4682154936157845
