,discretized_reward_proportion,interconnectivity_strength_mean,interconnectivity_strength_err
0,0.1,34.87302770279304,4.238554843277026
1,0.30000000000000004,24.327646567469,2.872938933027759
2,0.5000000000000001,23.39542324452693,2.1768250246244487
3,0.7000000000000001,34.495056097372704,3.0057997290554077
4,0.9000000000000001,27.15868851263884,1.3817532132065928
