,discretized_reward_proportion,interconnectivity_strength_mean,interconnectivity_strength_err
0,0.1,78.25472757876322,7.285431376077178
1,0.30000000000000004,37.58184757165552,6.379760023241022
2,0.5000000000000001,22.94998115018736,4.0857284489915
3,0.7000000000000001,37.432203456079016,8.41164669469801
4,0.9000000000000001,46.11529993446543,8.215445334223924
