,discretized_reward_proportion,interconnectivity_strength_mean,interconnectivity_strength_err
0,0.1,10.190975872773647,0.6962810908869854
1,0.30000000000000004,10.130461943650968,0.8503162217776925
2,0.5000000000000001,11.639160553757156,0.7516556142811628
3,0.7000000000000001,12.969378137097566,0.5245946255593527
4,0.9000000000000001,12.486062278339922,0.632413574407205
