,discretized_reward_proportion,interconnectivity_strength_mean,interconnectivity_strength_err
0,0.1,35.779861746617236,3.570673200842838
1,0.30000000000000004,23.615307647506196,3.0343375414934215
2,0.5000000000000001,12.724927519908379,3.432209193163416
3,0.7000000000000001,33.555320084893474,7.611343538682758
4,0.9000000000000001,66.79424013702612,12.586268294125345
