,discretized_reward_proportion,interconnectivity_strength_mean,interconnectivity_strength_err
0,0.1,29.644334234503557,8.79430196528487
1,0.30000000000000004,36.72260727636133,4.354386633202938
2,0.5000000000000001,20.8817517209502,3.516490192332159
3,0.7000000000000001,21.767428774141464,2.9050334544989838
4,0.9000000000000001,16.097440804466974,1.2301817270444904
