,discretized_reward_proportion,interconnectivity_strength_mean,interconnectivity_strength_err
0,0.1,9.895314046084012,0.6992459740437844
1,0.30000000000000004,10.809397628554427,0.9501929490764374
2,0.5000000000000001,12.87258573157011,1.3369713552002624
3,0.7000000000000001,13.061340043619454,0.6821014558190147
4,0.9000000000000001,16.047507568214822,0.807857993037763
