,discretized_reward_proportion,interconnectivity_strength_mean,interconnectivity_strength_err
0,0.1,57.727790779880884,10.662723545058379
1,0.30000000000000004,86.23141222194519,22.723141062757055
2,0.5000000000000001,123.97640662980544,25.56317272689243
3,0.7000000000000001,69.03511041735491,9.183123962317449
4,0.9000000000000001,122.30140152297518,12.383722969004479
