,discretized_reward_proportion,interconnectivity_strength_mean,interconnectivity_strength_err
0,0.1,13.408981787181906,2.347715591201844
1,0.30000000000000004,19.561355271963524,5.499069074392682
2,0.5000000000000001,22.889416487520716,5.443242401034829
3,0.7000000000000001,7.647311290822616,1.2141562646281132
4,0.9000000000000001,1.064938888002814,0.7307182156352849
