,discretized_reward_proportion,interconnectivity_strength_mean,interconnectivity_strength_err
0,0.1,65.0044652715508,3.791804653613512
1,0.30000000000000004,20.72996341845755,2.922998933499364
2,0.5000000000000001,18.359503070514403,1.4194981698077929
3,0.7000000000000001,22.002803153039984,2.689846443529181
4,0.9000000000000001,30.375858596349147,2.2589195606550136
