,discretized_reward_proportion,interconnectivity_strength_mean,interconnectivity_strength_err
0,0.1,9.426328212802462,4.068282146694603
1,0.30000000000000004,4.30304966068395,1.177388200334227
2,0.5000000000000001,2.8455806464371003,2.1204321376377004
3,0.7000000000000001,0.6,0.050262468995003466
4,0.9000000000000001,1.421569109453349,0.7435550990864835
