,discretized_reward_proportion,interconnectivity_strength_mean,interconnectivity_strength_err
0,0.1,55.43513580406339,3.3590972485106922
1,0.30000000000000004,25.870017734357656,3.1285191893267856
2,0.5000000000000001,14.880673542089655,1.2151063296810238
3,0.7000000000000001,16.59213367659894,1.8783786655291612
4,0.9000000000000001,17.912187671413378,1.5532368060812698
