,discretized_reward_proportion,interconnectivity_strength_mean,interconnectivity_strength_err
0,0.1,0.1,0.024494897427831782
1,0.30000000000000004,0.27884615384615385,0.04397234449184215
2,0.5000000000000001,0.21348314606741572,0.04343509847941597
3,0.7000000000000001,0.05333333333333334,0.025945812478802528
4,0.9000000000000001,0.01282051282051282,0.012738064937539486
