,discretized_reward_proportion,interconnectivity_strength_mean,interconnectivity_strength_err
0,0.1,332.99999819887165,57.09447607469319
1,0.30000000000000004,418.75234874332386,114.60779186693944
2,0.5000000000000001,253.45736004616927,96.57418537803696
3,0.7000000000000001,26.379971584624712,7.110962653033486
4,0.9000000000000001,4.640183724105427,1.6624616906212746
