,discretized_reward_proportion,interconnectivity_strength_mean,interconnectivity_strength_err
0,0.1,52.241500626596036,7.611499112029643
1,0.30000000000000004,21.898717561806365,3.017221848229356
2,0.5000000000000001,10.252080841486773,1.01267124286494
3,0.7000000000000001,6.381782959507709,0.4310515205581055
4,0.9000000000000001,5.47899078517206,0.2572756603766386
