,discretized_reward_proportion,interconnectivity_strength_mean,interconnectivity_strength_err
0,0.1,6.7342777583753755,0.30020576823034134
1,0.30000000000000004,6.305488708002138,0.1298206073013711
2,0.5000000000000001,6.293762296158701,0.1525469239641403
3,0.7000000000000001,5.765715067417259,0.1751215546648743
4,0.9000000000000001,4.822896634553201,0.14371504484068381
