,discretized_reward_proportion,interconnectivity_strength_mean,interconnectivity_strength_err
0,0.1,11.628868467475082,0.1774975759593351
1,0.30000000000000004,11.504751690060356,0.5427769422142371
2,0.5000000000000001,9.89900507077255,0.3469939688155724
3,0.7000000000000001,9.064050516049061,0.49721104466173494
4,0.9000000000000001,12.99051182410395,1.2704242378593957
