,discretized_reward_proportion,interconnectivity_strength_mean,interconnectivity_strength_err
0,0.1,89.50110136103166,8.92233731278007
1,0.30000000000000004,63.49051261240162,7.952075380946245
2,0.5000000000000001,52.875501715439356,6.689033064340514
3,0.7000000000000001,81.3804585240392,26.695963958984485
4,0.9000000000000001,35.71303605165035,9.402599643663327
