,discretized_reward_proportion,interconnectivity_strength_mean,interconnectivity_strength_err
0,0.1,10.186050101373755,0.8958767406383167
1,0.30000000000000004,8.05845798192645,1.2274588914881053
2,0.5000000000000001,13.065879305543307,1.6144806255151136
3,0.7000000000000001,19.510982873449606,1.7987324017211008
4,0.9000000000000001,23.26976646985127,3.1387249464395226
