,discretized_reward_proportion,interconnectivity_strength_mean,interconnectivity_strength_err
0,0.1,21.466603371075827,2.9395161191656887
1,0.30000000000000004,22.81653458713513,2.056138977383199
2,0.5000000000000001,14.136620351214033,2.346824909986803
3,0.7000000000000001,7.678435692366025,1.5797745916244834
4,0.9000000000000001,5.116553387788454,1.620077863393225
