,discretized_reward_proportion,interconnectivity_strength_mean,interconnectivity_strength_err
0,0.1,0.298052686576643,0.2915012780538916
1,0.30000000000000004,1.9740337170219102,0.4102236713635433
2,0.5000000000000001,8.691144496588997,1.798436212108694
3,0.7000000000000001,18.686041090149747,2.530556769937501
4,0.9000000000000001,11.512308631557437,1.4221666815675507
