,discretized_reward_proportion,interconnectivity_strength_mean,interconnectivity_strength_err
0,0.1,17.962709035002668,0.5714194900574101
1,0.30000000000000004,15.563539376678621,0.7005011879457783
2,0.5000000000000001,22.203614708551576,2.2448564398862807
3,0.7000000000000001,34.39759723319091,3.4425821285427607
4,0.9000000000000001,37.85040724667191,3.4871298607499233
