,discretized_reward_proportion,interconnectivity_strength_mean,interconnectivity_strength_err
0,0.1,30.978370284338595,5.08963757076605
1,0.30000000000000004,19.34100662608649,2.009874715668371
2,0.5000000000000001,17.478681299847416,1.6144909486621817
3,0.7000000000000001,18.752467598296448,0.8433576640972442
4,0.9000000000000001,24.80729589915423,1.20967069724214
