,discretized_reward_proportion,interconnectivity_strength_mean,interconnectivity_strength_err
0,0.1,7.618887645948894,0.5925128508194043
1,0.30000000000000004,10.913166243877841,1.1354471467852023
2,0.5000000000000001,9.414557535930518,0.9652754429250274
3,0.7000000000000001,5.7363062408297685,0.1875878687615391
4,0.9000000000000001,5.843877499617931,0.1473974601980215
