,discretized_reward_proportion,interconnectivity_strength_mean,interconnectivity_strength_err
0,0.1,14.216993906570078,0.682534010590105
1,0.30000000000000004,12.462209365704615,0.9885225147676302
2,0.5000000000000001,11.753057465348087,0.9853022122573516
3,0.7000000000000001,16.140875100437356,1.679501095320855
4,0.9000000000000001,21.614730417392717,0.8302063797693936
