,discretized_reward_proportion,interconnectivity_strength_mean,interconnectivity_strength_err
0,0.1,12.59025571094997,2.989401063954911
1,0.30000000000000004,17.674432401404335,1.8172792134681313
2,0.5000000000000001,6.848636652759678,0.7350830253266004
3,0.7000000000000001,7.305698157858814,0.5560384927525982
4,0.9000000000000001,5.61427442871388,0.5028687826912408
