,discretized_reward_proportion,interconnectivity_strength_mean,interconnectivity_strength_err
0,0.1,5.069006310542141,0.16944937951791203
1,0.30000000000000004,4.66896399471356,0.14595609561405595
2,0.5000000000000001,4.4774439543224185,0.11844968746872525
3,0.7000000000000001,4.139455038469998,0.1023000986651804
4,0.9000000000000001,3.586808503733323,0.060703833928538335
