,discretized_reward_proportion,interconnectivity_strength_mean,interconnectivity_strength_err
0,0.1,29.590225648282022,1.262522139368556
1,0.30000000000000004,27.44774236923243,1.696929561403504
2,0.5000000000000001,70.57697061017964,13.716303827462388
3,0.7000000000000001,58.06340014189697,8.433228530839436
4,0.9000000000000001,22.56484739564024,3.4422009815584946
