,discretized_reward_proportion,interconnectivity_strength_mean,interconnectivity_strength_err
0,0.1,42.263000891012574,4.395157363739305
1,0.30000000000000004,48.40234144491925,6.018128261892792
2,0.5000000000000001,46.46945173794091,10.675323611608812
3,0.7000000000000001,60.29175186988834,16.77111923009099
4,0.9000000000000001,47.78200499383058,14.750056411113928
