,discretized_reward_proportion,interconnectivity_strength_mean,interconnectivity_strength_err
0,0.1,27.248163850358587,8.038825635829333
1,0.30000000000000004,136.40427437730398,25.909255939275873
2,0.5000000000000001,34.84561699657048,4.626512228788701
3,0.7000000000000001,66.97335231758623,10.432313911905
4,0.9000000000000001,99.03018392232335,12.999549698925518
