,discretized_reward_proportion,interconnectivity_strength_mean,interconnectivity_strength_err
0,0.1,22.74814250986207,2.3322152599187915
1,0.30000000000000004,23.916109258113618,2.7491615174215323
2,0.5000000000000001,34.982196392137084,4.591232270550839
3,0.7000000000000001,21.25061072594751,2.3617788600066345
4,0.9000000000000001,21.41149324194018,2.483166784558227
