,discretized_reward_proportion,interconnectivity_strength_mean,interconnectivity_strength_err
0,0.1,18.797796837138343,1.992759917685921
1,0.30000000000000004,19.090396648214316,1.43821266365624
2,0.5000000000000001,24.840864185842413,3.965442883061396
3,0.7000000000000001,12.388354775311505,1.0623473555295517
4,0.9000000000000001,12.414879501311626,0.7913662543713625
