,discretized_reward_proportion,interconnectivity_strength_mean,interconnectivity_strength_err
0,0.1,16.354672422439503,2.009188074122885
1,0.30000000000000004,18.099474892378577,2.2080943061019123
2,0.5000000000000001,21.868823964486864,2.5256839071422266
3,0.7000000000000001,23.870590783166737,1.9219538976579662
4,0.9000000000000001,22.77139075388519,1.89131286078209
