,discretized_reward_proportion,interconnectivity_strength_mean,interconnectivity_strength_err
0,0.1,36.745616301746914,4.664434719071209
1,0.30000000000000004,19.053618341764924,4.567118122947874
2,0.5000000000000001,28.071190195287848,6.021543304714038
3,0.7000000000000001,5.6155288222867075,1.349604666910973
4,0.9000000000000001,7.625178124698626,1.2743441623627991
