,discretized_reward_proportion,interconnectivity_strength_mean,interconnectivity_strength_err
0,0.1,25.608352289098928,2.3028476557838804
1,0.30000000000000004,190.36045004461994,75.95120449006161
2,0.5000000000000001,439.3167250044575,116.53349071947908
3,0.7000000000000001,12.504245645893596,3.145593972685436
4,0.9000000000000001,3.869056583389224,1.610438960275022
