,discretized_reward_proportion,interconnectivity_strength_mean,interconnectivity_strength_err
0,0.1,39.253971270394096,5.320086941551656
1,0.30000000000000004,15.965040990191321,3.2960020604517926
2,0.5000000000000001,20.562992776080822,2.641263352004129
3,0.7000000000000001,17.5072385601326,1.7655626946113265
4,0.9000000000000001,15.489950075279998,1.4637342392140456
