,discretized_reward_proportion,interconnectivity_strength_mean,interconnectivity_strength_err
0,0.1,39.38126803073245,4.267704666690231
1,0.30000000000000004,54.54979238768297,9.727406276691129
2,0.5000000000000001,40.7832171423764,6.4911731168634885
3,0.7000000000000001,45.36590535911864,6.152811474081418
4,0.9000000000000001,20.520258104297277,4.607151849805611
