,discretized_reward_proportion,interconnectivity_strength_mean,interconnectivity_strength_err
0,0.1,7.050050368861689,0.25081125309023017
1,0.30000000000000004,8.072036631103947,0.5089072611632085
2,0.5000000000000001,9.242686485235552,0.26943708816451095
3,0.7000000000000001,11.020599260420719,0.31939061304718225
4,0.9000000000000001,9.792203903700512,0.2928335726377147
