,discretized_reward_proportion,interconnectivity_strength_mean,interconnectivity_strength_err
0,0.1,16.65116115037612,0.4894894349058489
1,0.30000000000000004,11.411778328656357,1.1252068524435848
2,0.5000000000000001,8.061473577642698,0.9136558728195963
3,0.7000000000000001,5.994169755153757,0.2848901279372904
4,0.9000000000000001,8.235798122101473,0.4207196799839309
