,discretized_reward_proportion,interconnectivity_strength_mean,interconnectivity_strength_err
0,0.1,78.42500233143848,22.385855647078937
1,0.30000000000000004,92.89067728724919,20.70172885719564
2,0.5000000000000001,12.892463191639594,4.152204261334843
3,0.7000000000000001,31.330598888912583,7.905917913530674
4,0.9000000000000001,55.14751603040826,7.9225836620101395
