,discretized_reward_proportion,interconnectivity_strength_mean,interconnectivity_strength_err
0,0.1,23.946808964022395,1.0024198949077707
1,0.30000000000000004,28.146555669571057,1.8476731557567623
2,0.5000000000000001,59.59774414412429,8.035146834652306
3,0.7000000000000001,54.06142159383361,5.206071873702563
4,0.9000000000000001,33.210841601334906,4.288944712248116
