,discretized_reward_proportion,interconnectivity_strength_mean,interconnectivity_strength_err
0,0.1,9.441338859411914,0.13997624718157403
1,0.30000000000000004,9.391074590115482,0.4423517001812116
2,0.5000000000000001,8.329093426881713,0.46390803849041395
3,0.7000000000000001,7.663881135283678,0.3085462881514219
4,0.9000000000000001,8.784942539177834,0.5581988838486869
