,discretized_reward_proportion,interconnectivity_strength_mean,interconnectivity_strength_err
0,0.1,19.99943449340672,3.6977783515731883
1,0.30000000000000004,18.340883179938267,4.842478571567179
2,0.5000000000000001,7.773051788114902,0.574834915822962
3,0.7000000000000001,9.122491162093668,0.3024919804136241
4,0.9000000000000001,8.46959800885025,0.16876294069736253
