,discretized_reward_proportion,interconnectivity_strength_mean,interconnectivity_strength_err
0,0.1,79.8301796709956,8.63867411088845
1,0.30000000000000004,117.22749014177059,16.2483421134652
2,0.5000000000000001,90.80759097696999,19.501913066634327
3,0.7000000000000001,19.170810405355233,1.939143237794186
4,0.9000000000000001,16.78299046729361,0.5443578576294357
