,discretized_reward_proportion,interconnectivity_strength_mean,interconnectivity_strength_err
0,0.1,34.00289616079612,3.3893449769415795
1,0.30000000000000004,34.78659471426086,6.8640791446535685
2,0.5000000000000001,135.79602427128737,33.54025986780873
3,0.7000000000000001,10.715443844817814,2.670235149699005
4,0.9000000000000001,39.450556649818196,7.010337217086869
