,discretized_reward_proportion,interconnectivity_strength_mean,interconnectivity_strength_err
0,0.1,29.83512315718452,5.573035358160641
1,0.30000000000000004,13.753654039650757,2.8965505590978786
2,0.5000000000000001,11.885274989229444,1.7151507315347887
3,0.7000000000000001,7.527768547681097,0.784151315284067
4,0.9000000000000001,5.307772740092763,0.33885932117882334
