,discretized_reward_proportion,interconnectivity_strength_mean,interconnectivity_strength_err
0,0.1,21.417711331598586,1.602796838069334
1,0.30000000000000004,23.576677143731946,1.5820331963838623
2,0.5000000000000001,17.745904363304067,2.291506901395741
3,0.7000000000000001,10.858379091011589,1.6001628721823364
4,0.9000000000000001,16.434398010677455,1.499026196291145
