,discretized_reward_proportion,interconnectivity_strength_mean,interconnectivity_strength_err
0,0.1,14.50968317267541,1.9651045549866961
1,0.30000000000000004,20.254954984439593,4.19718933649176
2,0.5000000000000001,21.657105884711168,2.9480265219611836
3,0.7000000000000001,17.898139083123468,3.1610931102370006
4,0.9000000000000001,5.4882886703981955,3.471559687439256
