,discretized_reward_proportion,interconnectivity_strength_mean,interconnectivity_strength_err
0,0.1,25.255466724719287,2.0669176862626784
1,0.30000000000000004,22.744235942784492,1.2442162230475218
2,0.5000000000000001,16.664989947617173,0.7409271520665157
3,0.7000000000000001,32.520550176631914,5.491096868282521
4,0.9000000000000001,42.17999602375065,8.430642941338586
