,discretized_reward_proportion,interconnectivity_strength_mean,interconnectivity_strength_err
0,0.1,13.662439392292534,1.1128642186283875
1,0.30000000000000004,28.009983061968256,2.8043347670449004
2,0.5000000000000001,24.803869838868835,2.5573440668462086
3,0.7000000000000001,8.80084006327135,1.6597038642722104
4,0.9000000000000001,12.719446734981501,1.1014518268252935
