,discretized_reward_proportion,interconnectivity_strength_mean,interconnectivity_strength_err
0,0.1,5.758234072691765,0.3599938321835414
1,0.30000000000000004,8.941131995427268,0.6198657284104127
2,0.5000000000000001,14.366130018650832,1.1666274013215323
3,0.7000000000000001,16.772699044931358,0.8680879157488559
4,0.9000000000000001,13.630434183103933,0.8899978769282834
