,discretized_reward_proportion,interconnectivity_strength_mean,interconnectivity_strength_err
0,0.1,51.99456593840221,10.744351559396852
1,0.30000000000000004,18.258645137669667,8.757519338581906
2,0.5000000000000001,42.53809402096451,26.679738033673278
3,0.7000000000000001,60.03987092347158,10.066598075033282
4,0.9000000000000001,48.85763162547798,5.943303565875317
