,discretized_reward_proportion,interconnectivity_strength_mean,interconnectivity_strength_err
0,0.1,211.77671280667545,62.561992594495955
1,0.30000000000000004,55.29262690469581,8.296679655682674
2,0.5000000000000001,31.112401460693892,4.402407353944867
3,0.7000000000000001,14.889800300350316,1.3843468984733966
4,0.9000000000000001,14.970826672222438,1.1651972889494429
