,discretized_reward_proportion,interconnectivity_strength_mean,interconnectivity_strength_err
0,0.1,50.70085303004141,4.479315512640248
1,0.30000000000000004,50.119992563376286,4.3590927729227404
2,0.5000000000000001,42.16645906359583,5.878937210086134
3,0.7000000000000001,29.15314011226334,1.9293590936728056
4,0.9000000000000001,36.87555726920782,2.6220001280009257
