,discretized_reward_proportion,interconnectivity_strength_mean,interconnectivity_strength_err
0,0.1,5.983946276588815,0.2325209358018463
1,0.30000000000000004,53.98921950403576,14.620234457599153
2,0.5000000000000001,26.08399803686476,4.461620387064579
3,0.7000000000000001,9.855548465924974,0.5960439147007974
4,0.9000000000000001,9.477406155997004,0.476681831409286
