,discretized_reward_proportion,interconnectivity_strength_mean,interconnectivity_strength_err
0,0.1,32.36036916427685,9.142141755518304
1,0.30000000000000004,23.185483126955834,8.562215304220494
2,0.5000000000000001,15.878472684803548,7.289091709649667
3,0.7000000000000001,22.132378531443507,5.4506236916469035
4,0.9000000000000001,23.285337736075228,7.928553818459409
