,discretized_reward_proportion,interconnectivity_strength_mean,interconnectivity_strength_err
0,0.1,5.515006758774696,0.791669617290952
1,0.30000000000000004,4.575144809776821,0.9320404320005145
2,0.5000000000000001,1.378790380785333,0.4480844783289727
3,0.7000000000000001,2.434902015183967,0.38536330593253326
4,0.9000000000000001,1.681612580962989,0.3099380421715949
