,discretized_reward_proportion,interconnectivity_strength_mean,interconnectivity_strength_err
0,0.1,10.521492361608304,0.27817020081602234
1,0.30000000000000004,12.881351744411317,1.1417788532509479
2,0.5000000000000001,15.595898061801803,1.7949111314679234
3,0.7000000000000001,10.973162367278805,2.2924578101735533
4,0.9000000000000001,12.97876101935599,1.2554102385020698
