,discretized_reward_proportion,interconnectivity_strength_mean,interconnectivity_strength_err
0,0.1,11.345672953421055,0.38323651986993623
1,0.30000000000000004,9.577227877103091,0.46280923111374844
2,0.5000000000000001,8.5936117355832,0.2582638101145927
3,0.7000000000000001,7.110279544696373,0.5088720608713574
4,0.9000000000000001,5.257134313772915,0.24651380922184535
