,discretized_reward_proportion,interconnectivity_strength_mean,interconnectivity_strength_err
0,0.1,46.972359954857694,13.098333702955827
1,0.30000000000000004,10.458339834704054,1.3613002387632882
2,0.5000000000000001,56.389227357445506,17.817516429570905
3,0.7000000000000001,66.82205994956378,11.386314704022329
4,0.9000000000000001,147.8192532962317,20.490952174599737
