,discretized_reward_proportion,interconnectivity_strength_mean,interconnectivity_strength_err
0,0.1,8.529679214103425,1.5318646687075637
1,0.30000000000000004,4.7583219720174235,0.8258827171196749
2,0.5000000000000001,4.024150759267224,0.5711769315321962
3,0.7000000000000001,2.4410095098919973,0.4544342461173583
4,0.9000000000000001,2.423482804112091,0.6421654581806556
