,discretized_reward_proportion,interconnectivity_strength_mean,interconnectivity_strength_err
0,0.1,15.234745075718077,1.5581915583507244
1,0.30000000000000004,17.457117921196055,4.425012172240547
2,0.5000000000000001,34.33704261278457,9.976251349150372
3,0.7000000000000001,17.195203262810452,8.089268103297997
4,0.9000000000000001,0.0,0.0
