,discretized_reward_proportion,interconnectivity_strength_mean,interconnectivity_strength_err
0,0.1,33.9000065979142,3.222109942428062
1,0.30000000000000004,22.413992930399584,3.226990078634154
2,0.5000000000000001,16.039730809534486,1.8166506278535834
3,0.7000000000000001,13.307129489778784,1.3507048029051103
4,0.9000000000000001,16.23300374610236,1.5129390902491464
