,discretized_reward_proportion,interconnectivity_strength_mean,interconnectivity_strength_err
0,0.1,24.906446816656715,3.278473873963707
1,0.30000000000000004,243.7851137757781,64.35649248622221
2,0.5000000000000001,110.16521787942337,35.30023911573069
3,0.7000000000000001,0.03571428571428571,0.03507073235935592
4,0.9000000000000001,0.0,0.0
