,discretized_reward_proportion,interconnectivity_strength_mean,interconnectivity_strength_err
0,0.1,3.662935706988205,0.6129206985406198
1,0.30000000000000004,3.6815537799987306,0.7518533444071703
2,0.5000000000000001,14.462431203503952,3.5201281938818463
3,0.7000000000000001,27.07334972880406,4.977780059238056
4,0.9000000000000001,67.23328656512632,6.678677567143616
