,discretized_reward_proportion,interconnectivity_strength_mean,interconnectivity_strength_err
0,0.1,21.15935298985306,1.1909476839989823
1,0.30000000000000004,18.75507162347605,1.042580461684611
2,0.5000000000000001,18.064608121895294,2.0537307456163134
3,0.7000000000000001,14.581696555421566,1.3466740860901443
4,0.9000000000000001,18.286206573083206,1.7716489081404534
