,discretized_reward_proportion,interconnectivity_strength_mean,interconnectivity_strength_err
0,0.1,9.803659522990758,0.6995454489378778
1,0.30000000000000004,10.793629105456857,1.0808408747772933
2,0.5000000000000001,21.13325531739667,2.104909292105668
3,0.7000000000000001,19.043538191721048,1.5507550763905926
4,0.9000000000000001,14.620732185493397,1.6155428649478139
