,discretized_reward_proportion,interconnectivity_strength_mean,interconnectivity_strength_err
0,0.1,0.04597701149425287,0.015877245683919166
1,0.30000000000000004,0.03125,0.02174907954230477
2,0.5000000000000001,0.11475409836065574,0.04080854845958752
3,0.7000000000000001,0.0,0.0
4,0.9000000000000001,0.0,0.0
