,discretized_reward_proportion,interconnectivity_strength_mean,interconnectivity_strength_err
0,0.1,1.7652987841669536,0.3727202387842426
1,0.30000000000000004,4.836373002309861,1.2397199825344924
2,0.5000000000000001,12.843995869194362,2.133458634666517
3,0.7000000000000001,24.725523346551388,5.213000596610851
4,0.9000000000000001,0.7728211557116725,0.7550527769941896
