,discretized_reward_proportion,interconnectivity_strength_mean,interconnectivity_strength_err
0,0.1,88.1795136882998,10.243470183811477
1,0.30000000000000004,86.07645077759496,9.860582505871113
2,0.5000000000000001,47.59987048248896,5.015802832393512
3,0.7000000000000001,46.50642658712662,7.181169319835745
4,0.9000000000000001,43.491288274448394,6.761445836178899
