,discretized_reward_proportion,interconnectivity_strength_mean,interconnectivity_strength_err
0,0.1,14.190877490051816,2.1920897294153567
1,0.30000000000000004,9.131845382086707,1.21444140250307
2,0.5000000000000001,16.234319589766802,4.607465937634848
3,0.7000000000000001,8.982937868822948,2.040079108027473
4,0.9000000000000001,18.075314242991134,2.215744880435748
