,discretized_reward_proportion,interconnectivity_strength_mean,interconnectivity_strength_err
0,0.1,22.507622565658856,0.5860865674520569
1,0.30000000000000004,17.227813430019637,1.4853371216656814
2,0.5000000000000001,13.3346709397711,0.6446190653411489
3,0.7000000000000001,13.123972872886332,1.0380363426216657
4,0.9000000000000001,14.363942393751113,0.5894329825895612
