,discretized_reward_proportion,interconnectivity_strength_mean,interconnectivity_strength_err
0,0.1,13.265508672788286,1.4568143740704242
1,0.30000000000000004,26.643632735380393,2.8349084617433906
2,0.5000000000000001,22.72034605936073,2.727837377578488
3,0.7000000000000001,11.632432579850217,0.6824294336815118
4,0.9000000000000001,12.105285397447355,0.3902177700461241
