,discretized_reward_proportion,interconnectivity_strength_mean,interconnectivity_strength_err
0,0.1,8.626237107374658,2.0099123790534876
1,0.30000000000000004,9.940415624852148,2.8274760813611617
2,0.5000000000000001,11.169892007885661,3.2045987383550165
3,0.7000000000000001,12.5802291095797,2.253330085725008
4,0.9000000000000001,6.982029494528178,0.7882473839592498
