,discretized_reward_proportion,interconnectivity_strength_mean,interconnectivity_strength_err
0,0.1,0.0,0.0
1,0.30000000000000004,18.295926006474755,6.615319873656006
2,0.5000000000000001,35.44012673399075,5.3333269606900044
3,0.7000000000000001,53.95319975603045,4.855113909508407
4,0.9000000000000001,55.37253219791358,5.095123050999023
