,discretized_reward_proportion,interconnectivity_strength_mean,interconnectivity_strength_err
0,0.1,0.27710843373493976,0.049127244384538526
1,0.30000000000000004,0.19230769230769232,0.05465370769796204
2,0.5000000000000001,0.39285714285714285,0.0652632592115614
3,0.7000000000000001,0.4074074074074074,0.0545946467548214
4,0.9000000000000001,0.23134328358208955,0.0364285816034389
