,discretized_reward_proportion,interconnectivity_strength_mean,interconnectivity_strength_err
0,0.1,9.568725611858092,1.8135879013885452
1,0.30000000000000004,16.700285271019947,6.494838106810513
2,0.5000000000000001,21.8825818341666,6.249457100449739
3,0.7000000000000001,23.166958372156145,4.3542657044032635
4,0.9000000000000001,17.75223607434146,5.421104886597301
