,discretized_reward_proportion,interconnectivity_strength_mean,interconnectivity_strength_err
0,0.1,16.620784635272287,1.3005165020168572
1,0.30000000000000004,16.990063656313175,1.2709499581576185
2,0.5000000000000001,17.209496732461936,1.2848536776476405
3,0.7000000000000001,15.407177163577632,1.059878303099727
4,0.9000000000000001,14.852207481487945,0.9220188560322812
