,discretized_reward_proportion,interconnectivity_strength_mean,interconnectivity_strength_err
0,0.1,32.64704753096481,3.1691626510856294
1,0.30000000000000004,19.116914166742294,2.9358992409863944
2,0.5000000000000001,7.979479280967923,0.31306448656542285
3,0.7000000000000001,5.992080437214793,0.25638964996779595
4,0.9000000000000001,5.1193643643716475,0.12002810196920541
