,discretized_reward_proportion,interconnectivity_strength_mean,interconnectivity_strength_err
0,0.1,22.748365532049657,1.5741638151284092
1,0.30000000000000004,19.09982309234638,1.5781255561192828
2,0.5000000000000001,16.88751030071548,1.5884182105565454
3,0.7000000000000001,18.73755746621055,0.7362002082518759
4,0.9000000000000001,21.78586947653379,1.2094982952128366
