,discretized_reward_proportion,interconnectivity_strength_mean,interconnectivity_strength_err
0,0.1,33.92944182250846,6.78084460748593
1,0.30000000000000004,22.004738371699332,5.3217482930415905
2,0.5000000000000001,11.05632437253413,4.606181965226172
3,0.7000000000000001,12.419323461784732,4.9447198889245
4,0.9000000000000001,6.472286494613176,3.0880839990396933
