,discretized_reward_proportion,interconnectivity_strength_mean,interconnectivity_strength_err
0,0.1,26.184668768207757,0.875225699148982
1,0.30000000000000004,18.117910547061243,1.034173177569673
2,0.5000000000000001,17.992952526483474,0.9153917329885204
3,0.7000000000000001,20.784702852961818,1.7437071616321054
4,0.9000000000000001,26.138250597267245,1.4554328008636446
