,discretized_reward_proportion,interconnectivity_strength_mean,interconnectivity_strength_err
0,0.1,75.53873816773192,7.406271529446596
1,0.30000000000000004,92.87306504403551,11.323912233708542
2,0.5000000000000001,27.35412953245585,8.591017390997237
3,0.7000000000000001,5.346894037319981,2.0102728138294976
4,0.9000000000000001,4.712769617959562,2.9475177044921463
