,discretized_reward_proportion,interconnectivity_strength_mean,interconnectivity_strength_err
0,0.1,11.498530986466646,1.5929447463586912
1,0.30000000000000004,36.24259405912748,4.997118121989455
2,0.5000000000000001,45.00620534104809,4.075401744705345
3,0.7000000000000001,33.613936134049204,9.415586009748438
4,0.9000000000000001,10.155661501073789,2.4466241723648388
