,discretized_reward_proportion,interconnectivity_strength_mean,interconnectivity_strength_err
0,0.1,12.348783719112511,1.6404951982586966
1,0.30000000000000004,11.25177558556786,1.6345366228749274
2,0.5000000000000001,6.16700496928859,1.1633258479700048
3,0.7000000000000001,3.675004788472318,0.06840099018987483
4,0.9000000000000001,3.6110998132677388,0.04465231788228728
