,discretized_reward_proportion,interconnectivity_strength_mean,interconnectivity_strength_err
0,0.1,22.146713381596626,1.996895928750283
1,0.30000000000000004,48.56718571678594,5.4326971960391175
2,0.5000000000000001,39.30664915399686,14.739841698112775
3,0.7000000000000001,34.19157242460529,16.770463873081297
4,0.9000000000000001,32.15261051786629,20.36739614825496
