,discretized_reward_proportion,interconnectivity_strength_mean,interconnectivity_strength_err
0,0.1,10.702459845916191,0.20328419186728905
1,0.30000000000000004,10.108089473226448,0.5492691707846569
2,0.5000000000000001,10.13884816192826,0.6907479941521795
3,0.7000000000000001,7.232624341685549,0.3030444637955957
4,0.9000000000000001,5.509049267274218,0.13222368598181053
