,discretized_reward_proportion,interconnectivity_strength_mean,interconnectivity_strength_err
0,0.1,71.58846026654257,6.802727801897646
1,0.30000000000000004,93.73634404183225,15.051790543796615
2,0.5000000000000001,106.61666119775636,30.045605660836333
3,0.7000000000000001,14.786485735724822,6.683282167085089
4,0.9000000000000001,4.085567609574501,3.9925274026057007
