,discretized_reward_proportion,interconnectivity_strength_mean,interconnectivity_strength_err
0,0.1,4.898266244210196,0.9019498062688034
1,0.30000000000000004,14.318951173934735,1.518826704293203
2,0.5000000000000001,24.239380008548167,2.118560875080503
3,0.7000000000000001,27.229294121960145,2.912123309989042
4,0.9000000000000001,33.51301607110557,4.260099106346544
