,discretized_reward_proportion,interconnectivity_strength_mean,interconnectivity_strength_err
0,0.1,27.553938802399284,3.894237103984035
1,0.30000000000000004,20.43722666532494,3.0502383476546995
2,0.5000000000000001,14.319501236445603,2.4547093609060004
3,0.7000000000000001,9.883006338357836,1.111773638517794
4,0.9000000000000001,7.703209307260514,0.6187380291963344
