,discretized_reward_proportion,interconnectivity_strength_mean,interconnectivity_strength_err
0,0.1,12.518622294767187,1.740311921058104
1,0.30000000000000004,16.399334017677393,1.3877669192590787
2,0.5000000000000001,86.61021218734665,21.25271710974339
3,0.7000000000000001,35.33591232909544,6.369111506050536
4,0.9000000000000001,25.216639198393146,2.4794987270310287
