,discretized_reward_proportion,interconnectivity_strength_mean,interconnectivity_strength_err
0,0.1,12.0651411722704,0.1940838537487549
1,0.30000000000000004,10.13507548406157,0.22605052002522966
2,0.5000000000000001,9.065299163681294,0.16896928226393437
3,0.7000000000000001,8.943840971077416,0.36407991807525447
4,0.9000000000000001,10.88131896875076,0.4344697684047677
