,discretized_reward_proportion,interconnectivity_strength_mean,interconnectivity_strength_err
0,0.1,28.718770928996438,6.420372545658212
1,0.30000000000000004,12.441067852052923,3.2813048438368657
2,0.5000000000000001,14.76829160484236,3.70302805750895
3,0.7000000000000001,25.023139726358746,2.5804083460018377
4,0.9000000000000001,22.95778902843575,2.6916647865397816
