,discretized_reward_proportion,interconnectivity_strength_mean,interconnectivity_strength_err
0,0.1,18.333968984248337,1.849930809194688
1,0.30000000000000004,8.67911853034641,0.467436729915926
2,0.5000000000000001,8.973400347743171,0.6575170696038717
3,0.7000000000000001,10.682477322093936,0.9092410099733724
4,0.9000000000000001,9.723176497251613,0.6735586808434848
