,discretized_reward_proportion,interconnectivity_strength_mean,interconnectivity_strength_err
0,0.1,3.762862960797255,0.302327694984255
1,0.30000000000000004,5.029104267620963,0.44379519660036315
2,0.5000000000000001,7.16147624830558,0.8629268355647007
3,0.7000000000000001,9.643179980578727,0.8504331660679946
4,0.9000000000000001,8.85086058315113,0.6867469281265776
