,discretized_reward_proportion,interconnectivity_strength_mean,interconnectivity_strength_err
0,0.1,17.1346089687862,1.6031136195865285
1,0.30000000000000004,25.101963138567022,1.4340415686748116
2,0.5000000000000001,17.84124112155627,1.818505534110884
3,0.7000000000000001,6.338319826663571,1.1711789796785945
4,0.9000000000000001,3.7041148471404983,1.0724899374039825
