,discretized_reward_proportion,interconnectivity_strength_mean,interconnectivity_strength_err
0,0.1,50.02768923153579,3.614184469249386
1,0.30000000000000004,39.24342712128653,5.510843092888728
2,0.5000000000000001,33.82455945681311,5.817674577281149
3,0.7000000000000001,87.0787494695553,16.863734164947005
4,0.9000000000000001,32.27286547157137,11.106006916561435
