,discretized_reward_proportion,interconnectivity_strength_mean,interconnectivity_strength_err
0,0.1,33.319021774758475,3.4340906854690947
1,0.30000000000000004,41.574065750786225,5.775081444847543
2,0.5000000000000001,32.36755704047556,3.3500692762782256
3,0.7000000000000001,17.778484824060314,2.124375267138229
4,0.9000000000000001,12.021704642164138,1.1551112285650147
