,discretized_reward_proportion,interconnectivity_strength_mean,interconnectivity_strength_err
0,0.1,20.381536769101373,2.613965298586583
1,0.30000000000000004,17.00522022715924,2.2146840667225587
2,0.5000000000000001,171.1765097348841,30.991368880525915
3,0.7000000000000001,107.6423608077214,15.2058183209869
4,0.9000000000000001,104.19022498779151,15.710557619060358
