,discretized_reward_proportion,interconnectivity_strength_mean,interconnectivity_strength_err
0,0.1,29.173048407043503,9.566535497889602
1,0.30000000000000004,26.277840248432263,5.298767059891575
2,0.5000000000000001,19.465412421522196,1.9440868643038107
3,0.7000000000000001,18.595836899928894,2.3743903462929103
4,0.9000000000000001,34.7677285583738,6.371694031329174
