,discretized_reward_proportion,interconnectivity_strength_mean,interconnectivity_strength_err
0,0.1,17.185101491798598,2.4323766749484275
1,0.30000000000000004,15.272665731602977,2.763602201352349
2,0.5000000000000001,15.794868352327692,4.118615012059085
3,0.7000000000000001,6.045643251864969,1.7179665034105418
4,0.9000000000000001,8.720257550640119,1.6353105185834123
