,discretized_reward_proportion,interconnectivity_strength_mean,interconnectivity_strength_err
0,0.1,23.70704588749213,2.1969669213155063
1,0.30000000000000004,12.856273446417564,0.7304633928895176
2,0.5000000000000001,10.608061355735188,0.9007831200697727
3,0.7000000000000001,8.459660940239237,0.5976924218749087
4,0.9000000000000001,8.807286985406924,0.43309041614106053
