,discretized_reward_proportion,interconnectivity_strength_mean,interconnectivity_strength_err
0,0.1,11.239782936450219,0.794457663692615
1,0.30000000000000004,9.08748494911475,1.2959312952077995
2,0.5000000000000001,8.633229345758052,0.7572597969773209
3,0.7000000000000001,8.52720079592047,0.5286524903081188
4,0.9000000000000001,8.740421923137324,0.6296726715782037
