,discretized_reward_proportion,interconnectivity_strength_mean,interconnectivity_strength_err
0,0.1,85.40006304192477,9.223808333645744
1,0.30000000000000004,49.59819386554999,13.00478537430968
2,0.5000000000000001,50.625523776510335,11.26611073745533
3,0.7000000000000001,18.470606655728552,10.02115304340424
4,0.9000000000000001,128.13421433113976,14.572317742420863
