,discretized_reward_proportion,interconnectivity_strength_mean,interconnectivity_strength_err
0,0.1,36.77500354585937,13.8409787138777
1,0.30000000000000004,112.69964118814362,48.74749198034508
2,0.5000000000000001,151.08648407715853,47.18039286659989
3,0.7000000000000001,248.87999251822748,88.9119096610732
4,0.9000000000000001,1022.9892343347599,206.98705751291823
