,discretized_reward_proportion,interconnectivity_strength_mean,interconnectivity_strength_err
0,0.1,18.744442862216815,2.4992098061205055
1,0.30000000000000004,26.07538490245544,2.971810302969338
2,0.5000000000000001,24.658265298885926,3.2341397787280957
3,0.7000000000000001,20.99462819623784,3.2804621297002368
4,0.9000000000000001,28.754769099913986,2.9996572877790557
