,discretized_reward_proportion,interconnectivity_strength_mean,interconnectivity_strength_err
0,0.1,65.77684730746375,3.9199688499572063
1,0.30000000000000004,24.99816603889954,6.15642425149894
2,0.5000000000000001,12.970525322561004,0.6380475910754779
3,0.7000000000000001,10.410698767756646,1.296756317662784
4,0.9000000000000001,24.73427377515161,4.742678599964541
