,discretized_reward_proportion,interconnectivity_strength_mean,interconnectivity_strength_err
0,0.1,15.137384038574453,2.80992807968271
1,0.30000000000000004,23.868266057993853,2.7440539033010736
2,0.5000000000000001,35.57280359476495,5.17127322524365
3,0.7000000000000001,36.607869053666434,5.883236167584674
4,0.9000000000000001,40.22545073364432,4.84612984982428
