,discretized_reward_proportion,interconnectivity_strength_mean,interconnectivity_strength_err
0,0.1,5.030495278196427,0.9923900561396075
1,0.30000000000000004,19.550773713413903,5.882997302096044
2,0.5000000000000001,21.53873866818894,3.706197214381479
3,0.7000000000000001,17.78406412493875,4.852228300275517
4,0.9000000000000001,12.170610540109218,3.945327673509091
