,discretized_reward_proportion,interconnectivity_strength_mean,interconnectivity_strength_err
0,0.1,18.20197787468599,4.5099202582453914
1,0.30000000000000004,28.372540497339962,7.326271203269796
2,0.5000000000000001,23.062057526732303,6.577610820142791
3,0.7000000000000001,21.35605646743759,4.223479331913989
4,0.9000000000000001,34.327514877430396,11.653674731942603
