,discretized_reward_proportion,interconnectivity_strength_mean,interconnectivity_strength_err
0,0.1,42.09919608136088,5.436616473336485
1,0.30000000000000004,19.09078582313934,5.75533284920382
2,0.5000000000000001,0.29508196721311475,0.05839500874678362
3,0.7000000000000001,0.03571428571428571,0.03507073235935592
4,0.9000000000000001,0.0,0.0
