,discretized_reward_proportion,interconnectivity_strength_mean,interconnectivity_strength_err
0,0.1,12.081023712434764,0.9672638381914457
1,0.30000000000000004,13.221461059779836,1.5790189553090805
2,0.5000000000000001,10.652265223033833,1.3911895411518242
3,0.7000000000000001,20.713565194659473,2.9766276379231975
4,0.9000000000000001,17.830703898041065,2.7232248309402634
