,discretized_reward_proportion,interconnectivity_strength_mean,interconnectivity_strength_err
0,0.1,26.444537064036485,2.512819339311539
1,0.30000000000000004,23.14028256034369,3.8363796148598324
2,0.5000000000000001,15.997111726877613,3.047507811783586
3,0.7000000000000001,29.748106590731346,6.727685873133534
4,0.9000000000000001,30.31482867816502,6.409861860742076
