,discretized_reward_proportion,interconnectivity_strength_mean,interconnectivity_strength_err
0,0.1,0.6721311475409836,0.06010521758620996
1,0.30000000000000004,0.5576923076923077,0.06887441157547557
2,0.5000000000000001,0.8048780487804879,0.06189081167704915
3,0.7000000000000001,0.6526315789473685,0.048850319301658965
4,0.9000000000000001,0.7431192660550459,0.04184868137442916
