,discretized_reward_proportion,interconnectivity_strength_mean,interconnectivity_strength_err
0,0.1,9.565822618535153,0.1363274635463234
1,0.30000000000000004,7.777040737372021,0.254469888730108
2,0.5000000000000001,7.877581071303967,0.3278078783599055
3,0.7000000000000001,6.860137794422647,0.5338653747889073
4,0.9000000000000001,5.036763538484542,0.29659807766595725
