,discretized_reward_proportion,interconnectivity_strength_mean,interconnectivity_strength_err
0,0.1,25.183766490934417,3.7033344544104883
1,0.30000000000000004,22.942091077754938,4.760744363016091
2,0.5000000000000001,6.884885436184285,0.38897028072082435
3,0.7000000000000001,6.499335421321315,0.20933717969502852
4,0.9000000000000001,5.769821577220904,0.5977256468370046
