,discretized_reward_proportion,interconnectivity_strength_mean,interconnectivity_strength_err
0,0.1,71.54303856792754,14.257749363586807
1,0.30000000000000004,26.462923261625363,7.86326985931569
2,0.5000000000000001,0.15384615384615385,0.05777443201529314
3,0.7000000000000001,0.28125,0.045888047361213796
4,0.9000000000000001,0.32710280373831774,0.04535494074260208
